=== 2026-08-14 15:19:53 project1-ver2 실행 ===
Gazebo 창: true · RViz: false · ROS_DOMAIN_ID: 22
월드에 센서 시스템을 넣었습니다: gz::sim::systems::Sensors, gz::sim::systems::Imu
월드의 충돌 검출기를 bullet 으로 바꿨습니다.
[1/3] Gazebo bringup
[INFO] [launch]: All log files can be found below /home/gyi/.ros/log/2026-08-14-15-19-55-806486-gyi-15UD50T-GX5JK-299335
[INFO] [launch]: Default logging verbosity is set to INFO
[INFO] [gazebo-1]: process started with pid [299367]
[INFO] [gazebo-2]: process started with pid [299368]
[INFO] [robot_state_publisher-3]: process started with pid [299369]
[INFO] [joint_state_publisher-4]: process started with pid [299370]
[INFO] [create-5]: process started with pid [299372]
[INFO] [robot_state_publisher-6]: process started with pid [299374]
[INFO] [create-7]: process started with pid [299375]
[INFO] [spawner-8]: process started with pid [299376]
[INFO] [spawner-9]: process started with pid [299377]
[INFO] [spawner-10]: process started with pid [299378]
[INFO] [parameter_bridge-11]: process started with pid [299379]
[create-7] [INFO] [1786688397.379281574] [omx_01.ros_gz_sim]: Requesting list of world names.
[robot_state_publisher-3] [INFO] [1786688397.396462905] [pinky_01.robot_state_publisher]: Robot initialized
[create-5] [INFO] [1786688397.399434367] [pinky_01.ros_gz_sim]: Requesting list of world names.
[robot_state_publisher-6] [INFO] [1786688397.402978566] [omx_01.robot_state_publisher]: Robot initialized
[gazebo-1] [1;33mWarning [Utils.cc:132][0m [/sdf/world[@name="sim_world"]/gui/window:/home/gyi/robosapiens/rmf_maps/project1-ver2/project1-ver2.world:L34]: XML Element[window], child of element[gui], not defined in SDF. Copying[window] as children of [gui].
[gazebo-2] inotify_add_watch(/home/gyi/.config/ibus/bus/59f08e6037ad4e6a8623017e1c5e4353-unix-wayland-0) failed: (No space left on device)
[gazebo-2] [1;33m[GUI] [Wrn] [Application.cc:908] [0m[1;33m[QT] file:///usr/lib/x86_64-linux-gnu/qt5/qml/QtQuick/Dialogs/DefaultFileDialog.qml:413:17: QML ToolButton: Binding loop detected for property "implicitHeight"[0m[1;33m[0m
[gazebo-2] [1;33m[GUI] [Wrn] [Application.cc:908] [0m[1;33m[QT] file:///usr/lib/x86_64-linux-gnu/qt5/qml/QtQuick/Dialogs/DefaultFileDialog.qml:309:21: QML Button: Binding loop detected for property "implicitHeight"[0m[1;33m[0m
  ↑ 같은 줄 1번 더
[gazebo-2] [1;33m[GUI] [Wrn] [Application.cc:908] [0m[1;33m[QT] file:///usr/lib/x86_64-linux-gnu/qt5/qml/QtQuick/Dialogs/DefaultFileDialog.qml:413:17: QML ToolButton: Binding loop detected for property "implicitHeight"[0m[1;33m[0m
[gazebo-2] [1;33m[GUI] [Wrn] [Application.cc:908] [0m[1;33m[QT] file:///usr/lib/x86_64-linux-gnu/qt5/qml/QtQuick/Dialogs/DefaultFileDialog.qml:309:21: QML Button: Binding loop detected for property "implicitHeight"[0m[1;33m[0m
  ↑ 같은 줄 1번 더
[joint_state_publisher-4] [INFO] [1786688397.796123398] [pinky_01.joint_state_publisher]: Waiting for robot_description to be published on the robot_description topic...
[spawner-8] [INFO] [1786688397.867324448] [omx_01.spawner_joint_state_broadcaster]: waiting for service /omx_01/controller_manager/list_controllers to become available...
[gazebo-2] [1;33m[GUI] [Wrn] [Application.cc:908] [0m[1;33m[QT] file:///usr/lib/x86_64-linux-gnu/qt5/qml/QtQuick/Dialogs/DefaultFileDialog.qml:413:17: QML ToolButton: Binding loop detected for property "implicitHeight"[0m[1;33m[0m
[gazebo-2] [1;33m[GUI] [Wrn] [Application.cc:908] [0m[1;33m[QT] file:///usr/lib/x86_64-linux-gnu/qt5/qml/QtQuick/Dialogs/DefaultFileDialog.qml:309:21: QML Button: Binding loop detected for property "implicitHeight"[0m[1;33m[0m
  ↑ 같은 줄 1번 더
[joint_state_publisher-4] [INFO] [1786688397.915251870] [pinky_01.joint_state_publisher]: Got description, configuring robot
[gazebo-1] [INFO] [1786688398.218703038] [rmf_simulation_door_manager]: Loading DoorManager
[gazebo-1] [INFO] [1786688398.240615855] [rmf_simulation_lift_manager]: Starting LiftManager
[gazebo-1] [1;33m[Wrn] [SdfEntityCreator.cc:933] [0m[1;33mGazebo does not support Ogre material scripts. See [0m[1;33mhttps://gazebosim.org/api/sim/8/migrationsdf.html#:~:text=Materials [0m[1;33mfor details.[0m[1;33m[0m
[gazebo-1] [1;33m[Wrn] [SdfEntityCreator.cc:939] [0m[1;33mCustom material scripts are not supported.[0m[1;33m[0m
[gazebo-1] [1;33m[Wrn] [SdfEntityCreator.cc:933] [0m[1;33mGazebo does not support Ogre material scripts. See [0m[1;33mhttps://gazebosim.org/api/sim/8/migrationsdf.html#:~:text=Materials [0m[1;33mfor details.[0m[1;33m[0m
[gazebo-1] [1;33m[Wrn] [SdfEntityCreator.cc:939] [0m[1;33mCustom material scripts are not supported.[0m[1;33m[0m
[create-5] [INFO] [1786688398.349269089] [pinky_01.ros_gz_sim]: Waiting messages on topic [/pinky_01/robot_description].
[parameter_bridge-11] [INFO] [1786688398.393070731] [gz_bridge]: Creating GZ->ROS Bridge: [/clock (gz.msgs.Clock) -> /clock (rosgraph_msgs/msg/Clock)] (Lazy 0)
[parameter_bridge-11] [INFO] [1786688398.400443873] [gz_bridge]: Creating GZ->ROS Bridge: [/tf (gz.msgs.Pose_V) -> /tf (tf2_msgs/msg/TFMessage)] (Lazy 0)
[parameter_bridge-11] [INFO] [1786688398.403737021] [gz_bridge]: Creating GZ->ROS Bridge: [/pinky_01/odom (gz.msgs.Odometry) -> /pinky_01/odom (nav_msgs/msg/Odometry)] (Lazy 0)
[parameter_bridge-11] [INFO] [1786688398.405800065] [gz_bridge]: Creating ROS->GZ Bridge: [/pinky_01/cmd_vel_smoothed (geometry_msgs/msg/Twist) -> /pinky_01/cmd_vel (gz.msgs.Twist)] (Lazy 0)
[parameter_bridge-11] [INFO] [1786688398.407927744] [gz_bridge]: Creating GZ->ROS Bridge: [/pinky_01/scan (gz.msgs.LaserScan) -> /pinky_01/scan (sensor_msgs/msg/LaserScan)] (Lazy 0)
[parameter_bridge-11] [INFO] [1786688398.411175638] [gz_bridge]: Creating GZ->ROS Bridge: [/pinky_01/joint_states (gz.msgs.Model) -> /pinky_01/joint_states (sensor_msgs/msg/JointState)] (Lazy 0)
[parameter_bridge-11] [INFO] [1786688398.411875625] [gz_bridge]: Creating GZ->ROS Bridge: [/pinky_01/imu_raw (gz.msgs.IMU) -> /pinky_01/imu_raw (sensor_msgs/msg/Imu)] (Lazy 0)
[create-7] [INFO] [1786688398.449885547] [omx_01.ros_gz_sim]: Waiting messages on topic [robot_description].
[create-5] [INFO] [1786688398.548809416] [pinky_01.ros_gz_sim]: Entity creation successful.
[create-7] [INFO] [1786688398.548824692] [omx_01.ros_gz_sim]: Entity creation successful.
[INFO] [create-7]: process has finished cleanly [pid 299375]
[INFO] [create-5]: process has finished cleanly [pid 299372]
[gazebo-2] [1;33m[GUI] [Wrn] [Application.cc:908] [0m[1;33m[QT] file:///usr/lib/x86_64-linux-gnu/qt5/qml/QtQuick/Dialogs/DefaultFileDialog.qml:413:17: QML ToolButton: Binding loop detected for property "implicitHeight"[0m[1;33m[0m
[gazebo-2] [1;33m[GUI] [Wrn] [Application.cc:908] [0m[1;33m[QT] file:///usr/lib/x86_64-linux-gnu/qt5/qml/QtQuick/Dialogs/DefaultFileDialog.qml:309:21: QML Button: Binding loop detected for property "implicitHeight"[0m[1;33m[0m
  ↑ 같은 줄 1번 더
[gazebo-2] [1;33m[GUI] [Wrn] [Application.cc:908] [0m[1;33m[QT] file::/ComponentInspector/ComponentInspector.qml:251:3: QML Dialog: Binding loop detected for property "implicitHeight"[0m[1;33m[0m
[gazebo-2] [1;33m[GUI] [Wrn] [Application.cc:908] [0m[1;33m[QT] file:///usr/lib/x86_64-linux-gnu/qt5/qml/QtQuick/Dialogs/DefaultFileDialog.qml:413:17: QML ToolButton: Binding loop detected for property "implicitHeight"[0m[1;33m[0m
[gazebo-2] [1;33m[GUI] [Wrn] [Application.cc:908] [0m[1;33m[QT] file:///usr/lib/x86_64-linux-gnu/qt5/qml/QtQuick/Dialogs/DefaultFileDialog.qml:309:21: QML Button: Binding loop detected for property "implicitHeight"[0m[1;33m[0m
  ↑ 같은 줄 1번 더
[gazebo-2] [1;33m[GUI] [Wrn] [Application.cc:908] [0m[1;33m[QT] file::/toggle_floors/toggle_floors.qml:40: ReferenceError: qfloors is not defined[0m[1;33m[0m
[gazebo-2] [1;33m[GUI] [Wrn] [Application.cc:908] [0m[1;33m[QT] file::/WorldStats/WorldStats.qml:53:3: QML RowLayout: Binding loop detected for property "x"[0m[1;33m[0m
[gazebo-2] [1;33m[GUI] [Wrn] [toggle_floors.cpp:221] [0m[1;33mNode for [0m[1;33mproject1-ver2_L1[0m[1;33mwas not found[0m[1;33m[0m
[gazebo-1] [1;33mWarning [Utils.cc:132][0m [/sdf/model[@name="pinky"]/link[@name="base_footprint"]/sensor[@name="pinky_01/camera"]/gz_frame_id:<urdf-string>:L0]: XML Element[gz_frame_id], child of element[sensor], not defined in SDF. Copying[gz_frame_id] as children of [sensor].
[gazebo-1] [1;33mWarning [Utils.cc:132][0m [/sdf/model[@name="pinky"]/link[@name="base_footprint"]/sensor[@name="pinky_01/imu"]/gz_frame_id:<urdf-string>:L0]: XML Element[gz_frame_id], child of element[sensor], not defined in SDF. Copying[gz_frame_id] as children of [sensor].
[gazebo-1] [1;33mWarning [Utils.cc:132][0m [/sdf/model[@name="pinky"]/link[@name="base_footprint"]/sensor[@name="pinky_01/gpu_lidar"]/gz_frame_id:<urdf-string>:L0]: XML Element[gz_frame_id], child of element[sensor], not defined in SDF. Copying[gz_frame_id] as children of [sensor].
[gazebo-1] [INFO] [1786688399.683076719] [omx_01.gz_ros_control]: [gz_ros2_control] Fixed joint ['world_fixed'] (Entity='73') is skipped.
[gazebo-1] [INFO] [1786688399.687818664] [omx_01.gz_ros_control]: Loading controller_manager
[gazebo-1] [INFO] [1786688399.721653082] [omx_01.controller_manager]: Using ROS clock for triggering controller manager cycles.
[gazebo-1] [INFO] [1786688399.729573069] [omx_01.controller_manager]: Subscribing to '/omx_01/robot_description' topic for robot description.
[gazebo-1] [WARN] [1786688399.734829151] [omx_01.gz_ros_control]: Waiting RM to load and initialize hardware...
[gazebo-1] [WARN] [1786688400.728836085] [omx_01.controller_manager]: Waiting for data on 'robot_description' topic to finish initialization
[gazebo-1] [INFO] [1786688401.320199545] [omx_01.controller_manager]: Received robot description from topic.
[gazebo-1] [INFO] [1786688401.320244205] [omx_01.controller_manager]: Enforcing command limits is disabled. Command limits from URDF will be ignored.
[gazebo-1] [INFO] [1786688401.326946214] [omx_01.gz_ros_control]: The position_proportional_gain has been set to: 0.1
[gazebo-1] [INFO] [1786688401.327011655] [omx_01.gz_ros_control]: Loading joint: joint1
[gazebo-1] [INFO] [1786688401.327016892] [omx_01.gz_ros_control]: 	State:
[gazebo-1] [INFO] [1786688401.327021780] [omx_01.gz_ros_control]: 		 position
[gazebo-1] [INFO] [1786688401.327024668] [omx_01.gz_ros_control]: 		 velocity
[gazebo-1] [INFO] [1786688401.327030201] [omx_01.gz_ros_control]: 		 effort
[gazebo-1] [INFO] [1786688401.327032728] [omx_01.gz_ros_control]: 	Command:
[gazebo-1] [INFO] [1786688401.327034857] [omx_01.gz_ros_control]: 		 position
[gazebo-1] [INFO] [1786688401.327044073] [omx_01.gz_ros_control]: Loading joint: joint2
[gazebo-1] [INFO] [1786688401.327046073] [omx_01.gz_ros_control]: 	State:
[gazebo-1] [INFO] [1786688401.327048580] [omx_01.gz_ros_control]: 		 position
[gazebo-1] [INFO] [1786688401.327050491] [omx_01.gz_ros_control]: 		 velocity
[gazebo-1] [INFO] [1786688401.327052986] [omx_01.gz_ros_control]: 		 effort
[gazebo-1] [INFO] [1786688401.327054863] [omx_01.gz_ros_control]: 	Command:
[gazebo-1] [INFO] [1786688401.327056628] [omx_01.gz_ros_control]: 		 position
[gazebo-1] [INFO] [1786688401.327063093] [omx_01.gz_ros_control]: Loading joint: joint3
[gazebo-1] [INFO] [1786688401.327065029] [omx_01.gz_ros_control]: 	State:
[gazebo-1] [INFO] [1786688401.327066757] [omx_01.gz_ros_control]: 		 position
[gazebo-1] [INFO] [1786688401.327068403] [omx_01.gz_ros_control]: 		 velocity
[gazebo-1] [INFO] [1786688401.327070193] [omx_01.gz_ros_control]: 		 effort
[gazebo-1] [INFO] [1786688401.327073026] [omx_01.gz_ros_control]: 	Command:
[gazebo-1] [INFO] [1786688401.327074673] [omx_01.gz_ros_control]: 		 position
[gazebo-1] [INFO] [1786688401.327080387] [omx_01.gz_ros_control]: Loading joint: joint4
[gazebo-1] [INFO] [1786688401.327082253] [omx_01.gz_ros_control]: 	State:
[gazebo-1] [INFO] [1786688401.327083960] [omx_01.gz_ros_control]: 		 position
[gazebo-1] [INFO] [1786688401.327085684] [omx_01.gz_ros_control]: 		 velocity
[gazebo-1] [INFO] [1786688401.327087421] [omx_01.gz_ros_control]: 		 effort
[gazebo-1] [INFO] [1786688401.327089089] [omx_01.gz_ros_control]: 	Command:
[gazebo-1] [INFO] [1786688401.327090744] [omx_01.gz_ros_control]: 		 position
[gazebo-1] [INFO] [1786688401.327096212] [omx_01.gz_ros_control]: Loading joint: gripper_left_joint
[gazebo-1] [INFO] [1786688401.327098564] [omx_01.gz_ros_control]: 	State:
[gazebo-1] [INFO] [1786688401.327100481] [omx_01.gz_ros_control]: 		 position
[gazebo-1] [INFO] [1786688401.327102419] [omx_01.gz_ros_control]: 		 velocity
[gazebo-1] [INFO] [1786688401.327104235] [omx_01.gz_ros_control]: 		 effort
[gazebo-1] [INFO] [1786688401.327106054] [omx_01.gz_ros_control]: 	Command:
[gazebo-1] [INFO] [1786688401.327107750] [omx_01.gz_ros_control]: 		 position
[gazebo-1] [INFO] [1786688401.327114462] [omx_01.gz_ros_control]: Loading joint: gripper_right_joint
[gazebo-1] [INFO] [1786688401.327117557] [omx_01.gz_ros_control]: Joint 'gripper_right_joint'is mimicking joint 'gripper_left_joint' with multiplier: 1 and offset: 0
[gazebo-1] [INFO] [1786688401.327120206] [omx_01.gz_ros_control]: 	State:
[gazebo-1] [INFO] [1786688401.327122235] [omx_01.gz_ros_control]: 		 position
[gazebo-1] [INFO] [1786688401.327124026] [omx_01.gz_ros_control]: 		 velocity
[gazebo-1] [INFO] [1786688401.327126965] [omx_01.gz_ros_control]: 		 effort
[gazebo-1] [INFO] [1786688401.327128807] [omx_01.gz_ros_control]: 	Command:
[gazebo-1] [INFO] [1786688401.327190486] [omx_01.gz_ros_control]: Loading sensor: pinky_01/imu
[gazebo-1] [INFO] [1786688401.327195876] [omx_01.gz_ros_control]: 	State:
[gazebo-1] [WARN] [1786688401.327198335] [omx_01.gz_ros_control]: IMU sensor 'pinky_01/imu' not found in hardware_info, skipping.
[gazebo-1] [INFO] [1786688401.327276242] [omx_01.controller_manager]: Initialize hardware 'OpenManipulatorXSystem' 
[gazebo-1] [WARN] [1786688401.327292030] [omx_01.controller_manager.hardware_component.system.OpenManipulatorXSystem]: Executor is not available during hardware component initialization for 'OpenManipulatorXSystem'. Skipping node creation!
[gazebo-1] [INFO] [1786688401.327354153] [omx_01.controller_manager]: Successful initialization of hardware 'OpenManipulatorXSystem'
[gazebo-1] [INFO] [1786688401.327454293] [omx_01.controller_manager]: Activating component 'OpenManipulatorXSystem'.
[gazebo-1] [INFO] [1786688401.327461228] [resource_manager]: 'configure' hardware 'OpenManipulatorXSystem' 
[gazebo-1] [INFO] [1786688401.327464804] [omx_01.gz_ros_control]: System Successfully configured!
[gazebo-1] [INFO] [1786688401.327467578] [resource_manager]: Successful 'configure' of hardware 'OpenManipulatorXSystem'
[gazebo-1] [INFO] [1786688401.327473143] [resource_manager]: 'activate' hardware 'OpenManipulatorXSystem' 
[gazebo-1] [INFO] [1786688401.327483574] [resource_manager]: Successful 'activate' of hardware 'OpenManipulatorXSystem'
[gazebo-1] [WARN] [1786688401.327551200] [omx_01.controller_manager]: Component 'OpenManipulatorXSystem' does not have read or write statistics initialized, skipping registration.
[gazebo-1] [INFO] [1786688401.327556438] [omx_01.controller_manager]: Resource Manager has been successfully initialized. Starting Controller Manager services...
[gazebo-1] [INFO] [1786688401.371681185] [omx_01.controller_manager]: Loading controller : 'joint_state_broadcaster' of type 'joint_state_broadcaster/JointStateBroadcaster'
[gazebo-1] [INFO] [1786688401.371733454] [omx_01.controller_manager]: Loading controller 'joint_state_broadcaster'
[gazebo-1] [INFO] [1786688401.379061058] [omx_01.controller_manager]: Controller 'joint_state_broadcaster' node arguments: --ros-args --params-file /home/gyi/robosapiens/robot_model/open_manipulator/install/open_manipulator_bringup/share/open_manipulator_bringup/config/open_manipulator_x/hardware_controller_manager.yaml -p use_sim_time:=true --param use_sim_time:=true 
[spawner-8] [INFO] [1786688401.393655793] [omx_01.spawner_joint_state_broadcaster]: Loaded joint_state_broadcaster
[gazebo-1] [INFO] [1786688401.394713445] [omx_01.controller_manager]: Configuring controller: 'joint_state_broadcaster'
[gazebo-1] [INFO] [1786688401.394884369] [omx_01.joint_state_broadcaster]: 'joints' or 'interfaces' parameter is empty. All available state interfaces will be published
[gazebo-1] [INFO] [1786688401.406007304] [omx_01.controller_manager]: Activating controllers: [ joint_state_broadcaster ]
[gazebo-1] [1;31m[Err] [Physics.cc:1808] [0m[1;31mAttempting to create a mimic constraint for joint [[0m[1;31mgripper_right_joint[0m[1;31m] but the chosen physics engine does not support [0m[1;31mmimic constraints, so no constraint will be [0m[1;31mcreated.[0m[1;31m[0m
[gazebo-1] [1;33m[Wrn] [Component.hh:144] [0m[1;33mTrying to serialize component with data type [[0m[1;33mN2gz3sim11ChargerDataE[0m[1;33m], which doesn't have [0m[1;33m`operator<<`. Component will not be serialized.[0m[1;33m[0m
[gazebo-1] [INFO] [1786688401.952466447] [omx_01.controller_manager]: Successfully switched controllers!
[gazebo-2] [1;33mWarning [Utils.cc:132][0m [/sdf/model[@name="pinky"]/link[@name="base_footprint"]/sensor[@name="pinky_01/camera"]/gz_frame_id:<data-string>:L122]: XML Element[gz_frame_id], child of element[sensor], not defined in SDF. Copying[gz_frame_id] as children of [sensor].
[gazebo-2] [1;33mWarning [Utils.cc:132][0m [/sdf/model[@name="pinky"]/link[@name="base_footprint"]/sensor[@name="pinky_01/imu"]/gz_frame_id:<data-string>:L131]: XML Element[gz_frame_id], child of element[sensor], not defined in SDF. Copying[gz_frame_id] as children of [sensor].
[gazebo-2] [1;33mWarning [Utils.cc:132][0m [/sdf/model[@name="pinky"]/link[@name="base_footprint"]/sensor[@name="pinky_01/gpu_lidar"]/gz_frame_id:<data-string>:L165]: XML Element[gz_frame_id], child of element[sensor], not defined in SDF. Copying[gz_frame_id] as children of [sensor].
[gazebo-2] [1;33m[GUI] [Wrn] [EntityComponentManager.cc:1930] [0m[1;33mComponent type [[0m[1;33m1728988591536574887[0m[1;33m] has not been [0m[1;33mregistered in this process, so it can't be deserialized.[0m[1;33m[0m
[2/3] Open-RMF
[spawner-8] [INFO] [1786688402.149602966] [omx_01.spawner_joint_state_broadcaster]: Configured and activated joint_state_broadcaster
[spawner-9] [INFO] [1786688402.269806284] [omx_01.spawner_arm_controller]: waiting for service /omx_01/controller_manager/list_controllers to become available...
[INFO] [spawner-8]: process has finished cleanly [pid 299376]
[INFO] [launch]: All log files can be found below /home/gyi/.ros/log/2026-08-14-15-20-02-522733-gyi-15UD50T-GX5JK-299899
[INFO] [launch]: Default logging verbosity is set to INFO
[INFO] [rmf_traffic_schedule-1]: process started with pid [299930]
[INFO] [rmf_traffic_blockade-2]: process started with pid [299931]
[INFO] [building_map_server-3]: process started with pid [299932]
[INFO] [schedule_visualizer_node-4]: process started with pid [299933]
[INFO] [fleetstates_visualizer_node-5]: process started with pid [299934]
[INFO] [rmf_visualization_building_systems-6]: process started with pid [299935]
[INFO] [navgraph_visualizer_node-7]: process started with pid [299936]
[INFO] [floorplan_visualizer_node-8]: process started with pid [299937]
[INFO] [obstacle_visualizer_node-9]: process started with pid [299938]
[INFO] [door_supervisor-10]: process started with pid [299939]
[INFO] [lift_supervisor-11]: process started with pid [299940]
[INFO] [mutex_group_supervisor-12]: process started with pid [299941]
[INFO] [rmf_task_dispatcher-13]: process started with pid [299942]
[rmf_traffic_schedule-1] [INFO] [1786688402.993661948] [rmf_traffic_schedule_primary]: Successfully loaded logfile .rmf_schedule_node.yaml 
[rmf_task_dispatcher-13] ~Initializing Dispatcher Node~
[rmf_traffic_schedule-1] [INFO] [1786688402.999078265] [rmf_traffic_schedule_primary]: Set up heartbeat on /rmf_traffic/heartbeat with liveliness lease duration of 10000 ms and deadline of 10000 ms
[schedule_visualizer_node-4] [INFO] [1786688403.002081678] [schedule_visualizer_node]: Setting parameter rate to 10.000000
[schedule_visualizer_node-4] [INFO] [1786688403.002167496] [schedule_visualizer_node]: Setting parameter path_width to 0.200000
[schedule_visualizer_node-4] [INFO] [1786688403.002189166] [schedule_visualizer_node]: Setting parameter initial_map_name to L1
[schedule_visualizer_node-4] [INFO] [1786688403.002203167] [schedule_visualizer_node]: Setting parameter wait_secs to 10
[schedule_visualizer_node-4] [INFO] [1786688403.002212260] [schedule_visualizer_node]: Setting parameter port to 8006
[schedule_visualizer_node-4] [INFO] [1786688403.002221463] [schedule_visualizer_node]: Setting parameter retained_history_count to 50
[rmf_task_dispatcher-13] [INFO] [1786688403.045084457] [rmf_dispatcher_node]:  Declared Time Window Param as: 2.000000 secs
[rmf_task_dispatcher-13] [INFO] [1786688403.045446663] [rmf_dispatcher_node]:  Declared Terminated Tasks Max Size Param as: 100
[rmf_task_dispatcher-13] [INFO] [1786688403.045718858] [rmf_dispatcher_node]:  Declared publish_active_tasks_period as: 2 secs
[rmf_task_dispatcher-13] [INFO] [1786688403.045741688] [rmf_dispatcher_node]:  Use timestamp with task_id: false
[rmf_task_dispatcher-13] [INFO] [1786688403.045751916] [rmf_dispatcher_node]:  Use unique hex string with task_id: true
[fleetstates_visualizer_node-5] [INFO] [1786688403.046932304] [fleet_states_visualizer]: Configuring fleet_states_visualizer...
[fleetstates_visualizer_node-5] [INFO] [1786688403.050120651] [fleet_states_visualizer]: Setting parameter initial_map_name to L1
[fleetstates_visualizer_node-5] [INFO] [1786688403.050233561] [fleet_states_visualizer]: Setting parameter fleet_state_nose_scale to 0.500000
[navgraph_visualizer_node-7] [INFO] [1786688403.058703903] [navgraph_visualizer]: Setting parameter initial_map_name to L1
[navgraph_visualizer_node-7] [INFO] [1786688403.058802861] [navgraph_visualizer]: Setting parameter lane_width to 0.120000
[navgraph_visualizer_node-7] [INFO] [1786688403.058819523] [navgraph_visualizer]: Setting parameter lane_transparency to 0.600000
[navgraph_visualizer_node-7] [INFO] [1786688403.058828304] [navgraph_visualizer]: Setting parameter waypoint_scale to 1.000000
[navgraph_visualizer_node-7] [INFO] [1786688403.058841206] [navgraph_visualizer]: Setting parameter text_scale to 0.600000
[navgraph_visualizer_node-7] [INFO] [1786688403.067477397] [navgraph_visualizer]: NavGraph visualizer is running...
[gazebo-1] [1;33m[Wrn] [Ogre2Camera.cc:423] [0m[1;33mOgre2Camera::SetVisibilityMask: Mask bits [0m[1;33mc0000000[0m[1;33m are set but will be ignored as they conflict with the [0m[1;33mreserved bits used internally by the ogre2 backend.[0m[1;33m[0m
[fleetstates_visualizer_node-5] [INFO] [1786688403.382792284] [fleet_states_visualizer]: Running fleet_states_visualizer...
[obstacle_visualizer_node-9] [INFO] [1786688403.399620286] [rmf_obstacle_visualizer]: Beginning RMF obstacle visualizer node
[rmf_traffic_blockade-2] [INFO] [1786688403.805298381] [rmf_traffic_blockade_node]: Beginning traffic blockade node
[rmf_traffic_schedule-1] [INFO] [1786688403.807674258] [rmf_traffic_schedule_primary]: Beginning traffic schedule node
[rmf_task_dispatcher-13] [INFO] [1786688403.824289196] [rmf_dispatcher_node]: Starting task dispatcher node
[floorplan_visualizer_node-8] [INFO] [1786688403.836410522] [floorplan_visualizer]: Configuring floorplan_visualizer...
[floorplan_visualizer_node-8] [INFO] [1786688403.836645051] [floorplan_visualizer]: Setting parameter initial_map_name to L1
[floorplan_visualizer_node-8] [INFO] [1786688403.848373042] [floorplan_visualizer]: Running floorplan_visualizer...
[rmf_visualization_building_systems-6] [INFO] [1786688403.854067817] [building_systems_visualizer]: Building systems visualizer started...
[building_map_server-3] [INFO] [1786688403.878048396] [building_map_server]: loading map path: /home/gyi/robosapiens/rmf_maps/project1-ver2/project1-ver2.building.yaml
[building_map_server-3] [INFO] [1786688403.884098747] [building_map_server]: opening: /home/gyi/robosapiens/rmf_maps/project1-ver2/gwanghee.png
[building_map_server-3] [INFO] [1786688403.885873480] [building_map_server]: read 179943 byte image
[building_map_server-3] [INFO] [1786688403.887007583] [building_map_server]: unable to generate GeoJSON for this map.
[building_map_server-3] [INFO] [1786688403.895072720] [building_map_server]: publishing map...
[building_map_server-3] [INFO] [1786688403.896707529] [building_map_server]: ready to serve map: "project1-ver2"  Ctrl+C to exit...
[rmf_traffic_schedule-1] [INFO] [1786688403.994763238] [rmf_traffic_schedule_primary]: Registered new query [1]
[schedule_visualizer_node-4] [INFO] [1786688403.999502083] [schedule_data_node]: Registering to query topic rmf_traffic/query_update_1
[schedule_visualizer_node-4] [INFO] [1786688404.010399386] [schedule_data_node]: [rmf_traffic_ros2::MirrorManager::request_update] Requesting changes for query ID [1] since beginning of recorded history
[rmf_traffic_schedule-1] [INFO] [1786688404.013869334] [rmf_traffic_schedule_primary]: [ScheduleNode::update_mirrors] Sending remedial update starting from the beginning going to 0 for query 1
[schedule_visualizer_node-4] [INFO] [1786688404.035313563] [schedule_visualizer_node]: Successfully connected to rmf_traffic_schedule node.
[schedule_visualizer_node-4] [INFO] [1786688404.036007773] [schedule_data_node]: Mirror handling new sync of 1 queries from schedule node [b168e13f-7fbd-4717-bc82-cb57a01e9b57]
[gazebo-1] [INFO] [1786688404.776247299] [omx_01.controller_manager]: Loading controller : 'arm_controller' of type 'joint_trajectory_controller/JointTrajectoryController'
[gazebo-1] [INFO] [1786688404.776291554] [omx_01.controller_manager]: Loading controller 'arm_controller'
[gazebo-1] [INFO] [1786688404.780239245] [omx_01.controller_manager]: Controller 'arm_controller' node arguments: --ros-args --params-file /home/gyi/robosapiens/robot_model/open_manipulator/install/open_manipulator_bringup/share/open_manipulator_bringup/config/open_manipulator_x/hardware_controller_manager.yaml -p use_sim_time:=true --param use_sim_time:=true 
[spawner-9] [INFO] [1786688404.836475704] [omx_01.spawner_arm_controller]: Loaded arm_controller
[gazebo-1] [INFO] [1786688404.838552497] [omx_01.controller_manager]: Configuring controller: 'arm_controller'
[gazebo-1] [INFO] [1786688404.838744066] [omx_01.arm_controller]: No specific joint names are used for command interfaces. Using 'joints' parameter.
[gazebo-1] [INFO] [1786688404.838764716] [omx_01.arm_controller]: Command interfaces are [position] and state interfaces are [position velocity].
[gazebo-1] [INFO] [1786688404.838787414] [omx_01.arm_controller]: Using 'splines' interpolation method.
[gazebo-1] [INFO] [1786688404.844556661] [omx_01.arm_controller]: Goals with partial set of joints are allowed
[gazebo-1] [INFO] [1786688404.844647408] [omx_01.arm_controller]: Action status changes will be monitored at 20.00 Hz.
[gazebo-1] [INFO] [1786688404.862435282] [omx_01.arm_controller]: Setting initial scaling factor to 1.000000
[gazebo-1] [INFO] [1786688404.862489380] [omx_01.arm_controller]: No scaling interface set. This controller will not read speed scaling from the hardware.
[gazebo-1] [INFO] [1786688404.889552273] [omx_01.controller_manager]: Activating controllers: [ arm_controller ]
[gazebo-1] [INFO] [1786688404.936405035] [omx_01.controller_manager]: Successfully switched controllers!
[spawner-9] [INFO] [1786688404.992015841] [omx_01.spawner_arm_controller]: Configured and activated arm_controller
[spawner-10] [INFO] [1786688405.125622116] [omx_01.spawner_gripper_controller]: waiting for service /omx_01/controller_manager/list_controllers to become available...
[INFO] [spawner-9]: process has finished cleanly [pid 299377]
[gazebo-1] [INFO] [1786688405.377722776] [omx_01.controller_manager]: Loading controller : 'gripper_controller' of type 'position_controllers/GripperActionController'
[gazebo-1] [INFO] [1786688405.377759747] [omx_01.controller_manager]: Loading controller 'gripper_controller'
[gazebo-1] [INFO] [1786688405.381847788] [omx_01.controller_manager]: Controller 'gripper_controller' node arguments: --ros-args --params-file /home/gyi/robosapiens/robot_model/open_manipulator/install/open_manipulator_bringup/share/open_manipulator_bringup/config/open_manipulator_x/hardware_controller_manager.yaml -p use_sim_time:=true --param use_sim_time:=true 
[gazebo-1] [WARN] [1786688405.406407674] [omx_01.gripper_controller]: [Deprecated]: the `position_controllers/GripperActionController` and `effort_controllers::GripperActionController` controllers are replaced by 'parallel_gripper_controllers/GripperActionController' controller
[spawner-10] [INFO] [1786688405.451788347] [omx_01.spawner_gripper_controller]: Loaded gripper_controller
[gazebo-1] [INFO] [1786688405.453697151] [omx_01.controller_manager]: Configuring controller: 'gripper_controller'
[gazebo-1] [INFO] [1786688405.453886277] [omx_01.gripper_controller]: Action status changes will be monitored at 20.000000 Hz.
[gazebo-1] [INFO] [1786688405.500040448] [omx_01.controller_manager]: Activating controllers: [ gripper_controller ]
[gazebo-1] [INFO] [1786688405.550217859] [omx_01.controller_manager]: Successfully switched controllers!
[spawner-10] [INFO] [1786688405.599039993] [omx_01.spawner_gripper_controller]: Configured and activated gripper_controller
[INFO] [spawner-10]: process has finished cleanly [pid 299378]
[INFO] [gazebo-2]: process has finished cleanly [pid 299368]
[3/3] Nav2 와 RMF 어댑터
[INFO] [launch]: All log files can be found below /home/gyi/.ros/log/2026-08-14-15-20-14-463134-gyi-15UD50T-GX5JK-300493
[INFO] [launch]: Default logging verbosity is set to INFO
[INFO] [map_server-1]: process started with pid [300562]
[INFO] [lifecycle_manager-2]: process started with pid [300563]
[INFO] [amcl-3]: process started with pid [300564]
[INFO] [controller_server-4]: process started with pid [300565]
[INFO] [smoother_server-5]: process started with pid [300566]
[INFO] [planner_server-6]: process started with pid [300567]
[INFO] [behavior_server-7]: process started with pid [300568]
[INFO] [bt_navigator-8]: process started with pid [300569]
[INFO] [waypoint_follower-9]: process started with pid [300570]
[INFO] [velocity_smoother-10]: process started with pid [300571]
[INFO] [lifecycle_manager-11]: process started with pid [300572]
[INFO] [python3-12]: process started with pid [300573]
[INFO] [python3-13]: process started with pid [300574]
[INFO] [python3-14]: process started with pid [300575]
[bt_navigator-8] [INFO] [1786688414.880269275] [pinky_01.bt_navigator]: 
[bt_navigator-8] 	bt_navigator lifecycle node launched. 
[bt_navigator-8] 	Waiting on external lifecycle transitions to activate
[bt_navigator-8] 	See https://design.ros2.org/articles/node_lifecycle.html for more information.
[smoother_server-5] [INFO] [1786688414.894928616] [pinky_01.smoother_server]: 
[smoother_server-5] 	smoother_server lifecycle node launched. 
[smoother_server-5] 	Waiting on external lifecycle transitions to activate
[smoother_server-5] 	See https://design.ros2.org/articles/node_lifecycle.html for more information.
[bt_navigator-8] [INFO] [1786688414.896975922] [pinky_01.bt_navigator]: Creating
[smoother_server-5] [INFO] [1786688414.911078763] [pinky_01.smoother_server]: Creating smoother server
[python3-13] /opt/ros/jazzy/lib/python3.12/site-packages/rclpy/node.py:188: RuntimeWarning: Failed to fini rosout publisher: rcl node implementation is invalid, at ./src/rcl/node.c:390
[python3-13]   self.__node = _rclpy.Node(
[python3-13] Traceback (most recent call last):
[python3-13]   File "/opt/ros/jazzy/lib/python3.12/site-packages/rclpy/node.py", line 188, in __init__
[python3-13]     self.__node = _rclpy.Node(
[python3-13]                   ^^^^^^^^^^^^
[python3-13] ValueError: invalid node name: node name must not contain characters other than alphanumerics or '_', at ./src/rcl/node.c:156
[python3-13] During handling of the above exception, another exception occurred:
[python3-13] Traceback (most recent call last):
[python3-13]   File "/home/gyi/robosapiens/rmf_maps/project1-ver2/project1-ver2_workcell.py", line 224, in <module>
[python3-13]     main()
[python3-13]   File "/home/gyi/robosapiens/rmf_maps/project1-ver2/project1-ver2_workcell.py", line 213, in main
[python3-13]     node = WorkcellAdapter()
[python3-13]            ^^^^^^^^^^^^^^^^^
[python3-13]   File "/home/gyi/robosapiens/rmf_maps/project1-ver2/project1-ver2_workcell.py", line 91, in __init__
[python3-13]     super().__init__('project1-ver2_workcell')
[python3-13]   File "/opt/ros/jazzy/lib/python3.12/site-packages/rclpy/node.py", line 198, in __init__
[python3-13]     validate_node_name(node_name)
[python3-13]   File "/opt/ros/jazzy/lib/python3.12/site-packages/rclpy/validate_node_name.py", line 36, in validate_node_name
[python3-13]     raise InvalidNodeNameException(node_name, error_msg, invalid_index)
[python3-13] rclpy.exceptions.InvalidNodeNameException: Invalid node name: node name must not contain characters other than alphanumerics or '_':
[python3-13]   'project1-ver2_workcell'
[python3-13]            ^
[ERROR] [python3-13]: process has died [pid 300574, exit code 1, cmd 'python3 /home/gyi/robosapiens/rmf_maps/project1-ver2/project1-ver2_workcell.py'].
[python3-14] /opt/ros/jazzy/lib/python3.12/site-packages/rclpy/node.py:188: RuntimeWarning: Failed to fini rosout publisher: rcl node implementation is invalid, at ./src/rcl/node.c:390
[python3-14]   self.__node = _rclpy.Node(
[python3-14] Traceback (most recent call last):
[python3-14]   File "/opt/ros/jazzy/lib/python3.12/site-packages/rclpy/node.py", line 188, in __init__
[python3-14]     self.__node = _rclpy.Node(
[python3-14]                   ^^^^^^^^^^^^
[python3-14] ValueError: invalid node name: node name must not contain characters other than alphanumerics or '_', at ./src/rcl/node.c:156
[python3-14] During handling of the above exception, another exception occurred:
[python3-14] Traceback (most recent call last):
[python3-14]   File "/home/gyi/robosapiens/rmf_maps/project1-ver2/project1-ver2_sensor_relay.py", line 158, in <module>
[python3-14]     main(sys.argv)
[python3-14]   File "/home/gyi/robosapiens/rmf_maps/project1-ver2/project1-ver2_sensor_relay.py", line 143, in main
[python3-14]     node = SensorRelay(args.out)
[python3-14]            ^^^^^^^^^^^^^^^^^^^^^
[python3-14]   File "/home/gyi/robosapiens/rmf_maps/project1-ver2/project1-ver2_sensor_relay.py", line 62, in __init__
[python3-14]     super().__init__('project1-ver2_sensor_relay')
[python3-14]   File "/opt/ros/jazzy/lib/python3.12/site-packages/rclpy/node.py", line 198, in __init__
[python3-14]     validate_node_name(node_name)
[python3-14]   File "/opt/ros/jazzy/lib/python3.12/site-packages/rclpy/validate_node_name.py", line 36, in validate_node_name
[python3-14]     raise InvalidNodeNameException(node_name, error_msg, invalid_index)
[python3-14] rclpy.exceptions.InvalidNodeNameException: Invalid node name: node name must not contain characters other than alphanumerics or '_':
[python3-14]   'project1-ver2_sensor_relay'
[python3-14]            ^
[ERROR] [python3-14]: process has died [pid 300575, exit code 1, cmd 'python3 /home/gyi/robosapiens/rmf_maps/project1-ver2/project1-ver2_sensor_relay.py -o /tmp/robosapiens_sensors'].
[lifecycle_manager-11] [INFO] [1786688415.346775191] [pinky_01.lifecycle_manager_navigation]: Creating
[behavior_server-7] [INFO] [1786688415.372581948] [pinky_01.behavior_server]: 
[behavior_server-7] 	behavior_server lifecycle node launched. 
[behavior_server-7] 	Waiting on external lifecycle transitions to activate
[behavior_server-7] 	See https://design.ros2.org/articles/node_lifecycle.html for more information.
[map_server-1] [INFO] [1786688415.380781675] [map_server]: 
[map_server-1] 	map_server lifecycle node launched. 
[map_server-1] 	Waiting on external lifecycle transitions to activate
[map_server-1] 	See https://design.ros2.org/articles/node_lifecycle.html for more information.
[map_server-1] [INFO] [1786688415.380932647] [map_server]: Creating
[lifecycle_manager-11] [INFO] [1786688415.381584854] [pinky_01.lifecycle_manager_navigation]: [34m[1mCreating and initializing lifecycle service clients[0m[0m
[lifecycle_manager-2] [INFO] [1786688415.383412039] [lifecycle_manager_map]: Creating
[planner_server-6] [INFO] [1786688415.396742361] [pinky_01.planner_server]: 
[planner_server-6] 	planner_server lifecycle node launched. 
[planner_server-6] 	Waiting on external lifecycle transitions to activate
[planner_server-6] 	See https://design.ros2.org/articles/node_lifecycle.html for more information.
[velocity_smoother-10] [INFO] [1786688415.401127101] [pinky_01.velocity_smoother]: 
[velocity_smoother-10] 	velocity_smoother lifecycle node launched. 
[velocity_smoother-10] 	Waiting on external lifecycle transitions to activate
[velocity_smoother-10] 	See https://design.ros2.org/articles/node_lifecycle.html for more information.
[planner_server-6] [INFO] [1786688415.406400028] [pinky_01.planner_server]: Creating
[lifecycle_manager-2] [INFO] [1786688415.410417035] [lifecycle_manager_map]: [34m[1mCreating and initializing lifecycle service clients[0m[0m
[amcl-3] [INFO] [1786688415.428469408] [pinky_01.amcl]: 
[amcl-3] 	amcl lifecycle node launched. 
[amcl-3] 	Waiting on external lifecycle transitions to activate
[amcl-3] 	See https://design.ros2.org/articles/node_lifecycle.html for more information.
[amcl-3] [INFO] [1786688415.431265080] [pinky_01.amcl]: Creating
[controller_server-4] [INFO] [1786688415.437054700] [pinky_01.controller_server]: 
[controller_server-4] 	controller_server lifecycle node launched. 
[controller_server-4] 	Waiting on external lifecycle transitions to activate
[controller_server-4] 	See https://design.ros2.org/articles/node_lifecycle.html for more information.
[waypoint_follower-9] [INFO] [1786688415.445299361] [pinky_01.waypoint_follower]: 
[waypoint_follower-9] 	waypoint_follower lifecycle node launched. 
[waypoint_follower-9] 	Waiting on external lifecycle transitions to activate
[waypoint_follower-9] 	See https://design.ros2.org/articles/node_lifecycle.html for more information.
[waypoint_follower-9] [INFO] [1786688415.447640784] [pinky_01.waypoint_follower]: Creating
[planner_server-6] [INFO] [1786688415.473375713] [pinky_01.global_costmap.global_costmap]: 
[planner_server-6] 	global_costmap lifecycle node launched. 
[planner_server-6] 	Waiting on external lifecycle transitions to activate
[planner_server-6] 	See https://design.ros2.org/articles/node_lifecycle.html for more information.
[planner_server-6] [INFO] [1786688415.475609143] [pinky_01.global_costmap.global_costmap]: Creating Costmap
[controller_server-4] [INFO] [1786688415.480420750] [pinky_01.controller_server]: Creating controller server
[controller_server-4] [INFO] [1786688415.497386696] [pinky_01.local_costmap.local_costmap]: 
[controller_server-4] 	local_costmap lifecycle node launched. 
[controller_server-4] 	Waiting on external lifecycle transitions to activate
[controller_server-4] 	See https://design.ros2.org/articles/node_lifecycle.html for more information.
[controller_server-4] [INFO] [1786688415.498709601] [pinky_01.local_costmap.local_costmap]: Creating Costmap
[python3-12] [retreat_to_charger_interval] value is not provided, default to 10 seconds
[python3-12] Default fleet finishing task set to [nothing]
[python3-12] Maximum delay is not provided, default to 10.0
RMF↔Nav2 어댑터가 떴습니다.
[python3-12] [INFO] [1786688416.362945139] [project1_pinky_fleet_adapter]: Parameter [discovery_timeout] set to: 60.000000
[lifecycle_manager-2] [INFO] [1786688416.761937752] [lifecycle_manager_map]: [34m[1mStarting managed nodes bringup...[0m[0m
[lifecycle_manager-2] [INFO] [1786688416.761975986] [lifecycle_manager_map]: [34m[1mConfiguring map_server[0m[0m
[map_server-1] [INFO] [1786688416.762985261] [map_server]: Configuring
[map_server-1] [INFO] [1786688416.763057563] [map_io]: Loading yaml file: /home/gyi/robosapiens/rmf_maps/project1-ver2/nav2_map/project1-ver2.yaml
[map_server-1] [INFO] [1786688416.763339993] [map_io]: resolution: 0.005994
[map_server-1] [INFO] [1786688416.763352957] [map_io]: origin[0]: -1.23864
[map_server-1] [INFO] [1786688416.763359725] [map_io]: origin[1]: -3.24145
[map_server-1] [INFO] [1786688416.763364481] [map_io]: origin[2]: 0
[map_server-1] [INFO] [1786688416.763369270] [map_io]: free_thresh: 0.196
[map_server-1] [INFO] [1786688416.763373663] [map_io]: occupied_thresh: 0.65
[map_server-1] [INFO] [1786688416.763379097] [map_io]: mode: trinary
[map_server-1] [INFO] [1786688416.763384277] [map_io]: negate: 0
[map_server-1] [INFO] [1786688416.765353844] [map_io]: Loading image_file: /home/gyi/robosapiens/rmf_maps/project1-ver2/nav2_map/project1-ver2.pgm
[map_server-1] [INFO] [1786688416.775590782] [map_io]: Read map /home/gyi/robosapiens/rmf_maps/project1-ver2/nav2_map/project1-ver2.pgm: 800 X 615 map @ 0.005994 m/cell
[lifecycle_manager-2] [INFO] [1786688416.791681532] [lifecycle_manager_map]: [34m[1mActivating map_server[0m[0m
[map_server-1] [INFO] [1786688416.791864283] [map_server]: Activating
[map_server-1] [INFO] [1786688416.792526040] [map_server]: Creating bond (map_server) to lifecycle manager.
[lifecycle_manager-11] [INFO] [1786688416.799930451] [pinky_01.lifecycle_manager_navigation]: [34m[1mStarting managed nodes bringup...[0m[0m
[lifecycle_manager-11] [INFO] [1786688416.799999231] [pinky_01.lifecycle_manager_navigation]: [34m[1mConfiguring amcl[0m[0m
[amcl-3] [INFO] [1786688416.800329593] [pinky_01.amcl]: Configuring
[amcl-3] [INFO] [1786688416.800434895] [pinky_01.amcl]: initTransforms
[amcl-3] [INFO] [1786688416.812301323] [pinky_01.amcl]: initPubSub
[amcl-3] [INFO] [1786688416.825194257] [pinky_01.amcl]: Subscribed to map topic.
[lifecycle_manager-11] [INFO] [1786688416.833438682] [pinky_01.lifecycle_manager_navigation]: [34m[1mConfiguring controller_server[0m[0m
[amcl-3] [INFO] [1786688416.841637956] [pinky_01.amcl]: Received a 800 X 615 map @ 0.006 m/pix
[lifecycle_manager-2] [INFO] [1786688416.899804410] [lifecycle_manager_map]: Server map_server connected with bond.
[lifecycle_manager-2] [INFO] [1786688416.899845724] [lifecycle_manager_map]: [34m[1mManaged nodes are active[0m[0m
[lifecycle_manager-2] [INFO] [1786688416.899852654] [lifecycle_manager_map]: [34m[1mCreating bond timer...[0m[0m
[controller_server-4] [INFO] [1786688416.960465674] [pinky_01.controller_server]: Configuring controller interface
[controller_server-4] [INFO] [1786688416.960487107] [pinky_01.controller_server]: getting progress checker plugins..
[controller_server-4] [INFO] [1786688416.960824552] [pinky_01.controller_server]: getting goal checker plugins..
[controller_server-4] [INFO] [1786688416.960952908] [pinky_01.controller_server]: Controller frequency set to 20.0000Hz
[controller_server-4] [INFO] [1786688416.960990564] [pinky_01.local_costmap.local_costmap]: Configuring
[controller_server-4] [INFO] [1786688416.972689530] [pinky_01.local_costmap.local_costmap]: Using plugin "voxel_layer"
[controller_server-4] [INFO] [1786688416.978292658] [pinky_01.local_costmap.local_costmap]: Subscribed to Topics: scan
[controller_server-4] [INFO] [1786688416.992596410] [pinky_01.local_costmap.local_costmap]: Initialized plugin "voxel_layer"
[controller_server-4] [INFO] [1786688416.992623227] [pinky_01.local_costmap.local_costmap]: Using plugin "inflation_layer"
[controller_server-4] [INFO] [1786688416.993250623] [pinky_01.local_costmap.local_costmap]: Initialized plugin "inflation_layer"
[controller_server-4] [INFO] [1786688417.023215363] [pinky_01.controller_server]: Created progress_checker : progress_checker of type nav2_controller::SimpleProgressChecker
[controller_server-4] [INFO] [1786688417.023964495] [pinky_01.controller_server]: Controller Server has progress_checker  progress checkers available.
[controller_server-4] [INFO] [1786688417.025162006] [pinky_01.controller_server]: Created goal checker : general_goal_checker of type nav2_controller::SimpleGoalChecker
[controller_server-4] [INFO] [1786688417.025632595] [pinky_01.controller_server]: Controller Server has general_goal_checker  goal checkers available.
[controller_server-4] [INFO] [1786688417.027076857] [pinky_01.controller_server]: Created controller : FollowPath of type nav2_regulated_pure_pursuit_controller::RegulatedPurePursuitController
[controller_server-4] [INFO] [1786688417.037648890] [pinky_01.controller_server]: Controller Server has FollowPath  controllers available.
[lifecycle_manager-11] [INFO] [1786688417.052240140] [pinky_01.lifecycle_manager_navigation]: [34m[1mConfiguring smoother_server[0m[0m
[smoother_server-5] [INFO] [1786688417.052503622] [pinky_01.smoother_server]: Configuring smoother server
[smoother_server-5] [INFO] [1786688417.070491724] [pinky_01.smoother_server]: Created smoother : simple_smoother of type nav2_smoother::SimpleSmoother
[smoother_server-5] [INFO] [1786688417.071102410] [pinky_01.smoother_server]: Smoother Server has simple_smoother  smoothers available.
[lifecycle_manager-11] [INFO] [1786688417.083764534] [pinky_01.lifecycle_manager_navigation]: [34m[1mConfiguring planner_server[0m[0m
[planner_server-6] [INFO] [1786688417.084037940] [pinky_01.planner_server]: Configuring
[planner_server-6] [INFO] [1786688417.084074411] [pinky_01.global_costmap.global_costmap]: Configuring
[planner_server-6] [INFO] [1786688417.099313013] [pinky_01.global_costmap.global_costmap]: Using plugin "static_layer"
[planner_server-6] [INFO] [1786688417.105037463] [pinky_01.global_costmap.global_costmap]: Subscribing to the map topic (/nav2_map) with transient local durability
[planner_server-6] [INFO] [1786688417.107327283] [pinky_01.global_costmap.global_costmap]: Initialized plugin "static_layer"
[planner_server-6] [INFO] [1786688417.107379377] [pinky_01.global_costmap.global_costmap]: Using plugin "obstacle_layer"
[planner_server-6] [INFO] [1786688417.108079436] [pinky_01.global_costmap.global_costmap]: Subscribed to Topics: scan
[planner_server-6] [INFO] [1786688417.112019651] [pinky_01.global_costmap.global_costmap]: Initialized plugin "obstacle_layer"
[planner_server-6] [INFO] [1786688417.112057191] [pinky_01.global_costmap.global_costmap]: Using plugin "inflation_layer"
[planner_server-6] [INFO] [1786688417.112845418] [pinky_01.global_costmap.global_costmap]: Initialized plugin "inflation_layer"
[planner_server-6] [INFO] [1786688417.152226197] [pinky_01.global_costmap.global_costmap]: StaticLayer: Resizing costmap to 800 X 615 at 0.005994 m/pix
[planner_server-6] [INFO] [1786688417.153069253] [pinky_01.planner_server]: Created global planner plugin GridBased of type nav2_navfn_planner::NavfnPlanner
[planner_server-6] [INFO] [1786688417.153118876] [pinky_01.planner_server]: Configuring plugin GridBased of type NavfnPlanner
[planner_server-6] [INFO] [1786688417.154377996] [pinky_01.planner_server]: Planner Server has GridBased  planners available.
[lifecycle_manager-11] [INFO] [1786688417.174939828] [pinky_01.lifecycle_manager_navigation]: [34m[1mConfiguring behavior_server[0m[0m
[behavior_server-7] [INFO] [1786688417.175234531] [pinky_01.behavior_server]: Configuring
[behavior_server-7] [INFO] [1786688417.181750565] [pinky_01.behavior_server]: Creating behavior plugin spin of type nav2_behaviors::Spin
[behavior_server-7] [INFO] [1786688417.183781949] [pinky_01.behavior_server]: Creating behavior plugin backup of type nav2_behaviors::BackUp
[behavior_server-7] [INFO] [1786688417.185074699] [pinky_01.behavior_server]: Creating behavior plugin drive_on_heading of type nav2_behaviors::DriveOnHeading
[behavior_server-7] [INFO] [1786688417.186285508] [pinky_01.behavior_server]: Creating behavior plugin assisted_teleop of type nav2_behaviors::AssistedTeleop
[behavior_server-7] [INFO] [1786688417.188172013] [pinky_01.behavior_server]: Creating behavior plugin wait of type nav2_behaviors::Wait
[behavior_server-7] [INFO] [1786688417.196549027] [pinky_01.behavior_server]: Configuring spin
[behavior_server-7] [INFO] [1786688417.219095390] [pinky_01.behavior_server]: Configuring backup
[behavior_server-7] [INFO] [1786688417.233467889] [pinky_01.behavior_server]: Configuring drive_on_heading
[behavior_server-7] [INFO] [1786688417.245486633] [pinky_01.behavior_server]: Configuring assisted_teleop
[behavior_server-7] [INFO] [1786688417.260078055] [pinky_01.behavior_server]: Configuring wait
[lifecycle_manager-11] [INFO] [1786688417.271229225] [pinky_01.lifecycle_manager_navigation]: [34m[1mConfiguring bt_navigator[0m[0m
[bt_navigator-8] [INFO] [1786688417.271544482] [pinky_01.bt_navigator]: Configuring
[bt_navigator-8] [INFO] [1786688417.281505532] [pinky_01.bt_navigator]: Creating navigator id navigate_to_pose of type nav2_bt_navigator::NavigateToPoseNavigator
[bt_navigator-8] [INFO] [1786688417.378397562] [pinky_01.bt_navigator]: Creating navigator id navigate_through_poses of type nav2_bt_navigator::NavigateThroughPosesNavigator
[lifecycle_manager-11] [INFO] [1786688417.427860587] [pinky_01.lifecycle_manager_navigation]: [34m[1mConfiguring waypoint_follower[0m[0m
[waypoint_follower-9] [INFO] [1786688417.429851595] [pinky_01.waypoint_follower]: Configuring
[waypoint_follower-9] [INFO] [1786688417.466556202] [pinky_01.waypoint_follower]: Created waypoint_task_executor : wait_at_waypoint of type nav2_waypoint_follower::WaitAtWaypoint
[lifecycle_manager-11] [INFO] [1786688417.468028222] [pinky_01.lifecycle_manager_navigation]: [34m[1mConfiguring velocity_smoother[0m[0m
[velocity_smoother-10] [INFO] [1786688417.468348646] [pinky_01.velocity_smoother]: Configuring velocity smoother
[lifecycle_manager-11] [INFO] [1786688417.476942610] [pinky_01.lifecycle_manager_navigation]: [34m[1mActivating amcl[0m[0m
[amcl-3] [INFO] [1786688417.477120365] [pinky_01.amcl]: Activating
[amcl-3] [INFO] [1786688417.477154972] [pinky_01.amcl]: initialPoseReceived
[amcl-3] [INFO] [1786688417.477231051] [pinky_01.amcl]: Setting pose (2.850000): 1.612 -0.717 0.000
[amcl-3] [INFO] [1786688417.477903798] [pinky_01.amcl]: Creating bond (amcl) to lifecycle manager.
[lifecycle_manager-11] [INFO] [1786688417.585761598] [pinky_01.lifecycle_manager_navigation]: Server amcl connected with bond.
[lifecycle_manager-11] [INFO] [1786688417.585807845] [pinky_01.lifecycle_manager_navigation]: [34m[1mActivating controller_server[0m[0m
[controller_server-4] [INFO] [1786688417.586134608] [pinky_01.controller_server]: Activating
[controller_server-4] [INFO] [1786688417.586171887] [pinky_01.local_costmap.local_costmap]: Activating
[controller_server-4] [INFO] [1786688417.586183203] [pinky_01.local_costmap.local_costmap]: Checking transform
[controller_server-4] [INFO] [1786688417.586309177] [pinky_01.local_costmap.local_costmap]: start
[amcl-3] [INFO] [1786688417.774034480] [pinky_01.amcl]: createLaserObject
[controller_server-4] [INFO] [1786688417.788308975] [pinky_01.controller_server]: Activating controller: FollowPath of type regulated_pure_pursuit_controller::RegulatedPurePursuitController
[controller_server-4] [INFO] [1786688417.788364199] [pinky_01.controller_server]: Creating bond (controller_server) to lifecycle manager.
[lifecycle_manager-11] [INFO] [1786688417.896142287] [pinky_01.lifecycle_manager_navigation]: Server controller_server connected with bond.
[lifecycle_manager-11] [INFO] [1786688417.896190099] [pinky_01.lifecycle_manager_navigation]: [34m[1mActivating smoother_server[0m[0m
[smoother_server-5] [INFO] [1786688417.896616114] [pinky_01.smoother_server]: Activating
[smoother_server-5] [INFO] [1786688417.896655001] [pinky_01.smoother_server]: Creating bond (smoother_server) to lifecycle manager.
[lifecycle_manager-11] [INFO] [1786688418.006343221] [pinky_01.lifecycle_manager_navigation]: Server smoother_server connected with bond.
[lifecycle_manager-11] [INFO] [1786688418.006405217] [pinky_01.lifecycle_manager_navigation]: [34m[1mActivating planner_server[0m[0m
[planner_server-6] [INFO] [1786688418.006855035] [pinky_01.planner_server]: Activating
[planner_server-6] [INFO] [1786688418.006899665] [pinky_01.global_costmap.global_costmap]: Activating
[planner_server-6] [INFO] [1786688418.006911490] [pinky_01.global_costmap.global_costmap]: Checking transform
[planner_server-6] [INFO] [1786688418.006997818] [pinky_01.global_costmap.global_costmap]: Timed out waiting for transform from pinky_01/base_footprint to map to become available, tf error: Lookup would require extrapolation at time 2.950000, but only time 3.900000 is in the buffer, when looking up transform from frame [pinky_01/base_footprint] to frame [map]
[rmf_traffic_schedule-1] [INFO] [1786688418.011688953] [rmf_traffic_schedule_primary]: A new mirror is tracking query ID [1]
[schedule_visualizer_node-4] [INFO] [1786688418.011950956] [schedule_data_node]: Mirror handling new sync of 1 queries from schedule node [b168e13f-7fbd-4717-bc82-cb57a01e9b57]
[python3-12] [INFO] [1786688418.404176305] [project1_pinky_fleet_adapter]: Registering to query topic rmf_traffic/query_update_1
[python3-12] [INFO] [1786688418.460015806] [project1_pinky_fleet_adapter]: Mirror handling new sync of 1 queries from schedule node [b168e13f-7fbd-4717-bc82-cb57a01e9b57]
[planner_server-6] [INFO] [1786688418.507091194] [pinky_01.global_costmap.global_costmap]: Timed out waiting for transform from pinky_01/base_footprint to map to become available, tf error: Lookup would require extrapolation into the past.  Requested time 3.050000 but the earliest data is at time 3.900000, when looking up transform from frame [pinky_01/base_footprint] to frame [map]
[planner_server-6] [INFO] [1786688419.007070513] [pinky_01.global_costmap.global_costmap]: Timed out waiting for transform from pinky_01/base_footprint to map to become available, tf error: Lookup would require extrapolation into the past.  Requested time 3.150000 but the earliest data is at time 3.900000, when looking up transform from frame [pinky_01/base_footprint] to frame [map]
[python3-12] [WARN] [1786688419.491561447] [project1_pinky_fleet_adapter]: [FleetUpdateHandle::set_retreat_to_charger_interval] This parameter is no longer being used.
[python3-12] [INFO] [1786688419.491650754] [project1_pinky_fleet_adapter]: Fleet [project1_pinky] is configured to perform delivery tasks
[python3-12] [INFO] [1786688419.491658703] [project1_pinky_fleet_adapter]: Fleet [project1_pinky] is configured to perform patrol tasks
[python3-12] [INFO] [1786688419.491722828] [project1_pinky_fleet_adapter]: Finished configuring Easy Full Control adapter for fleet [project1_pinky]
[planner_server-6] [INFO] [1786688419.507204966] [pinky_01.global_costmap.global_costmap]: Timed out waiting for transform from pinky_01/base_footprint to map to become available, tf error: Lookup would require extrapolation into the past.  Requested time 3.250000 but the earliest data is at time 3.900000, when looking up transform from frame [pinky_01/base_footprint] to frame [map]
[python3-12] [INFO] [1786688419.521467589] [project1_pinky_nav2_adapter]: project1_pinky 를 Nav2 에 이었습니다. 로봇 1대, 0.10초마다 알립니다.
[planner_server-6] [INFO] [1786688420.007022063] [pinky_01.global_costmap.global_costmap]: Timed out waiting for transform from pinky_01/base_footprint to map to become available, tf error: Lookup would require extrapolation into the past.  Requested time 3.350000 but the earliest data is at time 3.900000, when looking up transform from frame [pinky_01/base_footprint] to frame [map]
[planner_server-6] [INFO] [1786688420.507025157] [pinky_01.global_costmap.global_costmap]: Timed out waiting for transform from pinky_01/base_footprint to map to become available, tf error: Lookup would require extrapolation into the past.  Requested time 3.470000 but the earliest data is at time 3.900000, when looking up transform from frame [pinky_01/base_footprint] to frame [map]
[planner_server-6] [INFO] [1786688421.007023638] [pinky_01.global_costmap.global_costmap]: Timed out waiting for transform from pinky_01/base_footprint to map to become available, tf error: Lookup would require extrapolation into the past.  Requested time 3.570000 but the earliest data is at time 3.900000, when looking up transform from frame [pinky_01/base_footprint] to frame [map]
[planner_server-6] [INFO] [1786688421.507020933] [pinky_01.global_costmap.global_costmap]: Timed out waiting for transform from pinky_01/base_footprint to map to become available, tf error: Lookup would require extrapolation into the past.  Requested time 3.690000 but the earliest data is at time 3.900000, when looking up transform from frame [pinky_01/base_footprint] to frame [map]
[planner_server-6] [INFO] [1786688422.007026698] [pinky_01.global_costmap.global_costmap]: Timed out waiting for transform from pinky_01/base_footprint to map to become available, tf error: Lookup would require extrapolation into the past.  Requested time 3.790000 but the earliest data is at time 3.900000, when looking up transform from frame [pinky_01/base_footprint] to frame [map]
[planner_server-6] [INFO] [1786688422.507087682] [pinky_01.global_costmap.global_costmap]: start
[planner_server-6] [INFO] [1786688423.559919134] [pinky_01.planner_server]: Activating plugin GridBased of type NavfnPlanner
[planner_server-6] [INFO] [1786688423.562178654] [pinky_01.planner_server]: Creating bond (planner_server) to lifecycle manager.
[lifecycle_manager-11] [INFO] [1786688423.669994699] [pinky_01.lifecycle_manager_navigation]: Server planner_server connected with bond.
[lifecycle_manager-11] [INFO] [1786688423.670051365] [pinky_01.lifecycle_manager_navigation]: [34m[1mActivating behavior_server[0m[0m
[behavior_server-7] [INFO] [1786688423.670583924] [pinky_01.behavior_server]: Activating
[behavior_server-7] [INFO] [1786688423.670618244] [pinky_01.behavior_server]: Activating spin
[behavior_server-7] [INFO] [1786688423.670633475] [pinky_01.behavior_server]: Activating backup
[behavior_server-7] [INFO] [1786688423.670644618] [pinky_01.behavior_server]: Activating drive_on_heading
[behavior_server-7] [INFO] [1786688423.670655257] [pinky_01.behavior_server]: Activating assisted_teleop
[behavior_server-7] [INFO] [1786688423.670667134] [pinky_01.behavior_server]: Activating wait
[behavior_server-7] [INFO] [1786688423.670682370] [pinky_01.behavior_server]: Creating bond (behavior_server) to lifecycle manager.
[lifecycle_manager-11] [INFO] [1786688423.777453425] [pinky_01.lifecycle_manager_navigation]: Server behavior_server connected with bond.
[lifecycle_manager-11] [INFO] [1786688423.777493039] [pinky_01.lifecycle_manager_navigation]: [34m[1mActivating bt_navigator[0m[0m
[bt_navigator-8] [INFO] [1786688423.777902993] [pinky_01.bt_navigator]: Activating
[bt_navigator-8] [INFO] [1786688423.892399123] [pinky_01.bt_navigator]: Creating bond (bt_navigator) to lifecycle manager.
[lifecycle_manager-11] [INFO] [1786688423.999302720] [pinky_01.lifecycle_manager_navigation]: Server bt_navigator connected with bond.
[lifecycle_manager-11] [INFO] [1786688423.999353995] [pinky_01.lifecycle_manager_navigation]: [34m[1mActivating waypoint_follower[0m[0m
[waypoint_follower-9] [INFO] [1786688423.999792501] [pinky_01.waypoint_follower]: Activating
[waypoint_follower-9] [INFO] [1786688423.999818176] [pinky_01.waypoint_follower]: Creating bond (waypoint_follower) to lifecycle manager.
[lifecycle_manager-11] [INFO] [1786688424.108150815] [pinky_01.lifecycle_manager_navigation]: Server waypoint_follower connected with bond.
[lifecycle_manager-11] [INFO] [1786688424.108206993] [pinky_01.lifecycle_manager_navigation]: [34m[1mActivating velocity_smoother[0m[0m
[velocity_smoother-10] [INFO] [1786688424.108606374] [pinky_01.velocity_smoother]: Activating
[velocity_smoother-10] [INFO] [1786688424.108670103] [pinky_01.velocity_smoother]: Creating bond (velocity_smoother) to lifecycle manager.
[lifecycle_manager-11] [INFO] [1786688424.216454523] [pinky_01.lifecycle_manager_navigation]: Server velocity_smoother connected with bond.
[lifecycle_manager-11] [INFO] [1786688424.216501199] [pinky_01.lifecycle_manager_navigation]: [34m[1mManaged nodes are active[0m[0m
[lifecycle_manager-11] [INFO] [1786688424.216513460] [pinky_01.lifecycle_manager_navigation]: [34m[1mCreating bond timer...[0m[0m
[python3-12] [INFO] [1786688424.748562964] [project1_pinky_fleet_adapter]: Adding robot [pinky_01] to fleet [project1_pinky].
[python3-12] [INFO] [1786688424.749221109] [project1_pinky_nav2_adapter]: [pinky_01] RMF 에 붙었습니다.
=== 2026-08-14 15:21:44 project1-ver2 실행 ===
Gazebo 창: true · RViz: false · ROS_DOMAIN_ID: 22
월드에 센서 시스템이 이미 있습니다.
월드에 충돌 검출기가 이미 지정돼 있습니다.
[1/3] Gazebo bringup
[INFO] [launch]: All log files can be found below /home/gyi/.ros/log/2026-08-14-15-21-46-563485-gyi-15UD50T-GX5JK-331576
[INFO] [launch]: Default logging verbosity is set to INFO
[INFO] [gazebo-1]: process started with pid [331607]
[INFO] [gazebo-2]: process started with pid [331608]
[INFO] [robot_state_publisher-3]: process started with pid [331609]
[INFO] [joint_state_publisher-4]: process started with pid [331611]
[INFO] [create-5]: process started with pid [331613]
[INFO] [robot_state_publisher-6]: process started with pid [331614]
[INFO] [create-7]: process started with pid [331615]
[INFO] [spawner-8]: process started with pid [331616]
[INFO] [spawner-9]: process started with pid [331617]
[INFO] [spawner-10]: process started with pid [331618]
[INFO] [parameter_bridge-11]: process started with pid [331619]
[robot_state_publisher-3] [INFO] [1786688508.119456123] [pinky_01.robot_state_publisher]: Robot initialized
[robot_state_publisher-6] [INFO] [1786688508.128251746] [omx_01.robot_state_publisher]: Robot initialized
[create-5] [INFO] [1786688508.131357693] [pinky_01.ros_gz_sim]: Requesting list of world names.
[create-7] [INFO] [1786688508.131485359] [omx_01.ros_gz_sim]: Requesting list of world names.
[gazebo-1] [1;33mWarning [Utils.cc:132][0m [/sdf/world[@name="sim_world"]/gui/window:/home/gyi/robosapiens/rmf_maps/project1-ver2/project1-ver2.world:L34]: XML Element[window], child of element[gui], not defined in SDF. Copying[window] as children of [gui].
[gazebo-2] inotify_add_watch(/home/gyi/.config/ibus/bus/59f08e6037ad4e6a8623017e1c5e4353-unix-wayland-0) failed: (No space left on device)
[spawner-9] [INFO] [1786688508.507026215] [omx_01.spawner_arm_controller]: waiting for service /omx_01/controller_manager/list_controllers to become available...
[gazebo-2] [1;33m[GUI] [Wrn] [Application.cc:908] [0m[1;33m[QT] file:///usr/lib/x86_64-linux-gnu/qt5/qml/QtQuick/Dialogs/DefaultFileDialog.qml:413:17: QML ToolButton: Binding loop detected for property "implicitHeight"[0m[1;33m[0m
[gazebo-2] [1;33m[GUI] [Wrn] [Application.cc:908] [0m[1;33m[QT] file:///usr/lib/x86_64-linux-gnu/qt5/qml/QtQuick/Dialogs/DefaultFileDialog.qml:309:21: QML Button: Binding loop detected for property "implicitHeight"[0m[1;33m[0m
  ↑ 같은 줄 1번 더
[gazebo-2] [1;33m[GUI] [Wrn] [Application.cc:908] [0m[1;33m[QT] file:///usr/lib/x86_64-linux-gnu/qt5/qml/QtQuick/Dialogs/DefaultFileDialog.qml:413:17: QML ToolButton: Binding loop detected for property "implicitHeight"[0m[1;33m[0m
[gazebo-2] [1;33m[GUI] [Wrn] [Application.cc:908] [0m[1;33m[QT] file:///usr/lib/x86_64-linux-gnu/qt5/qml/QtQuick/Dialogs/DefaultFileDialog.qml:309:21: QML Button: Binding loop detected for property "implicitHeight"[0m[1;33m[0m
  ↑ 같은 줄 1번 더
[gazebo-2] [1;33m[GUI] [Wrn] [Application.cc:908] [0m[1;33m[QT] file:///usr/lib/x86_64-linux-gnu/qt5/qml/QtQuick/Dialogs/DefaultFileDialog.qml:413:17: QML ToolButton: Binding loop detected for property "implicitHeight"[0m[1;33m[0m
[gazebo-2] [1;33m[GUI] [Wrn] [Application.cc:908] [0m[1;33m[QT] file:///usr/lib/x86_64-linux-gnu/qt5/qml/QtQuick/Dialogs/DefaultFileDialog.qml:309:21: QML Button: Binding loop detected for property "implicitHeight"[0m[1;33m[0m
  ↑ 같은 줄 1번 더
[gazebo-1] [INFO] [1786688508.882805437] [rmf_simulation_door_manager]: Loading DoorManager
[gazebo-1] [INFO] [1786688508.902518826] [rmf_simulation_lift_manager]: Starting LiftManager
[gazebo-1] [1;33m[Wrn] [SdfEntityCreator.cc:933] [0m[1;33mGazebo does not support Ogre material scripts. See [0m[1;33mhttps://gazebosim.org/api/sim/8/migrationsdf.html#:~:text=Materials [0m[1;33mfor details.[0m[1;33m[0m
[gazebo-1] [1;33m[Wrn] [SdfEntityCreator.cc:939] [0m[1;33mCustom material scripts are not supported.[0m[1;33m[0m
[gazebo-1] [1;33m[Wrn] [SdfEntityCreator.cc:933] [0m[1;33mGazebo does not support Ogre material scripts. See [0m[1;33mhttps://gazebosim.org/api/sim/8/migrationsdf.html#:~:text=Materials [0m[1;33mfor details.[0m[1;33m[0m
[gazebo-1] [1;33m[Wrn] [SdfEntityCreator.cc:939] [0m[1;33mCustom material scripts are not supported.[0m[1;33m[0m
[joint_state_publisher-4] [INFO] [1786688508.921613631] [pinky_01.joint_state_publisher]: Waiting for robot_description to be published on the robot_description topic...
[joint_state_publisher-4] [INFO] [1786688508.982295561] [pinky_01.joint_state_publisher]: Got description, configuring robot
[create-5] [INFO] [1786688509.111495938] [pinky_01.ros_gz_sim]: Waiting messages on topic [/pinky_01/robot_description].
[parameter_bridge-11] [INFO] [1786688509.158315596] [gz_bridge]: Creating GZ->ROS Bridge: [/clock (gz.msgs.Clock) -> /clock (rosgraph_msgs/msg/Clock)] (Lazy 0)
[parameter_bridge-11] [INFO] [1786688509.160413914] [gz_bridge]: Creating GZ->ROS Bridge: [/tf (gz.msgs.Pose_V) -> /tf (tf2_msgs/msg/TFMessage)] (Lazy 0)
[parameter_bridge-11] [INFO] [1786688509.163363793] [gz_bridge]: Creating GZ->ROS Bridge: [/pinky_01/odom (gz.msgs.Odometry) -> /pinky_01/odom (nav_msgs/msg/Odometry)] (Lazy 0)
[parameter_bridge-11] [INFO] [1786688509.164829067] [gz_bridge]: Creating ROS->GZ Bridge: [/pinky_01/cmd_vel_smoothed (geometry_msgs/msg/Twist) -> /pinky_01/cmd_vel (gz.msgs.Twist)] (Lazy 0)
[parameter_bridge-11] [INFO] [1786688509.166110990] [gz_bridge]: Creating GZ->ROS Bridge: [/pinky_01/scan (gz.msgs.LaserScan) -> /pinky_01/scan (sensor_msgs/msg/LaserScan)] (Lazy 0)
[parameter_bridge-11] [INFO] [1786688509.168613817] [gz_bridge]: Creating GZ->ROS Bridge: [/pinky_01/joint_states (gz.msgs.Model) -> /pinky_01/joint_states (sensor_msgs/msg/JointState)] (Lazy 0)
[parameter_bridge-11] [INFO] [1786688509.169540963] [gz_bridge]: Creating GZ->ROS Bridge: [/pinky_01/imu_raw (gz.msgs.IMU) -> /pinky_01/imu_raw (sensor_msgs/msg/Imu)] (Lazy 0)
[create-5] [INFO] [1786688509.210316417] [pinky_01.ros_gz_sim]: Entity creation successful.
[create-7] [INFO] [1786688509.211865973] [omx_01.ros_gz_sim]: Waiting messages on topic [robot_description].
[create-7] [INFO] [1786688509.223068965] [omx_01.ros_gz_sim]: Entity creation successful.
[INFO] [create-5]: process has finished cleanly [pid 331613]
[INFO] [create-7]: process has finished cleanly [pid 331615]
[gazebo-2] [1;33m[GUI] [Wrn] [Application.cc:908] [0m[1;33m[QT] file:///usr/lib/x86_64-linux-gnu/qt5/qml/QtQuick/Dialogs/DefaultFileDialog.qml:413:17: QML ToolButton: Binding loop detected for property "implicitHeight"[0m[1;33m[0m
[gazebo-2] [1;33m[GUI] [Wrn] [Application.cc:908] [0m[1;33m[QT] file:///usr/lib/x86_64-linux-gnu/qt5/qml/QtQuick/Dialogs/DefaultFileDialog.qml:309:21: QML Button: Binding loop detected for property "implicitHeight"[0m[1;33m[0m
  ↑ 같은 줄 1번 더
[gazebo-2] [1;33m[GUI] [Wrn] [Application.cc:908] [0m[1;33m[QT] file::/ComponentInspector/ComponentInspector.qml:251:3: QML Dialog: Binding loop detected for property "implicitHeight"[0m[1;33m[0m
[gazebo-2] [1;33m[GUI] [Wrn] [Application.cc:908] [0m[1;33m[QT] file:///usr/lib/x86_64-linux-gnu/qt5/qml/QtQuick/Dialogs/DefaultFileDialog.qml:413:17: QML ToolButton: Binding loop detected for property "implicitHeight"[0m[1;33m[0m
[gazebo-2] [1;33m[GUI] [Wrn] [Application.cc:908] [0m[1;33m[QT] file:///usr/lib/x86_64-linux-gnu/qt5/qml/QtQuick/Dialogs/DefaultFileDialog.qml:309:21: QML Button: Binding loop detected for property "implicitHeight"[0m[1;33m[0m
  ↑ 같은 줄 1번 더
[gazebo-2] [1;33m[GUI] [Wrn] [Application.cc:908] [0m[1;33m[QT] file::/toggle_floors/toggle_floors.qml:40: ReferenceError: qfloors is not defined[0m[1;33m[0m
[gazebo-2] [1;33m[GUI] [Wrn] [Application.cc:908] [0m[1;33m[QT] file::/WorldStats/WorldStats.qml:53:3: QML RowLayout: Binding loop detected for property "x"[0m[1;33m[0m
[gazebo-2] [1;33m[GUI] [Wrn] [toggle_floors.cpp:221] [0m[1;33mNode for [0m[1;33mproject1-ver2_L1[0m[1;33mwas not found[0m[1;33m[0m
[gazebo-1] [1;33mWarning [Utils.cc:132][0m [/sdf/model[@name="pinky"]/link[@name="base_footprint"]/sensor[@name="pinky_01/camera"]/gz_frame_id:<urdf-string>:L0]: XML Element[gz_frame_id], child of element[sensor], not defined in SDF. Copying[gz_frame_id] as children of [sensor].
[gazebo-1] [1;33mWarning [Utils.cc:132][0m [/sdf/model[@name="pinky"]/link[@name="base_footprint"]/sensor[@name="pinky_01/imu"]/gz_frame_id:<urdf-string>:L0]: XML Element[gz_frame_id], child of element[sensor], not defined in SDF. Copying[gz_frame_id] as children of [sensor].
[gazebo-1] [1;33mWarning [Utils.cc:132][0m [/sdf/model[@name="pinky"]/link[@name="base_footprint"]/sensor[@name="pinky_01/gpu_lidar"]/gz_frame_id:<urdf-string>:L0]: XML Element[gz_frame_id], child of element[sensor], not defined in SDF. Copying[gz_frame_id] as children of [sensor].
[gazebo-1] [INFO] [1786688510.360929828] [omx_01.gz_ros_control]: [gz_ros2_control] Fixed joint ['world_fixed'] (Entity='73') is skipped.
[gazebo-1] [INFO] [1786688510.366517197] [omx_01.gz_ros_control]: Loading controller_manager
[gazebo-1] [INFO] [1786688510.390755647] [omx_01.controller_manager]: Using ROS clock for triggering controller manager cycles.
[gazebo-1] [INFO] [1786688510.395166117] [omx_01.controller_manager]: Subscribing to '/omx_01/robot_description' topic for robot description.
[gazebo-1] [WARN] [1786688510.399161012] [omx_01.gz_ros_control]: Waiting RM to load and initialize hardware...
[gazebo-1] [INFO] [1786688510.405506334] [omx_01.controller_manager]: Received robot description from topic.
[gazebo-1] [INFO] [1786688510.405548099] [omx_01.controller_manager]: Enforcing command limits is disabled. Command limits from URDF will be ignored.
[gazebo-1] [INFO] [1786688510.411863636] [omx_01.gz_ros_control]: The position_proportional_gain has been set to: 0.1
[gazebo-1] [INFO] [1786688510.411933879] [omx_01.gz_ros_control]: Loading joint: joint1
[gazebo-1] [INFO] [1786688510.411940355] [omx_01.gz_ros_control]: 	State:
[gazebo-1] [INFO] [1786688510.411944819] [omx_01.gz_ros_control]: 		 position
[gazebo-1] [INFO] [1786688510.411947416] [omx_01.gz_ros_control]: 		 velocity
[gazebo-1] [INFO] [1786688510.411952454] [omx_01.gz_ros_control]: 		 effort
[gazebo-1] [INFO] [1786688510.411955134] [omx_01.gz_ros_control]: 	Command:
[gazebo-1] [INFO] [1786688510.411957013] [omx_01.gz_ros_control]: 		 position
[gazebo-1] [INFO] [1786688510.411966154] [omx_01.gz_ros_control]: Loading joint: joint2
[gazebo-1] [INFO] [1786688510.411968193] [omx_01.gz_ros_control]: 	State:
[gazebo-1] [INFO] [1786688510.411969909] [omx_01.gz_ros_control]: 		 position
[gazebo-1] [INFO] [1786688510.411971745] [omx_01.gz_ros_control]: 		 velocity
[gazebo-1] [INFO] [1786688510.411973952] [omx_01.gz_ros_control]: 		 effort
[gazebo-1] [INFO] [1786688510.411975710] [omx_01.gz_ros_control]: 	Command:
[gazebo-1] [INFO] [1786688510.411977462] [omx_01.gz_ros_control]: 		 position
[gazebo-1] [INFO] [1786688510.411983422] [omx_01.gz_ros_control]: Loading joint: joint3
[gazebo-1] [INFO] [1786688510.411985349] [omx_01.gz_ros_control]: 	State:
[gazebo-1] [INFO] [1786688510.411987021] [omx_01.gz_ros_control]: 		 position
[gazebo-1] [INFO] [1786688510.411988687] [omx_01.gz_ros_control]: 		 velocity
[gazebo-1] [INFO] [1786688510.411990399] [omx_01.gz_ros_control]: 		 effort
[gazebo-1] [INFO] [1786688510.411992724] [omx_01.gz_ros_control]: 	Command:
[gazebo-1] [INFO] [1786688510.411994325] [omx_01.gz_ros_control]: 		 position
[gazebo-1] [INFO] [1786688510.411999249] [omx_01.gz_ros_control]: Loading joint: joint4
[gazebo-1] [INFO] [1786688510.412001003] [omx_01.gz_ros_control]: 	State:
[gazebo-1] [INFO] [1786688510.412002660] [omx_01.gz_ros_control]: 		 position
[gazebo-1] [INFO] [1786688510.412004351] [omx_01.gz_ros_control]: 		 velocity
[gazebo-1] [INFO] [1786688510.412006013] [omx_01.gz_ros_control]: 		 effort
[gazebo-1] [INFO] [1786688510.412007711] [omx_01.gz_ros_control]: 	Command:
[gazebo-1] [INFO] [1786688510.412009444] [omx_01.gz_ros_control]: 		 position
[gazebo-1] [INFO] [1786688510.412015057] [omx_01.gz_ros_control]: Loading joint: gripper_left_joint
[gazebo-1] [INFO] [1786688510.412017429] [omx_01.gz_ros_control]: 	State:
[gazebo-1] [INFO] [1786688510.412019129] [omx_01.gz_ros_control]: 		 position
[gazebo-1] [INFO] [1786688510.412020875] [omx_01.gz_ros_control]: 		 velocity
[gazebo-1] [INFO] [1786688510.412022624] [omx_01.gz_ros_control]: 		 effort
[gazebo-1] [INFO] [1786688510.412024304] [omx_01.gz_ros_control]: 	Command:
[gazebo-1] [INFO] [1786688510.412026064] [omx_01.gz_ros_control]: 		 position
[gazebo-1] [INFO] [1786688510.412032233] [omx_01.gz_ros_control]: Loading joint: gripper_right_joint
[gazebo-1] [INFO] [1786688510.412035363] [omx_01.gz_ros_control]: Joint 'gripper_right_joint'is mimicking joint 'gripper_left_joint' with multiplier: 1 and offset: 0
[gazebo-1] [INFO] [1786688510.412037874] [omx_01.gz_ros_control]: 	State:
[gazebo-1] [INFO] [1786688510.412039614] [omx_01.gz_ros_control]: 		 position
[gazebo-1] [INFO] [1786688510.412041382] [omx_01.gz_ros_control]: 		 velocity
[gazebo-1] [INFO] [1786688510.412044165] [omx_01.gz_ros_control]: 		 effort
[gazebo-1] [INFO] [1786688510.412046077] [omx_01.gz_ros_control]: 	Command:
[gazebo-1] [INFO] [1786688510.412084587] [omx_01.gz_ros_control]: Loading sensor: pinky_01/imu
[gazebo-1] [INFO] [1786688510.412089117] [omx_01.gz_ros_control]: 	State:
[gazebo-1] [WARN] [1786688510.412113628] [omx_01.gz_ros_control]: IMU sensor 'pinky_01/imu' not found in hardware_info, skipping.
[gazebo-1] [INFO] [1786688510.412187761] [omx_01.controller_manager]: Initialize hardware 'OpenManipulatorXSystem' 
[gazebo-1] [WARN] [1786688510.412202099] [omx_01.controller_manager.hardware_component.system.OpenManipulatorXSystem]: Executor is not available during hardware component initialization for 'OpenManipulatorXSystem'. Skipping node creation!
[gazebo-1] [INFO] [1786688510.412261720] [omx_01.controller_manager]: Successful initialization of hardware 'OpenManipulatorXSystem'
[gazebo-1] [INFO] [1786688510.412358539] [omx_01.controller_manager]: Activating component 'OpenManipulatorXSystem'.
[gazebo-1] [INFO] [1786688510.412364864] [resource_manager]: 'configure' hardware 'OpenManipulatorXSystem' 
[gazebo-1] [INFO] [1786688510.412368647] [omx_01.gz_ros_control]: System Successfully configured!
[gazebo-1] [INFO] [1786688510.412371506] [resource_manager]: Successful 'configure' of hardware 'OpenManipulatorXSystem'
[gazebo-1] [INFO] [1786688510.412377341] [resource_manager]: 'activate' hardware 'OpenManipulatorXSystem' 
[gazebo-1] [INFO] [1786688510.412387619] [resource_manager]: Successful 'activate' of hardware 'OpenManipulatorXSystem'
[gazebo-1] [WARN] [1786688510.412450654] [omx_01.controller_manager]: Component 'OpenManipulatorXSystem' does not have read or write statistics initialized, skipping registration.
[gazebo-1] [INFO] [1786688510.412455343] [omx_01.controller_manager]: Resource Manager has been successfully initialized. Starting Controller Manager services...
[gazebo-1] [INFO] [1786688510.591440148] [omx_01.controller_manager]: Loading controller : 'arm_controller' of type 'joint_trajectory_controller/JointTrajectoryController'
[gazebo-1] [INFO] [1786688510.591509280] [omx_01.controller_manager]: Loading controller 'arm_controller'
[gazebo-1] [INFO] [1786688510.599463925] [omx_01.controller_manager]: Controller 'arm_controller' node arguments: --ros-args --params-file /home/gyi/robosapiens/robot_model/open_manipulator/install/open_manipulator_bringup/share/open_manipulator_bringup/config/open_manipulator_x/hardware_controller_manager.yaml -p use_sim_time:=true --param use_sim_time:=true 
[spawner-9] [INFO] [1786688510.619143559] [omx_01.spawner_arm_controller]: Loaded arm_controller
[gazebo-1] [INFO] [1786688510.620275105] [omx_01.controller_manager]: Configuring controller: 'arm_controller'
[gazebo-1] [INFO] [1786688510.620495270] [omx_01.arm_controller]: No specific joint names are used for command interfaces. Using 'joints' parameter.
[gazebo-1] [INFO] [1786688510.620509976] [omx_01.arm_controller]: Command interfaces are [position] and state interfaces are [position velocity].
[gazebo-1] [INFO] [1786688510.620526060] [omx_01.arm_controller]: Using 'splines' interpolation method.
[gazebo-1] [INFO] [1786688510.629144620] [omx_01.arm_controller]: Goals with partial set of joints are allowed
[gazebo-1] [INFO] [1786688510.629175909] [omx_01.arm_controller]: Action status changes will be monitored at 20.00 Hz.
[gazebo-1] [INFO] [1786688510.637011947] [omx_01.arm_controller]: Setting initial scaling factor to 1.000000
[gazebo-1] [INFO] [1786688510.637038040] [omx_01.arm_controller]: No scaling interface set. This controller will not read speed scaling from the hardware.
[gazebo-1] [INFO] [1786688510.638527966] [omx_01.controller_manager]: Activating controllers: [ arm_controller ]
[gazebo-1] [1;31m[Err] [Physics.cc:1808] [0m[1;31mAttempting to create a mimic constraint for joint [[0m[1;31mgripper_right_joint[0m[1;31m] but the chosen physics engine does not support [0m[1;31mmimic constraints, so no constraint will be [0m[1;31mcreated.[0m[1;31m[0m
[gazebo-1] [1;33m[Wrn] [Component.hh:144] [0m[1;33mTrying to serialize component with data type [[0m[1;33mN2gz3sim11ChargerDataE[0m[1;33m], which doesn't have [0m[1;33m`operator<<`. Component will not be serialized.[0m[1;33m[0m
[gazebo-1] [INFO] [1786688512.590389417] [omx_01.controller_manager]: Successfully switched controllers!
[gazebo-2] [1;33mWarning [Utils.cc:132][0m [/sdf/model[@name="pinky"]/link[@name="base_footprint"]/sensor[@name="pinky_01/camera"]/gz_frame_id:<data-string>:L122]: XML Element[gz_frame_id], child of element[sensor], not defined in SDF. Copying[gz_frame_id] as children of [sensor].
[gazebo-2] [1;33mWarning [Utils.cc:132][0m [/sdf/model[@name="pinky"]/link[@name="base_footprint"]/sensor[@name="pinky_01/imu"]/gz_frame_id:<data-string>:L131]: XML Element[gz_frame_id], child of element[sensor], not defined in SDF. Copying[gz_frame_id] as children of [sensor].
[gazebo-2] [1;33mWarning [Utils.cc:132][0m [/sdf/model[@name="pinky"]/link[@name="base_footprint"]/sensor[@name="pinky_01/gpu_lidar"]/gz_frame_id:<data-string>:L165]: XML Element[gz_frame_id], child of element[sensor], not defined in SDF. Copying[gz_frame_id] as children of [sensor].
[gazebo-2] [1;33m[GUI] [Wrn] [EntityComponentManager.cc:1930] [0m[1;33mComponent type [[0m[1;33m1728988591536574887[0m[1;33m] has not been [0m[1;33mregistered in this process, so it can't be deserialized.[0m[1;33m[0m
[2/3] Open-RMF
[spawner-9] [INFO] [1786688512.758203795] [omx_01.spawner_arm_controller]: Configured and activated arm_controller
[spawner-10] [INFO] [1786688512.848714327] [omx_01.spawner_gripper_controller]: waiting for service /omx_01/controller_manager/list_controllers to become available...
[INFO] [spawner-9]: process has finished cleanly [pid 331617]
[INFO] [launch]: All log files can be found below /home/gyi/.ros/log/2026-08-14-15-21-53-049845-gyi-15UD50T-GX5JK-332081
[INFO] [launch]: Default logging verbosity is set to INFO
[INFO] [rmf_traffic_schedule-1]: process started with pid [332121]
[INFO] [rmf_traffic_blockade-2]: process started with pid [332122]
[INFO] [building_map_server-3]: process started with pid [332123]
[INFO] [schedule_visualizer_node-4]: process started with pid [332124]
[INFO] [fleetstates_visualizer_node-5]: process started with pid [332125]
[INFO] [rmf_visualization_building_systems-6]: process started with pid [332126]
[INFO] [navgraph_visualizer_node-7]: process started with pid [332127]
[INFO] [floorplan_visualizer_node-8]: process started with pid [332128]
[INFO] [obstacle_visualizer_node-9]: process started with pid [332129]
[INFO] [door_supervisor-10]: process started with pid [332130]
[INFO] [lift_supervisor-11]: process started with pid [332131]
[INFO] [mutex_group_supervisor-12]: process started with pid [332132]
[INFO] [rmf_task_dispatcher-13]: process started with pid [332133]
[obstacle_visualizer_node-9] [INFO] [1786688513.323462739] [rmf_obstacle_visualizer]: Beginning RMF obstacle visualizer node
[fleetstates_visualizer_node-5] [INFO] [1786688513.331081908] [fleet_states_visualizer]: Configuring fleet_states_visualizer...
[fleetstates_visualizer_node-5] [INFO] [1786688513.331263427] [fleet_states_visualizer]: Setting parameter initial_map_name to L1
[fleetstates_visualizer_node-5] [INFO] [1786688513.331289949] [fleet_states_visualizer]: Setting parameter fleet_state_nose_scale to 0.500000
[fleetstates_visualizer_node-5] [INFO] [1786688513.339489884] [fleet_states_visualizer]: Running fleet_states_visualizer...
[rmf_traffic_schedule-1] [INFO] [1786688513.368600557] [rmf_traffic_schedule_primary]: Successfully loaded logfile .rmf_schedule_node.yaml 
[rmf_traffic_schedule-1] [INFO] [1786688513.379165922] [rmf_traffic_schedule_primary]: Set up heartbeat on /rmf_traffic/heartbeat with liveliness lease duration of 10000 ms and deadline of 10000 ms
[rmf_task_dispatcher-13] ~Initializing Dispatcher Node~
[schedule_visualizer_node-4] [INFO] [1786688513.404800388] [schedule_visualizer_node]: Setting parameter rate to 10.000000
[schedule_visualizer_node-4] [INFO] [1786688513.404935720] [schedule_visualizer_node]: Setting parameter path_width to 0.200000
[schedule_visualizer_node-4] [INFO] [1786688513.404976933] [schedule_visualizer_node]: Setting parameter initial_map_name to L1
[schedule_visualizer_node-4] [INFO] [1786688513.405007163] [schedule_visualizer_node]: Setting parameter wait_secs to 10
[schedule_visualizer_node-4] [INFO] [1786688513.405033386] [schedule_visualizer_node]: Setting parameter port to 8006
[schedule_visualizer_node-4] [INFO] [1786688513.405055665] [schedule_visualizer_node]: Setting parameter retained_history_count to 50
[floorplan_visualizer_node-8] [INFO] [1786688513.416634401] [floorplan_visualizer]: Configuring floorplan_visualizer...
[floorplan_visualizer_node-8] [INFO] [1786688513.416864347] [floorplan_visualizer]: Setting parameter initial_map_name to L1
[navgraph_visualizer_node-7] [INFO] [1786688513.419994272] [navgraph_visualizer]: Setting parameter initial_map_name to L1
[navgraph_visualizer_node-7] [INFO] [1786688513.420771752] [navgraph_visualizer]: Setting parameter lane_width to 0.120000
[navgraph_visualizer_node-7] [INFO] [1786688513.421310737] [navgraph_visualizer]: Setting parameter lane_transparency to 0.600000
[navgraph_visualizer_node-7] [INFO] [1786688513.421793199] [navgraph_visualizer]: Setting parameter waypoint_scale to 1.000000
[navgraph_visualizer_node-7] [INFO] [1786688513.421836510] [navgraph_visualizer]: Setting parameter text_scale to 0.600000
[navgraph_visualizer_node-7] [INFO] [1786688513.438190732] [navgraph_visualizer]: NavGraph visualizer is running...
[rmf_traffic_blockade-2] [INFO] [1786688513.513934237] [rmf_traffic_blockade_node]: Beginning traffic blockade node
[rmf_traffic_schedule-1] [INFO] [1786688513.519026998] [rmf_traffic_schedule_primary]: Beginning traffic schedule node
[rmf_task_dispatcher-13] [INFO] [1786688513.797340421] [rmf_dispatcher_node]:  Declared Time Window Param as: 2.000000 secs
[rmf_task_dispatcher-13] [INFO] [1786688513.798135138] [rmf_dispatcher_node]:  Declared Terminated Tasks Max Size Param as: 100
[rmf_task_dispatcher-13] [INFO] [1786688513.798231622] [rmf_dispatcher_node]:  Declared publish_active_tasks_period as: 2 secs
[rmf_task_dispatcher-13] [INFO] [1786688513.798296574] [rmf_dispatcher_node]:  Use timestamp with task_id: false
[rmf_task_dispatcher-13] [INFO] [1786688513.798337434] [rmf_dispatcher_node]:  Use unique hex string with task_id: true
[rmf_task_dispatcher-13] [INFO] [1786688513.828714790] [rmf_dispatcher_node]: Starting task dispatcher node
[gazebo-1] [1;33m[Wrn] [Ogre2Camera.cc:423] [0m[1;33mOgre2Camera::SetVisibilityMask: Mask bits [0m[1;33mc0000000[0m[1;33m are set but will be ignored as they conflict with the [0m[1;33mreserved bits used internally by the ogre2 backend.[0m[1;33m[0m
[rmf_visualization_building_systems-6] [INFO] [1786688513.864485362] [building_systems_visualizer]: Building systems visualizer started...
[building_map_server-3] [INFO] [1786688513.981992755] [building_map_server]: loading map path: /home/gyi/robosapiens/rmf_maps/project1-ver2/project1-ver2.building.yaml
[building_map_server-3] [INFO] [1786688513.984619961] [building_map_server]: opening: /home/gyi/robosapiens/rmf_maps/project1-ver2/gwanghee.png
[building_map_server-3] [INFO] [1786688513.984972253] [building_map_server]: read 179943 byte image
[building_map_server-3] [INFO] [1786688513.985476471] [building_map_server]: unable to generate GeoJSON for this map.
[building_map_server-3] [INFO] [1786688513.988913290] [building_map_server]: publishing map...
[building_map_server-3] [INFO] [1786688513.989594249] [building_map_server]: ready to serve map: "project1-ver2"  Ctrl+C to exit...
[floorplan_visualizer_node-8] [INFO] [1786688514.126986213] [floorplan_visualizer]: Running floorplan_visualizer...
[rmf_traffic_schedule-1] [INFO] [1786688514.518744270] [rmf_traffic_schedule_primary]: Registered new query [1]
[schedule_visualizer_node-4] [INFO] [1786688514.755510724] [schedule_data_node]: Registering to query topic rmf_traffic/query_update_1
[schedule_visualizer_node-4] [INFO] [1786688514.761816703] [schedule_data_node]: [rmf_traffic_ros2::MirrorManager::request_update] Requesting changes for query ID [1] since beginning of recorded history
[rmf_traffic_schedule-1] [INFO] [1786688514.763465500] [rmf_traffic_schedule_primary]: [ScheduleNode::update_mirrors] Sending remedial update starting from the beginning going to 1 for query 1
[schedule_visualizer_node-4] [INFO] [1786688514.777658087] [schedule_visualizer_node]: Successfully connected to rmf_traffic_schedule node.
[schedule_visualizer_node-4] [INFO] [1786688514.778236203] [schedule_data_node]: Mirror handling new sync of 1 queries from schedule node [4b17d43c-25ef-46d7-9478-b648c56bf336]
[gazebo-1] [INFO] [1786688515.853243411] [omx_01.controller_manager]: Loading controller : 'gripper_controller' of type 'position_controllers/GripperActionController'
[gazebo-1] [INFO] [1786688515.853326359] [omx_01.controller_manager]: Loading controller 'gripper_controller'
[gazebo-1] [INFO] [1786688515.856650124] [omx_01.controller_manager]: Controller 'gripper_controller' node arguments: --ros-args --params-file /home/gyi/robosapiens/robot_model/open_manipulator/install/open_manipulator_bringup/share/open_manipulator_bringup/config/open_manipulator_x/hardware_controller_manager.yaml -p use_sim_time:=true --param use_sim_time:=true 
[gazebo-1] [WARN] [1786688515.881674495] [omx_01.gripper_controller]: [Deprecated]: the `position_controllers/GripperActionController` and `effort_controllers::GripperActionController` controllers are replaced by 'parallel_gripper_controllers/GripperActionController' controller
[spawner-10] [INFO] [1786688515.927017182] [omx_01.spawner_gripper_controller]: Loaded gripper_controller
[gazebo-1] [INFO] [1786688515.928501224] [omx_01.controller_manager]: Configuring controller: 'gripper_controller'
[gazebo-1] [INFO] [1786688515.928618892] [omx_01.gripper_controller]: Action status changes will be monitored at 20.000000 Hz.
[gazebo-1] [INFO] [1786688515.974708017] [omx_01.controller_manager]: Activating controllers: [ gripper_controller ]
[gazebo-1] [INFO] [1786688516.026624393] [omx_01.controller_manager]: Successfully switched controllers!
[spawner-10] [INFO] [1786688516.074021845] [omx_01.spawner_gripper_controller]: Configured and activated gripper_controller
[spawner-8] [INFO] [1786688516.209569015] [omx_01.spawner_joint_state_broadcaster]: waiting for service /omx_01/controller_manager/list_controllers to become available...
[INFO] [spawner-10]: process has finished cleanly [pid 331618]
[gazebo-1] [INFO] [1786688516.625280816] [omx_01.controller_manager]: Loading controller : 'joint_state_broadcaster' of type 'joint_state_broadcaster/JointStateBroadcaster'
[gazebo-1] [INFO] [1786688516.625330026] [omx_01.controller_manager]: Loading controller 'joint_state_broadcaster'
[gazebo-1] [INFO] [1786688516.628446500] [omx_01.controller_manager]: Controller 'joint_state_broadcaster' node arguments: --ros-args --params-file /home/gyi/robosapiens/robot_model/open_manipulator/install/open_manipulator_bringup/share/open_manipulator_bringup/config/open_manipulator_x/hardware_controller_manager.yaml -p use_sim_time:=true --param use_sim_time:=true 
[spawner-8] [INFO] [1786688516.659670550] [omx_01.spawner_joint_state_broadcaster]: Loaded joint_state_broadcaster
[gazebo-1] [INFO] [1786688516.660631009] [omx_01.controller_manager]: Configuring controller: 'joint_state_broadcaster'
[gazebo-1] [INFO] [1786688516.660746176] [omx_01.joint_state_broadcaster]: 'joints' or 'interfaces' parameter is empty. All available state interfaces will be published
[gazebo-1] [INFO] [1786688516.711490179] [omx_01.controller_manager]: Activating controllers: [ joint_state_broadcaster ]
[gazebo-1] [INFO] [1786688516.754662413] [omx_01.controller_manager]: Successfully switched controllers!
[spawner-8] [INFO] [1786688516.806055306] [omx_01.spawner_joint_state_broadcaster]: Configured and activated joint_state_broadcaster
[INFO] [spawner-8]: process has finished cleanly [pid 331616]
[3/3] Nav2 와 RMF 어댑터
[INFO] [launch]: All log files can be found below /home/gyi/.ros/log/2026-08-14-15-22-05-033343-gyi-15UD50T-GX5JK-332638
[INFO] [launch]: Default logging verbosity is set to INFO
[INFO] [map_server-1]: process started with pid [332657]
[INFO] [lifecycle_manager-2]: process started with pid [332658]
[INFO] [amcl-3]: process started with pid [332659]
[INFO] [controller_server-4]: process started with pid [332660]
[INFO] [smoother_server-5]: process started with pid [332661]
[INFO] [planner_server-6]: process started with pid [332662]
[INFO] [behavior_server-7]: process started with pid [332663]
[INFO] [bt_navigator-8]: process started with pid [332664]
[INFO] [waypoint_follower-9]: process started with pid [332665]
[INFO] [velocity_smoother-10]: process started with pid [332666]
[INFO] [lifecycle_manager-11]: process started with pid [332667]
[INFO] [python3-12]: process started with pid [332668]
[INFO] [python3-13]: process started with pid [332669]
[INFO] [python3-14]: process started with pid [332670]
[bt_navigator-8] [INFO] [1786688525.406787320] [pinky_01.bt_navigator]: 
[bt_navigator-8] 	bt_navigator lifecycle node launched. 
[bt_navigator-8] 	Waiting on external lifecycle transitions to activate
[bt_navigator-8] 	See https://design.ros2.org/articles/node_lifecycle.html for more information.
[bt_navigator-8] [INFO] [1786688525.415473227] [pinky_01.bt_navigator]: Creating
[behavior_server-7] [INFO] [1786688525.418419206] [pinky_01.behavior_server]: 
[behavior_server-7] 	behavior_server lifecycle node launched. 
[behavior_server-7] 	Waiting on external lifecycle transitions to activate
[behavior_server-7] 	See https://design.ros2.org/articles/node_lifecycle.html for more information.
[waypoint_follower-9] [INFO] [1786688525.422874689] [pinky_01.waypoint_follower]: 
[waypoint_follower-9] 	waypoint_follower lifecycle node launched. 
[waypoint_follower-9] 	Waiting on external lifecycle transitions to activate
[waypoint_follower-9] 	See https://design.ros2.org/articles/node_lifecycle.html for more information.
[waypoint_follower-9] [INFO] [1786688525.424371446] [pinky_01.waypoint_follower]: Creating
[controller_server-4] [INFO] [1786688525.531946121] [pinky_01.controller_server]: 
[controller_server-4] 	controller_server lifecycle node launched. 
[controller_server-4] 	Waiting on external lifecycle transitions to activate
[controller_server-4] 	See https://design.ros2.org/articles/node_lifecycle.html for more information.
[velocity_smoother-10] [INFO] [1786688525.536243195] [pinky_01.velocity_smoother]: 
[velocity_smoother-10] 	velocity_smoother lifecycle node launched. 
[velocity_smoother-10] 	Waiting on external lifecycle transitions to activate
[velocity_smoother-10] 	See https://design.ros2.org/articles/node_lifecycle.html for more information.
[controller_server-4] [INFO] [1786688525.551235703] [pinky_01.controller_server]: Creating controller server
[controller_server-4] [INFO] [1786688525.562102797] [pinky_01.local_costmap.local_costmap]: 
[controller_server-4] 	local_costmap lifecycle node launched. 
[controller_server-4] 	Waiting on external lifecycle transitions to activate
[controller_server-4] 	See https://design.ros2.org/articles/node_lifecycle.html for more information.
[controller_server-4] [INFO] [1786688525.563655223] [pinky_01.local_costmap.local_costmap]: Creating Costmap
[python3-13] /opt/ros/jazzy/lib/python3.12/site-packages/rclpy/node.py:188: RuntimeWarning: Failed to fini rosout publisher: rcl node implementation is invalid, at ./src/rcl/node.c:390
[python3-13]   self.__node = _rclpy.Node(
[python3-14] /opt/ros/jazzy/lib/python3.12/site-packages/rclpy/node.py:188: RuntimeWarning: Failed to fini rosout publisher: rcl node implementation is invalid, at ./src/rcl/node.c:390
[python3-14]   self.__node = _rclpy.Node(
[planner_server-6] [INFO] [1786688525.834594234] [pinky_01.planner_server]: 
[planner_server-6] 	planner_server lifecycle node launched. 
[planner_server-6] 	Waiting on external lifecycle transitions to activate
[planner_server-6] 	See https://design.ros2.org/articles/node_lifecycle.html for more information.
[lifecycle_manager-11] [INFO] [1786688525.838387899] [pinky_01.lifecycle_manager_navigation]: Creating
[python3-13] Traceback (most recent call last):
[python3-13]   File "/opt/ros/jazzy/lib/python3.12/site-packages/rclpy/node.py", line 188, in __init__
[python3-13]     self.__node = _rclpy.Node(
[python3-13]                   ^^^^^^^^^^^^
[python3-13] ValueError: invalid node name: node name must not contain characters other than alphanumerics or '_', at ./src/rcl/node.c:156
[python3-13] During handling of the above exception, another exception occurred:
[python3-13] Traceback (most recent call last):
[python3-13]   File "/home/gyi/robosapiens/rmf_maps/project1-ver2/project1-ver2_workcell.py", line 224, in <module>
[python3-13]     main()
[python3-13]   File "/home/gyi/robosapiens/rmf_maps/project1-ver2/project1-ver2_workcell.py", line 213, in main
[python3-13]     node = WorkcellAdapter()
[python3-13]            ^^^^^^^^^^^^^^^^^
[python3-13]   File "/home/gyi/robosapiens/rmf_maps/project1-ver2/project1-ver2_workcell.py", line 91, in __init__
[python3-13]     super().__init__('project1-ver2_workcell')
[python3-13]   File "/opt/ros/jazzy/lib/python3.12/site-packages/rclpy/node.py", line 198, in __init__
[python3-13]     validate_node_name(node_name)
[python3-13]   File "/opt/ros/jazzy/lib/python3.12/site-packages/rclpy/validate_node_name.py", line 36, in validate_node_name
[python3-13]     raise InvalidNodeNameException(node_name, error_msg, invalid_index)
[python3-13] rclpy.exceptions.InvalidNodeNameException: Invalid node name: node name must not contain characters other than alphanumerics or '_':
[python3-13]   'project1-ver2_workcell'
[python3-13]            ^
[lifecycle_manager-11] [INFO] [1786688525.856134203] [pinky_01.lifecycle_manager_navigation]: [34m[1mCreating and initializing lifecycle service clients[0m[0m
[planner_server-6] [INFO] [1786688525.865190381] [pinky_01.planner_server]: Creating
[python3-14] Traceback (most recent call last):
[python3-14]   File "/opt/ros/jazzy/lib/python3.12/site-packages/rclpy/node.py", line 188, in __init__
[python3-14]     self.__node = _rclpy.Node(
[python3-14]                   ^^^^^^^^^^^^
[python3-14] ValueError: invalid node name: node name must not contain characters other than alphanumerics or '_', at ./src/rcl/node.c:156
[python3-14] During handling of the above exception, another exception occurred:
[python3-14] Traceback (most recent call last):
[python3-14]   File "/home/gyi/robosapiens/rmf_maps/project1-ver2/project1-ver2_sensor_relay.py", line 158, in <module>
[python3-14]     main(sys.argv)
[python3-14]   File "/home/gyi/robosapiens/rmf_maps/project1-ver2/project1-ver2_sensor_relay.py", line 143, in main
[python3-14]     node = SensorRelay(args.out)
[python3-14]            ^^^^^^^^^^^^^^^^^^^^^
[python3-14]   File "/home/gyi/robosapiens/rmf_maps/project1-ver2/project1-ver2_sensor_relay.py", line 62, in __init__
[python3-14]     super().__init__('project1-ver2_sensor_relay')
[python3-14]   File "/opt/ros/jazzy/lib/python3.12/site-packages/rclpy/node.py", line 198, in __init__
[python3-14]     validate_node_name(node_name)
[python3-14]   File "/opt/ros/jazzy/lib/python3.12/site-packages/rclpy/validate_node_name.py", line 36, in validate_node_name
[python3-14]     raise InvalidNodeNameException(node_name, error_msg, invalid_index)
[python3-14] rclpy.exceptions.InvalidNodeNameException: Invalid node name: node name must not contain characters other than alphanumerics or '_':
[python3-14]   'project1-ver2_sensor_relay'
[python3-14]            ^
[amcl-3] [INFO] [1786688525.889612604] [pinky_01.amcl]: 
[amcl-3] 	amcl lifecycle node launched. 
[amcl-3] 	Waiting on external lifecycle transitions to activate
[amcl-3] 	See https://design.ros2.org/articles/node_lifecycle.html for more information.
[smoother_server-5] [INFO] [1786688525.890296314] [pinky_01.smoother_server]: 
[smoother_server-5] 	smoother_server lifecycle node launched. 
[smoother_server-5] 	Waiting on external lifecycle transitions to activate
[smoother_server-5] 	See https://design.ros2.org/articles/node_lifecycle.html for more information.
[map_server-1] [INFO] [1786688525.890483161] [map_server]: 
[map_server-1] 	map_server lifecycle node launched. 
[map_server-1] 	Waiting on external lifecycle transitions to activate
[map_server-1] 	See https://design.ros2.org/articles/node_lifecycle.html for more information.
[map_server-1] [INFO] [1786688525.890645513] [map_server]: Creating
[amcl-3] [INFO] [1786688525.891486309] [pinky_01.amcl]: Creating
[smoother_server-5] [INFO] [1786688525.911193675] [pinky_01.smoother_server]: Creating smoother server
[ERROR] [python3-13]: process has died [pid 332669, exit code 1, cmd 'python3 /home/gyi/robosapiens/rmf_maps/project1-ver2/project1-ver2_workcell.py'].
[planner_server-6] [INFO] [1786688525.955793051] [pinky_01.global_costmap.global_costmap]: 
[planner_server-6] 	global_costmap lifecycle node launched. 
[planner_server-6] 	Waiting on external lifecycle transitions to activate
[planner_server-6] 	See https://design.ros2.org/articles/node_lifecycle.html for more information.
[planner_server-6] [INFO] [1786688525.958084577] [pinky_01.global_costmap.global_costmap]: Creating Costmap
[ERROR] [python3-14]: process has died [pid 332670, exit code 1, cmd 'python3 /home/gyi/robosapiens/rmf_maps/project1-ver2/project1-ver2_sensor_relay.py -o /tmp/robosapiens_sensors'].
[python3-12] [retreat_to_charger_interval] value is not provided, default to 10 seconds
[python3-12] Default fleet finishing task set to [nothing]
[python3-12] Maximum delay is not provided, default to 10.0
[lifecycle_manager-2] [INFO] [1786688526.538312700] [lifecycle_manager_map]: Creating
[lifecycle_manager-2] [INFO] [1786688526.544272541] [lifecycle_manager_map]: [34m[1mCreating and initializing lifecycle service clients[0m[0m
[lifecycle_manager-2] [INFO] [1786688526.650448425] [lifecycle_manager_map]: [34m[1mStarting managed nodes bringup...[0m[0m
[lifecycle_manager-2] [INFO] [1786688526.650500524] [lifecycle_manager_map]: [34m[1mConfiguring map_server[0m[0m
[map_server-1] [INFO] [1786688526.651014885] [map_server]: Configuring
[map_server-1] [INFO] [1786688526.651114444] [map_io]: Loading yaml file: /home/gyi/robosapiens/rmf_maps/project1-ver2/nav2_map/project1-ver2.yaml
[map_server-1] [INFO] [1786688526.651467784] [map_io]: resolution: 0.005994
[map_server-1] [INFO] [1786688526.651476661] [map_io]: origin[0]: -1.23864
[map_server-1] [INFO] [1786688526.651480951] [map_io]: origin[1]: -3.24145
[map_server-1] [INFO] [1786688526.651483678] [map_io]: origin[2]: 0
[map_server-1] [INFO] [1786688526.651487046] [map_io]: free_thresh: 0.196
[map_server-1] [INFO] [1786688526.651489913] [map_io]: occupied_thresh: 0.65
[map_server-1] [INFO] [1786688526.651493175] [map_io]: mode: trinary
[map_server-1] [INFO] [1786688526.651496173] [map_io]: negate: 0
[map_server-1] [INFO] [1786688526.651679034] [map_io]: Loading image_file: /home/gyi/robosapiens/rmf_maps/project1-ver2/nav2_map/project1-ver2.pgm
[map_server-1] [INFO] [1786688526.658671199] [map_io]: Read map /home/gyi/robosapiens/rmf_maps/project1-ver2/nav2_map/project1-ver2.pgm: 800 X 615 map @ 0.005994 m/cell
[lifecycle_manager-2] [INFO] [1786688526.669355132] [lifecycle_manager_map]: [34m[1mActivating map_server[0m[0m
[map_server-1] [INFO] [1786688526.669593551] [map_server]: Activating
[map_server-1] [INFO] [1786688526.670145782] [map_server]: Creating bond (map_server) to lifecycle manager.
RMF↔Nav2 어댑터가 떴습니다.
[lifecycle_manager-2] [INFO] [1786688526.805344870] [lifecycle_manager_map]: Server map_server connected with bond.
[lifecycle_manager-2] [INFO] [1786688526.805389544] [lifecycle_manager_map]: [34m[1mManaged nodes are active[0m[0m
[lifecycle_manager-2] [INFO] [1786688526.805401555] [lifecycle_manager_map]: [34m[1mCreating bond timer...[0m[0m
[lifecycle_manager-11] [INFO] [1786688526.861663890] [pinky_01.lifecycle_manager_navigation]: [34m[1mStarting managed nodes bringup...[0m[0m
[lifecycle_manager-11] [INFO] [1786688526.861710208] [pinky_01.lifecycle_manager_navigation]: [34m[1mConfiguring amcl[0m[0m
[python3-12] [INFO] [1786688526.988571433] [project1_pinky_fleet_adapter]: Parameter [discovery_timeout] set to: 60.000000
[amcl-3] [INFO] [1786688527.067440890] [pinky_01.amcl]: Configuring
[amcl-3] [INFO] [1786688527.067668711] [pinky_01.amcl]: initTransforms
[amcl-3] [INFO] [1786688527.084526699] [pinky_01.amcl]: initPubSub
[amcl-3] [INFO] [1786688527.099499038] [pinky_01.amcl]: Subscribed to map topic.
[amcl-3] [INFO] [1786688527.110552315] [pinky_01.amcl]: Received a 800 X 615 map @ 0.006 m/pix
[lifecycle_manager-11] [INFO] [1786688527.114709035] [pinky_01.lifecycle_manager_navigation]: [34m[1mConfiguring controller_server[0m[0m
[controller_server-4] [INFO] [1786688527.115138551] [pinky_01.controller_server]: Configuring controller interface
[controller_server-4] [INFO] [1786688527.115168830] [pinky_01.controller_server]: getting progress checker plugins..
[controller_server-4] [INFO] [1786688527.115609944] [pinky_01.controller_server]: getting goal checker plugins..
[controller_server-4] [INFO] [1786688527.115784279] [pinky_01.controller_server]: Controller frequency set to 20.0000Hz
[controller_server-4] [INFO] [1786688527.115834358] [pinky_01.local_costmap.local_costmap]: Configuring
[controller_server-4] [INFO] [1786688527.130776159] [pinky_01.local_costmap.local_costmap]: Using plugin "voxel_layer"
[controller_server-4] [INFO] [1786688527.134997539] [pinky_01.local_costmap.local_costmap]: Subscribed to Topics: scan
[controller_server-4] [INFO] [1786688527.154427868] [pinky_01.local_costmap.local_costmap]: Initialized plugin "voxel_layer"
[controller_server-4] [INFO] [1786688527.154495802] [pinky_01.local_costmap.local_costmap]: Using plugin "inflation_layer"
[controller_server-4] [INFO] [1786688527.155592796] [pinky_01.local_costmap.local_costmap]: Initialized plugin "inflation_layer"
[controller_server-4] [INFO] [1786688527.190212051] [pinky_01.controller_server]: Created progress_checker : progress_checker of type nav2_controller::SimpleProgressChecker
[controller_server-4] [INFO] [1786688527.191041575] [pinky_01.controller_server]: Controller Server has progress_checker  progress checkers available.
[controller_server-4] [INFO] [1786688527.192161948] [pinky_01.controller_server]: Created goal checker : general_goal_checker of type nav2_controller::SimpleGoalChecker
[controller_server-4] [INFO] [1786688527.193066775] [pinky_01.controller_server]: Controller Server has general_goal_checker  goal checkers available.
[controller_server-4] [INFO] [1786688527.194177175] [pinky_01.controller_server]: Created controller : FollowPath of type nav2_regulated_pure_pursuit_controller::RegulatedPurePursuitController
[controller_server-4] [INFO] [1786688527.201474167] [pinky_01.controller_server]: Controller Server has FollowPath  controllers available.
[lifecycle_manager-11] [INFO] [1786688527.217676570] [pinky_01.lifecycle_manager_navigation]: [34m[1mConfiguring smoother_server[0m[0m
[smoother_server-5] [INFO] [1786688527.218076292] [pinky_01.smoother_server]: Configuring smoother server
[smoother_server-5] [INFO] [1786688527.234612963] [pinky_01.smoother_server]: Created smoother : simple_smoother of type nav2_smoother::SimpleSmoother
[smoother_server-5] [INFO] [1786688527.236765321] [pinky_01.smoother_server]: Smoother Server has simple_smoother  smoothers available.
[lifecycle_manager-11] [INFO] [1786688527.250938003] [pinky_01.lifecycle_manager_navigation]: [34m[1mConfiguring planner_server[0m[0m
[planner_server-6] [INFO] [1786688527.251251756] [pinky_01.planner_server]: Configuring
[planner_server-6] [INFO] [1786688527.251305849] [pinky_01.global_costmap.global_costmap]: Configuring
[planner_server-6] [INFO] [1786688527.266276984] [pinky_01.global_costmap.global_costmap]: Using plugin "static_layer"
[planner_server-6] [INFO] [1786688527.269317702] [pinky_01.global_costmap.global_costmap]: Subscribing to the map topic (/nav2_map) with transient local durability
[planner_server-6] [INFO] [1786688527.272385495] [pinky_01.global_costmap.global_costmap]: Initialized plugin "static_layer"
[planner_server-6] [INFO] [1786688527.272430210] [pinky_01.global_costmap.global_costmap]: Using plugin "obstacle_layer"
[planner_server-6] [INFO] [1786688527.272994142] [pinky_01.global_costmap.global_costmap]: Subscribed to Topics: scan
[planner_server-6] [INFO] [1786688527.285787217] [pinky_01.global_costmap.global_costmap]: Initialized plugin "obstacle_layer"
[planner_server-6] [INFO] [1786688527.285838111] [pinky_01.global_costmap.global_costmap]: Using plugin "inflation_layer"
[planner_server-6] [INFO] [1786688527.286488089] [pinky_01.global_costmap.global_costmap]: Initialized plugin "inflation_layer"
[planner_server-6] [INFO] [1786688527.331866691] [pinky_01.global_costmap.global_costmap]: StaticLayer: Resizing costmap to 800 X 615 at 0.005994 m/pix
[planner_server-6] [INFO] [1786688527.332209446] [pinky_01.planner_server]: Created global planner plugin GridBased of type nav2_navfn_planner::NavfnPlanner
[planner_server-6] [INFO] [1786688527.332232821] [pinky_01.planner_server]: Configuring plugin GridBased of type NavfnPlanner
[planner_server-6] [INFO] [1786688527.333071321] [pinky_01.planner_server]: Planner Server has GridBased  planners available.
[lifecycle_manager-11] [INFO] [1786688527.364786893] [pinky_01.lifecycle_manager_navigation]: [34m[1mConfiguring behavior_server[0m[0m
[behavior_server-7] [INFO] [1786688527.365257749] [pinky_01.behavior_server]: Configuring
[behavior_server-7] [INFO] [1786688527.375516912] [pinky_01.behavior_server]: Creating behavior plugin spin of type nav2_behaviors::Spin
[behavior_server-7] [INFO] [1786688527.379118618] [pinky_01.behavior_server]: Creating behavior plugin backup of type nav2_behaviors::BackUp
[behavior_server-7] [INFO] [1786688527.380861242] [pinky_01.behavior_server]: Creating behavior plugin drive_on_heading of type nav2_behaviors::DriveOnHeading
[behavior_server-7] [INFO] [1786688527.382542883] [pinky_01.behavior_server]: Creating behavior plugin assisted_teleop of type nav2_behaviors::AssistedTeleop
[behavior_server-7] [INFO] [1786688527.385551291] [pinky_01.behavior_server]: Creating behavior plugin wait of type nav2_behaviors::Wait
[behavior_server-7] [INFO] [1786688527.399994969] [pinky_01.behavior_server]: Configuring spin
[behavior_server-7] [INFO] [1786688527.415932449] [pinky_01.behavior_server]: Configuring backup
[behavior_server-7] [INFO] [1786688527.426217325] [pinky_01.behavior_server]: Configuring drive_on_heading
[behavior_server-7] [INFO] [1786688527.435731029] [pinky_01.behavior_server]: Configuring assisted_teleop
[behavior_server-7] [INFO] [1786688527.450722353] [pinky_01.behavior_server]: Configuring wait
[lifecycle_manager-11] [INFO] [1786688527.460982678] [pinky_01.lifecycle_manager_navigation]: [34m[1mConfiguring bt_navigator[0m[0m
[bt_navigator-8] [INFO] [1786688527.461384950] [pinky_01.bt_navigator]: Configuring
[bt_navigator-8] [INFO] [1786688527.473109974] [pinky_01.bt_navigator]: Creating navigator id navigate_to_pose of type nav2_bt_navigator::NavigateToPoseNavigator
[bt_navigator-8] [INFO] [1786688527.895004323] [pinky_01.bt_navigator]: Creating navigator id navigate_through_poses of type nav2_bt_navigator::NavigateThroughPosesNavigator
[lifecycle_manager-11] [INFO] [1786688527.940140000] [pinky_01.lifecycle_manager_navigation]: [34m[1mConfiguring waypoint_follower[0m[0m
[waypoint_follower-9] [INFO] [1786688527.940460490] [pinky_01.waypoint_follower]: Configuring
[waypoint_follower-9] [INFO] [1786688528.320167792] [pinky_01.waypoint_follower]: Created waypoint_task_executor : wait_at_waypoint of type nav2_waypoint_follower::WaitAtWaypoint
[lifecycle_manager-11] [INFO] [1786688528.321563301] [pinky_01.lifecycle_manager_navigation]: [34m[1mConfiguring velocity_smoother[0m[0m
[velocity_smoother-10] [INFO] [1786688528.321889952] [pinky_01.velocity_smoother]: Configuring velocity smoother
[lifecycle_manager-11] [INFO] [1786688528.331202393] [pinky_01.lifecycle_manager_navigation]: [34m[1mActivating amcl[0m[0m
[amcl-3] [INFO] [1786688528.331408746] [pinky_01.amcl]: Activating
[amcl-3] [INFO] [1786688528.331445679] [pinky_01.amcl]: initialPoseReceived
[amcl-3] [INFO] [1786688528.331522449] [pinky_01.amcl]: Setting pose (2.820000): 1.612 -0.717 0.000
[amcl-3] [INFO] [1786688528.332205540] [pinky_01.amcl]: Creating bond (amcl) to lifecycle manager.
[lifecycle_manager-11] [INFO] [1786688528.443072870] [pinky_01.lifecycle_manager_navigation]: Server amcl connected with bond.
[lifecycle_manager-11] [INFO] [1786688528.443121297] [pinky_01.lifecycle_manager_navigation]: [34m[1mActivating controller_server[0m[0m
[controller_server-4] [INFO] [1786688528.443590844] [pinky_01.controller_server]: Activating
[controller_server-4] [INFO] [1786688528.443642239] [pinky_01.local_costmap.local_costmap]: Activating
[controller_server-4] [INFO] [1786688528.443655773] [pinky_01.local_costmap.local_costmap]: Checking transform
[controller_server-4] [INFO] [1786688528.443837151] [pinky_01.local_costmap.local_costmap]: start
[amcl-3] [INFO] [1786688528.840798406] [pinky_01.amcl]: createLaserObject
[controller_server-4] [INFO] [1786688528.895508089] [pinky_01.controller_server]: Activating controller: FollowPath of type regulated_pure_pursuit_controller::RegulatedPurePursuitController
[controller_server-4] [INFO] [1786688528.895566478] [pinky_01.controller_server]: Creating bond (controller_server) to lifecycle manager.
[lifecycle_manager-11] [INFO] [1786688529.005226510] [pinky_01.lifecycle_manager_navigation]: Server controller_server connected with bond.
[lifecycle_manager-11] [INFO] [1786688529.005303319] [pinky_01.lifecycle_manager_navigation]: [34m[1mActivating smoother_server[0m[0m
[smoother_server-5] [INFO] [1786688529.005805997] [pinky_01.smoother_server]: Activating
[smoother_server-5] [INFO] [1786688529.005846199] [pinky_01.smoother_server]: Creating bond (smoother_server) to lifecycle manager.
[lifecycle_manager-11] [INFO] [1786688529.114564647] [pinky_01.lifecycle_manager_navigation]: Server smoother_server connected with bond.
[lifecycle_manager-11] [INFO] [1786688529.114622290] [pinky_01.lifecycle_manager_navigation]: [34m[1mActivating planner_server[0m[0m
[planner_server-6] [INFO] [1786688529.115173661] [pinky_01.planner_server]: Activating
[planner_server-6] [INFO] [1786688529.115215780] [pinky_01.global_costmap.global_costmap]: Activating
[planner_server-6] [INFO] [1786688529.115227003] [pinky_01.global_costmap.global_costmap]: Checking transform
[planner_server-6] [INFO] [1786688529.115325126] [pinky_01.global_costmap.global_costmap]: Timed out waiting for transform from pinky_01/base_footprint to map to become available, tf error: Lookup would require extrapolation at time 2.950000, but only time 3.900000 is in the buffer, when looking up transform from frame [pinky_01/base_footprint] to frame [map]
[planner_server-6] [INFO] [1786688529.615355644] [pinky_01.global_costmap.global_costmap]: Timed out waiting for transform from pinky_01/base_footprint to map to become available, tf error: Lookup would require extrapolation into the past.  Requested time 3.030000 but the earliest data is at time 3.900000, when looking up transform from frame [pinky_01/base_footprint] to frame [map]
[rmf_traffic_schedule-1] [INFO] [1786688529.848787938] [rmf_traffic_schedule_primary]: A new mirror is tracking query ID [1]
[schedule_visualizer_node-4] [INFO] [1786688529.849871983] [schedule_data_node]: Mirror handling new sync of 1 queries from schedule node [4b17d43c-25ef-46d7-9478-b648c56bf336]
[planner_server-6] [INFO] [1786688530.115335639] [pinky_01.global_costmap.global_costmap]: Timed out waiting for transform from pinky_01/base_footprint to map to become available, tf error: Lookup would require extrapolation into the past.  Requested time 3.130000 but the earliest data is at time 3.900000, when looking up transform from frame [pinky_01/base_footprint] to frame [map]
[python3-12] [INFO] [1786688530.252323392] [project1_pinky_fleet_adapter]: Registering to query topic rmf_traffic/query_update_1
[python3-12] [INFO] [1786688530.310563998] [project1_pinky_fleet_adapter]: Mirror handling new sync of 1 queries from schedule node [4b17d43c-25ef-46d7-9478-b648c56bf336]
[planner_server-6] [INFO] [1786688530.615351958] [pinky_01.global_costmap.global_costmap]: Timed out waiting for transform from pinky_01/base_footprint to map to become available, tf error: Lookup would require extrapolation into the past.  Requested time 3.230000 but the earliest data is at time 3.900000, when looking up transform from frame [pinky_01/base_footprint] to frame [map]
[planner_server-6] [INFO] [1786688531.115505720] [pinky_01.global_costmap.global_costmap]: Timed out waiting for transform from pinky_01/base_footprint to map to become available, tf error: Lookup would require extrapolation into the past.  Requested time 3.330000 but the earliest data is at time 3.900000, when looking up transform from frame [pinky_01/base_footprint] to frame [map]
[python3-12] [WARN] [1786688531.342876781] [project1_pinky_fleet_adapter]: [FleetUpdateHandle::set_retreat_to_charger_interval] This parameter is no longer being used.
[python3-12] [INFO] [1786688531.342940095] [project1_pinky_fleet_adapter]: Fleet [project1_pinky] is configured to perform delivery tasks
[python3-12] [INFO] [1786688531.342956495] [project1_pinky_fleet_adapter]: Fleet [project1_pinky] is configured to perform patrol tasks
[python3-12] [INFO] [1786688531.343011122] [project1_pinky_fleet_adapter]: Finished configuring Easy Full Control adapter for fleet [project1_pinky]
[python3-12] [INFO] [1786688531.378157586] [project1_pinky_nav2_adapter]: project1_pinky 를 Nav2 에 이었습니다. 로봇 1대, 0.10초마다 알립니다.
[planner_server-6] [INFO] [1786688531.615334088] [pinky_01.global_costmap.global_costmap]: Timed out waiting for transform from pinky_01/base_footprint to map to become available, tf error: Lookup would require extrapolation into the past.  Requested time 3.410000 but the earliest data is at time 3.900000, when looking up transform from frame [pinky_01/base_footprint] to frame [map]
[planner_server-6] [INFO] [1786688532.115339382] [pinky_01.global_costmap.global_costmap]: Timed out waiting for transform from pinky_01/base_footprint to map to become available, tf error: Lookup would require extrapolation into the past.  Requested time 3.510000 but the earliest data is at time 3.900000, when looking up transform from frame [pinky_01/base_footprint] to frame [map]
[amcl-3] [INFO] [1786688532.492991966] [pinky_01.amcl]: Message Filter dropping message: frame 'pinky_01/rplidar_link' at time 2.600 for reason 'the timestamp on the message is earlier than all the data in the transform cache'
[planner_server-6] [INFO] [1786688532.615333353] [pinky_01.global_costmap.global_costmap]: Timed out waiting for transform from pinky_01/base_footprint to map to become available, tf error: Lookup would require extrapolation into the past.  Requested time 3.610000 but the earliest data is at time 3.900000, when looking up transform from frame [pinky_01/base_footprint] to frame [map]
[planner_server-6] [INFO] [1786688533.115345292] [pinky_01.global_costmap.global_costmap]: Timed out waiting for transform from pinky_01/base_footprint to map to become available, tf error: Lookup would require extrapolation into the past.  Requested time 3.710000 but the earliest data is at time 3.900000, when looking up transform from frame [pinky_01/base_footprint] to frame [map]
[planner_server-6] [INFO] [1786688533.615382170] [pinky_01.global_costmap.global_costmap]: Timed out waiting for transform from pinky_01/base_footprint to map to become available, tf error: Lookup would require extrapolation into the past.  Requested time 3.810000 but the earliest data is at time 3.900000, when looking up transform from frame [pinky_01/base_footprint] to frame [map]
[planner_server-6] [INFO] [1786688534.115405238] [pinky_01.global_costmap.global_costmap]: start
[schedule_visualizer_node-4] [INFO] [1786688534.778879812] [schedule_data_node]: Requesting new schedule update because update timed out
[schedule_visualizer_node-4] [INFO] [1786688534.778946626] [schedule_data_node]: [rmf_traffic_ros2::MirrorManager::request_update] Requesting changes for query ID [1] since beginning of recorded history
[rmf_traffic_schedule-1] [INFO] [1786688534.783555506] [rmf_traffic_schedule_primary]: [ScheduleNode::update_mirrors] Sending remedial update starting from the beginning going to 1 for query 1
[planner_server-6] [INFO] [1786688535.167645409] [pinky_01.planner_server]: Activating plugin GridBased of type NavfnPlanner
[planner_server-6] [INFO] [1786688535.170841817] [pinky_01.planner_server]: Creating bond (planner_server) to lifecycle manager.
[lifecycle_manager-11] [INFO] [1786688535.277414248] [pinky_01.lifecycle_manager_navigation]: Server planner_server connected with bond.
[lifecycle_manager-11] [INFO] [1786688535.277473602] [pinky_01.lifecycle_manager_navigation]: [34m[1mActivating behavior_server[0m[0m
[behavior_server-7] [INFO] [1786688535.277977743] [pinky_01.behavior_server]: Activating
[behavior_server-7] [INFO] [1786688535.278019520] [pinky_01.behavior_server]: Activating spin
[behavior_server-7] [INFO] [1786688535.278051648] [pinky_01.behavior_server]: Activating backup
[behavior_server-7] [INFO] [1786688535.278065731] [pinky_01.behavior_server]: Activating drive_on_heading
[behavior_server-7] [INFO] [1786688535.278079618] [pinky_01.behavior_server]: Activating assisted_teleop
[behavior_server-7] [INFO] [1786688535.278091339] [pinky_01.behavior_server]: Activating wait
[behavior_server-7] [INFO] [1786688535.278108172] [pinky_01.behavior_server]: Creating bond (behavior_server) to lifecycle manager.
[lifecycle_manager-11] [INFO] [1786688535.387614156] [pinky_01.lifecycle_manager_navigation]: Server behavior_server connected with bond.
[lifecycle_manager-11] [INFO] [1786688535.387687071] [pinky_01.lifecycle_manager_navigation]: [34m[1mActivating bt_navigator[0m[0m
[bt_navigator-8] [INFO] [1786688535.388056538] [pinky_01.bt_navigator]: Activating
[bt_navigator-8] [INFO] [1786688535.526343500] [pinky_01.bt_navigator]: Creating bond (bt_navigator) to lifecycle manager.
[lifecycle_manager-11] [INFO] [1786688535.636390150] [pinky_01.lifecycle_manager_navigation]: Server bt_navigator connected with bond.
[lifecycle_manager-11] [INFO] [1786688535.636485779] [pinky_01.lifecycle_manager_navigation]: [34m[1mActivating waypoint_follower[0m[0m
[waypoint_follower-9] [INFO] [1786688535.636959606] [pinky_01.waypoint_follower]: Activating
[waypoint_follower-9] [INFO] [1786688535.636996344] [pinky_01.waypoint_follower]: Creating bond (waypoint_follower) to lifecycle manager.
[lifecycle_manager-11] [INFO] [1786688535.745913572] [pinky_01.lifecycle_manager_navigation]: Server waypoint_follower connected with bond.
[lifecycle_manager-11] [INFO] [1786688535.745975548] [pinky_01.lifecycle_manager_navigation]: [34m[1mActivating velocity_smoother[0m[0m
[velocity_smoother-10] [INFO] [1786688535.746483926] [pinky_01.velocity_smoother]: Activating
[velocity_smoother-10] [INFO] [1786688535.746570696] [pinky_01.velocity_smoother]: Creating bond (velocity_smoother) to lifecycle manager.
[lifecycle_manager-11] [INFO] [1786688535.857117878] [pinky_01.lifecycle_manager_navigation]: Server velocity_smoother connected with bond.
[lifecycle_manager-11] [INFO] [1786688535.857158794] [pinky_01.lifecycle_manager_navigation]: [34m[1mManaged nodes are active[0m[0m
[lifecycle_manager-11] [INFO] [1786688535.857173966] [pinky_01.lifecycle_manager_navigation]: [34m[1mCreating bond timer...[0m[0m
[python3-12] [INFO] [1786688537.107804838] [project1_pinky_fleet_adapter]: Adding robot [pinky_01] to fleet [project1_pinky].
[python3-12] [INFO] [1786688537.108727648] [project1_pinky_nav2_adapter]: [pinky_01] RMF 에 붙었습니다.
[rmf_traffic_schedule-1] [INFO] [1786688537.108948265] [rmf_traffic_schedule_primary]: Registered participant [0] named [pinky_01] owned by [project1_pinky]
[python3-12] [INFO] [1786688537.127116620] [project1_pinky_fleet_adapter]: Added a robot named [pinky_01] with participant ID [0]
[python3-12] [INFO] [1786688537.132797729] [project1_pinky_fleet_adapter]: Successfully added robot [pinky_01] to the fleet [project1_pinky].
[python3-12] [INFO] [1786688537.132881816] [project1_pinky_fleet_adapter]: Charger waypoint for robot [project1_pinky/pinky_01] set to index [4]
[python3-12] [INFO] [1786688554.784597415] [project1_pinky_fleet_adapter]: Requesting new schedule update because update timed out
[python3-12] [INFO] [1786688554.784693572] [project1_pinky_fleet_adapter]: [rmf_traffic_ros2::MirrorManager::request_update] Requesting changes for query ID [1] since version [1]
[schedule_visualizer_node-4] [INFO] [1786688554.784811914] [schedule_data_node]: Requesting new schedule update because update timed out
[schedule_visualizer_node-4] [INFO] [1786688554.784904164] [schedule_data_node]: [rmf_traffic_ros2::MirrorManager::request_update] Requesting changes for query ID [1] since version [1]
[python3-12] [INFO] [1786688574.784777482] [project1_pinky_fleet_adapter]: Requesting new schedule update because update timed out
[schedule_visualizer_node-4] [INFO] [1786688574.784765872] [schedule_data_node]: Requesting new schedule update because update timed out
[python3-12] [INFO] [1786688574.784826061] [project1_pinky_fleet_adapter]: [rmf_traffic_ros2::MirrorManager::request_update] Requesting changes for query ID [1] since beginning of recorded history
[schedule_visualizer_node-4] [INFO] [1786688574.784825645] [schedule_data_node]: [rmf_traffic_ros2::MirrorManager::request_update] Requesting changes for query ID [1] since beginning of recorded history
[rmf_traffic_schedule-1] [INFO] [1786688574.794263991] [rmf_traffic_schedule_primary]: [ScheduleNode::update_mirrors] Sending remedial update starting from the beginning going to 2 for query 1
[schedule_visualizer_node-4] [INFO] [1786688594.795613058] [schedule_data_node]: Requesting new schedule update because update timed out
[schedule_visualizer_node-4] [INFO] [1786688594.795678984] [schedule_data_node]: [rmf_traffic_ros2::MirrorManager::request_update] Requesting changes for query ID [1] since version [2]
[python3-12] [INFO] [1786688594.796075520] [project1_pinky_fleet_adapter]: Requesting new schedule update because update timed out
[python3-12] [INFO] [1786688594.796128734] [project1_pinky_fleet_adapter]: [rmf_traffic_ros2::MirrorManager::request_update] Requesting changes for query ID [1] since version [2]
[schedule_visualizer_node-4] [INFO] [1786688614.795418795] [schedule_data_node]: Requesting new schedule update because update timed out
[schedule_visualizer_node-4] [INFO] [1786688614.795476672] [schedule_data_node]: [rmf_traffic_ros2::MirrorManager::request_update] Requesting changes for query ID [1] since beginning of recorded history
[python3-12] [INFO] [1786688614.795872458] [project1_pinky_fleet_adapter]: Requesting new schedule update because update timed out
[python3-12] [INFO] [1786688614.795924618] [project1_pinky_fleet_adapter]: [rmf_traffic_ros2::MirrorManager::request_update] Requesting changes for query ID [1] since beginning of recorded history
[rmf_traffic_schedule-1] [INFO] [1786688614.803323717] [rmf_traffic_schedule_primary]: [ScheduleNode::update_mirrors] Sending remedial update starting from the beginning going to 2 for query 1
[schedule_visualizer_node-4] [INFO] [1786688634.804356472] [schedule_data_node]: Requesting new schedule update because update timed out
[schedule_visualizer_node-4] [INFO] [1786688634.804405194] [schedule_data_node]: [rmf_traffic_ros2::MirrorManager::request_update] Requesting changes for query ID [1] since version [2]
[python3-12] [INFO] [1786688634.804589145] [project1_pinky_fleet_adapter]: Requesting new schedule update because update timed out
[python3-12] [INFO] [1786688634.804625543] [project1_pinky_fleet_adapter]: [rmf_traffic_ros2::MirrorManager::request_update] Requesting changes for query ID [1] since version [2]
[schedule_visualizer_node-4] [INFO] [1786688654.804374253] [schedule_data_node]: Requesting new schedule update because update timed out
[schedule_visualizer_node-4] [INFO] [1786688654.804448369] [schedule_data_node]: [rmf_traffic_ros2::MirrorManager::request_update] Requesting changes for query ID [1] since beginning of recorded history
[python3-12] [INFO] [1786688654.804968271] [project1_pinky_fleet_adapter]: Requesting new schedule update because update timed out
[python3-12] [INFO] [1786688654.805025145] [project1_pinky_fleet_adapter]: [rmf_traffic_ros2::MirrorManager::request_update] Requesting changes for query ID [1] since beginning of recorded history
[rmf_traffic_schedule-1] [INFO] [1786688654.813238362] [rmf_traffic_schedule_primary]: [ScheduleNode::update_mirrors] Sending remedial update starting from the beginning going to 3 for query 1
[schedule_visualizer_node-4] [INFO] [1786688674.813478205] [schedule_data_node]: Requesting new schedule update because update timed out
[schedule_visualizer_node-4] [INFO] [1786688674.813544680] [schedule_data_node]: [rmf_traffic_ros2::MirrorManager::request_update] Requesting changes for query ID [1] since version [3]
[python3-12] [INFO] [1786688674.814290591] [project1_pinky_fleet_adapter]: Requesting new schedule update because update timed out
[python3-12] [INFO] [1786688674.814337915] [project1_pinky_fleet_adapter]: [rmf_traffic_ros2::MirrorManager::request_update] Requesting changes for query ID [1] since version [3]
[schedule_visualizer_node-4] [INFO] [1786688694.813467397] [schedule_data_node]: Requesting new schedule update because update timed out
[schedule_visualizer_node-4] [INFO] [1786688694.813520863] [schedule_data_node]: [rmf_traffic_ros2::MirrorManager::request_update] Requesting changes for query ID [1] since beginning of recorded history
[python3-12] [INFO] [1786688694.814131160] [project1_pinky_fleet_adapter]: Requesting new schedule update because update timed out
[python3-12] [INFO] [1786688694.814179718] [project1_pinky_fleet_adapter]: [rmf_traffic_ros2::MirrorManager::request_update] Requesting changes for query ID [1] since beginning of recorded history
[rmf_traffic_schedule-1] [INFO] [1786688694.823327841] [rmf_traffic_schedule_primary]: [ScheduleNode::update_mirrors] Sending remedial update starting from the beginning going to 4 for query 1
[schedule_visualizer_node-4] [INFO] [1786688714.823662848] [schedule_data_node]: Requesting new schedule update because update timed out
[schedule_visualizer_node-4] [INFO] [1786688714.823713320] [schedule_data_node]: [rmf_traffic_ros2::MirrorManager::request_update] Requesting changes for query ID [1] since version [4]
[python3-12] [INFO] [1786688714.824282771] [project1_pinky_fleet_adapter]: Requesting new schedule update because update timed out
[python3-12] [INFO] [1786688714.824325871] [project1_pinky_fleet_adapter]: [rmf_traffic_ros2::MirrorManager::request_update] Requesting changes for query ID [1] since version [4]
[schedule_visualizer_node-4] [INFO] [1786688734.823612745] [schedule_data_node]: Requesting new schedule update because update timed out
[schedule_visualizer_node-4] [INFO] [1786688734.823668903] [schedule_data_node]: [rmf_traffic_ros2::MirrorManager::request_update] Requesting changes for query ID [1] since beginning of recorded history
[python3-12] [INFO] [1786688734.824307126] [project1_pinky_fleet_adapter]: Requesting new schedule update because update timed out
[python3-12] [INFO] [1786688734.824369084] [project1_pinky_fleet_adapter]: [rmf_traffic_ros2::MirrorManager::request_update] Requesting changes for query ID [1] since beginning of recorded history
[rmf_traffic_schedule-1] [INFO] [1786688734.833312346] [rmf_traffic_schedule_primary]: [ScheduleNode::update_mirrors] Sending remedial update starting from the beginning going to 4 for query 1
[schedule_visualizer_node-4] [INFO] [1786688754.833587601] [schedule_data_node]: Requesting new schedule update because update timed out
[schedule_visualizer_node-4] [INFO] [1786688754.833632028] [schedule_data_node]: [rmf_traffic_ros2::MirrorManager::request_update] Requesting changes for query ID [1] since version [4]
[python3-12] [INFO] [1786688754.834010259] [project1_pinky_fleet_adapter]: Requesting new schedule update because update timed out
[python3-12] [INFO] [1786688754.834044884] [project1_pinky_fleet_adapter]: [rmf_traffic_ros2::MirrorManager::request_update] Requesting changes for query ID [1] since version [4]
[schedule_visualizer_node-4] [INFO] [1786688774.833733044] [schedule_data_node]: Requesting new schedule update because update timed out
[schedule_visualizer_node-4] [INFO] [1786688774.833822609] [schedule_data_node]: [rmf_traffic_ros2::MirrorManager::request_update] Requesting changes for query ID [1] since beginning of recorded history
[python3-12] [INFO] [1786688774.834300322] [project1_pinky_fleet_adapter]: Requesting new schedule update because update timed out
[python3-12] [INFO] [1786688774.834340396] [project1_pinky_fleet_adapter]: [rmf_traffic_ros2::MirrorManager::request_update] Requesting changes for query ID [1] since beginning of recorded history
[rmf_traffic_schedule-1] [INFO] [1786688774.843261899] [rmf_traffic_schedule_primary]: [ScheduleNode::update_mirrors] Sending remedial update starting from the beginning going to 5 for query 1
[schedule_visualizer_node-4] [INFO] [1786688794.843641665] [schedule_data_node]: Requesting new schedule update because update timed out
[schedule_visualizer_node-4] [INFO] [1786688794.843702266] [schedule_data_node]: [rmf_traffic_ros2::MirrorManager::request_update] Requesting changes for query ID [1] since version [5]
[python3-12] [INFO] [1786688794.844406802] [project1_pinky_fleet_adapter]: Requesting new schedule update because update timed out
[python3-12] [INFO] [1786688794.844454271] [project1_pinky_fleet_adapter]: [rmf_traffic_ros2::MirrorManager::request_update] Requesting changes for query ID [1] since version [5]
[schedule_visualizer_node-4] [INFO] [1786688814.843641242] [schedule_data_node]: Requesting new schedule update because update timed out
[python3-12] [INFO] [1786688814.843827879] [project1_pinky_fleet_adapter]: Requesting new schedule update because update timed out
[schedule_visualizer_node-4] [INFO] [1786688814.843690830] [schedule_data_node]: [rmf_traffic_ros2::MirrorManager::request_update] Requesting changes for query ID [1] since beginning of recorded history
[python3-12] [INFO] [1786688814.843884395] [project1_pinky_fleet_adapter]: [rmf_traffic_ros2::MirrorManager::request_update] Requesting changes for query ID [1] since beginning of recorded history
[rmf_traffic_schedule-1] [INFO] [1786688814.853270755] [rmf_traffic_schedule_primary]: [ScheduleNode::update_mirrors] Sending remedial update starting from the beginning going to 6 for query 1
[python3-12] [INFO] [1786688831.343192430] [project1_pinky_fleet_adapter]: Cache sizes:
[python3-12]  - DifferentialDrive: 14
[python3-12]  - ShortestPath: 4
[python3-12]  - Euclidean: 0
[schedule_visualizer_node-4] [INFO] [1786688834.853628089] [schedule_data_node]: Requesting new schedule update because update timed out
[schedule_visualizer_node-4] [INFO] [1786688834.853693160] [schedule_data_node]: [rmf_traffic_ros2::MirrorManager::request_update] Requesting changes for query ID [1] since version [6]
[python3-12] [INFO] [1786688834.854392469] [project1_pinky_fleet_adapter]: Requesting new schedule update because update timed out
[python3-12] [INFO] [1786688834.854451985] [project1_pinky_fleet_adapter]: [rmf_traffic_ros2::MirrorManager::request_update] Requesting changes for query ID [1] since version [6]
[schedule_visualizer_node-4] [INFO] [1786688854.853612484] [schedule_data_node]: Requesting new schedule update because update timed out
[schedule_visualizer_node-4] [INFO] [1786688854.853655827] [schedule_data_node]: [rmf_traffic_ros2::MirrorManager::request_update] Requesting changes for query ID [1] since beginning of recorded history
[python3-12] [INFO] [1786688854.854328427] [project1_pinky_fleet_adapter]: Requesting new schedule update because update timed out
[python3-12] [INFO] [1786688854.854373825] [project1_pinky_fleet_adapter]: [rmf_traffic_ros2::MirrorManager::request_update] Requesting changes for query ID [1] since beginning of recorded history
[rmf_traffic_schedule-1] [INFO] [1786688854.863319857] [rmf_traffic_schedule_primary]: [ScheduleNode::update_mirrors] Sending remedial update starting from the beginning going to 6 for query 1
[schedule_visualizer_node-4] [INFO] [1786688874.863692267] [schedule_data_node]: Requesting new schedule update because update timed out
[schedule_visualizer_node-4] [INFO] [1786688874.863758641] [schedule_data_node]: [rmf_traffic_ros2::MirrorManager::request_update] Requesting changes for query ID [1] since version [6]
[python3-12] [INFO] [1786688874.864293168] [project1_pinky_fleet_adapter]: Requesting new schedule update because update timed out
[python3-12] [INFO] [1786688874.864374170] [project1_pinky_fleet_adapter]: [rmf_traffic_ros2::MirrorManager::request_update] Requesting changes for query ID [1] since version [6]
[schedule_visualizer_node-4] [INFO] [1786688894.863649501] [schedule_data_node]: Requesting new schedule update because update timed out
[schedule_visualizer_node-4] [INFO] [1786688894.863714162] [schedule_data_node]: [rmf_traffic_ros2::MirrorManager::request_update] Requesting changes for query ID [1] since beginning of recorded history
[python3-12] [INFO] [1786688894.864255043] [project1_pinky_fleet_adapter]: Requesting new schedule update because update timed out
[python3-12] [INFO] [1786688894.864316145] [project1_pinky_fleet_adapter]: [rmf_traffic_ros2::MirrorManager::request_update] Requesting changes for query ID [1] since beginning of recorded history
[rmf_traffic_schedule-1] [INFO] [1786688894.873727389] [rmf_traffic_schedule_primary]: [ScheduleNode::update_mirrors] Sending remedial update starting from the beginning going to 7 for query 1
[python3-12] [INFO] [1786688914.875090907] [project1_pinky_fleet_adapter]: Requesting new schedule update because update timed out
[python3-12] [INFO] [1786688914.875158483] [project1_pinky_fleet_adapter]: [rmf_traffic_ros2::MirrorManager::request_update] Requesting changes for query ID [1] since version [7]
[schedule_visualizer_node-4] [INFO] [1786688914.876113024] [schedule_data_node]: Requesting new schedule update because update timed out
[schedule_visualizer_node-4] [INFO] [1786688914.876185735] [schedule_data_node]: [rmf_traffic_ros2::MirrorManager::request_update] Requesting changes for query ID [1] since version [7]
[python3-12] [INFO] [1786688934.874791684] [project1_pinky_fleet_adapter]: Requesting new schedule update because update timed out
[python3-12] [INFO] [1786688934.874850106] [project1_pinky_fleet_adapter]: [rmf_traffic_ros2::MirrorManager::request_update] Requesting changes for query ID [1] since beginning of recorded history
[schedule_visualizer_node-4] [INFO] [1786688934.876130212] [schedule_data_node]: Requesting new schedule update because update timed out
[schedule_visualizer_node-4] [INFO] [1786688934.876191414] [schedule_data_node]: [rmf_traffic_ros2::MirrorManager::request_update] Requesting changes for query ID [1] since beginning of recorded history
[rmf_traffic_schedule-1] [INFO] [1786688934.883334826] [rmf_traffic_schedule_primary]: [ScheduleNode::update_mirrors] Sending remedial update starting from the beginning going to 8 for query 1
[python3-12] [INFO] [1786688954.885207423] [project1_pinky_fleet_adapter]: Requesting new schedule update because update timed out
[python3-12] [INFO] [1786688954.885295424] [project1_pinky_fleet_adapter]: [rmf_traffic_ros2::MirrorManager::request_update] Requesting changes for query ID [1] since version [8]
[schedule_visualizer_node-4] [INFO] [1786688954.886301020] [schedule_data_node]: Requesting new schedule update because update timed out
[schedule_visualizer_node-4] [INFO] [1786688954.886356475] [schedule_data_node]: [rmf_traffic_ros2::MirrorManager::request_update] Requesting changes for query ID [1] since version [8]
[python3-12] [INFO] [1786688974.884964139] [project1_pinky_fleet_adapter]: Requesting new schedule update because update timed out
[python3-12] [INFO] [1786688974.885024156] [project1_pinky_fleet_adapter]: [rmf_traffic_ros2::MirrorManager::request_update] Requesting changes for query ID [1] since beginning of recorded history
[schedule_visualizer_node-4] [INFO] [1786688974.886318338] [schedule_data_node]: Requesting new schedule update because update timed out
[schedule_visualizer_node-4] [INFO] [1786688974.886395872] [schedule_data_node]: [rmf_traffic_ros2::MirrorManager::request_update] Requesting changes for query ID [1] since beginning of recorded history
[rmf_traffic_schedule-1] [INFO] [1786688974.893315909] [rmf_traffic_schedule_primary]: [ScheduleNode::update_mirrors] Sending remedial update starting from the beginning going to 8 for query 1
[schedule_visualizer_node-4] [INFO] [1786688994.894624109] [schedule_data_node]: Requesting new schedule update because update timed out
[python3-12] [INFO] [1786688994.894726126] [project1_pinky_fleet_adapter]: Requesting new schedule update because update timed out
[python3-12] [INFO] [1786688994.894768150] [project1_pinky_fleet_adapter]: [rmf_traffic_ros2::MirrorManager::request_update] Requesting changes for query ID [1] since version [8]
[schedule_visualizer_node-4] [INFO] [1786688994.894678923] [schedule_data_node]: [rmf_traffic_ros2::MirrorManager::request_update] Requesting changes for query ID [1] since version [8]
[schedule_visualizer_node-4] [INFO] [1786689014.894660131] [schedule_data_node]: Requesting new schedule update because update timed out
[schedule_visualizer_node-4] [INFO] [1786689014.894722665] [schedule_data_node]: [rmf_traffic_ros2::MirrorManager::request_update] Requesting changes for query ID [1] since beginning of recorded history
[python3-12] [INFO] [1786689014.895077768] [project1_pinky_fleet_adapter]: Requesting new schedule update because update timed out
[python3-12] [INFO] [1786689014.895131573] [project1_pinky_fleet_adapter]: [rmf_traffic_ros2::MirrorManager::request_update] Requesting changes for query ID [1] since beginning of recorded history
[rmf_traffic_schedule-1] [INFO] [1786689014.903342350] [rmf_traffic_schedule_primary]: [ScheduleNode::update_mirrors] Sending remedial update starting from the beginning going to 9 for query 1
[schedule_visualizer_node-4] [INFO] [1786689034.903680012] [schedule_data_node]: Requesting new schedule update because update timed out
[schedule_visualizer_node-4] [INFO] [1786689034.903752901] [schedule_data_node]: [rmf_traffic_ros2::MirrorManager::request_update] Requesting changes for query ID [1] since version [9]
[python3-12] [INFO] [1786689034.904348733] [project1_pinky_fleet_adapter]: Requesting new schedule update because update timed out
[python3-12] [INFO] [1786689034.904418798] [project1_pinky_fleet_adapter]: [rmf_traffic_ros2::MirrorManager::request_update] Requesting changes for query ID [1] since version [9]
[schedule_visualizer_node-4] [INFO] [1786689054.903662769] [schedule_data_node]: Requesting new schedule update because update timed out
[schedule_visualizer_node-4] [INFO] [1786689054.903714157] [schedule_data_node]: [rmf_traffic_ros2::MirrorManager::request_update] Requesting changes for query ID [1] since beginning of recorded history
[python3-12] [INFO] [1786689054.904258251] [project1_pinky_fleet_adapter]: Requesting new schedule update because update timed out
[python3-12] [INFO] [1786689054.904301724] [project1_pinky_fleet_adapter]: [rmf_traffic_ros2::MirrorManager::request_update] Requesting changes for query ID [1] since beginning of recorded history
[rmf_traffic_schedule-1] [INFO] [1786689054.913237452] [rmf_traffic_schedule_primary]: [ScheduleNode::update_mirrors] Sending remedial update starting from the beginning going to 10 for query 1
[schedule_visualizer_node-4] [INFO] [1786689074.913514976] [schedule_data_node]: Requesting new schedule update because update timed out
[schedule_visualizer_node-4] [INFO] [1786689074.913579482] [schedule_data_node]: [rmf_traffic_ros2::MirrorManager::request_update] Requesting changes for query ID [1] since version [10]
[python3-12] [INFO] [1786689074.913999800] [project1_pinky_fleet_adapter]: Requesting new schedule update because update timed out
[python3-12] [INFO] [1786689074.914050596] [project1_pinky_fleet_adapter]: [rmf_traffic_ros2::MirrorManager::request_update] Requesting changes for query ID [1] since version [10]
[schedule_visualizer_node-4] [INFO] [1786689094.913511992] [schedule_data_node]: Requesting new schedule update because update timed out
[schedule_visualizer_node-4] [INFO] [1786689094.913561566] [schedule_data_node]: [rmf_traffic_ros2::MirrorManager::request_update] Requesting changes for query ID [1] since beginning of recorded history
[python3-12] [INFO] [1786689094.913886391] [project1_pinky_fleet_adapter]: Requesting new schedule update because update timed out
[python3-12] [INFO] [1786689094.913922244] [project1_pinky_fleet_adapter]: [rmf_traffic_ros2::MirrorManager::request_update] Requesting changes for query ID [1] since beginning of recorded history
[rmf_traffic_schedule-1] [INFO] [1786689094.923289492] [rmf_traffic_schedule_primary]: [ScheduleNode::update_mirrors] Sending remedial update starting from the beginning going to 10 for query 1
[schedule_visualizer_node-4] [INFO] [1786689114.923525455] [schedule_data_node]: Requesting new schedule update because update timed out
[schedule_visualizer_node-4] [INFO] [1786689114.923577578] [schedule_data_node]: [rmf_traffic_ros2::MirrorManager::request_update] Requesting changes for query ID [1] since version [10]
[python3-12] [INFO] [1786689114.924126879] [project1_pinky_fleet_adapter]: Requesting new schedule update because update timed out
[python3-12] [INFO] [1786689114.924199097] [project1_pinky_fleet_adapter]: [rmf_traffic_ros2::MirrorManager::request_update] Requesting changes for query ID [1] since version [10]
[python3-12] [INFO] [1786689131.343504292] [project1_pinky_fleet_adapter]: Cache sizes:
[python3-12]  - DifferentialDrive: 14
[python3-12]  - ShortestPath: 4
[python3-12]  - Euclidean: 0
[schedule_visualizer_node-4] [INFO] [1786689134.923526100] [schedule_data_node]: Requesting new schedule update because update timed out
[schedule_visualizer_node-4] [INFO] [1786689134.923592086] [schedule_data_node]: [rmf_traffic_ros2::MirrorManager::request_update] Requesting changes for query ID [1] since beginning of recorded history
[python3-12] [INFO] [1786689134.924298757] [project1_pinky_fleet_adapter]: Requesting new schedule update because update timed out
[python3-12] [INFO] [1786689134.924342262] [project1_pinky_fleet_adapter]: [rmf_traffic_ros2::MirrorManager::request_update] Requesting changes for query ID [1] since beginning of recorded history
[rmf_traffic_schedule-1] [INFO] [1786689134.933256591] [rmf_traffic_schedule_primary]: [ScheduleNode::update_mirrors] Sending remedial update starting from the beginning going to 11 for query 1
=== 2026-08-14 15:39:10 project1-ver2 실행 ===
Gazebo 창: true · RViz: false · ROS_DOMAIN_ID: 22
월드에 센서 시스템이 이미 있습니다.
월드에 충돌 검출기가 이미 지정돼 있습니다.
[1/3] Gazebo bringup
[INFO] [launch]: All log files can be found below /home/gyi/.ros/log/2026-08-14-15-39-13-036476-gyi-15UD50T-GX5JK-376527
[INFO] [launch]: Default logging verbosity is set to INFO
[INFO] [gazebo-1]: process started with pid [376559]
[INFO] [gazebo-2]: process started with pid [376560]
[INFO] [robot_state_publisher-3]: process started with pid [376561]
[INFO] [joint_state_publisher-4]: process started with pid [376563]
[INFO] [create-5]: process started with pid [376565]
[INFO] [robot_state_publisher-6]: process started with pid [376566]
[INFO] [create-7]: process started with pid [376567]
[INFO] [spawner-8]: process started with pid [376568]
[INFO] [spawner-9]: process started with pid [376569]
[INFO] [spawner-10]: process started with pid [376570]
[INFO] [parameter_bridge-11]: process started with pid [376571]
[robot_state_publisher-3] [INFO] [1786689554.690931799] [pinky_01.robot_state_publisher]: Robot initialized
[robot_state_publisher-6] [INFO] [1786689554.701928097] [omx_01.robot_state_publisher]: Robot initialized
[create-5] [INFO] [1786689554.711150762] [pinky_01.ros_gz_sim]: Requesting list of world names.
[create-7] [INFO] [1786689554.720115715] [omx_01.ros_gz_sim]: Requesting list of world names.
[gazebo-1] [1;33mWarning [Utils.cc:132][0m [/sdf/world[@name="sim_world"]/gui/window:/home/gyi/robosapiens/rmf_maps/project1-ver2/project1-ver2.world:L34]: XML Element[window], child of element[gui], not defined in SDF. Copying[window] as children of [gui].
[gazebo-2] inotify_add_watch(/home/gyi/.config/ibus/bus/59f08e6037ad4e6a8623017e1c5e4353-unix-wayland-0) failed: (No space left on device)
[spawner-10] [INFO] [1786689555.082547884] [omx_01.spawner_gripper_controller]: waiting for service /omx_01/controller_manager/list_controllers to become available...
[gazebo-2] [1;33m[GUI] [Wrn] [Application.cc:908] [0m[1;33m[QT] file:///usr/lib/x86_64-linux-gnu/qt5/qml/QtQuick/Dialogs/DefaultFileDialog.qml:413:17: QML ToolButton: Binding loop detected for property "implicitHeight"[0m[1;33m[0m
[gazebo-2] [1;33m[GUI] [Wrn] [Application.cc:908] [0m[1;33m[QT] file:///usr/lib/x86_64-linux-gnu/qt5/qml/QtQuick/Dialogs/DefaultFileDialog.qml:309:21: QML Button: Binding loop detected for property "implicitHeight"[0m[1;33m[0m
  ↑ 같은 줄 1번 더
[joint_state_publisher-4] [INFO] [1786689555.179052958] [pinky_01.joint_state_publisher]: Waiting for robot_description to be published on the robot_description topic...
[gazebo-2] [1;33m[GUI] [Wrn] [Application.cc:908] [0m[1;33m[QT] file:///usr/lib/x86_64-linux-gnu/qt5/qml/QtQuick/Dialogs/DefaultFileDialog.qml:413:17: QML ToolButton: Binding loop detected for property "implicitHeight"[0m[1;33m[0m
[gazebo-2] [1;33m[GUI] [Wrn] [Application.cc:908] [0m[1;33m[QT] file:///usr/lib/x86_64-linux-gnu/qt5/qml/QtQuick/Dialogs/DefaultFileDialog.qml:309:21: QML Button: Binding loop detected for property "implicitHeight"[0m[1;33m[0m
  ↑ 같은 줄 1번 더
[gazebo-1] [INFO] [1786689555.265144211] [rmf_simulation_door_manager]: Loading DoorManager
[gazebo-2] [1;33m[GUI] [Wrn] [Application.cc:908] [0m[1;33m[QT] file:///usr/lib/x86_64-linux-gnu/qt5/qml/QtQuick/Dialogs/DefaultFileDialog.qml:413:17: QML ToolButton: Binding loop detected for property "implicitHeight"[0m[1;33m[0m
[gazebo-2] [1;33m[GUI] [Wrn] [Application.cc:908] [0m[1;33m[QT] file:///usr/lib/x86_64-linux-gnu/qt5/qml/QtQuick/Dialogs/DefaultFileDialog.qml:309:21: QML Button: Binding loop detected for property "implicitHeight"[0m[1;33m[0m
  ↑ 같은 줄 1번 더
[gazebo-1] [INFO] [1786689555.309748448] [rmf_simulation_lift_manager]: Starting LiftManager
[gazebo-1] [1;33m[Wrn] [SdfEntityCreator.cc:933] [0m[1;33mGazebo does not support Ogre material scripts. See [0m[1;33mhttps://gazebosim.org/api/sim/8/migrationsdf.html#:~:text=Materials [0m[1;33mfor details.[0m[1;33m[0m
[gazebo-1] [1;33m[Wrn] [SdfEntityCreator.cc:939] [0m[1;33mCustom material scripts are not supported.[0m[1;33m[0m
[gazebo-1] [1;33m[Wrn] [SdfEntityCreator.cc:933] [0m[1;33mGazebo does not support Ogre material scripts. See [0m[1;33mhttps://gazebosim.org/api/sim/8/migrationsdf.html#:~:text=Materials [0m[1;33mfor details.[0m[1;33m[0m
[gazebo-1] [1;33m[Wrn] [SdfEntityCreator.cc:939] [0m[1;33mCustom material scripts are not supported.[0m[1;33m[0m
[create-7] [INFO] [1786689555.424132721] [omx_01.ros_gz_sim]: Waiting messages on topic [robot_description].
[joint_state_publisher-4] [INFO] [1786689555.429826349] [pinky_01.joint_state_publisher]: Got description, configuring robot
[create-5] [INFO] [1786689555.524280655] [pinky_01.ros_gz_sim]: Waiting messages on topic [/pinky_01/robot_description].
[create-7] [INFO] [1786689555.624088670] [omx_01.ros_gz_sim]: Entity creation successful.
[create-5] [INFO] [1786689555.624109204] [pinky_01.ros_gz_sim]: Entity creation successful.
[INFO] [create-7]: process has finished cleanly [pid 376567]
[INFO] [create-5]: process has finished cleanly [pid 376565]
[parameter_bridge-11] [INFO] [1786689555.735083430] [gz_bridge]: Creating GZ->ROS Bridge: [/clock (gz.msgs.Clock) -> /clock (rosgraph_msgs/msg/Clock)] (Lazy 0)
[parameter_bridge-11] [INFO] [1786689555.825580379] [gz_bridge]: Creating GZ->ROS Bridge: [/tf (gz.msgs.Pose_V) -> /tf (tf2_msgs/msg/TFMessage)] (Lazy 0)
[parameter_bridge-11] [INFO] [1786689555.829522988] [gz_bridge]: Creating GZ->ROS Bridge: [/pinky_01/odom (gz.msgs.Odometry) -> /pinky_01/odom (nav_msgs/msg/Odometry)] (Lazy 0)
[parameter_bridge-11] [INFO] [1786689555.831801427] [gz_bridge]: Creating ROS->GZ Bridge: [/pinky_01/cmd_vel_smoothed (geometry_msgs/msg/Twist) -> /pinky_01/cmd_vel (gz.msgs.Twist)] (Lazy 0)
[parameter_bridge-11] [INFO] [1786689555.832835191] [gz_bridge]: Creating GZ->ROS Bridge: [/pinky_01/scan (gz.msgs.LaserScan) -> /pinky_01/scan (sensor_msgs/msg/LaserScan)] (Lazy 0)
[parameter_bridge-11] [INFO] [1786689555.834843910] [gz_bridge]: Creating GZ->ROS Bridge: [/pinky_01/joint_states (gz.msgs.Model) -> /pinky_01/joint_states (sensor_msgs/msg/JointState)] (Lazy 0)
[parameter_bridge-11] [INFO] [1786689555.835640764] [gz_bridge]: Creating GZ->ROS Bridge: [/pinky_01/imu_raw (gz.msgs.IMU) -> /pinky_01/imu_raw (sensor_msgs/msg/Imu)] (Lazy 0)
[gazebo-2] [1;33m[GUI] [Wrn] [Application.cc:908] [0m[1;33m[QT] file:///usr/lib/x86_64-linux-gnu/qt5/qml/QtQuick/Dialogs/DefaultFileDialog.qml:413:17: QML ToolButton: Binding loop detected for property "implicitHeight"[0m[1;33m[0m
[gazebo-2] [1;33m[GUI] [Wrn] [Application.cc:908] [0m[1;33m[QT] file:///usr/lib/x86_64-linux-gnu/qt5/qml/QtQuick/Dialogs/DefaultFileDialog.qml:309:21: QML Button: Binding loop detected for property "implicitHeight"[0m[1;33m[0m
  ↑ 같은 줄 1번 더
[gazebo-2] [1;33m[GUI] [Wrn] [Application.cc:908] [0m[1;33m[QT] file::/ComponentInspector/ComponentInspector.qml:251:3: QML Dialog: Binding loop detected for property "implicitHeight"[0m[1;33m[0m
[gazebo-2] [1;33m[GUI] [Wrn] [Application.cc:908] [0m[1;33m[QT] file:///usr/lib/x86_64-linux-gnu/qt5/qml/QtQuick/Dialogs/DefaultFileDialog.qml:413:17: QML ToolButton: Binding loop detected for property "implicitHeight"[0m[1;33m[0m
[gazebo-2] [1;33m[GUI] [Wrn] [Application.cc:908] [0m[1;33m[QT] file:///usr/lib/x86_64-linux-gnu/qt5/qml/QtQuick/Dialogs/DefaultFileDialog.qml:309:21: QML Button: Binding loop detected for property "implicitHeight"[0m[1;33m[0m
  ↑ 같은 줄 1번 더
[gazebo-2] [1;33m[GUI] [Wrn] [Application.cc:908] [0m[1;33m[QT] file::/toggle_floors/toggle_floors.qml:40: ReferenceError: qfloors is not defined[0m[1;33m[0m
[gazebo-2] [1;33m[GUI] [Wrn] [Application.cc:908] [0m[1;33m[QT] file::/WorldStats/WorldStats.qml:53:3: QML RowLayout: Binding loop detected for property "x"[0m[1;33m[0m
[gazebo-2] [1;33m[GUI] [Wrn] [toggle_floors.cpp:221] [0m[1;33mNode for [0m[1;33mproject1-ver2_L1[0m[1;33mwas not found[0m[1;33m[0m
[gazebo-1] [INFO] [1786689556.902227850] [omx_01.gz_ros_control]: [gz_ros2_control] Fixed joint ['world_fixed'] (Entity='38') is skipped.
[gazebo-1] [INFO] [1786689556.906767683] [omx_01.gz_ros_control]: Loading controller_manager
[gazebo-1] [INFO] [1786689556.944885411] [omx_01.controller_manager]: Using ROS clock for triggering controller manager cycles.
[gazebo-1] [INFO] [1786689556.950091920] [omx_01.controller_manager]: Subscribing to '/omx_01/robot_description' topic for robot description.
[gazebo-1] [WARN] [1786689556.953888593] [omx_01.gz_ros_control]: Waiting RM to load and initialize hardware...
[gazebo-1] [WARN] [1786689557.949485535] [omx_01.controller_manager]: Waiting for data on 'robot_description' topic to finish initialization
  ↑ 같은 줄 1번 더
[gazebo-1] [WARN] [1786689558.953997153] [omx_01.gz_ros_control]: Waiting RM to load and initialize hardware...
[gazebo-1] [INFO] [1786689558.959434116] [omx_01.controller_manager]: Received robot description from topic.
[gazebo-1] [INFO] [1786689558.959499151] [omx_01.controller_manager]: Enforcing command limits is disabled. Command limits from URDF will be ignored.
[gazebo-1] [INFO] [1786689558.966819974] [omx_01.gz_ros_control]: The position_proportional_gain has been set to: 0.1
[gazebo-1] [INFO] [1786689558.966888772] [omx_01.gz_ros_control]: Loading joint: joint1
[gazebo-1] [INFO] [1786689558.966902203] [omx_01.gz_ros_control]: 	State:
[gazebo-1] [INFO] [1786689558.966918465] [omx_01.gz_ros_control]: 		 position
[gazebo-1] [INFO] [1786689558.966927126] [omx_01.gz_ros_control]: 		 velocity
[gazebo-1] [INFO] [1786689558.966940936] [omx_01.gz_ros_control]: 		 effort
[gazebo-1] [INFO] [1786689558.966949776] [omx_01.gz_ros_control]: 	Command:
[gazebo-1] [INFO] [1786689558.966956888] [omx_01.gz_ros_control]: 		 position
[gazebo-1] [INFO] [1786689558.966976350] [omx_01.gz_ros_control]: Loading joint: joint2
[gazebo-1] [INFO] [1786689558.966984363] [omx_01.gz_ros_control]: 	State:
[gazebo-1] [INFO] [1786689558.966991619] [omx_01.gz_ros_control]: 		 position
[gazebo-1] [INFO] [1786689558.966998341] [omx_01.gz_ros_control]: 		 velocity
[gazebo-1] [INFO] [1786689558.967005648] [omx_01.gz_ros_control]: 		 effort
[gazebo-1] [INFO] [1786689558.967012394] [omx_01.gz_ros_control]: 	Command:
[gazebo-1] [INFO] [1786689558.967018699] [omx_01.gz_ros_control]: 		 position
[gazebo-1] [INFO] [1786689558.967034563] [omx_01.gz_ros_control]: Loading joint: joint3
[gazebo-1] [INFO] [1786689558.967042577] [omx_01.gz_ros_control]: 	State:
[gazebo-1] [INFO] [1786689558.967049102] [omx_01.gz_ros_control]: 		 position
[gazebo-1] [INFO] [1786689558.967055453] [omx_01.gz_ros_control]: 		 velocity
[gazebo-1] [INFO] [1786689558.967061895] [omx_01.gz_ros_control]: 		 effort
[gazebo-1] [INFO] [1786689558.967069582] [omx_01.gz_ros_control]: 	Command:
[gazebo-1] [INFO] [1786689558.967076071] [omx_01.gz_ros_control]: 		 position
[gazebo-1] [INFO] [1786689558.967091755] [omx_01.gz_ros_control]: Loading joint: joint4
[gazebo-1] [INFO] [1786689558.967099370] [omx_01.gz_ros_control]: 	State:
[gazebo-1] [INFO] [1786689558.967105754] [omx_01.gz_ros_control]: 		 position
[gazebo-1] [INFO] [1786689558.967112524] [omx_01.gz_ros_control]: 		 velocity
[gazebo-1] [INFO] [1786689558.967119191] [omx_01.gz_ros_control]: 		 effort
[gazebo-1] [INFO] [1786689558.967125999] [omx_01.gz_ros_control]: 	Command:
[gazebo-1] [INFO] [1786689558.967132286] [omx_01.gz_ros_control]: 		 position
[gazebo-1] [INFO] [1786689558.967149132] [omx_01.gz_ros_control]: Loading joint: gripper_left_joint
[gazebo-1] [INFO] [1786689558.967157753] [omx_01.gz_ros_control]: 	State:
[gazebo-1] [INFO] [1786689558.967166916] [omx_01.gz_ros_control]: 		 position
[gazebo-1] [INFO] [1786689558.967174462] [omx_01.gz_ros_control]: 		 velocity
[gazebo-1] [INFO] [1786689558.967181503] [omx_01.gz_ros_control]: 		 effort
[gazebo-1] [INFO] [1786689558.967191797] [omx_01.gz_ros_control]: 	Command:
[gazebo-1] [INFO] [1786689558.967198341] [omx_01.gz_ros_control]: 		 position
[gazebo-1] [INFO] [1786689558.967214155] [omx_01.gz_ros_control]: Loading joint: gripper_right_joint
[gazebo-1] [INFO] [1786689558.967225995] [omx_01.gz_ros_control]: Joint 'gripper_right_joint'is mimicking joint 'gripper_left_joint' with multiplier: 1 and offset: 0
[gazebo-1] [INFO] [1786689558.967235471] [omx_01.gz_ros_control]: 	State:
[gazebo-1] [INFO] [1786689558.967268117] [omx_01.gz_ros_control]: 		 position
[gazebo-1] [INFO] [1786689558.967276941] [omx_01.gz_ros_control]: 		 velocity
[gazebo-1] [INFO] [1786689558.967286567] [omx_01.gz_ros_control]: 		 effort
[gazebo-1] [INFO] [1786689558.967293795] [omx_01.gz_ros_control]: 	Command:
[gazebo-1] [INFO] [1786689558.967438434] [omx_01.controller_manager]: Initialize hardware 'OpenManipulatorXSystem' 
[gazebo-1] [WARN] [1786689558.967471558] [omx_01.controller_manager.hardware_component.system.OpenManipulatorXSystem]: Executor is not available during hardware component initialization for 'OpenManipulatorXSystem'. Skipping node creation!
[gazebo-1] [INFO] [1786689558.967575320] [omx_01.controller_manager]: Successful initialization of hardware 'OpenManipulatorXSystem'
[gazebo-1] [INFO] [1786689558.967737288] [omx_01.controller_manager]: Activating component 'OpenManipulatorXSystem'.
[gazebo-1] [INFO] [1786689558.967755096] [resource_manager]: 'configure' hardware 'OpenManipulatorXSystem' 
[gazebo-1] [INFO] [1786689558.967762024] [omx_01.gz_ros_control]: System Successfully configured!
[gazebo-1] [INFO] [1786689558.967770165] [resource_manager]: Successful 'configure' of hardware 'OpenManipulatorXSystem'
[gazebo-1] [INFO] [1786689558.967781603] [resource_manager]: 'activate' hardware 'OpenManipulatorXSystem' 
[gazebo-1] [INFO] [1786689558.967801364] [resource_manager]: Successful 'activate' of hardware 'OpenManipulatorXSystem'
[gazebo-1] [WARN] [1786689558.967899125] [omx_01.controller_manager]: Component 'OpenManipulatorXSystem' does not have read or write statistics initialized, skipping registration.
[gazebo-1] [INFO] [1786689558.967910600] [omx_01.controller_manager]: Resource Manager has been successfully initialized. Starting Controller Manager services...
[gazebo-1] [INFO] [1786689559.086686033] [omx_01.controller_manager]: Loading controller : 'gripper_controller' of type 'position_controllers/GripperActionController'
[gazebo-1] [INFO] [1786689559.086728217] [omx_01.controller_manager]: Loading controller 'gripper_controller'
[gazebo-1] [INFO] [1786689559.093824478] [omx_01.controller_manager]: Controller 'gripper_controller' node arguments: --ros-args --params-file /home/gyi/robosapiens/robot_model/open_manipulator/install/open_manipulator_bringup/share/open_manipulator_bringup/config/open_manipulator_x/hardware_controller_manager.yaml -p use_sim_time:=true --param use_sim_time:=true 
[gazebo-1] [WARN] [1786689559.100932513] [omx_01.gripper_controller]: [Deprecated]: the `position_controllers/GripperActionController` and `effort_controllers::GripperActionController` controllers are replaced by 'parallel_gripper_controllers/GripperActionController' controller
[spawner-10] [INFO] [1786689559.102031852] [omx_01.spawner_gripper_controller]: Loaded gripper_controller
[gazebo-1] [INFO] [1786689559.102779426] [omx_01.controller_manager]: Configuring controller: 'gripper_controller'
[gazebo-1] [INFO] [1786689559.102944228] [omx_01.gripper_controller]: Action status changes will be monitored at 20.000000 Hz.
[gazebo-1] [INFO] [1786689559.104081130] [omx_01.controller_manager]: Activating controllers: [ gripper_controller ]
[gazebo-1] [1;33mWarning [Utils.cc:132][0m [/sdf/model[@name="pinky"]/link[@name="base_footprint"]/sensor[@name="pinky_01/camera"]/gz_frame_id:<urdf-string>:L0]: XML Element[gz_frame_id], child of element[sensor], not defined in SDF. Copying[gz_frame_id] as children of [sensor].
[gazebo-1] [1;33mWarning [Utils.cc:132][0m [/sdf/model[@name="pinky"]/link[@name="base_footprint"]/sensor[@name="pinky_01/imu"]/gz_frame_id:<urdf-string>:L0]: XML Element[gz_frame_id], child of element[sensor], not defined in SDF. Copying[gz_frame_id] as children of [sensor].
[gazebo-1] [1;33mWarning [Utils.cc:132][0m [/sdf/model[@name="pinky"]/link[@name="base_footprint"]/sensor[@name="pinky_01/gpu_lidar"]/gz_frame_id:<urdf-string>:L0]: XML Element[gz_frame_id], child of element[sensor], not defined in SDF. Copying[gz_frame_id] as children of [sensor].
[gazebo-1] [1;31m[Err] [Physics.cc:1808] [0m[1;31mAttempting to create a mimic constraint for joint [[0m[1;31mgripper_right_joint[0m[1;31m] but the chosen physics engine does not support [0m[1;31mmimic constraints, so no constraint will be [0m[1;31mcreated.[0m[1;31m[0m
[gazebo-1] [1;33m[Wrn] [Component.hh:144] [0m[1;33mTrying to serialize component with data type [[0m[1;33mN2gz3sim11ChargerDataE[0m[1;33m], which doesn't have [0m[1;33m`operator<<`. Component will not be serialized.[0m[1;33m[0m
[gazebo-2] [1;33mWarning [Utils.cc:132][0m [/sdf/model[@name="pinky"]/link[@name="base_footprint"]/sensor[@name="pinky_01/camera"]/gz_frame_id:<data-string>:L122]: XML Element[gz_frame_id], child of element[sensor], not defined in SDF. Copying[gz_frame_id] as children of [sensor].
[gazebo-2] [1;33mWarning [Utils.cc:132][0m [/sdf/model[@name="pinky"]/link[@name="base_footprint"]/sensor[@name="pinky_01/imu"]/gz_frame_id:<data-string>:L131]: XML Element[gz_frame_id], child of element[sensor], not defined in SDF. Copying[gz_frame_id] as children of [sensor].
[gazebo-2] [1;33mWarning [Utils.cc:132][0m [/sdf/model[@name="pinky"]/link[@name="base_footprint"]/sensor[@name="pinky_01/gpu_lidar"]/gz_frame_id:<data-string>:L165]: XML Element[gz_frame_id], child of element[sensor], not defined in SDF. Copying[gz_frame_id] as children of [sensor].
[gazebo-1] [INFO] [1786689561.226024263] [omx_01.controller_manager]: Successfully switched controllers!
[gazebo-2] [1;33m[GUI] [Wrn] [EntityComponentManager.cc:1930] [0m[1;33mComponent type [[0m[1;33m1728988591536574887[0m[1;33m] has not been [0m[1;33mregistered in this process, so it can't be deserialized.[0m[1;33m[0m
[spawner-10] [INFO] [1786689561.376488435] [omx_01.spawner_gripper_controller]: Configured and activated gripper_controller
[spawner-9] [INFO] [1786689561.479082703] [omx_01.spawner_arm_controller]: waiting for service /omx_01/controller_manager/list_controllers to become available...
[INFO] [spawner-10]: process has finished cleanly [pid 376570]
[gazebo-1] [1;33m[Wrn] [Ogre2Camera.cc:423] [0m[1;33mOgre2Camera::SetVisibilityMask: Mask bits [0m[1;33mc0000000[0m[1;33m are set but will be ignored as they conflict with the [0m[1;33mreserved bits used internally by the ogre2 backend.[0m[1;33m[0m
[gazebo-1] [INFO] [1786689562.482077042] [omx_01.controller_manager]: Loading controller : 'arm_controller' of type 'joint_trajectory_controller/JointTrajectoryController'
[gazebo-1] [INFO] [1786689562.482134391] [omx_01.controller_manager]: Loading controller 'arm_controller'
[gazebo-1] [INFO] [1786689562.485720215] [omx_01.controller_manager]: Controller 'arm_controller' node arguments: --ros-args --params-file /home/gyi/robosapiens/robot_model/open_manipulator/install/open_manipulator_bringup/share/open_manipulator_bringup/config/open_manipulator_x/hardware_controller_manager.yaml -p use_sim_time:=true --param use_sim_time:=true 
[spawner-9] [INFO] [1786689562.531982804] [omx_01.spawner_arm_controller]: Loaded arm_controller
[gazebo-1] [INFO] [1786689562.533157480] [omx_01.controller_manager]: Configuring controller: 'arm_controller'
[gazebo-1] [INFO] [1786689562.533391039] [omx_01.arm_controller]: No specific joint names are used for command interfaces. Using 'joints' parameter.
[gazebo-1] [INFO] [1786689562.533435592] [omx_01.arm_controller]: Command interfaces are [position] and state interfaces are [position velocity].
[gazebo-1] [INFO] [1786689562.533471481] [omx_01.arm_controller]: Using 'splines' interpolation method.
[gazebo-1] [INFO] [1786689562.536833770] [omx_01.arm_controller]: Goals with partial set of joints are allowed
[gazebo-1] [INFO] [1786689562.536870536] [omx_01.arm_controller]: Action status changes will be monitored at 20.00 Hz.
[gazebo-1] [INFO] [1786689562.544704979] [omx_01.arm_controller]: Setting initial scaling factor to 1.000000
[gazebo-1] [INFO] [1786689562.544748140] [omx_01.arm_controller]: No scaling interface set. This controller will not read speed scaling from the hardware.
[gazebo-1] [INFO] [1786689562.571756027] [omx_01.controller_manager]: Activating controllers: [ arm_controller ]
[gazebo-1] [INFO] [1786689562.597793309] [omx_01.controller_manager]: Successfully switched controllers!
[spawner-9] [INFO] [1786689562.635331877] [omx_01.spawner_arm_controller]: Configured and activated arm_controller
[spawner-8] [INFO] [1786689562.763564187] [omx_01.spawner_joint_state_broadcaster]: waiting for service /omx_01/controller_manager/list_controllers to become available...
[INFO] [spawner-9]: process has finished cleanly [pid 376569]
[2/3] Open-RMF
[INFO] [launch]: All log files can be found below /home/gyi/.ros/log/2026-08-14-15-39-23-470291-gyi-15UD50T-GX5JK-377198
[INFO] [launch]: Default logging verbosity is set to INFO
[gazebo-1] [INFO] [1786689563.766658270] [omx_01.controller_manager]: Loading controller : 'joint_state_broadcaster' of type 'joint_state_broadcaster/JointStateBroadcaster'
[gazebo-1] [INFO] [1786689563.766701852] [omx_01.controller_manager]: Loading controller 'joint_state_broadcaster'
[gazebo-1] [INFO] [1786689563.772063893] [omx_01.controller_manager]: Controller 'joint_state_broadcaster' node arguments: --ros-args --params-file /home/gyi/robosapiens/robot_model/open_manipulator/install/open_manipulator_bringup/share/open_manipulator_bringup/config/open_manipulator_x/hardware_controller_manager.yaml -p use_sim_time:=true --param use_sim_time:=true 
[INFO] [rmf_traffic_schedule-1]: process started with pid [377203]
[INFO] [rmf_traffic_blockade-2]: process started with pid [377204]
[INFO] [building_map_server-3]: process started with pid [377205]
[INFO] [schedule_visualizer_node-4]: process started with pid [377206]
[INFO] [fleetstates_visualizer_node-5]: process started with pid [377207]
[INFO] [rmf_visualization_building_systems-6]: process started with pid [377208]
[INFO] [navgraph_visualizer_node-7]: process started with pid [377209]
[INFO] [floorplan_visualizer_node-8]: process started with pid [377211]
[INFO] [obstacle_visualizer_node-9]: process started with pid [377212]
[INFO] [door_supervisor-10]: process started with pid [377213]
[INFO] [lift_supervisor-11]: process started with pid [377214]
[INFO] [mutex_group_supervisor-12]: process started with pid [377215]
[INFO] [rmf_task_dispatcher-13]: process started with pid [377216]
[spawner-8] [INFO] [1786689563.816912657] [omx_01.spawner_joint_state_broadcaster]: Loaded joint_state_broadcaster
[gazebo-1] [INFO] [1786689563.822791784] [omx_01.controller_manager]: Configuring controller: 'joint_state_broadcaster'
[gazebo-1] [INFO] [1786689563.822965984] [omx_01.joint_state_broadcaster]: 'joints' or 'interfaces' parameter is empty. All available state interfaces will be published
[obstacle_visualizer_node-9] [INFO] [1786689563.856556349] [rmf_obstacle_visualizer]: Beginning RMF obstacle visualizer node
[rmf_traffic_blockade-2] [INFO] [1786689563.907885768] [rmf_traffic_blockade_node]: Beginning traffic blockade node
[gazebo-1] [INFO] [1786689563.919741040] [omx_01.controller_manager]: Activating controllers: [ joint_state_broadcaster ]
[schedule_visualizer_node-4] [INFO] [1786689563.922007900] [schedule_visualizer_node]: Setting parameter rate to 10.000000
[schedule_visualizer_node-4] [INFO] [1786689563.922644148] [schedule_visualizer_node]: Setting parameter path_width to 0.200000
[schedule_visualizer_node-4] [INFO] [1786689563.922703438] [schedule_visualizer_node]: Setting parameter initial_map_name to L1
[schedule_visualizer_node-4] [INFO] [1786689563.922740217] [schedule_visualizer_node]: Setting parameter wait_secs to 10
[schedule_visualizer_node-4] [INFO] [1786689563.922834795] [schedule_visualizer_node]: Setting parameter port to 8006
[schedule_visualizer_node-4] [INFO] [1786689563.922865982] [schedule_visualizer_node]: Setting parameter retained_history_count to 50
[fleetstates_visualizer_node-5] [INFO] [1786689563.931016945] [fleet_states_visualizer]: Configuring fleet_states_visualizer...
[fleetstates_visualizer_node-5] [INFO] [1786689563.931222539] [fleet_states_visualizer]: Setting parameter initial_map_name to L1
[fleetstates_visualizer_node-5] [INFO] [1786689563.931263472] [fleet_states_visualizer]: Setting parameter fleet_state_nose_scale to 0.500000
[fleetstates_visualizer_node-5] [INFO] [1786689563.942213556] [fleet_states_visualizer]: Running fleet_states_visualizer...
[rmf_traffic_schedule-1] [INFO] [1786689563.984376705] [rmf_traffic_schedule_primary]: Successfully loaded logfile .rmf_schedule_node.yaml 
[rmf_traffic_schedule-1] [INFO] [1786689563.988650381] [rmf_traffic_schedule_primary]: Set up heartbeat on /rmf_traffic/heartbeat with liveliness lease duration of 10000 ms and deadline of 10000 ms
[gazebo-1] [INFO] [1786689563.992678028] [omx_01.controller_manager]: Successfully switched controllers!
[rmf_task_dispatcher-13] ~Initializing Dispatcher Node~
[floorplan_visualizer_node-8] [INFO] [1786689564.002737111] [floorplan_visualizer]: Configuring floorplan_visualizer...
[floorplan_visualizer_node-8] [INFO] [1786689564.003072011] [floorplan_visualizer]: Setting parameter initial_map_name to L1
[floorplan_visualizer_node-8] [INFO] [1786689564.012807517] [floorplan_visualizer]: Running floorplan_visualizer...
[navgraph_visualizer_node-7] [INFO] [1786689564.034513274] [navgraph_visualizer]: Setting parameter initial_map_name to L1
[navgraph_visualizer_node-7] [INFO] [1786689564.034685670] [navgraph_visualizer]: Setting parameter lane_width to 0.120000
[navgraph_visualizer_node-7] [INFO] [1786689564.034711527] [navgraph_visualizer]: Setting parameter lane_transparency to 0.600000
[navgraph_visualizer_node-7] [INFO] [1786689564.034729699] [navgraph_visualizer]: Setting parameter waypoint_scale to 1.000000
[navgraph_visualizer_node-7] [INFO] [1786689564.034741147] [navgraph_visualizer]: Setting parameter text_scale to 0.600000
[rmf_traffic_schedule-1] [INFO] [1786689564.039448800] [rmf_traffic_schedule_primary]: Beginning traffic schedule node
[navgraph_visualizer_node-7] [INFO] [1786689564.056348129] [navgraph_visualizer]: NavGraph visualizer is running...
[rmf_task_dispatcher-13] [INFO] [1786689564.075502549] [rmf_dispatcher_node]:  Declared Time Window Param as: 2.000000 secs
[spawner-8] [INFO] [1786689564.076027028] [omx_01.spawner_joint_state_broadcaster]: Configured and activated joint_state_broadcaster
[rmf_task_dispatcher-13] [INFO] [1786689564.077203004] [rmf_dispatcher_node]:  Declared Terminated Tasks Max Size Param as: 100
[rmf_task_dispatcher-13] [INFO] [1786689564.077259682] [rmf_dispatcher_node]:  Declared publish_active_tasks_period as: 2 secs
[rmf_task_dispatcher-13] [INFO] [1786689564.077302288] [rmf_dispatcher_node]:  Use timestamp with task_id: false
[rmf_task_dispatcher-13] [INFO] [1786689564.077338115] [rmf_dispatcher_node]:  Use unique hex string with task_id: true
[rmf_task_dispatcher-13] [INFO] [1786689564.165873903] [rmf_dispatcher_node]: Starting task dispatcher node
[INFO] [spawner-8]: process has finished cleanly [pid 376568]
[rmf_visualization_building_systems-6] [INFO] [1786689564.458291785] [building_systems_visualizer]: Building systems visualizer started...
[rmf_traffic_schedule-1] [INFO] [1786689564.534970881] [rmf_traffic_schedule_primary]: Registered new query [1]
[schedule_visualizer_node-4] [INFO] [1786689564.539788612] [schedule_data_node]: Registering to query topic rmf_traffic/query_update_1
[schedule_visualizer_node-4] [INFO] [1786689564.549411790] [schedule_data_node]: [rmf_traffic_ros2::MirrorManager::request_update] Requesting changes for query ID [1] since beginning of recorded history
[rmf_traffic_schedule-1] [INFO] [1786689564.551182380] [rmf_traffic_schedule_primary]: [ScheduleNode::update_mirrors] Sending remedial update starting from the beginning going to 1 for query 1
[schedule_visualizer_node-4] [INFO] [1786689564.581957681] [schedule_visualizer_node]: Successfully connected to rmf_traffic_schedule node.
[schedule_visualizer_node-4] [INFO] [1786689564.584262571] [schedule_data_node]: Mirror handling new sync of 1 queries from schedule node [a766800e-3848-42ed-90d0-3efe355a104c]
[building_map_server-3] [INFO] [1786689564.670886780] [building_map_server]: loading map path: /home/gyi/robosapiens/rmf_maps/project1-ver2/project1-ver2.building.yaml
[building_map_server-3] [INFO] [1786689564.677216238] [building_map_server]: opening: /home/gyi/robosapiens/rmf_maps/project1-ver2/gwanghee.png
[building_map_server-3] [INFO] [1786689564.677910673] [building_map_server]: read 179943 byte image
[building_map_server-3] [INFO] [1786689564.678862254] [building_map_server]: unable to generate GeoJSON for this map.
[building_map_server-3] [INFO] [1786689564.686382890] [building_map_server]: publishing map...
[building_map_server-3] [INFO] [1786689564.687871096] [building_map_server]: ready to serve map: "project1-ver2"  Ctrl+C to exit...
[3/3] Nav2 와 RMF 어댑터
[INFO] [launch]: All log files can be found below /home/gyi/.ros/log/2026-08-14-15-39-35-463926-gyi-15UD50T-GX5JK-377763
[INFO] [launch]: Default logging verbosity is set to INFO
[INFO] [map_server-1]: process started with pid [377802]
[INFO] [lifecycle_manager-2]: process started with pid [377803]
[INFO] [amcl-3]: process started with pid [377804]
[INFO] [controller_server-4]: process started with pid [377805]
[INFO] [smoother_server-5]: process started with pid [377806]
[INFO] [planner_server-6]: process started with pid [377807]
[INFO] [behavior_server-7]: process started with pid [377808]
[INFO] [bt_navigator-8]: process started with pid [377809]
[INFO] [waypoint_follower-9]: process started with pid [377810]
[INFO] [velocity_smoother-10]: process started with pid [377811]
[INFO] [lifecycle_manager-11]: process started with pid [377812]
[INFO] [python3-12]: process started with pid [377813]
[INFO] [python3-13]: process started with pid [377814]
[INFO] [python3-14]: process started with pid [377815]
[amcl-3] [INFO] [1786689575.831915313] [pinky_01.amcl]: 
[amcl-3] 	amcl lifecycle node launched. 
[amcl-3] 	Waiting on external lifecycle transitions to activate
[amcl-3] 	See https://design.ros2.org/articles/node_lifecycle.html for more information.
[amcl-3] [INFO] [1786689575.837785748] [pinky_01.amcl]: Creating
[python3-13] /opt/ros/jazzy/lib/python3.12/site-packages/rclpy/node.py:188: RuntimeWarning: Failed to fini rosout publisher: rcl node implementation is invalid, at ./src/rcl/node.c:390
[python3-13]   self.__node = _rclpy.Node(
[python3-13] Traceback (most recent call last):
[python3-13]   File "/opt/ros/jazzy/lib/python3.12/site-packages/rclpy/node.py", line 188, in __init__
[python3-13]     self.__node = _rclpy.Node(
[python3-13]                   ^^^^^^^^^^^^
[python3-13] ValueError: invalid node name: node name must not contain characters other than alphanumerics or '_', at ./src/rcl/node.c:156
[python3-13] During handling of the above exception, another exception occurred:
[python3-13] Traceback (most recent call last):
[python3-13]   File "/home/gyi/robosapiens/rmf_maps/project1-ver2/project1-ver2_workcell.py", line 224, in <module>
[python3-13]     main()
[python3-13]   File "/home/gyi/robosapiens/rmf_maps/project1-ver2/project1-ver2_workcell.py", line 213, in main
[python3-13]     node = WorkcellAdapter()
[python3-13]            ^^^^^^^^^^^^^^^^^
[python3-13]   File "/home/gyi/robosapiens/rmf_maps/project1-ver2/project1-ver2_workcell.py", line 91, in __init__
[python3-13]     super().__init__('project1-ver2_workcell')
[python3-13]   File "/opt/ros/jazzy/lib/python3.12/site-packages/rclpy/node.py", line 198, in __init__
[python3-13]     validate_node_name(node_name)
[python3-13]   File "/opt/ros/jazzy/lib/python3.12/site-packages/rclpy/validate_node_name.py", line 36, in validate_node_name
[python3-13]     raise InvalidNodeNameException(node_name, error_msg, invalid_index)
[python3-13] rclpy.exceptions.InvalidNodeNameException: Invalid node name: node name must not contain characters other than alphanumerics or '_':
[python3-13]   'project1-ver2_workcell'
[python3-13]            ^
[python3-14] /opt/ros/jazzy/lib/python3.12/site-packages/rclpy/node.py:188: RuntimeWarning: Failed to fini rosout publisher: rcl node implementation is invalid, at ./src/rcl/node.c:390
[python3-14]   self.__node = _rclpy.Node(
[ERROR] [python3-13]: process has died [pid 377814, exit code 1, cmd 'python3 /home/gyi/robosapiens/rmf_maps/project1-ver2/project1-ver2_workcell.py'].
[python3-14] Traceback (most recent call last):
[python3-14]   File "/opt/ros/jazzy/lib/python3.12/site-packages/rclpy/node.py", line 188, in __init__
[python3-14]     self.__node = _rclpy.Node(
[python3-14]                   ^^^^^^^^^^^^
[python3-14] ValueError: invalid node name: node name must not contain characters other than alphanumerics or '_', at ./src/rcl/node.c:156
[python3-14] During handling of the above exception, another exception occurred:
[python3-14] Traceback (most recent call last):
[python3-14]   File "/home/gyi/robosapiens/rmf_maps/project1-ver2/project1-ver2_sensor_relay.py", line 158, in <module>
[python3-14]     main(sys.argv)
[python3-14]   File "/home/gyi/robosapiens/rmf_maps/project1-ver2/project1-ver2_sensor_relay.py", line 143, in main
[python3-14]     node = SensorRelay(args.out)
[python3-14]            ^^^^^^^^^^^^^^^^^^^^^
[python3-14]   File "/home/gyi/robosapiens/rmf_maps/project1-ver2/project1-ver2_sensor_relay.py", line 62, in __init__
[python3-14]     super().__init__('project1-ver2_sensor_relay')
[python3-14]   File "/opt/ros/jazzy/lib/python3.12/site-packages/rclpy/node.py", line 198, in __init__
[python3-14]     validate_node_name(node_name)
[python3-14]   File "/opt/ros/jazzy/lib/python3.12/site-packages/rclpy/validate_node_name.py", line 36, in validate_node_name
[python3-14]     raise InvalidNodeNameException(node_name, error_msg, invalid_index)
[python3-14] rclpy.exceptions.InvalidNodeNameException: Invalid node name: node name must not contain characters other than alphanumerics or '_':
[python3-14]   'project1-ver2_sensor_relay'
[python3-14]            ^
[map_server-1] [INFO] [1786689576.241797556] [map_server]: 
[map_server-1] 	map_server lifecycle node launched. 
[map_server-1] 	Waiting on external lifecycle transitions to activate
[map_server-1] 	See https://design.ros2.org/articles/node_lifecycle.html for more information.
[map_server-1] [INFO] [1786689576.241942074] [map_server]: Creating
[velocity_smoother-10] [INFO] [1786689576.242030365] [pinky_01.velocity_smoother]: 
[velocity_smoother-10] 	velocity_smoother lifecycle node launched. 
[velocity_smoother-10] 	Waiting on external lifecycle transitions to activate
[velocity_smoother-10] 	See https://design.ros2.org/articles/node_lifecycle.html for more information.
[behavior_server-7] [INFO] [1786689576.262354594] [pinky_01.behavior_server]: 
[behavior_server-7] 	behavior_server lifecycle node launched. 
[behavior_server-7] 	Waiting on external lifecycle transitions to activate
[behavior_server-7] 	See https://design.ros2.org/articles/node_lifecycle.html for more information.
[planner_server-6] [INFO] [1786689576.267882378] [pinky_01.planner_server]: 
[planner_server-6] 	planner_server lifecycle node launched. 
[planner_server-6] 	Waiting on external lifecycle transitions to activate
[planner_server-6] 	See https://design.ros2.org/articles/node_lifecycle.html for more information.
[planner_server-6] [INFO] [1786689576.293881390] [pinky_01.planner_server]: Creating
[planner_server-6] [INFO] [1786689576.327558934] [pinky_01.global_costmap.global_costmap]: 
[planner_server-6] 	global_costmap lifecycle node launched. 
[planner_server-6] 	Waiting on external lifecycle transitions to activate
[planner_server-6] 	See https://design.ros2.org/articles/node_lifecycle.html for more information.
[ERROR] [python3-14]: process has died [pid 377815, exit code 1, cmd 'python3 /home/gyi/robosapiens/rmf_maps/project1-ver2/project1-ver2_sensor_relay.py -o /tmp/robosapiens_sensors'].
[planner_server-6] [INFO] [1786689576.332117855] [pinky_01.global_costmap.global_costmap]: Creating Costmap
[lifecycle_manager-2] [INFO] [1786689576.529969360] [lifecycle_manager_map]: Creating
[lifecycle_manager-2] [INFO] [1786689576.550117787] [lifecycle_manager_map]: [34m[1mCreating and initializing lifecycle service clients[0m[0m
[waypoint_follower-9] [INFO] [1786689576.553961289] [pinky_01.waypoint_follower]: 
[waypoint_follower-9] 	waypoint_follower lifecycle node launched. 
[waypoint_follower-9] 	Waiting on external lifecycle transitions to activate
[waypoint_follower-9] 	See https://design.ros2.org/articles/node_lifecycle.html for more information.
[waypoint_follower-9] [INFO] [1786689576.560045380] [pinky_01.waypoint_follower]: Creating
[lifecycle_manager-11] [INFO] [1786689576.581875428] [pinky_01.lifecycle_manager_navigation]: Creating
[bt_navigator-8] [INFO] [1786689576.583238065] [pinky_01.bt_navigator]: 
[bt_navigator-8] 	bt_navigator lifecycle node launched. 
[bt_navigator-8] 	Waiting on external lifecycle transitions to activate
[bt_navigator-8] 	See https://design.ros2.org/articles/node_lifecycle.html for more information.
[bt_navigator-8] [INFO] [1786689576.594814715] [pinky_01.bt_navigator]: Creating
[lifecycle_manager-11] [INFO] [1786689576.594974967] [pinky_01.lifecycle_manager_navigation]: [34m[1mCreating and initializing lifecycle service clients[0m[0m
[controller_server-4] [INFO] [1786689576.632772249] [pinky_01.controller_server]: 
[controller_server-4] 	controller_server lifecycle node launched. 
[controller_server-4] 	Waiting on external lifecycle transitions to activate
[controller_server-4] 	See https://design.ros2.org/articles/node_lifecycle.html for more information.
[smoother_server-5] [INFO] [1786689576.655945582] [pinky_01.smoother_server]: 
[smoother_server-5] 	smoother_server lifecycle node launched. 
[smoother_server-5] 	Waiting on external lifecycle transitions to activate
[smoother_server-5] 	See https://design.ros2.org/articles/node_lifecycle.html for more information.
[smoother_server-5] [INFO] [1786689576.682332980] [pinky_01.smoother_server]: Creating smoother server
[controller_server-4] [INFO] [1786689576.687749290] [pinky_01.controller_server]: Creating controller server
[python3-12] [retreat_to_charger_interval] value is not provided, default to 10 seconds
[python3-12] Default fleet finishing task set to [nothing]
[python3-12] Maximum delay is not provided, default to 10.0
[python3-12] [INFO] [1786689576.993733650] [project1_pinky_fleet_adapter]: Parameter [discovery_timeout] set to: 60.000000
RMF↔Nav2 어댑터가 떴습니다.
[controller_server-4] [INFO] [1786689577.374853331] [pinky_01.local_costmap.local_costmap]: 
[controller_server-4] 	local_costmap lifecycle node launched. 
[controller_server-4] 	Waiting on external lifecycle transitions to activate
[controller_server-4] 	See https://design.ros2.org/articles/node_lifecycle.html for more information.
[controller_server-4] [INFO] [1786689577.376451541] [pinky_01.local_costmap.local_costmap]: Creating Costmap
[rmf_traffic_schedule-1] [INFO] [1786689577.843152374] [rmf_traffic_schedule_primary]: A new mirror is tracking query ID [1]
[schedule_visualizer_node-4] [INFO] [1786689577.843473928] [schedule_data_node]: Mirror handling new sync of 1 queries from schedule node [a766800e-3848-42ed-90d0-3efe355a104c]
[python3-12] [INFO] [1786689577.844494453] [project1_pinky_fleet_adapter]: Registering to query topic rmf_traffic/query_update_1
[lifecycle_manager-2] [INFO] [1786689577.874683323] [lifecycle_manager_map]: [34m[1mStarting managed nodes bringup...[0m[0m
[lifecycle_manager-2] [INFO] [1786689577.874732262] [lifecycle_manager_map]: [34m[1mConfiguring map_server[0m[0m
[map_server-1] [INFO] [1786689577.875075800] [map_server]: Configuring
[map_server-1] [INFO] [1786689577.875137749] [map_io]: Loading yaml file: /home/gyi/robosapiens/rmf_maps/project1-ver2/nav2_map/project1-ver2.yaml
[map_server-1] [INFO] [1786689577.875425912] [map_io]: resolution: 0.005994
[map_server-1] [INFO] [1786689577.875437780] [map_io]: origin[0]: -1.23864
[map_server-1] [INFO] [1786689577.875444694] [map_io]: origin[1]: -3.24145
[map_server-1] [INFO] [1786689577.875449518] [map_io]: origin[2]: 0
[map_server-1] [INFO] [1786689577.875454638] [map_io]: free_thresh: 0.196
[map_server-1] [INFO] [1786689577.875459131] [map_io]: occupied_thresh: 0.65
[map_server-1] [INFO] [1786689577.875464562] [map_io]: mode: trinary
[map_server-1] [INFO] [1786689577.875469405] [map_io]: negate: 0
[map_server-1] [INFO] [1786689577.877387161] [map_io]: Loading image_file: /home/gyi/robosapiens/rmf_maps/project1-ver2/nav2_map/project1-ver2.pgm
[map_server-1] [INFO] [1786689577.884970912] [map_io]: Read map /home/gyi/robosapiens/rmf_maps/project1-ver2/nav2_map/project1-ver2.pgm: 800 X 615 map @ 0.005994 m/cell
[lifecycle_manager-2] [INFO] [1786689577.895476052] [lifecycle_manager_map]: [34m[1mActivating map_server[0m[0m
[map_server-1] [INFO] [1786689577.895619504] [map_server]: Activating
[map_server-1] [INFO] [1786689577.896208436] [map_server]: Creating bond (map_server) to lifecycle manager.
[lifecycle_manager-2] [INFO] [1786689578.004556934] [lifecycle_manager_map]: Server map_server connected with bond.
[lifecycle_manager-2] [INFO] [1786689578.004605003] [lifecycle_manager_map]: [34m[1mManaged nodes are active[0m[0m
[lifecycle_manager-2] [INFO] [1786689578.004616730] [lifecycle_manager_map]: [34m[1mCreating bond timer...[0m[0m
[python3-12] [INFO] [1786689578.212565040] [project1_pinky_fleet_adapter]: Mirror handling new sync of 1 queries from schedule node [a766800e-3848-42ed-90d0-3efe355a104c]
[lifecycle_manager-11] [INFO] [1786689578.313999891] [pinky_01.lifecycle_manager_navigation]: [34m[1mStarting managed nodes bringup...[0m[0m
[lifecycle_manager-11] [INFO] [1786689578.314058607] [pinky_01.lifecycle_manager_navigation]: [34m[1mConfiguring amcl[0m[0m
[amcl-3] [INFO] [1786689578.314486933] [pinky_01.amcl]: Configuring
[amcl-3] [INFO] [1786689578.314554292] [pinky_01.amcl]: initTransforms
[amcl-3] [INFO] [1786689578.328721233] [pinky_01.amcl]: initPubSub
[amcl-3] [INFO] [1786689578.342112050] [pinky_01.amcl]: Subscribed to map topic.
[lifecycle_manager-11] [INFO] [1786689578.351436703] [pinky_01.lifecycle_manager_navigation]: [34m[1mConfiguring controller_server[0m[0m
[controller_server-4] [INFO] [1786689578.351706562] [pinky_01.controller_server]: Configuring controller interface
[controller_server-4] [INFO] [1786689578.351730098] [pinky_01.controller_server]: getting progress checker plugins..
[controller_server-4] [INFO] [1786689578.351973878] [pinky_01.controller_server]: getting goal checker plugins..
[controller_server-4] [INFO] [1786689578.352081275] [pinky_01.controller_server]: Controller frequency set to 20.0000Hz
[controller_server-4] [INFO] [1786689578.352138005] [pinky_01.local_costmap.local_costmap]: Configuring
[amcl-3] [INFO] [1786689578.354620350] [pinky_01.amcl]: Received a 800 X 615 map @ 0.006 m/pix
[controller_server-4] [INFO] [1786689578.363965303] [pinky_01.local_costmap.local_costmap]: Using plugin "voxel_layer"
[controller_server-4] [INFO] [1786689578.369093963] [pinky_01.local_costmap.local_costmap]: Subscribed to Topics: scan
[controller_server-4] [INFO] [1786689578.381702095] [pinky_01.local_costmap.local_costmap]: Initialized plugin "voxel_layer"
[controller_server-4] [INFO] [1786689578.381744932] [pinky_01.local_costmap.local_costmap]: Using plugin "inflation_layer"
[controller_server-4] [INFO] [1786689578.382326324] [pinky_01.local_costmap.local_costmap]: Initialized plugin "inflation_layer"
[controller_server-4] [INFO] [1786689578.407699345] [pinky_01.controller_server]: Created progress_checker : progress_checker of type nav2_controller::SimpleProgressChecker
[controller_server-4] [INFO] [1786689578.408019845] [pinky_01.controller_server]: Controller Server has progress_checker  progress checkers available.
[controller_server-4] [INFO] [1786689578.409137433] [pinky_01.controller_server]: Created goal checker : general_goal_checker of type nav2_controller::SimpleGoalChecker
[controller_server-4] [INFO] [1786689578.409653203] [pinky_01.controller_server]: Controller Server has general_goal_checker  goal checkers available.
[controller_server-4] [INFO] [1786689578.411452014] [pinky_01.controller_server]: Created controller : FollowPath of type nav2_regulated_pure_pursuit_controller::RegulatedPurePursuitController
[controller_server-4] [INFO] [1786689578.420424814] [pinky_01.controller_server]: Controller Server has FollowPath  controllers available.
[lifecycle_manager-11] [INFO] [1786689578.433628344] [pinky_01.lifecycle_manager_navigation]: [34m[1mConfiguring smoother_server[0m[0m
[smoother_server-5] [INFO] [1786689578.433918987] [pinky_01.smoother_server]: Configuring smoother server
[smoother_server-5] [INFO] [1786689578.456390004] [pinky_01.smoother_server]: Created smoother : simple_smoother of type nav2_smoother::SimpleSmoother
[smoother_server-5] [INFO] [1786689578.456849459] [pinky_01.smoother_server]: Smoother Server has simple_smoother  smoothers available.
[lifecycle_manager-11] [INFO] [1786689578.468595491] [pinky_01.lifecycle_manager_navigation]: [34m[1mConfiguring planner_server[0m[0m
[planner_server-6] [INFO] [1786689578.469466900] [pinky_01.planner_server]: Configuring
[planner_server-6] [INFO] [1786689578.469512554] [pinky_01.global_costmap.global_costmap]: Configuring
[planner_server-6] [INFO] [1786689578.483157430] [pinky_01.global_costmap.global_costmap]: Using plugin "static_layer"
[planner_server-6] [INFO] [1786689578.489320869] [pinky_01.global_costmap.global_costmap]: Subscribing to the map topic (/nav2_map) with transient local durability
[planner_server-6] [INFO] [1786689578.492600980] [pinky_01.global_costmap.global_costmap]: Initialized plugin "static_layer"
[planner_server-6] [INFO] [1786689578.492639789] [pinky_01.global_costmap.global_costmap]: Using plugin "obstacle_layer"
[planner_server-6] [INFO] [1786689578.493378039] [pinky_01.global_costmap.global_costmap]: Subscribed to Topics: scan
[planner_server-6] [INFO] [1786689578.501520342] [pinky_01.global_costmap.global_costmap]: Initialized plugin "obstacle_layer"
[planner_server-6] [INFO] [1786689578.501566809] [pinky_01.global_costmap.global_costmap]: Using plugin "inflation_layer"
[planner_server-6] [INFO] [1786689578.502619439] [pinky_01.global_costmap.global_costmap]: Initialized plugin "inflation_layer"
[planner_server-6] [INFO] [1786689578.538110550] [pinky_01.global_costmap.global_costmap]: StaticLayer: Resizing costmap to 800 X 615 at 0.005994 m/pix
[planner_server-6] [INFO] [1786689578.538928027] [pinky_01.planner_server]: Created global planner plugin GridBased of type nav2_navfn_planner::NavfnPlanner
[planner_server-6] [INFO] [1786689578.538955431] [pinky_01.planner_server]: Configuring plugin GridBased of type NavfnPlanner
[planner_server-6] [INFO] [1786689578.540172380] [pinky_01.planner_server]: Planner Server has GridBased  planners available.
[lifecycle_manager-11] [INFO] [1786689578.559479685] [pinky_01.lifecycle_manager_navigation]: [34m[1mConfiguring behavior_server[0m[0m
[behavior_server-7] [INFO] [1786689578.559791419] [pinky_01.behavior_server]: Configuring
[behavior_server-7] [INFO] [1786689578.566897141] [pinky_01.behavior_server]: Creating behavior plugin spin of type nav2_behaviors::Spin
[behavior_server-7] [INFO] [1786689578.568622568] [pinky_01.behavior_server]: Creating behavior plugin backup of type nav2_behaviors::BackUp
[behavior_server-7] [INFO] [1786689578.570573452] [pinky_01.behavior_server]: Creating behavior plugin drive_on_heading of type nav2_behaviors::DriveOnHeading
[behavior_server-7] [INFO] [1786689578.573998250] [pinky_01.behavior_server]: Creating behavior plugin assisted_teleop of type nav2_behaviors::AssistedTeleop
[behavior_server-7] [INFO] [1786689578.577556087] [pinky_01.behavior_server]: Creating behavior plugin wait of type nav2_behaviors::Wait
[behavior_server-7] [INFO] [1786689578.588301806] [pinky_01.behavior_server]: Configuring spin
[behavior_server-7] [INFO] [1786689578.600121708] [pinky_01.behavior_server]: Configuring backup
[behavior_server-7] [INFO] [1786689578.611418033] [pinky_01.behavior_server]: Configuring drive_on_heading
[behavior_server-7] [INFO] [1786689578.619599851] [pinky_01.behavior_server]: Configuring assisted_teleop
[behavior_server-7] [INFO] [1786689578.634236896] [pinky_01.behavior_server]: Configuring wait
[lifecycle_manager-11] [INFO] [1786689578.647058059] [pinky_01.lifecycle_manager_navigation]: [34m[1mConfiguring bt_navigator[0m[0m
[bt_navigator-8] [INFO] [1786689578.647443651] [pinky_01.bt_navigator]: Configuring
[bt_navigator-8] [INFO] [1786689578.660596742] [pinky_01.bt_navigator]: Creating navigator id navigate_to_pose of type nav2_bt_navigator::NavigateToPoseNavigator
[bt_navigator-8] [INFO] [1786689578.784634282] [pinky_01.bt_navigator]: Creating navigator id navigate_through_poses of type nav2_bt_navigator::NavigateThroughPosesNavigator
[lifecycle_manager-11] [INFO] [1786689578.830710400] [pinky_01.lifecycle_manager_navigation]: [34m[1mConfiguring waypoint_follower[0m[0m
[waypoint_follower-9] [INFO] [1786689578.831090880] [pinky_01.waypoint_follower]: Configuring
[waypoint_follower-9] [INFO] [1786689578.872416312] [pinky_01.waypoint_follower]: Created waypoint_task_executor : wait_at_waypoint of type nav2_waypoint_follower::WaitAtWaypoint
[lifecycle_manager-11] [INFO] [1786689578.873769218] [pinky_01.lifecycle_manager_navigation]: [34m[1mConfiguring velocity_smoother[0m[0m
[velocity_smoother-10] [INFO] [1786689578.874358824] [pinky_01.velocity_smoother]: Configuring velocity smoother
[lifecycle_manager-11] [INFO] [1786689578.887303687] [pinky_01.lifecycle_manager_navigation]: [34m[1mActivating amcl[0m[0m
[amcl-3] [INFO] [1786689578.887503803] [pinky_01.amcl]: Activating
[amcl-3] [INFO] [1786689578.887526111] [pinky_01.amcl]: initialPoseReceived
[amcl-3] [INFO] [1786689578.887591463] [pinky_01.amcl]: Setting pose (3.140000): 1.185 -1.602 0.000
[amcl-3] [INFO] [1786689578.887844504] [pinky_01.amcl]: Creating bond (amcl) to lifecycle manager.
[lifecycle_manager-11] [INFO] [1786689578.995305102] [pinky_01.lifecycle_manager_navigation]: Server amcl connected with bond.
[lifecycle_manager-11] [INFO] [1786689578.995347048] [pinky_01.lifecycle_manager_navigation]: [34m[1mActivating controller_server[0m[0m
[controller_server-4] [INFO] [1786689579.222659616] [pinky_01.controller_server]: Activating
[controller_server-4] [INFO] [1786689579.222719713] [pinky_01.local_costmap.local_costmap]: Activating
[controller_server-4] [INFO] [1786689579.222732735] [pinky_01.local_costmap.local_costmap]: Checking transform
[controller_server-4] [INFO] [1786689579.223038699] [pinky_01.local_costmap.local_costmap]: start
[python3-12] [WARN] [1786689579.245690969] [project1_pinky_fleet_adapter]: [FleetUpdateHandle::set_retreat_to_charger_interval] This parameter is no longer being used.
[python3-12] [INFO] [1786689579.245733198] [project1_pinky_fleet_adapter]: Fleet [project1_pinky] is configured to perform delivery tasks
[python3-12] [INFO] [1786689579.245739327] [project1_pinky_fleet_adapter]: Fleet [project1_pinky] is configured to perform patrol tasks
[python3-12] [INFO] [1786689579.245769450] [project1_pinky_fleet_adapter]: Finished configuring Easy Full Control adapter for fleet [project1_pinky]
[python3-12] [INFO] [1786689579.276221798] [project1_pinky_nav2_adapter]: project1_pinky 를 Nav2 에 이었습니다. 로봇 1대, 0.10초마다 알립니다.
[amcl-3] [INFO] [1786689579.282939882] [pinky_01.amcl]: createLaserObject
[controller_server-4] [INFO] [1786689579.424463659] [pinky_01.controller_server]: Activating controller: FollowPath of type regulated_pure_pursuit_controller::RegulatedPurePursuitController
[controller_server-4] [INFO] [1786689579.424507652] [pinky_01.controller_server]: Creating bond (controller_server) to lifecycle manager.
[lifecycle_manager-11] [INFO] [1786689579.532315472] [pinky_01.lifecycle_manager_navigation]: Server controller_server connected with bond.
[lifecycle_manager-11] [INFO] [1786689579.532357507] [pinky_01.lifecycle_manager_navigation]: [34m[1mActivating smoother_server[0m[0m
[smoother_server-5] [INFO] [1786689579.532714413] [pinky_01.smoother_server]: Activating
[smoother_server-5] [INFO] [1786689579.532747645] [pinky_01.smoother_server]: Creating bond (smoother_server) to lifecycle manager.
[lifecycle_manager-11] [INFO] [1786689579.640723591] [pinky_01.lifecycle_manager_navigation]: Server smoother_server connected with bond.
[lifecycle_manager-11] [INFO] [1786689579.640762869] [pinky_01.lifecycle_manager_navigation]: [34m[1mActivating planner_server[0m[0m
[planner_server-6] [INFO] [1786689579.641126017] [pinky_01.planner_server]: Activating
[planner_server-6] [INFO] [1786689579.641152112] [pinky_01.global_costmap.global_costmap]: Activating
[planner_server-6] [INFO] [1786689579.641157398] [pinky_01.global_costmap.global_costmap]: Checking transform
[planner_server-6] [INFO] [1786689579.641203436] [pinky_01.global_costmap.global_costmap]: Timed out waiting for transform from pinky_01/base_footprint to map to become available, tf error: Lookup would require extrapolation at time 3.210000, but only time 4.200000 is in the buffer, when looking up transform from frame [pinky_01/base_footprint] to frame [map]
[planner_server-6] [INFO] [1786689580.141280812] [pinky_01.global_costmap.global_costmap]: Timed out waiting for transform from pinky_01/base_footprint to map to become available, tf error: Lookup would require extrapolation into the past.  Requested time 3.370000 but the earliest data is at time 4.200000, when looking up transform from frame [pinky_01/base_footprint] to frame [map]
[planner_server-6] [INFO] [1786689580.641268477] [pinky_01.global_costmap.global_costmap]: Timed out waiting for transform from pinky_01/base_footprint to map to become available, tf error: Lookup would require extrapolation into the past.  Requested time 3.450000 but the earliest data is at time 4.200000, when looking up transform from frame [pinky_01/base_footprint] to frame [map]
[planner_server-6] [INFO] [1786689581.141259963] [pinky_01.global_costmap.global_costmap]: Timed out waiting for transform from pinky_01/base_footprint to map to become available, tf error: Lookup would require extrapolation into the past.  Requested time 3.550000 but the earliest data is at time 4.200000, when looking up transform from frame [pinky_01/base_footprint] to frame [map]
[planner_server-6] [INFO] [1786689581.641255408] [pinky_01.global_costmap.global_costmap]: Timed out waiting for transform from pinky_01/base_footprint to map to become available, tf error: Lookup would require extrapolation into the past.  Requested time 3.650000 but the earliest data is at time 4.200000, when looking up transform from frame [pinky_01/base_footprint] to frame [map]
[planner_server-6] [INFO] [1786689582.141256557] [pinky_01.global_costmap.global_costmap]: Timed out waiting for transform from pinky_01/base_footprint to map to become available, tf error: Lookup would require extrapolation into the past.  Requested time 3.750000 but the earliest data is at time 4.200000, when looking up transform from frame [pinky_01/base_footprint] to frame [map]
[planner_server-6] [INFO] [1786689582.641261965] [pinky_01.global_costmap.global_costmap]: Timed out waiting for transform from pinky_01/base_footprint to map to become available, tf error: Lookup would require extrapolation into the past.  Requested time 3.850000 but the earliest data is at time 4.200000, when looking up transform from frame [pinky_01/base_footprint] to frame [map]
[planner_server-6] [INFO] [1786689583.141262097] [pinky_01.global_costmap.global_costmap]: Timed out waiting for transform from pinky_01/base_footprint to map to become available, tf error: Lookup would require extrapolation into the past.  Requested time 3.950000 but the earliest data is at time 4.200000, when looking up transform from frame [pinky_01/base_footprint] to frame [map]
[planner_server-6] [INFO] [1786689583.641306824] [pinky_01.global_costmap.global_costmap]: Timed out waiting for transform from pinky_01/base_footprint to map to become available, tf error: Lookup would require extrapolation into the past.  Requested time 4.050000 but the earliest data is at time 4.200000, when looking up transform from frame [pinky_01/base_footprint] to frame [map]
[planner_server-6] [INFO] [1786689584.141261674] [pinky_01.global_costmap.global_costmap]: Timed out waiting for transform from pinky_01/base_footprint to map to become available, tf error: Lookup would require extrapolation into the past.  Requested time 4.150000 but the earliest data is at time 4.200000, when looking up transform from frame [pinky_01/base_footprint] to frame [map]
[schedule_visualizer_node-4] [INFO] [1786689584.584957448] [schedule_data_node]: Requesting new schedule update because update timed out
[schedule_visualizer_node-4] [INFO] [1786689584.585008330] [schedule_data_node]: [rmf_traffic_ros2::MirrorManager::request_update] Requesting changes for query ID [1] since beginning of recorded history
[rmf_traffic_schedule-1] [INFO] [1786689584.591268385] [rmf_traffic_schedule_primary]: [ScheduleNode::update_mirrors] Sending remedial update starting from the beginning going to 1 for query 1
[planner_server-6] [INFO] [1786689584.641362449] [pinky_01.global_costmap.global_costmap]: start
[python3-12] [INFO] [1786689584.891102188] [project1_pinky_fleet_adapter]: Adding robot [pinky_01] to fleet [project1_pinky].
[python3-12] [INFO] [1786689584.892122214] [project1_pinky_nav2_adapter]: [pinky_01] RMF 에 붙었습니다.
[rmf_traffic_schedule-1] [INFO] [1786689584.892340695] [rmf_traffic_schedule_primary]: Registered participant [0] named [pinky_01] owned by [project1_pinky]
[python3-12] [INFO] [1786689584.915290474] [project1_pinky_fleet_adapter]: Added a robot named [pinky_01] with participant ID [0]
[python3-12] [INFO] [1786689584.925548268] [project1_pinky_fleet_adapter]: Successfully added robot [pinky_01] to the fleet [project1_pinky].
[python3-12] [INFO] [1786689584.925683519] [project1_pinky_fleet_adapter]: Charger waypoint for robot [project1_pinky/pinky_01] set to index [4]
[planner_server-6] [INFO] [1786689585.693218278] [pinky_01.planner_server]: Activating plugin GridBased of type NavfnPlanner
[planner_server-6] [INFO] [1786689585.696074404] [pinky_01.planner_server]: Creating bond (planner_server) to lifecycle manager.
[lifecycle_manager-11] [INFO] [1786689585.805081835] [pinky_01.lifecycle_manager_navigation]: Server planner_server connected with bond.
[lifecycle_manager-11] [INFO] [1786689585.805126672] [pinky_01.lifecycle_manager_navigation]: [34m[1mActivating behavior_server[0m[0m
[behavior_server-7] [INFO] [1786689585.805745440] [pinky_01.behavior_server]: Activating
[behavior_server-7] [INFO] [1786689585.805777108] [pinky_01.behavior_server]: Activating spin
[behavior_server-7] [INFO] [1786689585.805789167] [pinky_01.behavior_server]: Activating backup
[behavior_server-7] [INFO] [1786689585.805799615] [pinky_01.behavior_server]: Activating drive_on_heading
[behavior_server-7] [INFO] [1786689585.805809377] [pinky_01.behavior_server]: Activating assisted_teleop
[behavior_server-7] [INFO] [1786689585.805819157] [pinky_01.behavior_server]: Activating wait
[behavior_server-7] [INFO] [1786689585.805832292] [pinky_01.behavior_server]: Creating bond (behavior_server) to lifecycle manager.
[lifecycle_manager-11] [INFO] [1786689585.915462708] [pinky_01.lifecycle_manager_navigation]: Server behavior_server connected with bond.
[lifecycle_manager-11] [INFO] [1786689585.915508113] [pinky_01.lifecycle_manager_navigation]: [34m[1mActivating bt_navigator[0m[0m
[bt_navigator-8] [INFO] [1786689585.915928407] [pinky_01.bt_navigator]: Activating
[bt_navigator-8] [INFO] [1786689586.066457163] [pinky_01.bt_navigator]: Creating bond (bt_navigator) to lifecycle manager.
[lifecycle_manager-11] [INFO] [1786689586.176531801] [pinky_01.lifecycle_manager_navigation]: Server bt_navigator connected with bond.
[lifecycle_manager-11] [INFO] [1786689586.176584087] [pinky_01.lifecycle_manager_navigation]: [34m[1mActivating waypoint_follower[0m[0m
[waypoint_follower-9] [INFO] [1786689586.176995419] [pinky_01.waypoint_follower]: Activating
[waypoint_follower-9] [INFO] [1786689586.177031223] [pinky_01.waypoint_follower]: Creating bond (waypoint_follower) to lifecycle manager.
[lifecycle_manager-11] [INFO] [1786689586.286394160] [pinky_01.lifecycle_manager_navigation]: Server waypoint_follower connected with bond.
[lifecycle_manager-11] [INFO] [1786689586.286465096] [pinky_01.lifecycle_manager_navigation]: [34m[1mActivating velocity_smoother[0m[0m
[velocity_smoother-10] [INFO] [1786689586.287000608] [pinky_01.velocity_smoother]: Activating
[velocity_smoother-10] [INFO] [1786689586.287068665] [pinky_01.velocity_smoother]: Creating bond (velocity_smoother) to lifecycle manager.
[lifecycle_manager-11] [INFO] [1786689586.396360082] [pinky_01.lifecycle_manager_navigation]: Server velocity_smoother connected with bond.
[lifecycle_manager-11] [INFO] [1786689586.396420249] [pinky_01.lifecycle_manager_navigation]: [34m[1mManaged nodes are active[0m[0m
[lifecycle_manager-11] [INFO] [1786689586.396425790] [pinky_01.lifecycle_manager_navigation]: [34m[1mCreating bond timer...[0m[0m
[python3-12] [INFO] [1786689604.593020619] [project1_pinky_fleet_adapter]: Requesting new schedule update because update timed out
[python3-12] [INFO] [1786689604.593088322] [project1_pinky_fleet_adapter]: [rmf_traffic_ros2::MirrorManager::request_update] Requesting changes for query ID [1] since version [1]
[schedule_visualizer_node-4] [INFO] [1786689604.594683540] [schedule_data_node]: Requesting new schedule update because update timed out
[schedule_visualizer_node-4] [INFO] [1786689604.594742175] [schedule_data_node]: [rmf_traffic_ros2::MirrorManager::request_update] Requesting changes for query ID [1] since version [1]
[python3-12] [INFO] [1786689624.592939251] [project1_pinky_fleet_adapter]: Requesting new schedule update because update timed out
[python3-12] [INFO] [1786689624.593002781] [project1_pinky_fleet_adapter]: [rmf_traffic_ros2::MirrorManager::request_update] Requesting changes for query ID [1] since beginning of recorded history
[schedule_visualizer_node-4] [INFO] [1786689624.594549635] [schedule_data_node]: Requesting new schedule update because update timed out
[schedule_visualizer_node-4] [INFO] [1786689624.594609734] [schedule_data_node]: [rmf_traffic_ros2::MirrorManager::request_update] Requesting changes for query ID [1] since beginning of recorded history
[rmf_traffic_schedule-1] [INFO] [1786689624.601128998] [rmf_traffic_schedule_primary]: [ScheduleNode::update_mirrors] Sending remedial update starting from the beginning going to 2 for query 1
[python3-12] [INFO] [1786689637.926524699] [project1_pinky_fleet_adapter]: Direct request [rmf_control_ui-339aa8f3] successfully queued for robot [pinky_01]
[python3-12] [INFO] [1786689637.927179243] [project1_pinky_fleet_adapter]: Beginning next task [rmf_control_ui-339aa8f3] for robot [project1_pinky/pinky_01]
[python3-12] [INFO] [1786689637.929784572] [project1_pinky_fleet_adapter]: Selecting a new go_to_place location from [1] choices for robot [project1_pinky/pinky_01]
[python3-12] [INFO] [1786689637.929831507] [project1_pinky_fleet_adapter]: Got distance from [7] as 0.000000
[python3-12] [INFO] [1786689637.929926357] [project1_pinky_fleet_adapter]: Planning for [project1_pinky/pinky_01] to [대기4] from one of these locations:
[python3-12]  -- L1 < 1.18465 -1.60222> [대기4] | on waypoint | orientation -1.36794e-11
[python3-12] [INFO] [1786689637.931299052] [project1_pinky_fleet_adapter]: Beginning new task [rmf_control_ui-339aa8f3] for [project1_pinky/pinky_01]. Remaining queue size: 0
[python3-12] [INFO] [1786689637.932055206] [project1_pinky_fleet_adapter]: Robot [project1_pinky/pinky_01] is already at its goal [7]
[python3-12] [INFO] [1786689637.932864887] [project1_pinky_nav2_adapter]: [pinky_01] 동작 [armLoad] → 워크셀 [대기4] 요청 (pinky_01-60bd9be1-3b73-4001-bd30-fd12b930b882)
[schedule_visualizer_node-4] [INFO] [1786689644.601470002] [schedule_data_node]: Requesting new schedule update because update timed out
[schedule_visualizer_node-4] [INFO] [1786689644.601543015] [schedule_data_node]: [rmf_traffic_ros2::MirrorManager::request_update] Requesting changes for query ID [1] since version [2]
[python3-12] [INFO] [1786689644.602122882] [project1_pinky_fleet_adapter]: Requesting new schedule update because update timed out
[python3-12] [INFO] [1786689644.602173721] [project1_pinky_fleet_adapter]: [rmf_traffic_ros2::MirrorManager::request_update] Requesting changes for query ID [1] since version [2]
[schedule_visualizer_node-4] [INFO] [1786689664.601553782] [schedule_data_node]: Requesting new schedule update because update timed out
[schedule_visualizer_node-4] [INFO] [1786689664.601671130] [schedule_data_node]: [rmf_traffic_ros2::MirrorManager::request_update] Requesting changes for query ID [1] since beginning of recorded history
[python3-12] [INFO] [1786689664.602261611] [project1_pinky_fleet_adapter]: Requesting new schedule update because update timed out
[python3-12] [INFO] [1786689664.602313662] [project1_pinky_fleet_adapter]: [rmf_traffic_ros2::MirrorManager::request_update] Requesting changes for query ID [1] since beginning of recorded history
[rmf_traffic_schedule-1] [INFO] [1786689664.611127523] [rmf_traffic_schedule_primary]: [ScheduleNode::update_mirrors] Sending remedial update starting from the beginning going to 2 for query 1
[schedule_visualizer_node-4] [INFO] [1786689684.611474100] [schedule_data_node]: Requesting new schedule update because update timed out
[schedule_visualizer_node-4] [INFO] [1786689684.611524283] [schedule_data_node]: [rmf_traffic_ros2::MirrorManager::request_update] Requesting changes for query ID [1] since version [2]
[python3-12] [INFO] [1786689684.612122755] [project1_pinky_fleet_adapter]: Requesting new schedule update because update timed out
[python3-12] [INFO] [1786689684.612174281] [project1_pinky_fleet_adapter]: [rmf_traffic_ros2::MirrorManager::request_update] Requesting changes for query ID [1] since version [2]
[schedule_visualizer_node-4] [INFO] [1786689704.611409746] [schedule_data_node]: Requesting new schedule update because update timed out
[schedule_visualizer_node-4] [INFO] [1786689704.611450119] [schedule_data_node]: [rmf_traffic_ros2::MirrorManager::request_update] Requesting changes for query ID [1] since beginning of recorded history
[python3-12] [INFO] [1786689704.611989666] [project1_pinky_fleet_adapter]: Requesting new schedule update because update timed out
[python3-12] [INFO] [1786689704.612028002] [project1_pinky_fleet_adapter]: [rmf_traffic_ros2::MirrorManager::request_update] Requesting changes for query ID [1] since beginning of recorded history
[rmf_traffic_schedule-1] [INFO] [1786689704.621152567] [rmf_traffic_schedule_primary]: [ScheduleNode::update_mirrors] Sending remedial update starting from the beginning going to 3 for query 1
[python3-12] [INFO] [1786689721.947979617] [project1_pinky_fleet_adapter]: Direct request [rmf_control_ui-ca72c432] successfully queued for robot [pinky_01]
[schedule_visualizer_node-4] [INFO] [1786689724.621501921] [schedule_data_node]: Requesting new schedule update because update timed out
[schedule_visualizer_node-4] [INFO] [1786689724.621551912] [schedule_data_node]: [rmf_traffic_ros2::MirrorManager::request_update] Requesting changes for query ID [1] since version [3]
[python3-12] [INFO] [1786689724.621754579] [project1_pinky_fleet_adapter]: Requesting new schedule update because update timed out
[python3-12] [INFO] [1786689724.621788440] [project1_pinky_fleet_adapter]: [rmf_traffic_ros2::MirrorManager::request_update] Requesting changes for query ID [1] since version [3]
[python3-12] [INFO] [1786689742.577157236] [project1_pinky_fleet_adapter]: Direct request [rmf_control_ui-4f67c075] successfully queued for robot [pinky_01]
[schedule_visualizer_node-4] [INFO] [1786689744.621437812] [schedule_data_node]: Requesting new schedule update because update timed out
[schedule_visualizer_node-4] [INFO] [1786689744.621481575] [schedule_data_node]: [rmf_traffic_ros2::MirrorManager::request_update] Requesting changes for query ID [1] since beginning of recorded history
[python3-12] [INFO] [1786689744.621814414] [project1_pinky_fleet_adapter]: Requesting new schedule update because update timed out
[python3-12] [INFO] [1786689744.621851103] [project1_pinky_fleet_adapter]: [rmf_traffic_ros2::MirrorManager::request_update] Requesting changes for query ID [1] since beginning of recorded history
[rmf_traffic_schedule-1] [INFO] [1786689744.631288845] [rmf_traffic_schedule_primary]: [ScheduleNode::update_mirrors] Sending remedial update starting from the beginning going to 4 for query 1
[schedule_visualizer_node-4] [INFO] [1786689764.631614750] [schedule_data_node]: Requesting new schedule update because update timed out
[schedule_visualizer_node-4] [INFO] [1786689764.631674077] [schedule_data_node]: [rmf_traffic_ros2::MirrorManager::request_update] Requesting changes for query ID [1] since version [4]
[python3-12] [INFO] [1786689764.632357758] [project1_pinky_fleet_adapter]: Requesting new schedule update because update timed out
[python3-12] [INFO] [1786689764.632407999] [project1_pinky_fleet_adapter]: [rmf_traffic_ros2::MirrorManager::request_update] Requesting changes for query ID [1] since version [4]
[schedule_visualizer_node-4] [INFO] [1786689784.631632701] [schedule_data_node]: Requesting new schedule update because update timed out
[schedule_visualizer_node-4] [INFO] [1786689784.631707525] [schedule_data_node]: [rmf_traffic_ros2::MirrorManager::request_update] Requesting changes for query ID [1] since beginning of recorded history
[python3-12] [INFO] [1786689784.632533047] [project1_pinky_fleet_adapter]: Requesting new schedule update because update timed out
[python3-12] [INFO] [1786689784.632629115] [project1_pinky_fleet_adapter]: [rmf_traffic_ros2::MirrorManager::request_update] Requesting changes for query ID [1] since beginning of recorded history
[rmf_traffic_schedule-1] [INFO] [1786689784.641205624] [rmf_traffic_schedule_primary]: [ScheduleNode::update_mirrors] Sending remedial update starting from the beginning going to 4 for query 1
[schedule_visualizer_node-4] [INFO] [1786689804.641472154] [schedule_data_node]: Requesting new schedule update because update timed out
[schedule_visualizer_node-4] [INFO] [1786689804.641512873] [schedule_data_node]: [rmf_traffic_ros2::MirrorManager::request_update] Requesting changes for query ID [1] since version [4]
[python3-12] [INFO] [1786689804.643835999] [project1_pinky_fleet_adapter]: Requesting new schedule update because update timed out
[python3-12] [INFO] [1786689804.643903218] [project1_pinky_fleet_adapter]: [rmf_traffic_ros2::MirrorManager::request_update] Requesting changes for query ID [1] since version [4]
[schedule_visualizer_node-4] [INFO] [1786689824.641464122] [schedule_data_node]: Requesting new schedule update because update timed out
[schedule_visualizer_node-4] [INFO] [1786689824.641500940] [schedule_data_node]: [rmf_traffic_ros2::MirrorManager::request_update] Requesting changes for query ID [1] since beginning of recorded history
[python3-12] [INFO] [1786689824.642291662] [project1_pinky_fleet_adapter]: Requesting new schedule update because update timed out
[python3-12] [INFO] [1786689824.642333031] [project1_pinky_fleet_adapter]: [rmf_traffic_ros2::MirrorManager::request_update] Requesting changes for query ID [1] since beginning of recorded history
[rmf_traffic_schedule-1] [INFO] [1786689824.651138396] [rmf_traffic_schedule_primary]: [ScheduleNode::update_mirrors] Sending remedial update starting from the beginning going to 5 for query 1
[schedule_visualizer_node-4] [INFO] [1786689844.651396026] [schedule_data_node]: Requesting new schedule update because update timed out
[python3-12] [INFO] [1786689844.651885113] [project1_pinky_fleet_adapter]: Requesting new schedule update because update timed out
[python3-12] [INFO] [1786689844.651924141] [project1_pinky_fleet_adapter]: [rmf_traffic_ros2::MirrorManager::request_update] Requesting changes for query ID [1] since version [5]
[schedule_visualizer_node-4] [INFO] [1786689844.651441199] [schedule_data_node]: [rmf_traffic_ros2::MirrorManager::request_update] Requesting changes for query ID [1] since version [5]
[schedule_visualizer_node-4] [INFO] [1786689864.651382305] [schedule_data_node]: Requesting new schedule update because update timed out
[schedule_visualizer_node-4] [INFO] [1786689864.651438771] [schedule_data_node]: [rmf_traffic_ros2::MirrorManager::request_update] Requesting changes for query ID [1] since beginning of recorded history
[python3-12] [INFO] [1786689864.652113158] [project1_pinky_fleet_adapter]: Requesting new schedule update because update timed out
[python3-12] [INFO] [1786689864.652169190] [project1_pinky_fleet_adapter]: [rmf_traffic_ros2::MirrorManager::request_update] Requesting changes for query ID [1] since beginning of recorded history
[rmf_traffic_schedule-1] [INFO] [1786689864.661111630] [rmf_traffic_schedule_primary]: [ScheduleNode::update_mirrors] Sending remedial update starting from the beginning going to 6 for query 1
[python3-12] [INFO] [1786689879.246241713] [project1_pinky_fleet_adapter]: Cache sizes:
[python3-12]  - DifferentialDrive: 94
[python3-12]  - ShortestPath: 25
[python3-12]  - Euclidean: 0
[schedule_visualizer_node-4] [INFO] [1786689884.661416422] [schedule_data_node]: Requesting new schedule update because update timed out
[schedule_visualizer_node-4] [INFO] [1786689884.661470419] [schedule_data_node]: [rmf_traffic_ros2::MirrorManager::request_update] Requesting changes for query ID [1] since version [6]
[python3-12] [INFO] [1786689884.661989226] [project1_pinky_fleet_adapter]: Requesting new schedule update because update timed out
[python3-12] [INFO] [1786689884.662048849] [project1_pinky_fleet_adapter]: [rmf_traffic_ros2::MirrorManager::request_update] Requesting changes for query ID [1] since version [6]
[schedule_visualizer_node-4] [INFO] [1786689904.661467264] [schedule_data_node]: Requesting new schedule update because update timed out
[schedule_visualizer_node-4] [INFO] [1786689904.661562695] [schedule_data_node]: [rmf_traffic_ros2::MirrorManager::request_update] Requesting changes for query ID [1] since beginning of recorded history
[python3-12] [INFO] [1786689904.662164417] [project1_pinky_fleet_adapter]: Requesting new schedule update because update timed out
[python3-12] [INFO] [1786689904.662219563] [project1_pinky_fleet_adapter]: [rmf_traffic_ros2::MirrorManager::request_update] Requesting changes for query ID [1] since beginning of recorded history
[rmf_traffic_schedule-1] [INFO] [1786689904.671246162] [rmf_traffic_schedule_primary]: [ScheduleNode::update_mirrors] Sending remedial update starting from the beginning going to 6 for query 1
[schedule_visualizer_node-4] [INFO] [1786689924.671671102] [schedule_data_node]: Requesting new schedule update because update timed out
[schedule_visualizer_node-4] [INFO] [1786689924.671742001] [schedule_data_node]: [rmf_traffic_ros2::MirrorManager::request_update] Requesting changes for query ID [1] since version [6]
[python3-12] [INFO] [1786689924.672359903] [project1_pinky_fleet_adapter]: Requesting new schedule update because update timed out
[python3-12] [INFO] [1786689924.672482470] [project1_pinky_fleet_adapter]: [rmf_traffic_ros2::MirrorManager::request_update] Requesting changes for query ID [1] since version [6]
[schedule_visualizer_node-4] [INFO] [1786689944.671639987] [schedule_data_node]: Requesting new schedule update because update timed out
[schedule_visualizer_node-4] [INFO] [1786689944.671691369] [schedule_data_node]: [rmf_traffic_ros2::MirrorManager::request_update] Requesting changes for query ID [1] since beginning of recorded history
[python3-12] [INFO] [1786689944.672177436] [project1_pinky_fleet_adapter]: Requesting new schedule update because update timed out
[python3-12] [INFO] [1786689944.672222590] [project1_pinky_fleet_adapter]: [rmf_traffic_ros2::MirrorManager::request_update] Requesting changes for query ID [1] since beginning of recorded history
[rmf_traffic_schedule-1] [INFO] [1786689944.681154308] [rmf_traffic_schedule_primary]: [ScheduleNode::update_mirrors] Sending remedial update starting from the beginning going to 7 for query 1
[schedule_visualizer_node-4] [INFO] [1786689964.681513469] [schedule_data_node]: Requesting new schedule update because update timed out
[schedule_visualizer_node-4] [INFO] [1786689964.681562657] [schedule_data_node]: [rmf_traffic_ros2::MirrorManager::request_update] Requesting changes for query ID [1] since version [7]
[python3-12] [INFO] [1786689964.682110594] [project1_pinky_fleet_adapter]: Requesting new schedule update because update timed out
[python3-12] [INFO] [1786689964.682148745] [project1_pinky_fleet_adapter]: [rmf_traffic_ros2::MirrorManager::request_update] Requesting changes for query ID [1] since version [7]
[python3-12] [INFO] [1786689977.328401238] [project1_pinky_fleet_adapter]: Direct request [rmf_control_ui-5bfe966c] successfully queued for robot [pinky_01]
[schedule_visualizer_node-4] [INFO] [1786689984.681466791] [schedule_data_node]: Requesting new schedule update because update timed out
[schedule_visualizer_node-4] [INFO] [1786689984.681515272] [schedule_data_node]: [rmf_traffic_ros2::MirrorManager::request_update] Requesting changes for query ID [1] since beginning of recorded history
[python3-12] [INFO] [1786689984.682043872] [project1_pinky_fleet_adapter]: Requesting new schedule update because update timed out
[python3-12] [INFO] [1786689984.682086045] [project1_pinky_fleet_adapter]: [rmf_traffic_ros2::MirrorManager::request_update] Requesting changes for query ID [1] since beginning of recorded history
[rmf_traffic_schedule-1] [INFO] [1786689984.691086237] [rmf_traffic_schedule_primary]: [ScheduleNode::update_mirrors] Sending remedial update starting from the beginning going to 8 for query 1
[python3-12] [INFO] [1786689986.222028252] [project1_pinky_fleet_adapter]: Direct request [rmf_control_ui-4f896dd0] successfully queued for robot [pinky_01]
[schedule_visualizer_node-4] [INFO] [1786690004.691352562] [schedule_data_node]: Requesting new schedule update because update timed out
[schedule_visualizer_node-4] [INFO] [1786690004.691401005] [schedule_data_node]: [rmf_traffic_ros2::MirrorManager::request_update] Requesting changes for query ID [1] since version [8]
[python3-12] [INFO] [1786690004.691984326] [project1_pinky_fleet_adapter]: Requesting new schedule update because update timed out
[python3-12] [INFO] [1786690004.692028653] [project1_pinky_fleet_adapter]: [rmf_traffic_ros2::MirrorManager::request_update] Requesting changes for query ID [1] since version [8]
[schedule_visualizer_node-4] [INFO] [1786690024.691337201] [schedule_data_node]: Requesting new schedule update because update timed out
[schedule_visualizer_node-4] [INFO] [1786690024.691375763] [schedule_data_node]: [rmf_traffic_ros2::MirrorManager::request_update] Requesting changes for query ID [1] since beginning of recorded history
[python3-12] [INFO] [1786690024.692030047] [project1_pinky_fleet_adapter]: Requesting new schedule update because update timed out
[python3-12] [INFO] [1786690024.692064374] [project1_pinky_fleet_adapter]: [rmf_traffic_ros2::MirrorManager::request_update] Requesting changes for query ID [1] since beginning of recorded history
[rmf_traffic_schedule-1] [INFO] [1786690024.701130810] [rmf_traffic_schedule_primary]: [ScheduleNode::update_mirrors] Sending remedial update starting from the beginning going to 8 for query 1
[schedule_visualizer_node-4] [INFO] [1786690044.701410955] [schedule_data_node]: Requesting new schedule update because update timed out
[schedule_visualizer_node-4] [INFO] [1786690044.701454204] [schedule_data_node]: [rmf_traffic_ros2::MirrorManager::request_update] Requesting changes for query ID [1] since version [8]
[python3-12] [INFO] [1786690044.702019097] [project1_pinky_fleet_adapter]: Requesting new schedule update because update timed out
[python3-12] [INFO] [1786690044.702060326] [project1_pinky_fleet_adapter]: [rmf_traffic_ros2::MirrorManager::request_update] Requesting changes for query ID [1] since version [8]
[schedule_visualizer_node-4] [INFO] [1786690064.701457644] [schedule_data_node]: Requesting new schedule update because update timed out
[schedule_visualizer_node-4] [INFO] [1786690064.701504143] [schedule_data_node]: [rmf_traffic_ros2::MirrorManager::request_update] Requesting changes for query ID [1] since beginning of recorded history
[python3-12] [INFO] [1786690064.701996358] [project1_pinky_fleet_adapter]: Requesting new schedule update because update timed out
[python3-12] [INFO] [1786690064.702041958] [project1_pinky_fleet_adapter]: [rmf_traffic_ros2::MirrorManager::request_update] Requesting changes for query ID [1] since beginning of recorded history
[rmf_traffic_schedule-1] [INFO] [1786690064.711122913] [rmf_traffic_schedule_primary]: [ScheduleNode::update_mirrors] Sending remedial update starting from the beginning going to 9 for query 1
[schedule_visualizer_node-4] [INFO] [1786690084.711403653] [schedule_data_node]: Requesting new schedule update because update timed out
[schedule_visualizer_node-4] [INFO] [1786690084.711444435] [schedule_data_node]: [rmf_traffic_ros2::MirrorManager::request_update] Requesting changes for query ID [1] since version [9]
[python3-12] [INFO] [1786690084.711950054] [project1_pinky_fleet_adapter]: Requesting new schedule update because update timed out
[python3-12] [INFO] [1786690084.711984254] [project1_pinky_fleet_adapter]: [rmf_traffic_ros2::MirrorManager::request_update] Requesting changes for query ID [1] since version [9]
[schedule_visualizer_node-4] [INFO] [1786690104.711460763] [schedule_data_node]: Requesting new schedule update because update timed out
[schedule_visualizer_node-4] [INFO] [1786690104.711509402] [schedule_data_node]: [rmf_traffic_ros2::MirrorManager::request_update] Requesting changes for query ID [1] since beginning of recorded history
[python3-12] [INFO] [1786690104.711988233] [project1_pinky_fleet_adapter]: Requesting new schedule update because update timed out
[python3-12] [INFO] [1786690104.712030326] [project1_pinky_fleet_adapter]: [rmf_traffic_ros2::MirrorManager::request_update] Requesting changes for query ID [1] since beginning of recorded history
[rmf_traffic_schedule-1] [INFO] [1786690104.721117985] [rmf_traffic_schedule_primary]: [ScheduleNode::update_mirrors] Sending remedial update starting from the beginning going to 10 for query 1
[schedule_visualizer_node-4] [INFO] [1786690124.721372575] [schedule_data_node]: Requesting new schedule update because update timed out
[schedule_visualizer_node-4] [INFO] [1786690124.721418678] [schedule_data_node]: [rmf_traffic_ros2::MirrorManager::request_update] Requesting changes for query ID [1] since version [10]
[python3-12] [INFO] [1786690124.721869354] [project1_pinky_fleet_adapter]: Requesting new schedule update because update timed out
[python3-12] [INFO] [1786690124.721911119] [project1_pinky_fleet_adapter]: [rmf_traffic_ros2::MirrorManager::request_update] Requesting changes for query ID [1] since version [10]
[schedule_visualizer_node-4] [INFO] [1786690144.721371625] [schedule_data_node]: Requesting new schedule update because update timed out
[schedule_visualizer_node-4] [INFO] [1786690144.721414026] [schedule_data_node]: [rmf_traffic_ros2::MirrorManager::request_update] Requesting changes for query ID [1] since beginning of recorded history
[python3-12] [INFO] [1786690144.721851068] [project1_pinky_fleet_adapter]: Requesting new schedule update because update timed out
[python3-12] [INFO] [1786690144.721890036] [project1_pinky_fleet_adapter]: [rmf_traffic_ros2::MirrorManager::request_update] Requesting changes for query ID [1] since beginning of recorded history
[rmf_traffic_schedule-1] [INFO] [1786690144.731115386] [rmf_traffic_schedule_primary]: [ScheduleNode::update_mirrors] Sending remedial update starting from the beginning going to 10 for query 1
[schedule_visualizer_node-4] [INFO] [1786690164.731390104] [schedule_data_node]: Requesting new schedule update because update timed out
[schedule_visualizer_node-4] [INFO] [1786690164.731435749] [schedule_data_node]: [rmf_traffic_ros2::MirrorManager::request_update] Requesting changes for query ID [1] since version [10]
[python3-12] [INFO] [1786690164.732027736] [project1_pinky_fleet_adapter]: Requesting new schedule update because update timed out
[python3-12] [INFO] [1786690164.732067881] [project1_pinky_fleet_adapter]: [rmf_traffic_ros2::MirrorManager::request_update] Requesting changes for query ID [1] since version [10]
[python3-12] [INFO] [1786690179.246021521] [project1_pinky_fleet_adapter]: Cache sizes:
[python3-12]  - DifferentialDrive: 94
[python3-12]  - ShortestPath: 25
[python3-12]  - Euclidean: 0
[schedule_visualizer_node-4] [INFO] [1786690184.731409396] [schedule_data_node]: Requesting new schedule update because update timed out
[schedule_visualizer_node-4] [INFO] [1786690184.731465489] [schedule_data_node]: [rmf_traffic_ros2::MirrorManager::request_update] Requesting changes for query ID [1] since beginning of recorded history
[python3-12] [INFO] [1786690184.732243644] [project1_pinky_fleet_adapter]: Requesting new schedule update because update timed out
[python3-12] [INFO] [1786690184.732286341] [project1_pinky_fleet_adapter]: [rmf_traffic_ros2::MirrorManager::request_update] Requesting changes for query ID [1] since beginning of recorded history
[rmf_traffic_schedule-1] [INFO] [1786690184.741140064] [rmf_traffic_schedule_primary]: [ScheduleNode::update_mirrors] Sending remedial update starting from the beginning going to 11 for query 1
[schedule_visualizer_node-4] [INFO] [1786690204.741441800] [schedule_data_node]: Requesting new schedule update because update timed out
[schedule_visualizer_node-4] [INFO] [1786690204.741487027] [schedule_data_node]: [rmf_traffic_ros2::MirrorManager::request_update] Requesting changes for query ID [1] since version [11]
[python3-12] [INFO] [1786690204.741981012] [project1_pinky_fleet_adapter]: Requesting new schedule update because update timed out
[python3-12] [INFO] [1786690204.742015703] [project1_pinky_fleet_adapter]: [rmf_traffic_ros2::MirrorManager::request_update] Requesting changes for query ID [1] since version [11]
[schedule_visualizer_node-4] [INFO] [1786690224.741399892] [schedule_data_node]: Requesting new schedule update because update timed out
[schedule_visualizer_node-4] [INFO] [1786690224.741444859] [schedule_data_node]: [rmf_traffic_ros2::MirrorManager::request_update] Requesting changes for query ID [1] since beginning of recorded history
[python3-12] [INFO] [1786690224.742032386] [project1_pinky_fleet_adapter]: Requesting new schedule update because update timed out
[python3-12] [INFO] [1786690224.742071605] [project1_pinky_fleet_adapter]: [rmf_traffic_ros2::MirrorManager::request_update] Requesting changes for query ID [1] since beginning of recorded history
[rmf_traffic_schedule-1] [INFO] [1786690224.751108893] [rmf_traffic_schedule_primary]: [ScheduleNode::update_mirrors] Sending remedial update starting from the beginning going to 12 for query 1
[schedule_visualizer_node-4] [INFO] [1786690244.751426790] [schedule_data_node]: Requesting new schedule update because update timed out
[schedule_visualizer_node-4] [INFO] [1786690244.751458445] [schedule_data_node]: [rmf_traffic_ros2::MirrorManager::request_update] Requesting changes for query ID [1] since version [12]
[python3-12] [INFO] [1786690244.751834290] [project1_pinky_fleet_adapter]: Requesting new schedule update because update timed out
[python3-12] [INFO] [1786690244.751870649] [project1_pinky_fleet_adapter]: [rmf_traffic_ros2::MirrorManager::request_update] Requesting changes for query ID [1] since version [12]
[schedule_visualizer_node-4] [INFO] [1786690264.751389321] [schedule_data_node]: Requesting new schedule update because update timed out
[schedule_visualizer_node-4] [INFO] [1786690264.751426530] [schedule_data_node]: [rmf_traffic_ros2::MirrorManager::request_update] Requesting changes for query ID [1] since beginning of recorded history
[python3-12] [INFO] [1786690264.751907447] [project1_pinky_fleet_adapter]: Requesting new schedule update because update timed out
[python3-12] [INFO] [1786690264.751948542] [project1_pinky_fleet_adapter]: [rmf_traffic_ros2::MirrorManager::request_update] Requesting changes for query ID [1] since beginning of recorded history
[rmf_traffic_schedule-1] [INFO] [1786690264.761149716] [rmf_traffic_schedule_primary]: [ScheduleNode::update_mirrors] Sending remedial update starting from the beginning going to 12 for query 1
[schedule_visualizer_node-4] [INFO] [1786690284.761477555] [schedule_data_node]: Requesting new schedule update because update timed out
[schedule_visualizer_node-4] [INFO] [1786690284.761523201] [schedule_data_node]: [rmf_traffic_ros2::MirrorManager::request_update] Requesting changes for query ID [1] since version [12]
[python3-12] [INFO] [1786690284.761966084] [project1_pinky_fleet_adapter]: Requesting new schedule update because update timed out
[python3-12] [INFO] [1786690284.762006683] [project1_pinky_fleet_adapter]: [rmf_traffic_ros2::MirrorManager::request_update] Requesting changes for query ID [1] since version [12]
[schedule_visualizer_node-4] [INFO] [1786690304.761527589] [schedule_data_node]: Requesting new schedule update because update timed out
[schedule_visualizer_node-4] [INFO] [1786690304.761583094] [schedule_data_node]: [rmf_traffic_ros2::MirrorManager::request_update] Requesting changes for query ID [1] since beginning of recorded history
[python3-12] [INFO] [1786690304.761991262] [project1_pinky_fleet_adapter]: Requesting new schedule update because update timed out
[python3-12] [INFO] [1786690304.762034220] [project1_pinky_fleet_adapter]: [rmf_traffic_ros2::MirrorManager::request_update] Requesting changes for query ID [1] since beginning of recorded history
[rmf_traffic_schedule-1] [INFO] [1786690304.771119409] [rmf_traffic_schedule_primary]: [ScheduleNode::update_mirrors] Sending remedial update starting from the beginning going to 13 for query 1
