=== 2026-08-14 17:59:20 project1-ver2 실행 ===
Gazebo 창: true · RViz: false · ROS_DOMAIN_ID: 22
월드에 센서 시스템을 넣었습니다: gz::sim::systems::Sensors, gz::sim::systems::Imu
월드의 충돌 검출기를 bullet 으로 바꿨습니다.
[1/3] Gazebo bringup
[INFO] [launch]: All log files can be found below /home/gyi/.ros/log/2026-08-14-17-59-22-075191-gyi-15UD50T-GX5JK-654624
[INFO] [launch]: Default logging verbosity is set to INFO
[INFO] [gazebo-1]: process started with pid [654660]
[INFO] [gazebo-2]: process started with pid [654661]
[INFO] [robot_state_publisher-3]: process started with pid [654662]
[INFO] [joint_state_publisher-4]: process started with pid [654664]
[INFO] [create-5]: process started with pid [654665]
[INFO] [robot_state_publisher-6]: process started with pid [654667]
[INFO] [create-7]: process started with pid [654668]
[INFO] [spawner-8]: process started with pid [654669]
[INFO] [spawner-9]: process started with pid [654670]
[INFO] [spawner-10]: process started with pid [654671]
[INFO] [parameter_bridge-11]: process started with pid [654672]
[robot_state_publisher-3] [INFO] [1786697963.722017145] [pinky_01.robot_state_publisher]: Robot initialized
[create-5] [INFO] [1786697963.725571243] [pinky_01.ros_gz_sim]: Requesting list of world names.
[create-7] [INFO] [1786697963.728055382] [omx_01.ros_gz_sim]: Requesting list of world names.
[robot_state_publisher-6] [INFO] [1786697963.736263361] [omx_01.robot_state_publisher]: Robot initialized
[gazebo-1] [1;33mWarning [Utils.cc:132][0m [/sdf/world[@name="sim_world"]/gui/window:/home/gyi/robosapiens/rmf_maps/project1-ver2/project1-ver2.world:L34]: XML Element[window], child of element[gui], not defined in SDF. Copying[window] as children of [gui].
[gazebo-2] inotify_add_watch(/home/gyi/.config/ibus/bus/59f08e6037ad4e6a8623017e1c5e4353-unix-wayland-0) failed: (No space left on device)
[spawner-9] [INFO] [1786697964.101166008] [omx_01.spawner_arm_controller]: waiting for service /omx_01/controller_manager/list_controllers to become available...
[gazebo-2] [1;33m[GUI] [Wrn] [Application.cc:908] [0m[1;33m[QT] file:///usr/lib/x86_64-linux-gnu/qt5/qml/QtQuick/Dialogs/DefaultFileDialog.qml:413:17: QML ToolButton: Binding loop detected for property "implicitHeight"[0m[1;33m[0m
[gazebo-2] [1;33m[GUI] [Wrn] [Application.cc:908] [0m[1;33m[QT] file:///usr/lib/x86_64-linux-gnu/qt5/qml/QtQuick/Dialogs/DefaultFileDialog.qml:309:21: QML Button: Binding loop detected for property "implicitHeight"[0m[1;33m[0m
  ↑ 같은 줄 1번 더
[gazebo-2] [1;33m[GUI] [Wrn] [Application.cc:908] [0m[1;33m[QT] file:///usr/lib/x86_64-linux-gnu/qt5/qml/QtQuick/Dialogs/DefaultFileDialog.qml:413:17: QML ToolButton: Binding loop detected for property "implicitHeight"[0m[1;33m[0m
[gazebo-2] [1;33m[GUI] [Wrn] [Application.cc:908] [0m[1;33m[QT] file:///usr/lib/x86_64-linux-gnu/qt5/qml/QtQuick/Dialogs/DefaultFileDialog.qml:309:21: QML Button: Binding loop detected for property "implicitHeight"[0m[1;33m[0m
  ↑ 같은 줄 1번 더
[gazebo-2] [1;33m[GUI] [Wrn] [Application.cc:908] [0m[1;33m[QT] file:///usr/lib/x86_64-linux-gnu/qt5/qml/QtQuick/Dialogs/DefaultFileDialog.qml:413:17: QML ToolButton: Binding loop detected for property "implicitHeight"[0m[1;33m[0m
[gazebo-2] [1;33m[GUI] [Wrn] [Application.cc:908] [0m[1;33m[QT] file:///usr/lib/x86_64-linux-gnu/qt5/qml/QtQuick/Dialogs/DefaultFileDialog.qml:309:21: QML Button: Binding loop detected for property "implicitHeight"[0m[1;33m[0m
  ↑ 같은 줄 1번 더
[gazebo-1] [INFO] [1786697964.481447412] [rmf_simulation_door_manager]: Loading DoorManager
[gazebo-1] [INFO] [1786697964.506367444] [rmf_simulation_lift_manager]: Starting LiftManager
[gazebo-1] [1;33m[Wrn] [SdfEntityCreator.cc:933] [0m[1;33mGazebo does not support Ogre material scripts. See [0m[1;33mhttps://gazebosim.org/api/sim/8/migrationsdf.html#:~:text=Materials [0m[1;33mfor details.[0m[1;33m[0m
[gazebo-1] [1;33m[Wrn] [SdfEntityCreator.cc:939] [0m[1;33mCustom material scripts are not supported.[0m[1;33m[0m
[gazebo-1] [1;33m[Wrn] [SdfEntityCreator.cc:933] [0m[1;33mGazebo does not support Ogre material scripts. See [0m[1;33mhttps://gazebosim.org/api/sim/8/migrationsdf.html#:~:text=Materials [0m[1;33mfor details.[0m[1;33m[0m
[gazebo-1] [1;33m[Wrn] [SdfEntityCreator.cc:939] [0m[1;33mCustom material scripts are not supported.[0m[1;33m[0m
[joint_state_publisher-4] [INFO] [1786697964.530727120] [pinky_01.joint_state_publisher]: Waiting for robot_description to be published on the robot_description topic...
[joint_state_publisher-4] [INFO] [1786697964.543046365] [pinky_01.joint_state_publisher]: Got description, configuring robot
[create-5] [INFO] [1786697964.616649145] [pinky_01.ros_gz_sim]: Waiting messages on topic [/pinky_01/robot_description].
[create-7] [INFO] [1786697964.716409801] [omx_01.ros_gz_sim]: Waiting messages on topic [robot_description].
[parameter_bridge-11] [INFO] [1786697964.749959499] [gz_bridge]: Creating GZ->ROS Bridge: [/clock (gz.msgs.Clock) -> /clock (rosgraph_msgs/msg/Clock)] (Lazy 0)
[parameter_bridge-11] [INFO] [1786697964.752325357] [gz_bridge]: Creating GZ->ROS Bridge: [/tf (gz.msgs.Pose_V) -> /tf (tf2_msgs/msg/TFMessage)] (Lazy 0)
[parameter_bridge-11] [INFO] [1786697964.756585720] [gz_bridge]: Creating GZ->ROS Bridge: [/pinky_01/odom (gz.msgs.Odometry) -> /pinky_01/odom (nav_msgs/msg/Odometry)] (Lazy 0)
[parameter_bridge-11] [INFO] [1786697964.758833988] [gz_bridge]: Creating ROS->GZ Bridge: [/pinky_01/cmd_vel_smoothed (geometry_msgs/msg/Twist) -> /pinky_01/cmd_vel (gz.msgs.Twist)] (Lazy 0)
[parameter_bridge-11] [INFO] [1786697964.759802315] [gz_bridge]: Creating GZ->ROS Bridge: [/pinky_01/scan (gz.msgs.LaserScan) -> /pinky_01/scan (sensor_msgs/msg/LaserScan)] (Lazy 0)
[parameter_bridge-11] [INFO] [1786697964.761035263] [gz_bridge]: Creating GZ->ROS Bridge: [/pinky_01/joint_states (gz.msgs.Model) -> /pinky_01/joint_states (sensor_msgs/msg/JointState)] (Lazy 0)
[parameter_bridge-11] [INFO] [1786697964.761579625] [gz_bridge]: Creating GZ->ROS Bridge: [/pinky_01/imu_raw (gz.msgs.IMU) -> /pinky_01/imu_raw (sensor_msgs/msg/Imu)] (Lazy 0)
[create-5] [INFO] [1786697964.815554547] [pinky_01.ros_gz_sim]: Entity creation successful.
[create-7] [INFO] [1786697964.815611656] [omx_01.ros_gz_sim]: Entity creation successful.
[INFO] [create-5]: process has finished cleanly [pid 654665]
[INFO] [create-7]: process has finished cleanly [pid 654668]
[gazebo-2] [1;33m[GUI] [Wrn] [Application.cc:908] [0m[1;33m[QT] file:///usr/lib/x86_64-linux-gnu/qt5/qml/QtQuick/Dialogs/DefaultFileDialog.qml:413:17: QML ToolButton: Binding loop detected for property "implicitHeight"[0m[1;33m[0m
[gazebo-2] [1;33m[GUI] [Wrn] [Application.cc:908] [0m[1;33m[QT] file:///usr/lib/x86_64-linux-gnu/qt5/qml/QtQuick/Dialogs/DefaultFileDialog.qml:309:21: QML Button: Binding loop detected for property "implicitHeight"[0m[1;33m[0m
  ↑ 같은 줄 1번 더
[gazebo-2] [1;33m[GUI] [Wrn] [Application.cc:908] [0m[1;33m[QT] file::/ComponentInspector/ComponentInspector.qml:251:3: QML Dialog: Binding loop detected for property "implicitHeight"[0m[1;33m[0m
[gazebo-2] [1;33m[GUI] [Wrn] [Application.cc:908] [0m[1;33m[QT] file:///usr/lib/x86_64-linux-gnu/qt5/qml/QtQuick/Dialogs/DefaultFileDialog.qml:413:17: QML ToolButton: Binding loop detected for property "implicitHeight"[0m[1;33m[0m
[gazebo-2] [1;33m[GUI] [Wrn] [Application.cc:908] [0m[1;33m[QT] file:///usr/lib/x86_64-linux-gnu/qt5/qml/QtQuick/Dialogs/DefaultFileDialog.qml:309:21: QML Button: Binding loop detected for property "implicitHeight"[0m[1;33m[0m
  ↑ 같은 줄 1번 더
[gazebo-2] [1;33m[GUI] [Wrn] [Application.cc:908] [0m[1;33m[QT] file::/toggle_floors/toggle_floors.qml:40: ReferenceError: qfloors is not defined[0m[1;33m[0m
[gazebo-2] [1;33m[GUI] [Wrn] [Application.cc:908] [0m[1;33m[QT] file::/WorldStats/WorldStats.qml:53:3: QML RowLayout: Binding loop detected for property "x"[0m[1;33m[0m
[gazebo-2] [1;33m[GUI] [Wrn] [toggle_floors.cpp:221] [0m[1;33mNode for [0m[1;33mproject1-ver2_L1[0m[1;33mwas not found[0m[1;33m[0m
[gazebo-1] [1;33mWarning [Utils.cc:132][0m [/sdf/model[@name="pinky"]/link[@name="base_footprint"]/sensor[@name="pinky_01/camera"]/gz_frame_id:<urdf-string>:L0]: XML Element[gz_frame_id], child of element[sensor], not defined in SDF. Copying[gz_frame_id] as children of [sensor].
[gazebo-1] [1;33mWarning [Utils.cc:132][0m [/sdf/model[@name="pinky"]/link[@name="base_footprint"]/sensor[@name="pinky_01/imu"]/gz_frame_id:<urdf-string>:L0]: XML Element[gz_frame_id], child of element[sensor], not defined in SDF. Copying[gz_frame_id] as children of [sensor].
[gazebo-1] [1;33mWarning [Utils.cc:132][0m [/sdf/model[@name="pinky"]/link[@name="base_footprint"]/sensor[@name="pinky_01/gpu_lidar"]/gz_frame_id:<urdf-string>:L0]: XML Element[gz_frame_id], child of element[sensor], not defined in SDF. Copying[gz_frame_id] as children of [sensor].
[gazebo-1] [INFO] [1786697965.958812519] [omx_01.gz_ros_control]: [gz_ros2_control] Fixed joint ['world_fixed'] (Entity='73') is skipped.
[gazebo-1] [INFO] [1786697965.964755225] [omx_01.gz_ros_control]: Loading controller_manager
[gazebo-1] [INFO] [1786697965.998643499] [omx_01.controller_manager]: Using ROS clock for triggering controller manager cycles.
[gazebo-1] [INFO] [1786697966.002906143] [omx_01.controller_manager]: Subscribing to '/omx_01/robot_description' topic for robot description.
[gazebo-1] [WARN] [1786697966.007527318] [omx_01.gz_ros_control]: Waiting RM to load and initialize hardware...
[gazebo-1] [INFO] [1786697966.013328823] [omx_01.controller_manager]: Received robot description from topic.
[gazebo-1] [INFO] [1786697966.013387597] [omx_01.controller_manager]: Enforcing command limits is disabled. Command limits from URDF will be ignored.
[gazebo-1] [INFO] [1786697966.017729058] [omx_01.gz_ros_control]: The position_proportional_gain has been set to: 0.1
[gazebo-1] [INFO] [1786697966.017781262] [omx_01.gz_ros_control]: Loading joint: joint1
[gazebo-1] [INFO] [1786697966.017785742] [omx_01.gz_ros_control]: 	State:
[gazebo-1] [INFO] [1786697966.017789431] [omx_01.gz_ros_control]: 		 position
[gazebo-1] [INFO] [1786697966.017792369] [omx_01.gz_ros_control]: 		 velocity
[gazebo-1] [INFO] [1786697966.017797126] [omx_01.gz_ros_control]: 		 effort
[gazebo-1] [INFO] [1786697966.017799604] [omx_01.gz_ros_control]: 	Command:
[gazebo-1] [INFO] [1786697966.017801691] [omx_01.gz_ros_control]: 		 position
[gazebo-1] [INFO] [1786697966.017809839] [omx_01.gz_ros_control]: Loading joint: joint2
[gazebo-1] [INFO] [1786697966.017811762] [omx_01.gz_ros_control]: 	State:
[gazebo-1] [INFO] [1786697966.017813512] [omx_01.gz_ros_control]: 		 position
[gazebo-1] [INFO] [1786697966.017815292] [omx_01.gz_ros_control]: 		 velocity
[gazebo-1] [INFO] [1786697966.017817443] [omx_01.gz_ros_control]: 		 effort
[gazebo-1] [INFO] [1786697966.017819223] [omx_01.gz_ros_control]: 	Command:
[gazebo-1] [INFO] [1786697966.017820860] [omx_01.gz_ros_control]: 		 position
[gazebo-1] [INFO] [1786697966.017826785] [omx_01.gz_ros_control]: Loading joint: joint3
[gazebo-1] [INFO] [1786697966.017828602] [omx_01.gz_ros_control]: 	State:
[gazebo-1] [INFO] [1786697966.017830166] [omx_01.gz_ros_control]: 		 position
[gazebo-1] [INFO] [1786697966.017831891] [omx_01.gz_ros_control]: 		 velocity
[gazebo-1] [INFO] [1786697966.017833581] [omx_01.gz_ros_control]: 		 effort
[gazebo-1] [INFO] [1786697966.017835893] [omx_01.gz_ros_control]: 	Command:
[gazebo-1] [INFO] [1786697966.017837557] [omx_01.gz_ros_control]: 		 position
[gazebo-1] [INFO] [1786697966.017842786] [omx_01.gz_ros_control]: Loading joint: joint4
[gazebo-1] [INFO] [1786697966.017844667] [omx_01.gz_ros_control]: 	State:
[gazebo-1] [INFO] [1786697966.017846212] [omx_01.gz_ros_control]: 		 position
[gazebo-1] [INFO] [1786697966.017847750] [omx_01.gz_ros_control]: 		 velocity
[gazebo-1] [INFO] [1786697966.017849278] [omx_01.gz_ros_control]: 		 effort
[gazebo-1] [INFO] [1786697966.017850817] [omx_01.gz_ros_control]: 	Command:
[gazebo-1] [INFO] [1786697966.017852326] [omx_01.gz_ros_control]: 		 position
[gazebo-1] [INFO] [1786697966.017857688] [omx_01.gz_ros_control]: Loading joint: gripper_left_joint
[gazebo-1] [INFO] [1786697966.017859855] [omx_01.gz_ros_control]: 	State:
[gazebo-1] [INFO] [1786697966.017861515] [omx_01.gz_ros_control]: 		 position
[gazebo-1] [INFO] [1786697966.017863261] [omx_01.gz_ros_control]: 		 velocity
[gazebo-1] [INFO] [1786697966.017864860] [omx_01.gz_ros_control]: 		 effort
[gazebo-1] [INFO] [1786697966.017866470] [omx_01.gz_ros_control]: 	Command:
[gazebo-1] [INFO] [1786697966.017868108] [omx_01.gz_ros_control]: 		 position
[gazebo-1] [INFO] [1786697966.017874570] [omx_01.gz_ros_control]: Loading joint: gripper_right_joint
[gazebo-1] [INFO] [1786697966.017877576] [omx_01.gz_ros_control]: Joint 'gripper_right_joint'is mimicking joint 'gripper_left_joint' with multiplier: 1 and offset: 0
[gazebo-1] [INFO] [1786697966.017880162] [omx_01.gz_ros_control]: 	State:
[gazebo-1] [INFO] [1786697966.017881783] [omx_01.gz_ros_control]: 		 position
[gazebo-1] [INFO] [1786697966.017883477] [omx_01.gz_ros_control]: 		 velocity
[gazebo-1] [INFO] [1786697966.017886202] [omx_01.gz_ros_control]: 		 effort
[gazebo-1] [INFO] [1786697966.017887958] [omx_01.gz_ros_control]: 	Command:
[gazebo-1] [INFO] [1786697966.017920250] [omx_01.gz_ros_control]: Loading sensor: pinky_01/imu
[gazebo-1] [INFO] [1786697966.017924553] [omx_01.gz_ros_control]: 	State:
[gazebo-1] [WARN] [1786697966.017946749] [omx_01.gz_ros_control]: IMU sensor 'pinky_01/imu' not found in hardware_info, skipping.
[gazebo-1] [INFO] [1786697966.018015433] [omx_01.controller_manager]: Initialize hardware 'OpenManipulatorXSystem' 
[gazebo-1] [WARN] [1786697966.018028566] [omx_01.controller_manager.hardware_component.system.OpenManipulatorXSystem]: Executor is not available during hardware component initialization for 'OpenManipulatorXSystem'. Skipping node creation!
[gazebo-1] [INFO] [1786697966.018081015] [omx_01.controller_manager]: Successful initialization of hardware 'OpenManipulatorXSystem'
[gazebo-1] [INFO] [1786697966.018171011] [omx_01.controller_manager]: Activating component 'OpenManipulatorXSystem'.
[gazebo-1] [INFO] [1786697966.018177409] [resource_manager]: 'configure' hardware 'OpenManipulatorXSystem' 
[gazebo-1] [INFO] [1786697966.018180309] [omx_01.gz_ros_control]: System Successfully configured!
[gazebo-1] [INFO] [1786697966.018183360] [resource_manager]: Successful 'configure' of hardware 'OpenManipulatorXSystem'
[gazebo-1] [INFO] [1786697966.018188526] [resource_manager]: 'activate' hardware 'OpenManipulatorXSystem' 
[gazebo-1] [INFO] [1786697966.018198562] [resource_manager]: Successful 'activate' of hardware 'OpenManipulatorXSystem'
[gazebo-1] [WARN] [1786697966.018250840] [omx_01.controller_manager]: Component 'OpenManipulatorXSystem' does not have read or write statistics initialized, skipping registration.
[gazebo-1] [INFO] [1786697966.018256419] [omx_01.controller_manager]: Resource Manager has been successfully initialized. Starting Controller Manager services...
[gazebo-1] [INFO] [1786697966.104270734] [omx_01.controller_manager]: Loading controller : 'arm_controller' of type 'joint_trajectory_controller/JointTrajectoryController'
[gazebo-1] [INFO] [1786697966.104327106] [omx_01.controller_manager]: Loading controller 'arm_controller'
[gazebo-1] [INFO] [1786697966.110328977] [omx_01.controller_manager]: Controller 'arm_controller' node arguments: --ros-args --params-file /home/gyi/robosapiens/robot_model/open_manipulator/install/open_manipulator_bringup/share/open_manipulator_bringup/config/open_manipulator_x/hardware_controller_manager.yaml -p use_sim_time:=true --param use_sim_time:=true 
[spawner-9] [INFO] [1786697966.123244632] [omx_01.spawner_arm_controller]: Loaded arm_controller
[gazebo-1] [INFO] [1786697966.124148186] [omx_01.controller_manager]: Configuring controller: 'arm_controller'
[gazebo-1] [INFO] [1786697966.124563024] [omx_01.arm_controller]: No specific joint names are used for command interfaces. Using 'joints' parameter.
[gazebo-1] [INFO] [1786697966.124606258] [omx_01.arm_controller]: Command interfaces are [position] and state interfaces are [position velocity].
[gazebo-1] [INFO] [1786697966.124636476] [omx_01.arm_controller]: Using 'splines' interpolation method.
[gazebo-1] [INFO] [1786697966.137354022] [omx_01.arm_controller]: Goals with partial set of joints are allowed
[gazebo-1] [INFO] [1786697966.137397422] [omx_01.arm_controller]: Action status changes will be monitored at 20.00 Hz.
[gazebo-1] [INFO] [1786697966.144900214] [omx_01.arm_controller]: Setting initial scaling factor to 1.000000
[gazebo-1] [INFO] [1786697966.144948491] [omx_01.arm_controller]: No scaling interface set. This controller will not read speed scaling from the hardware.
[gazebo-1] [INFO] [1786697966.146369406] [omx_01.controller_manager]: Activating controllers: [ arm_controller ]
[gazebo-1] [1;31m[Err] [Physics.cc:1808] [0m[1;31mAttempting to create a mimic constraint for joint [[0m[1;31mgripper_right_joint[0m[1;31m] but the chosen physics engine does not support [0m[1;31mmimic constraints, so no constraint will be [0m[1;31mcreated.[0m[1;31m[0m
[gazebo-1] [1;33m[Wrn] [Component.hh:144] [0m[1;33mTrying to serialize component with data type [[0m[1;33mN2gz3sim11ChargerDataE[0m[1;33m], which doesn't have [0m[1;33m`operator<<`. Component will not be serialized.[0m[1;33m[0m
[gazebo-1] [INFO] [1786697968.239164744] [omx_01.controller_manager]: Successfully switched controllers!
[gazebo-2] [1;33mWarning [Utils.cc:132][0m [/sdf/model[@name="pinky"]/link[@name="base_footprint"]/sensor[@name="pinky_01/camera"]/gz_frame_id:<data-string>:L122]: XML Element[gz_frame_id], child of element[sensor], not defined in SDF. Copying[gz_frame_id] as children of [sensor].
[gazebo-2] [1;33mWarning [Utils.cc:132][0m [/sdf/model[@name="pinky"]/link[@name="base_footprint"]/sensor[@name="pinky_01/imu"]/gz_frame_id:<data-string>:L131]: XML Element[gz_frame_id], child of element[sensor], not defined in SDF. Copying[gz_frame_id] as children of [sensor].
[gazebo-2] [1;33mWarning [Utils.cc:132][0m [/sdf/model[@name="pinky"]/link[@name="base_footprint"]/sensor[@name="pinky_01/gpu_lidar"]/gz_frame_id:<data-string>:L165]: XML Element[gz_frame_id], child of element[sensor], not defined in SDF. Copying[gz_frame_id] as children of [sensor].
[gazebo-2] [1;33m[GUI] [Wrn] [EntityComponentManager.cc:1930] [0m[1;33mComponent type [[0m[1;33m1728988591536574887[0m[1;33m] has not been [0m[1;33mregistered in this process, so it can't be deserialized.[0m[1;33m[0m
[2/3] Open-RMF
[spawner-9] [INFO] [1786697968.404002027] [omx_01.spawner_arm_controller]: Configured and activated arm_controller
[spawner-8] [INFO] [1786697968.510531273] [omx_01.spawner_joint_state_broadcaster]: waiting for service /omx_01/controller_manager/list_controllers to become available...
[INFO] [spawner-9]: process has finished cleanly [pid 654670]
[INFO] [launch]: All log files can be found below /home/gyi/.ros/log/2026-08-14-17-59-28-643565-gyi-15UD50T-GX5JK-655134
[INFO] [launch]: Default logging verbosity is set to INFO
[INFO] [rmf_traffic_schedule-1]: process started with pid [655148]
[INFO] [rmf_traffic_blockade-2]: process started with pid [655149]
[INFO] [building_map_server-3]: process started with pid [655150]
[INFO] [schedule_visualizer_node-4]: process started with pid [655151]
[INFO] [fleetstates_visualizer_node-5]: process started with pid [655152]
[INFO] [rmf_visualization_building_systems-6]: process started with pid [655153]
[INFO] [navgraph_visualizer_node-7]: process started with pid [655154]
[INFO] [floorplan_visualizer_node-8]: process started with pid [655155]
[INFO] [obstacle_visualizer_node-9]: process started with pid [655156]
[INFO] [door_supervisor-10]: process started with pid [655157]
[INFO] [lift_supervisor-11]: process started with pid [655158]
[INFO] [mutex_group_supervisor-12]: process started with pid [655159]
[INFO] [rmf_task_dispatcher-13]: process started with pid [655166]
[fleetstates_visualizer_node-5] [INFO] [1786697968.970310077] [fleet_states_visualizer]: Configuring fleet_states_visualizer...
[fleetstates_visualizer_node-5] [INFO] [1786697968.970575102] [fleet_states_visualizer]: Setting parameter initial_map_name to L1
[fleetstates_visualizer_node-5] [INFO] [1786697968.970632300] [fleet_states_visualizer]: Setting parameter fleet_state_nose_scale to 0.500000
[fleetstates_visualizer_node-5] [INFO] [1786697968.986827390] [fleet_states_visualizer]: Running fleet_states_visualizer...
[rmf_traffic_blockade-2] [INFO] [1786697968.998063348] [rmf_traffic_blockade_node]: Beginning traffic blockade node
[rmf_task_dispatcher-13] ~Initializing Dispatcher Node~
[navgraph_visualizer_node-7] [INFO] [1786697969.011463714] [navgraph_visualizer]: Setting parameter initial_map_name to L1
[navgraph_visualizer_node-7] [INFO] [1786697969.013459939] [navgraph_visualizer]: Setting parameter lane_width to 0.120000
[navgraph_visualizer_node-7] [INFO] [1786697969.013532784] [navgraph_visualizer]: Setting parameter lane_transparency to 0.600000
[navgraph_visualizer_node-7] [INFO] [1786697969.013573622] [navgraph_visualizer]: Setting parameter waypoint_scale to 1.000000
[navgraph_visualizer_node-7] [INFO] [1786697969.013598908] [navgraph_visualizer]: Setting parameter text_scale to 0.600000
[schedule_visualizer_node-4] [INFO] [1786697969.017283471] [schedule_visualizer_node]: Setting parameter rate to 10.000000
[schedule_visualizer_node-4] [INFO] [1786697969.017389110] [schedule_visualizer_node]: Setting parameter path_width to 0.200000
[schedule_visualizer_node-4] [INFO] [1786697969.017407552] [schedule_visualizer_node]: Setting parameter initial_map_name to L1
[schedule_visualizer_node-4] [INFO] [1786697969.017421178] [schedule_visualizer_node]: Setting parameter wait_secs to 10
[schedule_visualizer_node-4] [INFO] [1786697969.017428914] [schedule_visualizer_node]: Setting parameter port to 8006
[schedule_visualizer_node-4] [INFO] [1786697969.017435237] [schedule_visualizer_node]: Setting parameter retained_history_count to 50
[obstacle_visualizer_node-9] [INFO] [1786697969.024021738] [rmf_obstacle_visualizer]: Beginning RMF obstacle visualizer node
[rmf_traffic_schedule-1] [INFO] [1786697969.024046006] [rmf_traffic_schedule_primary]: Successfully loaded logfile .rmf_schedule_node.yaml 
[rmf_traffic_schedule-1] [INFO] [1786697969.038692480] [rmf_traffic_schedule_primary]: Set up heartbeat on /rmf_traffic/heartbeat with liveliness lease duration of 10000 ms and deadline of 10000 ms
[rmf_task_dispatcher-13] [INFO] [1786697969.045859238] [rmf_dispatcher_node]:  Declared Time Window Param as: 2.000000 secs
[rmf_task_dispatcher-13] [INFO] [1786697969.046051625] [rmf_dispatcher_node]:  Declared Terminated Tasks Max Size Param as: 100
[rmf_task_dispatcher-13] [INFO] [1786697969.046083073] [rmf_dispatcher_node]:  Declared publish_active_tasks_period as: 2 secs
[rmf_task_dispatcher-13] [INFO] [1786697969.046116687] [rmf_dispatcher_node]:  Use timestamp with task_id: false
[rmf_task_dispatcher-13] [INFO] [1786697969.046140848] [rmf_dispatcher_node]:  Use unique hex string with task_id: true
[rmf_task_dispatcher-13] [INFO] [1786697969.075954944] [rmf_dispatcher_node]: Starting task dispatcher node
[rmf_traffic_schedule-1] [INFO] [1786697969.410876899] [rmf_traffic_schedule_primary]: Beginning traffic schedule node
[rmf_visualization_building_systems-6] [INFO] [1786697969.464122545] [building_systems_visualizer]: Building systems visualizer started...
[navgraph_visualizer_node-7] [INFO] [1786697969.707503549] [navgraph_visualizer]: NavGraph visualizer is running...
[gazebo-1] [1;33m[Wrn] [Ogre2Camera.cc:423] [0m[1;33mOgre2Camera::SetVisibilityMask: Mask bits [0m[1;33mc0000000[0m[1;33m are set but will be ignored as they conflict with the [0m[1;33mreserved bits used internally by the ogre2 backend.[0m[1;33m[0m
[floorplan_visualizer_node-8] [INFO] [1786697970.043223301] [floorplan_visualizer]: Configuring floorplan_visualizer...
[floorplan_visualizer_node-8] [INFO] [1786697970.043377073] [floorplan_visualizer]: Setting parameter initial_map_name to L1
[floorplan_visualizer_node-8] [INFO] [1786697970.052395394] [floorplan_visualizer]: Running floorplan_visualizer...
[building_map_server-3] [INFO] [1786697970.517380431] [building_map_server]: loading map path: /home/gyi/robosapiens/rmf_maps/project1-ver2/project1-ver2.building.yaml
[building_map_server-3] [INFO] [1786697970.520309435] [building_map_server]: opening: /home/gyi/robosapiens/rmf_maps/project1-ver2/gwanghee.png
[building_map_server-3] [INFO] [1786697970.520792415] [building_map_server]: read 179943 byte image
[building_map_server-3] [INFO] [1786697970.521297374] [building_map_server]: unable to generate GeoJSON for this map.
[building_map_server-3] [INFO] [1786697970.525584729] [building_map_server]: publishing map...
[building_map_server-3] [INFO] [1786697970.526244266] [building_map_server]: ready to serve map: "project1-ver2"  Ctrl+C to exit...
[rmf_traffic_schedule-1] [INFO] [1786697971.030132065] [rmf_traffic_schedule_primary]: Registered new query [1]
[schedule_visualizer_node-4] [INFO] [1786697971.034692916] [schedule_data_node]: Registering to query topic rmf_traffic/query_update_1
[schedule_visualizer_node-4] [INFO] [1786697971.044072789] [schedule_data_node]: [rmf_traffic_ros2::MirrorManager::request_update] Requesting changes for query ID [1] since beginning of recorded history
[rmf_traffic_schedule-1] [INFO] [1786697971.052500710] [rmf_traffic_schedule_primary]: [ScheduleNode::update_mirrors] Sending remedial update starting from the beginning going to 0 for query 1
[schedule_visualizer_node-4] [INFO] [1786697971.064994866] [schedule_visualizer_node]: Successfully connected to rmf_traffic_schedule node.
[schedule_visualizer_node-4] [INFO] [1786697971.066113080] [schedule_data_node]: Mirror handling new sync of 1 queries from schedule node [9c04590e-6a76-4572-ba39-dfdf6a70aefc]
[gazebo-1] [INFO] [1786697971.514896229] [omx_01.controller_manager]: Loading controller : 'joint_state_broadcaster' of type 'joint_state_broadcaster/JointStateBroadcaster'
[gazebo-1] [INFO] [1786697971.514960185] [omx_01.controller_manager]: Loading controller 'joint_state_broadcaster'
[gazebo-1] [INFO] [1786697971.520598960] [omx_01.controller_manager]: Controller 'joint_state_broadcaster' node arguments: --ros-args --params-file /home/gyi/robosapiens/robot_model/open_manipulator/install/open_manipulator_bringup/share/open_manipulator_bringup/config/open_manipulator_x/hardware_controller_manager.yaml -p use_sim_time:=true --param use_sim_time:=true 
[spawner-8] [INFO] [1786697971.549418383] [omx_01.spawner_joint_state_broadcaster]: Loaded joint_state_broadcaster
[gazebo-1] [INFO] [1786697971.551427847] [omx_01.controller_manager]: Configuring controller: 'joint_state_broadcaster'
[gazebo-1] [INFO] [1786697971.551549813] [omx_01.joint_state_broadcaster]: 'joints' or 'interfaces' parameter is empty. All available state interfaces will be published
[gazebo-1] [INFO] [1786697971.676563294] [omx_01.controller_manager]: Activating controllers: [ joint_state_broadcaster ]
[gazebo-1] [INFO] [1786697971.682070847] [omx_01.controller_manager]: Successfully switched controllers!
[spawner-8] [INFO] [1786697971.727806153] [omx_01.spawner_joint_state_broadcaster]: Configured and activated joint_state_broadcaster
[spawner-10] [INFO] [1786697971.864081336] [omx_01.spawner_gripper_controller]: waiting for service /omx_01/controller_manager/list_controllers to become available...
[INFO] [spawner-8]: process has finished cleanly [pid 654669]
[gazebo-1] [INFO] [1786697972.867177771] [omx_01.controller_manager]: Loading controller : 'gripper_controller' of type 'position_controllers/GripperActionController'
[gazebo-1] [INFO] [1786697972.867211782] [omx_01.controller_manager]: Loading controller 'gripper_controller'
[gazebo-1] [INFO] [1786697972.870165688] [omx_01.controller_manager]: Controller 'gripper_controller' node arguments: --ros-args --params-file /home/gyi/robosapiens/robot_model/open_manipulator/install/open_manipulator_bringup/share/open_manipulator_bringup/config/open_manipulator_x/hardware_controller_manager.yaml -p use_sim_time:=true --param use_sim_time:=true 
[gazebo-1] [WARN] [1786697972.891551801] [omx_01.gripper_controller]: [Deprecated]: the `position_controllers/GripperActionController` and `effort_controllers::GripperActionController` controllers are replaced by 'parallel_gripper_controllers/GripperActionController' controller
[spawner-10] [INFO] [1786697972.925301941] [omx_01.spawner_gripper_controller]: Loaded gripper_controller
[gazebo-1] [INFO] [1786697972.926859677] [omx_01.controller_manager]: Configuring controller: 'gripper_controller'
[gazebo-1] [INFO] [1786697972.926965364] [omx_01.gripper_controller]: Action status changes will be monitored at 20.000000 Hz.
[gazebo-1] [INFO] [1786697972.979991729] [omx_01.controller_manager]: Activating controllers: [ gripper_controller ]
[gazebo-1] [INFO] [1786697973.030405422] [omx_01.controller_manager]: Successfully switched controllers!
[spawner-10] [INFO] [1786697973.075958764] [omx_01.spawner_gripper_controller]: Configured and activated gripper_controller
[INFO] [spawner-10]: process has finished cleanly [pid 654671]
[3/3] Nav2 와 RMF 어댑터
[INFO] [launch]: All log files can be found below /home/gyi/.ros/log/2026-08-14-17-59-40-707155-gyi-15UD50T-GX5JK-655671
[INFO] [launch]: Default logging verbosity is set to INFO
[INFO] [map_server-1]: process started with pid [655693]
[INFO] [lifecycle_manager-2]: process started with pid [655694]
[INFO] [amcl-3]: process started with pid [655695]
[INFO] [controller_server-4]: process started with pid [655696]
[INFO] [smoother_server-5]: process started with pid [655697]
[INFO] [planner_server-6]: process started with pid [655698]
[INFO] [behavior_server-7]: process started with pid [655699]
[INFO] [bt_navigator-8]: process started with pid [655700]
[INFO] [waypoint_follower-9]: process started with pid [655701]
[INFO] [velocity_smoother-10]: process started with pid [655702]
[INFO] [lifecycle_manager-11]: process started with pid [655703]
[INFO] [python3-12]: process started with pid [655704]
[INFO] [python3-13]: process started with pid [655705]
[INFO] [python3-14]: process started with pid [655706]
[velocity_smoother-10] [INFO] [1786697980.977065273] [pinky_01.velocity_smoother]: 
[velocity_smoother-10] 	velocity_smoother lifecycle node launched. 
[velocity_smoother-10] 	Waiting on external lifecycle transitions to activate
[velocity_smoother-10] 	See https://design.ros2.org/articles/node_lifecycle.html for more information.
[lifecycle_manager-2] [INFO] [1786697981.336302210] [lifecycle_manager_map]: Creating
[lifecycle_manager-2] [INFO] [1786697981.343347002] [lifecycle_manager_map]: [34m[1mCreating and initializing lifecycle service clients[0m[0m
[planner_server-6] [INFO] [1786697981.464056731] [pinky_01.planner_server]: 
[planner_server-6] 	planner_server lifecycle node launched. 
[planner_server-6] 	Waiting on external lifecycle transitions to activate
[planner_server-6] 	See https://design.ros2.org/articles/node_lifecycle.html for more information.
[bt_navigator-8] [INFO] [1786697981.471109424] [pinky_01.bt_navigator]: 
[bt_navigator-8] 	bt_navigator lifecycle node launched. 
[bt_navigator-8] 	Waiting on external lifecycle transitions to activate
[bt_navigator-8] 	See https://design.ros2.org/articles/node_lifecycle.html for more information.
[planner_server-6] [INFO] [1786697981.472847589] [pinky_01.planner_server]: Creating
[planner_server-6] [INFO] [1786697981.496440609] [pinky_01.global_costmap.global_costmap]: 
[planner_server-6] 	global_costmap lifecycle node launched. 
[planner_server-6] 	Waiting on external lifecycle transitions to activate
[planner_server-6] 	See https://design.ros2.org/articles/node_lifecycle.html for more information.
[planner_server-6] [INFO] [1786697981.497910392] [pinky_01.global_costmap.global_costmap]: Creating Costmap
[bt_navigator-8] [INFO] [1786697981.500759885] [pinky_01.bt_navigator]: Creating
[lifecycle_manager-11] [INFO] [1786697981.516260087] [pinky_01.lifecycle_manager_navigation]: Creating
[lifecycle_manager-11] [INFO] [1786697981.524583038] [pinky_01.lifecycle_manager_navigation]: [34m[1mCreating and initializing lifecycle service clients[0m[0m
[map_server-1] [INFO] [1786697981.535171418] [map_server]: 
[map_server-1] 	map_server lifecycle node launched. 
[map_server-1] 	Waiting on external lifecycle transitions to activate
[map_server-1] 	See https://design.ros2.org/articles/node_lifecycle.html for more information.
[map_server-1] [INFO] [1786697981.536224569] [map_server]: Creating
[controller_server-4] [INFO] [1786697981.556340265] [pinky_01.controller_server]: 
[controller_server-4] 	controller_server lifecycle node launched. 
[controller_server-4] 	Waiting on external lifecycle transitions to activate
[controller_server-4] 	See https://design.ros2.org/articles/node_lifecycle.html for more information.
[controller_server-4] [INFO] [1786697981.571485206] [pinky_01.controller_server]: Creating controller server
[python3-13] [INFO] [1786697981.652303665] [project1_ver2_workcell]: 워크셀 1대, 맡은 자리 1곳을 RMF 에 이었습니다.
[smoother_server-5] [INFO] [1786697981.768275629] [pinky_01.smoother_server]: 
[smoother_server-5] 	smoother_server lifecycle node launched. 
[smoother_server-5] 	Waiting on external lifecycle transitions to activate
[smoother_server-5] 	See https://design.ros2.org/articles/node_lifecycle.html for more information.
[amcl-3] [INFO] [1786697981.772087730] [pinky_01.amcl]: 
[amcl-3] 	amcl lifecycle node launched. 
[amcl-3] 	Waiting on external lifecycle transitions to activate
[amcl-3] 	See https://design.ros2.org/articles/node_lifecycle.html for more information.
[amcl-3] [INFO] [1786697981.776147696] [pinky_01.amcl]: Creating
[smoother_server-5] [INFO] [1786697981.778883842] [pinky_01.smoother_server]: Creating smoother server
[behavior_server-7] [INFO] [1786697981.791315143] [pinky_01.behavior_server]: 
[behavior_server-7] 	behavior_server lifecycle node launched. 
[behavior_server-7] 	Waiting on external lifecycle transitions to activate
[behavior_server-7] 	See https://design.ros2.org/articles/node_lifecycle.html for more information.
[controller_server-4] [INFO] [1786697981.800327825] [pinky_01.local_costmap.local_costmap]: 
[controller_server-4] 	local_costmap lifecycle node launched. 
[controller_server-4] 	Waiting on external lifecycle transitions to activate
[controller_server-4] 	See https://design.ros2.org/articles/node_lifecycle.html for more information.
[controller_server-4] [INFO] [1786697981.802291490] [pinky_01.local_costmap.local_costmap]: Creating Costmap
[python3-12] [retreat_to_charger_interval] value is not provided, default to 10 seconds
[python3-12] Default fleet finishing task set to [nothing]
[python3-12] Maximum delay is not provided, default to 10.0
[waypoint_follower-9] [INFO] [1786697982.145451718] [pinky_01.waypoint_follower]: 
[waypoint_follower-9] 	waypoint_follower lifecycle node launched. 
[waypoint_follower-9] 	Waiting on external lifecycle transitions to activate
[waypoint_follower-9] 	See https://design.ros2.org/articles/node_lifecycle.html for more information.
[waypoint_follower-9] [INFO] [1786697982.147057349] [pinky_01.waypoint_follower]: Creating
[python3-14] [INFO] [1786697982.222615885] [project1_ver2_sensor_relay]: [pinky_01] /pinky_01 를 봅니다.
RMF↔Nav2 어댑터가 떴습니다.
[python3-12] [INFO] [1786697982.514552700] [project1_pinky_fleet_adapter]: Parameter [discovery_timeout] set to: 60.000000
[lifecycle_manager-11] [INFO] [1786697982.645341472] [pinky_01.lifecycle_manager_navigation]: [34m[1mStarting managed nodes bringup...[0m[0m
[lifecycle_manager-11] [INFO] [1786697982.645390309] [pinky_01.lifecycle_manager_navigation]: [34m[1mConfiguring amcl[0m[0m
[amcl-3] [INFO] [1786697982.645791428] [pinky_01.amcl]: Configuring
[amcl-3] [INFO] [1786697982.645880286] [pinky_01.amcl]: initTransforms
[amcl-3] [INFO] [1786697982.667332451] [pinky_01.amcl]: initPubSub
[amcl-3] [INFO] [1786697982.683127203] [pinky_01.amcl]: Subscribed to map topic.
[lifecycle_manager-11] [INFO] [1786697982.699164042] [pinky_01.lifecycle_manager_navigation]: [34m[1mConfiguring controller_server[0m[0m
[controller_server-4] [INFO] [1786697982.700274628] [pinky_01.controller_server]: Configuring controller interface
[controller_server-4] [INFO] [1786697982.700315025] [pinky_01.controller_server]: getting progress checker plugins..
[controller_server-4] [INFO] [1786697982.702251573] [pinky_01.controller_server]: getting goal checker plugins..
[controller_server-4] [INFO] [1786697982.703155280] [pinky_01.controller_server]: Controller frequency set to 20.0000Hz
[controller_server-4] [INFO] [1786697982.703251092] [pinky_01.local_costmap.local_costmap]: Configuring
[controller_server-4] [INFO] [1786697982.732512880] [pinky_01.local_costmap.local_costmap]: Using plugin "voxel_layer"
[controller_server-4] [INFO] [1786697982.738939890] [pinky_01.local_costmap.local_costmap]: Subscribed to Topics: scan
[controller_server-4] [INFO] [1786697982.759179076] [pinky_01.local_costmap.local_costmap]: Initialized plugin "voxel_layer"
[controller_server-4] [INFO] [1786697982.759221835] [pinky_01.local_costmap.local_costmap]: Using plugin "inflation_layer"
[controller_server-4] [INFO] [1786697982.759993940] [pinky_01.local_costmap.local_costmap]: Initialized plugin "inflation_layer"
[controller_server-4] [INFO] [1786697982.804672529] [pinky_01.controller_server]: Created progress_checker : progress_checker of type nav2_controller::SimpleProgressChecker
[controller_server-4] [INFO] [1786697982.805176391] [pinky_01.controller_server]: Controller Server has progress_checker  progress checkers available.
[controller_server-4] [INFO] [1786697982.806608393] [pinky_01.controller_server]: Created goal checker : general_goal_checker of type nav2_controller::SimpleGoalChecker
[controller_server-4] [INFO] [1786697982.807818593] [pinky_01.controller_server]: Controller Server has general_goal_checker  goal checkers available.
[controller_server-4] [INFO] [1786697982.809745099] [pinky_01.controller_server]: Created controller : FollowPath of type nav2_regulated_pure_pursuit_controller::RegulatedPurePursuitController
[lifecycle_manager-2] [INFO] [1786697982.820876235] [lifecycle_manager_map]: [34m[1mStarting managed nodes bringup...[0m[0m
[lifecycle_manager-2] [INFO] [1786697982.820929923] [lifecycle_manager_map]: [34m[1mConfiguring map_server[0m[0m
[map_server-1] [INFO] [1786697982.821269207] [map_server]: Configuring
[map_server-1] [INFO] [1786697982.821338826] [map_io]: Loading yaml file: /home/gyi/robosapiens/rmf_maps/project1-ver2/nav2_map/project1-ver2.yaml
[map_server-1] [INFO] [1786697982.821638224] [map_io]: resolution: 0.005994
[map_server-1] [INFO] [1786697982.821649542] [map_io]: origin[0]: -1.23864
[map_server-1] [INFO] [1786697982.821653377] [map_io]: origin[1]: -3.24145
[map_server-1] [INFO] [1786697982.821655960] [map_io]: origin[2]: 0
[map_server-1] [INFO] [1786697982.821658887] [map_io]: free_thresh: 0.196
[map_server-1] [INFO] [1786697982.821661629] [map_io]: occupied_thresh: 0.65
[map_server-1] [INFO] [1786697982.821665418] [map_io]: mode: trinary
[map_server-1] [INFO] [1786697982.821669283] [map_io]: negate: 0
[map_server-1] [INFO] [1786697982.821851048] [map_io]: Loading image_file: /home/gyi/robosapiens/rmf_maps/project1-ver2/nav2_map/project1-ver2.pgm
[controller_server-4] [INFO] [1786697982.823188202] [pinky_01.controller_server]: Controller Server has FollowPath  controllers available.
[map_server-1] [INFO] [1786697982.835366592] [map_io]: Read map /home/gyi/robosapiens/rmf_maps/project1-ver2/nav2_map/project1-ver2.pgm: 800 X 615 map @ 0.005994 m/cell
[lifecycle_manager-11] [INFO] [1786697982.847870717] [pinky_01.lifecycle_manager_navigation]: [34m[1mConfiguring smoother_server[0m[0m
[smoother_server-5] [INFO] [1786697982.848258158] [pinky_01.smoother_server]: Configuring smoother server
[lifecycle_manager-2] [INFO] [1786697982.853050961] [lifecycle_manager_map]: [34m[1mActivating map_server[0m[0m
[map_server-1] [INFO] [1786697982.853321592] [map_server]: Activating
[map_server-1] [INFO] [1786697982.854323608] [map_server]: Creating bond (map_server) to lifecycle manager.
[amcl-3] [INFO] [1786697982.855066447] [pinky_01.amcl]: Received a 800 X 615 map @ 0.006 m/pix
[rmf_traffic_schedule-1] [INFO] [1786697982.862137383] [rmf_traffic_schedule_primary]: A new mirror is tracking query ID [1]
[schedule_visualizer_node-4] [INFO] [1786697982.865250511] [schedule_data_node]: Mirror handling new sync of 1 queries from schedule node [9c04590e-6a76-4572-ba39-dfdf6a70aefc]
[python3-12] [INFO] [1786697982.868965058] [project1_pinky_fleet_adapter]: Registering to query topic rmf_traffic/query_update_1
[smoother_server-5] [INFO] [1786697982.886470344] [pinky_01.smoother_server]: Created smoother : simple_smoother of type nav2_smoother::SimpleSmoother
[smoother_server-5] [INFO] [1786697982.891297249] [pinky_01.smoother_server]: Smoother Server has simple_smoother  smoothers available.
[lifecycle_manager-11] [INFO] [1786697982.907853402] [pinky_01.lifecycle_manager_navigation]: [34m[1mConfiguring planner_server[0m[0m
[planner_server-6] [INFO] [1786697982.910402729] [pinky_01.planner_server]: Configuring
[planner_server-6] [INFO] [1786697982.910472666] [pinky_01.global_costmap.global_costmap]: Configuring
[python3-12] [INFO] [1786697982.942786245] [project1_pinky_fleet_adapter]: Mirror handling new sync of 1 queries from schedule node [9c04590e-6a76-4572-ba39-dfdf6a70aefc]
[planner_server-6] [INFO] [1786697982.943157651] [pinky_01.global_costmap.global_costmap]: Using plugin "static_layer"
[planner_server-6] [INFO] [1786697982.953085360] [pinky_01.global_costmap.global_costmap]: Subscribing to the map topic (/nav2_map) with transient local durability
[planner_server-6] [INFO] [1786697982.957890569] [pinky_01.global_costmap.global_costmap]: Initialized plugin "static_layer"
[planner_server-6] [INFO] [1786697982.957925257] [pinky_01.global_costmap.global_costmap]: Using plugin "obstacle_layer"
[planner_server-6] [INFO] [1786697982.958522202] [pinky_01.global_costmap.global_costmap]: Subscribed to Topics: scan
[lifecycle_manager-2] [INFO] [1786697982.963523601] [lifecycle_manager_map]: Server map_server connected with bond.
[lifecycle_manager-2] [INFO] [1786697982.963939425] [lifecycle_manager_map]: [34m[1mManaged nodes are active[0m[0m
[lifecycle_manager-2] [INFO] [1786697982.963963171] [lifecycle_manager_map]: [34m[1mCreating bond timer...[0m[0m
[planner_server-6] [INFO] [1786697982.967827400] [pinky_01.global_costmap.global_costmap]: Initialized plugin "obstacle_layer"
[planner_server-6] [INFO] [1786697982.967878775] [pinky_01.global_costmap.global_costmap]: Using plugin "inflation_layer"
[planner_server-6] [INFO] [1786697982.969484311] [pinky_01.global_costmap.global_costmap]: Initialized plugin "inflation_layer"
[planner_server-6] [INFO] [1786697983.042894410] [pinky_01.global_costmap.global_costmap]: StaticLayer: Resizing costmap to 800 X 615 at 0.005994 m/pix
[planner_server-6] [INFO] [1786697983.043546405] [pinky_01.planner_server]: Created global planner plugin GridBased of type nav2_navfn_planner::NavfnPlanner
[planner_server-6] [INFO] [1786697983.043578138] [pinky_01.planner_server]: Configuring plugin GridBased of type NavfnPlanner
[planner_server-6] [INFO] [1786697983.044826244] [pinky_01.planner_server]: Planner Server has GridBased  planners available.
[lifecycle_manager-11] [INFO] [1786697983.086489533] [pinky_01.lifecycle_manager_navigation]: [34m[1mConfiguring behavior_server[0m[0m
[behavior_server-7] [INFO] [1786697983.087050520] [pinky_01.behavior_server]: Configuring
[behavior_server-7] [INFO] [1786697983.095142244] [pinky_01.behavior_server]: Creating behavior plugin spin of type nav2_behaviors::Spin
[behavior_server-7] [INFO] [1786697983.096923237] [pinky_01.behavior_server]: Creating behavior plugin backup of type nav2_behaviors::BackUp
[behavior_server-7] [INFO] [1786697983.098288671] [pinky_01.behavior_server]: Creating behavior plugin drive_on_heading of type nav2_behaviors::DriveOnHeading
[behavior_server-7] [INFO] [1786697983.100328956] [pinky_01.behavior_server]: Creating behavior plugin assisted_teleop of type nav2_behaviors::AssistedTeleop
[behavior_server-7] [INFO] [1786697983.103834292] [pinky_01.behavior_server]: Creating behavior plugin wait of type nav2_behaviors::Wait
[behavior_server-7] [INFO] [1786697983.118477303] [pinky_01.behavior_server]: Configuring spin
[behavior_server-7] [INFO] [1786697983.134935305] [pinky_01.behavior_server]: Configuring backup
[behavior_server-7] [INFO] [1786697983.147231679] [pinky_01.behavior_server]: Configuring drive_on_heading
[behavior_server-7] [INFO] [1786697983.157393107] [pinky_01.behavior_server]: Configuring assisted_teleop
[behavior_server-7] [INFO] [1786697983.171950604] [pinky_01.behavior_server]: Configuring wait
[lifecycle_manager-11] [INFO] [1786697983.182207489] [pinky_01.lifecycle_manager_navigation]: [34m[1mConfiguring bt_navigator[0m[0m
[bt_navigator-8] [INFO] [1786697983.182445603] [pinky_01.bt_navigator]: Configuring
[bt_navigator-8] [INFO] [1786697983.191733148] [pinky_01.bt_navigator]: Creating navigator id navigate_to_pose of type nav2_bt_navigator::NavigateToPoseNavigator
[bt_navigator-8] [INFO] [1786697983.285220383] [pinky_01.bt_navigator]: Creating navigator id navigate_through_poses of type nav2_bt_navigator::NavigateThroughPosesNavigator
[lifecycle_manager-11] [INFO] [1786697983.328964055] [pinky_01.lifecycle_manager_navigation]: [34m[1mConfiguring waypoint_follower[0m[0m
[waypoint_follower-9] [INFO] [1786697983.329318275] [pinky_01.waypoint_follower]: Configuring
[waypoint_follower-9] [INFO] [1786697983.370363119] [pinky_01.waypoint_follower]: Created waypoint_task_executor : wait_at_waypoint of type nav2_waypoint_follower::WaitAtWaypoint
[lifecycle_manager-11] [INFO] [1786697983.371976827] [pinky_01.lifecycle_manager_navigation]: [34m[1mConfiguring velocity_smoother[0m[0m
[velocity_smoother-10] [INFO] [1786697983.372357528] [pinky_01.velocity_smoother]: Configuring velocity smoother
[lifecycle_manager-11] [INFO] [1786697983.381209123] [pinky_01.lifecycle_manager_navigation]: [34m[1mActivating amcl[0m[0m
[amcl-3] [INFO] [1786697983.381530100] [pinky_01.amcl]: Activating
[amcl-3] [INFO] [1786697983.381570412] [pinky_01.amcl]: initialPoseReceived
[amcl-3] [INFO] [1786697983.381636265] [pinky_01.amcl]: Setting pose (2.580000): 1.185 -1.602 0.000
[amcl-3] [INFO] [1786697983.381884766] [pinky_01.amcl]: Creating bond (amcl) to lifecycle manager.
[lifecycle_manager-11] [INFO] [1786697983.489896507] [pinky_01.lifecycle_manager_navigation]: Server amcl connected with bond.
[lifecycle_manager-11] [INFO] [1786697983.489937507] [pinky_01.lifecycle_manager_navigation]: [34m[1mActivating controller_server[0m[0m
[controller_server-4] [INFO] [1786697983.490317714] [pinky_01.controller_server]: Activating
[controller_server-4] [INFO] [1786697983.490370205] [pinky_01.local_costmap.local_costmap]: Activating
[controller_server-4] [INFO] [1786697983.490384356] [pinky_01.local_costmap.local_costmap]: Checking transform
[controller_server-4] [INFO] [1786697983.490545097] [pinky_01.local_costmap.local_costmap]: start
[amcl-3] [INFO] [1786697983.562917258] [pinky_01.amcl]: createLaserObject
[controller_server-4] [INFO] [1786697983.692658404] [pinky_01.controller_server]: Activating controller: FollowPath of type regulated_pure_pursuit_controller::RegulatedPurePursuitController
[controller_server-4] [INFO] [1786697983.692744336] [pinky_01.controller_server]: Creating bond (controller_server) to lifecycle manager.
[lifecycle_manager-11] [INFO] [1786697983.800352892] [pinky_01.lifecycle_manager_navigation]: Server controller_server connected with bond.
[lifecycle_manager-11] [INFO] [1786697983.800399075] [pinky_01.lifecycle_manager_navigation]: [34m[1mActivating smoother_server[0m[0m
[smoother_server-5] [INFO] [1786697983.800792037] [pinky_01.smoother_server]: Activating
[smoother_server-5] [INFO] [1786697983.800826377] [pinky_01.smoother_server]: Creating bond (smoother_server) to lifecycle manager.
[lifecycle_manager-11] [INFO] [1786697983.910716378] [pinky_01.lifecycle_manager_navigation]: Server smoother_server connected with bond.
[lifecycle_manager-11] [INFO] [1786697983.910778009] [pinky_01.lifecycle_manager_navigation]: [34m[1mActivating planner_server[0m[0m
[planner_server-6] [INFO] [1786697983.911210273] [pinky_01.planner_server]: Activating
[planner_server-6] [INFO] [1786697983.911240205] [pinky_01.global_costmap.global_costmap]: Activating
[planner_server-6] [INFO] [1786697983.911245397] [pinky_01.global_costmap.global_costmap]: Checking transform
[planner_server-6] [INFO] [1786697983.911303885] [pinky_01.global_costmap.global_costmap]: Timed out waiting for transform from pinky_01/base_footprint to map to become available, tf error: Lookup would require extrapolation at time 2.670000, but only time 3.600000 is in the buffer, when looking up transform from frame [pinky_01/base_footprint] to frame [map]
[python3-12] [WARN] [1786697983.979826080] [project1_pinky_fleet_adapter]: [FleetUpdateHandle::set_retreat_to_charger_interval] This parameter is no longer being used.
[python3-12] [INFO] [1786697983.979896101] [project1_pinky_fleet_adapter]: Fleet [project1_pinky] is configured to perform delivery tasks
[python3-12] [INFO] [1786697983.979911995] [project1_pinky_fleet_adapter]: Fleet [project1_pinky] is configured to perform patrol tasks
[python3-12] [INFO] [1786697983.979977456] [project1_pinky_fleet_adapter]: Finished configuring Easy Full Control adapter for fleet [project1_pinky]
[python3-12] [INFO] [1786697984.016645908] [project1_pinky_nav2_adapter]: project1_pinky 를 Nav2 에 이었습니다. 로봇 1대, 0.10초마다 알립니다.
[planner_server-6] [INFO] [1786697984.411379682] [pinky_01.global_costmap.global_costmap]: Timed out waiting for transform from pinky_01/base_footprint to map to become available, tf error: Lookup would require extrapolation into the past.  Requested time 2.770000 but the earliest data is at time 3.600000, when looking up transform from frame [pinky_01/base_footprint] to frame [map]
[planner_server-6] [INFO] [1786697984.911378353] [pinky_01.global_costmap.global_costmap]: Timed out waiting for transform from pinky_01/base_footprint to map to become available, tf error: Lookup would require extrapolation into the past.  Requested time 2.870000 but the earliest data is at time 3.600000, when looking up transform from frame [pinky_01/base_footprint] to frame [map]
[planner_server-6] [INFO] [1786697985.411351745] [pinky_01.global_costmap.global_costmap]: Timed out waiting for transform from pinky_01/base_footprint to map to become available, tf error: Lookup would require extrapolation into the past.  Requested time 2.990000 but the earliest data is at time 3.600000, when looking up transform from frame [pinky_01/base_footprint] to frame [map]
[planner_server-6] [INFO] [1786697985.911367917] [pinky_01.global_costmap.global_costmap]: Timed out waiting for transform from pinky_01/base_footprint to map to become available, tf error: Lookup would require extrapolation into the past.  Requested time 3.090000 but the earliest data is at time 3.600000, when looking up transform from frame [pinky_01/base_footprint] to frame [map]
[planner_server-6] [INFO] [1786697986.411342507] [pinky_01.global_costmap.global_costmap]: Timed out waiting for transform from pinky_01/base_footprint to map to become available, tf error: Lookup would require extrapolation into the past.  Requested time 3.210000 but the earliest data is at time 3.600000, when looking up transform from frame [pinky_01/base_footprint] to frame [map]
[planner_server-6] [INFO] [1786697986.911355482] [pinky_01.global_costmap.global_costmap]: Timed out waiting for transform from pinky_01/base_footprint to map to become available, tf error: Lookup would require extrapolation into the past.  Requested time 3.330000 but the earliest data is at time 3.600000, when looking up transform from frame [pinky_01/base_footprint] to frame [map]
[planner_server-6] [INFO] [1786697987.411395879] [pinky_01.global_costmap.global_costmap]: Timed out waiting for transform from pinky_01/base_footprint to map to become available, tf error: Lookup would require extrapolation into the past.  Requested time 3.430000 but the earliest data is at time 3.600000, when looking up transform from frame [pinky_01/base_footprint] to frame [map]
[planner_server-6] [INFO] [1786697987.911382468] [pinky_01.global_costmap.global_costmap]: Timed out waiting for transform from pinky_01/base_footprint to map to become available, tf error: Lookup would require extrapolation into the past.  Requested time 3.530000 but the earliest data is at time 3.600000, when looking up transform from frame [pinky_01/base_footprint] to frame [map]
[planner_server-6] [INFO] [1786697988.411377552] [pinky_01.global_costmap.global_costmap]: start
[planner_server-6] [INFO] [1786697989.466404845] [pinky_01.planner_server]: Activating plugin GridBased of type NavfnPlanner
[planner_server-6] [INFO] [1786697989.469204514] [pinky_01.planner_server]: Creating bond (planner_server) to lifecycle manager.
[lifecycle_manager-11] [INFO] [1786697989.576846008] [pinky_01.lifecycle_manager_navigation]: Server planner_server connected with bond.
[lifecycle_manager-11] [INFO] [1786697989.576900559] [pinky_01.lifecycle_manager_navigation]: [34m[1mActivating behavior_server[0m[0m
[behavior_server-7] [INFO] [1786697989.577350307] [pinky_01.behavior_server]: Activating
[behavior_server-7] [INFO] [1786697989.577379577] [pinky_01.behavior_server]: Activating spin
[behavior_server-7] [INFO] [1786697989.577392791] [pinky_01.behavior_server]: Activating backup
[behavior_server-7] [INFO] [1786697989.577403627] [pinky_01.behavior_server]: Activating drive_on_heading
[behavior_server-7] [INFO] [1786697989.577413381] [pinky_01.behavior_server]: Activating assisted_teleop
[behavior_server-7] [INFO] [1786697989.577423383] [pinky_01.behavior_server]: Activating wait
[behavior_server-7] [INFO] [1786697989.577444830] [pinky_01.behavior_server]: Creating bond (behavior_server) to lifecycle manager.
[lifecycle_manager-11] [INFO] [1786697989.684599360] [pinky_01.lifecycle_manager_navigation]: Server behavior_server connected with bond.
[lifecycle_manager-11] [INFO] [1786697989.684634390] [pinky_01.lifecycle_manager_navigation]: [34m[1mActivating bt_navigator[0m[0m
[bt_navigator-8] [INFO] [1786697989.684993022] [pinky_01.bt_navigator]: Activating
[bt_navigator-8] [INFO] [1786697989.781107387] [pinky_01.bt_navigator]: Creating bond (bt_navigator) to lifecycle manager.
[lifecycle_manager-11] [INFO] [1786697989.888730317] [pinky_01.lifecycle_manager_navigation]: Server bt_navigator connected with bond.
[lifecycle_manager-11] [INFO] [1786697989.888761859] [pinky_01.lifecycle_manager_navigation]: [34m[1mActivating waypoint_follower[0m[0m
[waypoint_follower-9] [INFO] [1786697989.889098840] [pinky_01.waypoint_follower]: Activating
[waypoint_follower-9] [INFO] [1786697989.889131205] [pinky_01.waypoint_follower]: Creating bond (waypoint_follower) to lifecycle manager.
[lifecycle_manager-11] [INFO] [1786697989.997861423] [pinky_01.lifecycle_manager_navigation]: Server waypoint_follower connected with bond.
[lifecycle_manager-11] [INFO] [1786697989.997894393] [pinky_01.lifecycle_manager_navigation]: [34m[1mActivating velocity_smoother[0m[0m
[velocity_smoother-10] [INFO] [1786697989.998256610] [pinky_01.velocity_smoother]: Activating
[velocity_smoother-10] [INFO] [1786697989.998312697] [pinky_01.velocity_smoother]: Creating bond (velocity_smoother) to lifecycle manager.
[lifecycle_manager-11] [INFO] [1786697990.106239140] [pinky_01.lifecycle_manager_navigation]: Server velocity_smoother connected with bond.
[lifecycle_manager-11] [INFO] [1786697990.106271363] [pinky_01.lifecycle_manager_navigation]: [34m[1mManaged nodes are active[0m[0m
[lifecycle_manager-11] [INFO] [1786697990.106282739] [pinky_01.lifecycle_manager_navigation]: [34m[1mCreating bond timer...[0m[0m
[python3-12] [INFO] [1786697990.430526276] [project1_pinky_fleet_adapter]: Adding robot [pinky_01] to fleet [project1_pinky].
[python3-12] [INFO] [1786697990.431486061] [project1_pinky_nav2_adapter]: [pinky_01] RMF 에 붙었습니다.
[rmf_traffic_schedule-1] [INFO] [1786697990.433325892] [rmf_traffic_schedule_primary]: Registered participant [0] named [pinky_01] owned by [project1_pinky]
[python3-12] [INFO] [1786697990.450503337] [project1_pinky_fleet_adapter]: Added a robot named [pinky_01] with participant ID [0]
[python3-12] [INFO] [1786697990.456478706] [project1_pinky_fleet_adapter]: Successfully added robot [pinky_01] to the fleet [project1_pinky].
[python3-12] [INFO] [1786697990.456562869] [project1_pinky_fleet_adapter]: Charger waypoint for robot [project1_pinky/pinky_01] set to index [4]
[schedule_visualizer_node-4] [INFO] [1786697991.066680248] [schedule_data_node]: Requesting new schedule update because update timed out
[schedule_visualizer_node-4] [INFO] [1786697991.066715470] [schedule_data_node]: [rmf_traffic_ros2::MirrorManager::request_update] Requesting changes for query ID [1] since beginning of recorded history
[rmf_traffic_schedule-1] [INFO] [1786697991.072254591] [rmf_traffic_schedule_primary]: [ScheduleNode::update_mirrors] Sending remedial update starting from the beginning going to 1 for query 1
[schedule_visualizer_node-4] [INFO] [1786698011.072571066] [schedule_data_node]: Requesting new schedule update because update timed out
[schedule_visualizer_node-4] [INFO] [1786698011.072628662] [schedule_data_node]: [rmf_traffic_ros2::MirrorManager::request_update] Requesting changes for query ID [1] since version [1]
[python3-12] [INFO] [1786698011.073248373] [project1_pinky_fleet_adapter]: Requesting new schedule update because update timed out
[python3-12] [INFO] [1786698011.073294783] [project1_pinky_fleet_adapter]: [rmf_traffic_ros2::MirrorManager::request_update] Requesting changes for query ID [1] since version [1]
[schedule_visualizer_node-4] [INFO] [1786698031.072588131] [schedule_data_node]: Requesting new schedule update because update timed out
[schedule_visualizer_node-4] [INFO] [1786698031.072633643] [schedule_data_node]: [rmf_traffic_ros2::MirrorManager::request_update] Requesting changes for query ID [1] since beginning of recorded history
[python3-12] [INFO] [1786698031.073199326] [project1_pinky_fleet_adapter]: Requesting new schedule update because update timed out
[python3-12] [INFO] [1786698031.073240620] [project1_pinky_fleet_adapter]: [rmf_traffic_ros2::MirrorManager::request_update] Requesting changes for query ID [1] since beginning of recorded history
[rmf_traffic_schedule-1] [INFO] [1786698031.082236832] [rmf_traffic_schedule_primary]: [ScheduleNode::update_mirrors] Sending remedial update starting from the beginning going to 2 for query 1
[schedule_visualizer_node-4] [INFO] [1786698051.082491079] [schedule_data_node]: Requesting new schedule update because update timed out
[schedule_visualizer_node-4] [INFO] [1786698051.082532596] [schedule_data_node]: [rmf_traffic_ros2::MirrorManager::request_update] Requesting changes for query ID [1] since version [2]
[python3-12] [INFO] [1786698051.082970199] [project1_pinky_fleet_adapter]: Requesting new schedule update because update timed out
[python3-12] [INFO] [1786698051.083003424] [project1_pinky_fleet_adapter]: [rmf_traffic_ros2::MirrorManager::request_update] Requesting changes for query ID [1] since version [2]
[schedule_visualizer_node-4] [INFO] [1786698071.082505913] [schedule_data_node]: Requesting new schedule update because update timed out
[schedule_visualizer_node-4] [INFO] [1786698071.082560771] [schedule_data_node]: [rmf_traffic_ros2::MirrorManager::request_update] Requesting changes for query ID [1] since beginning of recorded history
[python3-12] [INFO] [1786698071.082860945] [project1_pinky_fleet_adapter]: Requesting new schedule update because update timed out
[python3-12] [INFO] [1786698071.082893099] [project1_pinky_fleet_adapter]: [rmf_traffic_ros2::MirrorManager::request_update] Requesting changes for query ID [1] since beginning of recorded history
[rmf_traffic_schedule-1] [INFO] [1786698071.092220171] [rmf_traffic_schedule_primary]: [ScheduleNode::update_mirrors] Sending remedial update starting from the beginning going to 2 for query 1
[schedule_visualizer_node-4] [INFO] [1786698091.092516417] [schedule_data_node]: Requesting new schedule update because update timed out
[schedule_visualizer_node-4] [INFO] [1786698091.092599083] [schedule_data_node]: [rmf_traffic_ros2::MirrorManager::request_update] Requesting changes for query ID [1] since version [2]
[python3-12] [INFO] [1786698091.093195690] [project1_pinky_fleet_adapter]: Requesting new schedule update because update timed out
[python3-12] [INFO] [1786698091.093251382] [project1_pinky_fleet_adapter]: [rmf_traffic_ros2::MirrorManager::request_update] Requesting changes for query ID [1] since version [2]
[python3-12] [INFO] [1786698091.668725768] [project1_pinky_fleet_adapter]: Direct request [rmf_control_ui-d9209011] successfully queued for robot [pinky_01]
[python3-12] [INFO] [1786698091.669842595] [project1_pinky_fleet_adapter]: Beginning next task [rmf_control_ui-d9209011] for robot [project1_pinky/pinky_01]
[python3-12] [INFO] [1786698091.671052255] [project1_pinky_fleet_adapter]: Selecting a new go_to_place location from [1] choices for robot [project1_pinky/pinky_01]
[python3-12] [INFO] [1786698091.671111769] [project1_pinky_fleet_adapter]: Got distance from [11] as 0.422339
[python3-12] [INFO] [1786698091.671246407] [project1_pinky_fleet_adapter]: Planning for [project1_pinky/pinky_01] to [픽업3] from one of these locations:
[python3-12]  -- L1 < 1.18465 -1.60222> [대기4] | on waypoint | orientation -2.93547e-11
[python3-12] [INFO] [1786698091.672052572] [project1_pinky_fleet_adapter]: Beginning new task [rmf_control_ui-d9209011] for [project1_pinky/pinky_01]. Remaining queue size: 0
[python3-12] [INFO] [1786698091.673485297] [project1_pinky_fleet_adapter]: Executing final go_to_place [픽업3] for robot [project1_pinky/pinky_01]
[python3-12] [INFO] [1786698091.674377351] [project1_pinky_fleet_adapter]: [project1_pinky/pinky_01] Moving to [place:픽업3] via
[python3-12]  -- t=0 #7 <     1.18465     -1.60222 -5.12337e-13> yaw=-2.93547e-11 approach lanes:
[python3-12]  -- t=1.51211 #7 < 1.18465 -1.60222 -1.56504> yaw=-89.67 approach lanes:
[python3-12]  -- t=2.25445 #11 < 1.18659 -1.94009 -1.56504> yaw=-89.67 approach lanes: 23
[python3-12] [INFO] [1786698091.676889584] [project1_pinky_nav2_adapter]: [pinky_01] -> (1.187, -1.940, -90도) 지도 [L1]
[bt_navigator-8] [INFO] [1786698091.679507972] [pinky_01.bt_navigator]: Begin navigating from current location (1.18, -1.60) to (1.19, -1.94)
[controller_server-4] [INFO] [1786698091.702671581] [pinky_01.controller_server]: Received a goal, begin computing control effort.
[controller_server-4] [WARN] [1786698091.702733238] [pinky_01.controller_server]: No goal checker was specified in parameter 'current_goal_checker'. Server will use only plugin loaded general_goal_checker . This warning will appear once.
[controller_server-4] [WARN] [1786698091.702745123] [pinky_01.controller_server]: No progress checker was specified in parameter 'current_progress_checker'. Server will use only plugin loaded progress_checker . This warning will appear once.
[parameter_bridge-11] [INFO] [1786698091.748676949] [gz_bridge]: Passing message from ROS geometry_msgs/msg/Twist to Gazebo gz.msgs.Twist (showing msg only once per type)
[controller_server-4] [INFO] [1786698092.752873139] [pinky_01.controller_server]: Passing new path to controller.
  ↑ 같은 줄 12번 더
[controller_server-4] [INFO] [1786698105.503248039] [pinky_01.controller_server]: Reached the goal!
[bt_navigator-8] [INFO] [1786698105.527907113] [pinky_01.bt_navigator]: Goal succeeded
[python3-12] [INFO] [1786698105.529051438] [project1_pinky_nav2_adapter]: [pinky_01] 도착했습니다.
[python3-12] [INFO] [1786698105.531205250] [project1_pinky_nav2_adapter]: [pinky_01] 동작 [armLoad] → 워크셀 [픽업3] 요청 (pinky_01-1e55e201-0303-4437-8617-968a1bc65ffb)
[python3-13] [INFO] [1786698105.532634510] [project1_ver2_workcell]: [omx_01] 픽업3 요청 받음 (pinky_01-1e55e201-0303-4437-8617-968a1bc65ffb)
[python3-13] [INFO] [1786698105.533508816] [project1_ver2_workcell]: [omx_01] 물품 [policy_1] 가상 policy 실행
[python3-12] [INFO] [1786698105.533597564] [project1_pinky_nav2_adapter]: [pinky_01] 워크셀 [픽업3]이 요청을 받았습니다.
[python3-13] [INFO] [1786698112.534823133] [project1_ver2_workcell]: [omx_01] 픽업3 끝.
[python3-12] [INFO] [1786698112.536156117] [project1_pinky_nav2_adapter]: [pinky_01] 워크셀 [픽업3] 동작 완료.
[python3-12] [INFO] [1786698112.537278642] [project1_pinky_fleet_adapter]: Selecting a new go_to_place location from [1] choices for robot [project1_pinky/pinky_01]
[python3-12] [INFO] [1786698112.537385696] [project1_pinky_fleet_adapter]: Got distance from [7] as 0.303382
[python3-12] [INFO] [1786698112.537662807] [project1_pinky_fleet_adapter]: Planning for [project1_pinky/pinky_01] to [대기4] from one of these locations:
[python3-12]  -- L1 < 1.18465 -1.60222> [대기4] | location < 1.19847 -1.84453> | orientation -96.0016
[python3-12]  -- lane 22: { L1 < 1.18659 -1.94009> [픽업3] } -> { L1 < 1.18465 -1.60222> [대기4] } | location < 1.19847 -1.84453> | orientation -96.0016
[python3-12]  -- lane 23: { L1 < 1.18465 -1.60222> [대기4] } -> { L1 < 1.18659 -1.94009> [픽업3] } | location < 1.19847 -1.84453> | orientation -96.0016
[python3-12] [INFO] [1786698112.539701032] [project1_pinky_fleet_adapter]: Executing final go_to_place [대기4] for robot [project1_pinky/pinky_01]
[python3-12] [INFO] [1786698112.540481752] [project1_pinky_fleet_adapter]: [project1_pinky/pinky_01] Moving to [place:대기4] via
[python3-12]  -- t=0 < 1.19847 -1.84453 -1.67554> yaw=-96.0016 approach lanes:
[python3-12]  -- t=2.45533 < 1.19847 -1.84453  1.62777> yaw=93.2645 approach lanes:
[python3-12]  -- t=3.07849 #7 < 1.18465 -1.60222  1.62777> yaw=93.2645 approach lanes:
[python3-12] [INFO] [1786698112.542814122] [project1_pinky_nav2_adapter]: [pinky_01] -> (1.185, -1.602, 93도) 지도 [L1]
[bt_navigator-8] [INFO] [1786698112.544109895] [pinky_01.bt_navigator]: Begin navigating from current location (1.20, -1.85) to (1.18, -1.60)
[controller_server-4] [INFO] [1786698112.564973420] [pinky_01.controller_server]: Received a goal, begin computing control effort.
[controller_server-4] [INFO] [1786698113.615100732] [pinky_01.controller_server]: Passing new path to controller.
  ↑ 같은 줄 24번 더
[controller_server-4] [WARN] [1786698138.784830732] [pinky_01.controller_server]: Control loop missed its desired rate of 20.0000 Hz. Current loop rate is 33.3333 Hz.
[controller_server-4] [INFO] [1786698139.234941703] [pinky_01.controller_server]: Passing new path to controller.
  ↑ 같은 줄 13번 더
[controller_server-4] [INFO] [1786698153.435311485] [pinky_01.controller_server]: Reached the goal!
[bt_navigator-8] [INFO] [1786698153.464510774] [pinky_01.bt_navigator]: Goal succeeded
[python3-12] [INFO] [1786698153.465320257] [project1_pinky_nav2_adapter]: [pinky_01] 도착했습니다.
[schedule_visualizer_node-4] [INFO] [1786698173.472811513] [schedule_data_node]: Requesting new schedule update because update timed out
[schedule_visualizer_node-4] [INFO] [1786698173.472865573] [schedule_data_node]: [rmf_traffic_ros2::MirrorManager::request_update] Requesting changes for query ID [1] since version [40]
[python3-12] [INFO] [1786698173.473792113] [project1_pinky_fleet_adapter]: Requesting new schedule update because update timed out
[python3-12] [INFO] [1786698173.473864238] [project1_pinky_fleet_adapter]: [rmf_traffic_ros2::MirrorManager::request_update] Requesting changes for query ID [1] since version [40]
[python3-12] [INFO] [1786698189.895058296] [project1_pinky_fleet_adapter]: Direct request [rmf_control_ui-d64a9c0e] successfully queued for robot [pinky_01]
[python3-12] [INFO] [1786698189.895683957] [project1_pinky_fleet_adapter]: Beginning next task [rmf_control_ui-d64a9c0e] for robot [project1_pinky/pinky_01]
[python3-12] [INFO] [1786698189.896486075] [project1_pinky_fleet_adapter]: Selecting a new go_to_place location from [1] choices for robot [project1_pinky/pinky_01]
[python3-12] [INFO] [1786698189.896517134] [project1_pinky_fleet_adapter]: Got distance from [11] as 0.284931
[python3-12] [INFO] [1786698189.896693311] [project1_pinky_fleet_adapter]: Planning for [project1_pinky/pinky_01] to [픽업3] from one of these locations:
[python3-12]  -- L1 < 1.18465 -1.60222> [대기4] | location < 1.16436 -1.71323> | orientation 88.7746
[python3-12]  -- lane 16: { L1 < 1.18465 -1.60222> [대기4] } -> { L1 <0.409346 -1.60246> [대기5] } | location < 1.16436 -1.71323> | orientation 88.7746
[python3-12]  -- lane 17: { L1 <0.409346 -1.60246> [대기5] } -> { L1 < 1.18465 -1.60222> [대기4] } | location < 1.16436 -1.71323> | orientation 88.7746
[python3-12]  -- lane 22: { L1 < 1.18659 -1.94009> [픽업3] } -> { L1 < 1.18465 -1.60222> [대기4] } | location < 1.16436 -1.71323> | orientation 88.7746
[python3-12]  -- lane 23: { L1 < 1.18465 -1.60222> [대기4] } -> { L1 < 1.18659 -1.94009> [픽업3] } | location < 1.16436 -1.71323> | orientation 88.7746
[python3-12] [INFO] [1786698189.897285585] [project1_pinky_fleet_adapter]: Beginning new task [rmf_control_ui-d64a9c0e] for [project1_pinky/pinky_01]. Remaining queue size: 0
[python3-12] [INFO] [1786698189.898109338] [project1_pinky_fleet_adapter]: Executing final go_to_place [픽업3] for robot [project1_pinky/pinky_01]
[python3-12] [INFO] [1786698189.898694155] [project1_pinky_fleet_adapter]: [project1_pinky/pinky_01] Moving to [place:픽업3] via
[python3-12]  -- t=0 < 1.16436 -1.71323  1.54941> yaw=88.7746 approach lanes:
[python3-12]  -- t=2.48377 < 1.16436 -1.71323 -1.47313> yaw=-84.4039 approach lanes:
[python3-12]  -- t=3.08769 #11 < 1.18659 -1.94009 -1.47313> yaw=-84.4039 approach lanes: 23
[python3-12] [INFO] [1786698189.901480406] [project1_pinky_nav2_adapter]: [pinky_01] -> (1.187, -1.940, -84도) 지도 [L1]
[bt_navigator-8] [INFO] [1786698189.902617315] [pinky_01.bt_navigator]: Begin navigating from current location (1.16, -1.71) to (1.19, -1.94)
[python3-12] [WARN] [1786698189.902885619] [project1_pinky_fleet_adapter]: Failed to update using patch for DB version 41 (mirror version: none, patch base: 40); requesting new update
[python3-12] [INFO] [1786698189.902923367] [project1_pinky_fleet_adapter]: [rmf_traffic_ros2::MirrorManager::request_update] Requesting changes for query ID [1] since beginning of recorded history
[schedule_visualizer_node-4] [WARN] [1786698189.902874430] [schedule_data_node]: Failed to update using patch for DB version 41 (mirror version: none, patch base: 40); requesting new update
[schedule_visualizer_node-4] [INFO] [1786698189.902924910] [schedule_data_node]: [rmf_traffic_ros2::MirrorManager::request_update] Requesting changes for query ID [1] since beginning of recorded history
[rmf_traffic_schedule-1] [INFO] [1786698189.913432493] [rmf_traffic_schedule_primary]: [ScheduleNode::update_mirrors] Sending remedial update starting from the beginning going to 41 for query 1
[controller_server-4] [INFO] [1786698189.923408061] [pinky_01.controller_server]: Received a goal, begin computing control effort.
[controller_server-4] [INFO] [1786698190.973568462] [pinky_01.controller_server]: Passing new path to controller.
  ↑ 같은 줄 34번 더
[controller_server-4] [INFO] [1786698226.173939425] [pinky_01.controller_server]: Reached the goal!
[bt_navigator-8] [INFO] [1786698226.194637085] [pinky_01.bt_navigator]: Goal succeeded
[python3-12] [INFO] [1786698226.195308887] [project1_pinky_nav2_adapter]: [pinky_01] 도착했습니다.
[python3-12] [INFO] [1786698226.196951147] [project1_pinky_nav2_adapter]: [pinky_01] 동작 [armLoad] → 워크셀 [픽업3] 요청 (pinky_01-742926e3-3a59-4edb-b4a2-b3ee5531e2af)
[python3-13] [INFO] [1786698226.198169913] [project1_ver2_workcell]: [omx_01] 픽업3 요청 받음 (pinky_01-742926e3-3a59-4edb-b4a2-b3ee5531e2af)
[python3-13] [INFO] [1786698226.198798443] [project1_ver2_workcell]: [omx_01] 물품 [policy_1] 가상 policy 실행
[python3-12] [INFO] [1786698226.199005205] [project1_pinky_nav2_adapter]: [pinky_01] 워크셀 [픽업3]이 요청을 받았습니다.
[python3-13] [INFO] [1786698233.199711044] [project1_ver2_workcell]: [omx_01] 픽업3 끝.
[python3-12] [INFO] [1786698233.200698761] [project1_pinky_nav2_adapter]: [pinky_01] 워크셀 [픽업3] 동작 완료.
[python3-12] [INFO] [1786698233.201337754] [project1_pinky_fleet_adapter]: Selecting a new go_to_place location from [1] choices for robot [project1_pinky/pinky_01]
[python3-12] [INFO] [1786698233.201388098] [project1_pinky_fleet_adapter]: Got distance from [7] as 0.292856
[python3-12] [INFO] [1786698233.201598214] [project1_pinky_fleet_adapter]: Planning for [project1_pinky/pinky_01] to [대기4] from one of these locations:
[python3-12]  -- L1 < 1.18465 -1.60222> [대기4] | location < 1.18138 -1.83648> | orientation -80.4428
[python3-12]  -- lane 16: { L1 < 1.18465 -1.60222> [대기4] } -> { L1 <0.409346 -1.60246> [대기5] } | location < 1.18138 -1.83648> | orientation -80.4428
[python3-12]  -- lane 17: { L1 <0.409346 -1.60246> [대기5] } -> { L1 < 1.18465 -1.60222> [대기4] } | location < 1.18138 -1.83648> | orientation -80.4428
[python3-12]  -- lane 22: { L1 < 1.18659 -1.94009> [픽업3] } -> { L1 < 1.18465 -1.60222> [대기4] } | location < 1.18138 -1.83648> | orientation -80.4428
[python3-12]  -- lane 23: { L1 < 1.18465 -1.60222> [대기4] } -> { L1 < 1.18659 -1.94009> [픽업3] } | location < 1.18138 -1.83648> | orientation -80.4428
[python3-12] [INFO] [1786698233.203213719] [project1_pinky_fleet_adapter]: Executing final go_to_place [대기4] for robot [project1_pinky/pinky_01]
[python3-12] [INFO] [1786698233.203801924] [project1_pinky_fleet_adapter]: [project1_pinky/pinky_01] Moving to [place:대기4] via
[python3-12]  -- t=0 < 1.18138 -1.83648 -1.40399> yaw=-80.4428 approach lanes:
[python3-12]  -- t=2.44264 < 1.18138 -1.83648  1.55684> yaw=89.2005 approach lanes:
[python3-12]  -- t=3.05489 #7 < 1.18465 -1.60222  1.55684> yaw=89.2005 approach lanes:
[python3-12] [INFO] [1786698233.205466960] [project1_pinky_nav2_adapter]: [pinky_01] -> (1.185, -1.602, 89도) 지도 [L1]
[bt_navigator-8] [INFO] [1786698233.206979378] [pinky_01.bt_navigator]: Begin navigating from current location (1.18, -1.84) to (1.18, -1.60)
[controller_server-4] [INFO] [1786698233.227703356] [pinky_01.controller_server]: Received a goal, begin computing control effort.
[controller_server-4] [INFO] [1786698234.279236092] [pinky_01.controller_server]: Passing new path to controller.
  ↑ 같은 줄 33번 더
[controller_server-4] [INFO] [1786698268.828032142] [pinky_01.controller_server]: Reached the goal!
[bt_navigator-8] [INFO] [1786698268.852161322] [pinky_01.bt_navigator]: Goal succeeded
[python3-12] [INFO] [1786698268.852797633] [project1_pinky_nav2_adapter]: [pinky_01] 도착했습니다.
[python3-12] [INFO] [1786698283.980041680] [project1_pinky_fleet_adapter]: Cache sizes:
[python3-12]  - DifferentialDrive: 75
[python3-12]  - ShortestPath: 24
[python3-12]  - Euclidean: 0
[schedule_visualizer_node-4] [INFO] [1786698289.412598420] [schedule_data_node]: Requesting new schedule update because update timed out
[schedule_visualizer_node-4] [INFO] [1786698289.412643362] [schedule_data_node]: [rmf_traffic_ros2::MirrorManager::request_update] Requesting changes for query ID [1] since version [81]
[python3-12] [INFO] [1786698289.413277985] [project1_pinky_fleet_adapter]: Requesting new schedule update because update timed out
[python3-12] [INFO] [1786698289.413310436] [project1_pinky_fleet_adapter]: [rmf_traffic_ros2::MirrorManager::request_update] Requesting changes for query ID [1] since version [81]
[schedule_visualizer_node-4] [INFO] [1786698309.412604861] [schedule_data_node]: Requesting new schedule update because update timed out
[schedule_visualizer_node-4] [INFO] [1786698309.412648698] [schedule_data_node]: [rmf_traffic_ros2::MirrorManager::request_update] Requesting changes for query ID [1] since beginning of recorded history
[python3-12] [INFO] [1786698309.413255142] [project1_pinky_fleet_adapter]: Requesting new schedule update because update timed out
[python3-12] [INFO] [1786698309.413294033] [project1_pinky_fleet_adapter]: [rmf_traffic_ros2::MirrorManager::request_update] Requesting changes for query ID [1] since beginning of recorded history
[rmf_traffic_schedule-1] [INFO] [1786698309.422336847] [rmf_traffic_schedule_primary]: [ScheduleNode::update_mirrors] Sending remedial update starting from the beginning going to 81 for query 1
[schedule_visualizer_node-4] [INFO] [1786698349.412545858] [schedule_data_node]: Requesting new schedule update because update timed out
[schedule_visualizer_node-4] [INFO] [1786698349.412593829] [schedule_data_node]: [rmf_traffic_ros2::MirrorManager::request_update] Requesting changes for query ID [1] since version [82]
[python3-12] [INFO] [1786698349.413197515] [project1_pinky_fleet_adapter]: Requesting new schedule update because update timed out
[python3-12] [INFO] [1786698349.413240036] [project1_pinky_fleet_adapter]: [rmf_traffic_ros2::MirrorManager::request_update] Requesting changes for query ID [1] since version [82]
[schedule_visualizer_node-4] [INFO] [1786698369.412515445] [schedule_data_node]: Requesting new schedule update because update timed out
[schedule_visualizer_node-4] [INFO] [1786698369.412575889] [schedule_data_node]: [rmf_traffic_ros2::MirrorManager::request_update] Requesting changes for query ID [1] since beginning of recorded history
[python3-12] [INFO] [1786698369.413251540] [project1_pinky_fleet_adapter]: Requesting new schedule update because update timed out
[python3-12] [INFO] [1786698369.413293368] [project1_pinky_fleet_adapter]: [rmf_traffic_ros2::MirrorManager::request_update] Requesting changes for query ID [1] since beginning of recorded history
[rmf_traffic_schedule-1] [INFO] [1786698369.422314226] [rmf_traffic_schedule_primary]: [ScheduleNode::update_mirrors] Sending remedial update starting from the beginning going to 82 for query 1
[schedule_visualizer_node-4] [INFO] [1786698409.412558946] [schedule_data_node]: Requesting new schedule update because update timed out
[schedule_visualizer_node-4] [INFO] [1786698409.412603996] [schedule_data_node]: [rmf_traffic_ros2::MirrorManager::request_update] Requesting changes for query ID [1] since version [83]
[python3-12] [INFO] [1786698409.413221503] [project1_pinky_fleet_adapter]: Requesting new schedule update because update timed out
[python3-12] [INFO] [1786698409.413265995] [project1_pinky_fleet_adapter]: [rmf_traffic_ros2::MirrorManager::request_update] Requesting changes for query ID [1] since version [83]
[schedule_visualizer_node-4] [INFO] [1786698429.412562871] [schedule_data_node]: Requesting new schedule update because update timed out
[schedule_visualizer_node-4] [INFO] [1786698429.412614919] [schedule_data_node]: [rmf_traffic_ros2::MirrorManager::request_update] Requesting changes for query ID [1] since beginning of recorded history
[python3-12] [INFO] [1786698429.413225232] [project1_pinky_fleet_adapter]: Requesting new schedule update because update timed out
[python3-12] [INFO] [1786698429.413267950] [project1_pinky_fleet_adapter]: [rmf_traffic_ros2::MirrorManager::request_update] Requesting changes for query ID [1] since beginning of recorded history
[rmf_traffic_schedule-1] [INFO] [1786698429.422378541] [rmf_traffic_schedule_primary]: [ScheduleNode::update_mirrors] Sending remedial update starting from the beginning going to 83 for query 1
[schedule_visualizer_node-4] [INFO] [1786698469.412482640] [schedule_data_node]: Requesting new schedule update because update timed out
[schedule_visualizer_node-4] [INFO] [1786698469.412519087] [schedule_data_node]: [rmf_traffic_ros2::MirrorManager::request_update] Requesting changes for query ID [1] since version [84]
[python3-12] [INFO] [1786698469.413116277] [project1_pinky_fleet_adapter]: Requesting new schedule update because update timed out
[python3-12] [INFO] [1786698469.413162251] [project1_pinky_fleet_adapter]: [rmf_traffic_ros2::MirrorManager::request_update] Requesting changes for query ID [1] since version [84]
[schedule_visualizer_node-4] [INFO] [1786698489.412489798] [schedule_data_node]: Requesting new schedule update because update timed out
[schedule_visualizer_node-4] [INFO] [1786698489.412542624] [schedule_data_node]: [rmf_traffic_ros2::MirrorManager::request_update] Requesting changes for query ID [1] since beginning of recorded history
[python3-12] [INFO] [1786698489.413192708] [project1_pinky_fleet_adapter]: Requesting new schedule update because update timed out
[python3-12] [INFO] [1786698489.413234149] [project1_pinky_fleet_adapter]: [rmf_traffic_ros2::MirrorManager::request_update] Requesting changes for query ID [1] since beginning of recorded history
[rmf_traffic_schedule-1] [INFO] [1786698489.422322097] [rmf_traffic_schedule_primary]: [ScheduleNode::update_mirrors] Sending remedial update starting from the beginning going to 84 for query 1
[schedule_visualizer_node-4] [INFO] [1786698529.412557076] [schedule_data_node]: Requesting new schedule update because update timed out
[schedule_visualizer_node-4] [INFO] [1786698529.412612226] [schedule_data_node]: [rmf_traffic_ros2::MirrorManager::request_update] Requesting changes for query ID [1] since version [85]
[python3-12] [INFO] [1786698529.413210330] [project1_pinky_fleet_adapter]: Requesting new schedule update because update timed out
[python3-12] [INFO] [1786698529.413252769] [project1_pinky_fleet_adapter]: [rmf_traffic_ros2::MirrorManager::request_update] Requesting changes for query ID [1] since version [85]
[schedule_visualizer_node-4] [INFO] [1786698549.412564665] [schedule_data_node]: Requesting new schedule update because update timed out
[schedule_visualizer_node-4] [INFO] [1786698549.412613088] [schedule_data_node]: [rmf_traffic_ros2::MirrorManager::request_update] Requesting changes for query ID [1] since beginning of recorded history
[python3-12] [INFO] [1786698549.413271876] [project1_pinky_fleet_adapter]: Requesting new schedule update because update timed out
[python3-12] [INFO] [1786698549.413315003] [project1_pinky_fleet_adapter]: [rmf_traffic_ros2::MirrorManager::request_update] Requesting changes for query ID [1] since beginning of recorded history
[rmf_traffic_schedule-1] [INFO] [1786698549.422372072] [rmf_traffic_schedule_primary]: [ScheduleNode::update_mirrors] Sending remedial update starting from the beginning going to 85 for query 1
[python3-12] [INFO] [1786698583.980112725] [project1_pinky_fleet_adapter]: Cache sizes:
[python3-12]  - DifferentialDrive: 75
[python3-12]  - ShortestPath: 24
[python3-12]  - Euclidean: 0
[schedule_visualizer_node-4] [INFO] [1786698589.412515510] [schedule_data_node]: Requesting new schedule update because update timed out
[python3-12] [INFO] [1786698589.413457170] [project1_pinky_fleet_adapter]: Requesting new schedule update because update timed out
[python3-12] [INFO] [1786698589.413507791] [project1_pinky_fleet_adapter]: [rmf_traffic_ros2::MirrorManager::request_update] Requesting changes for query ID [1] since version [86]
[schedule_visualizer_node-4] [INFO] [1786698589.412606547] [schedule_data_node]: [rmf_traffic_ros2::MirrorManager::request_update] Requesting changes for query ID [1] since version [86]
[schedule_visualizer_node-4] [INFO] [1786698609.412481059] [schedule_data_node]: Requesting new schedule update because update timed out
[schedule_visualizer_node-4] [INFO] [1786698609.412526405] [schedule_data_node]: [rmf_traffic_ros2::MirrorManager::request_update] Requesting changes for query ID [1] since beginning of recorded history
[python3-12] [INFO] [1786698609.413270245] [project1_pinky_fleet_adapter]: Requesting new schedule update because update timed out
[python3-12] [INFO] [1786698609.413324024] [project1_pinky_fleet_adapter]: [rmf_traffic_ros2::MirrorManager::request_update] Requesting changes for query ID [1] since beginning of recorded history
[rmf_traffic_schedule-1] [INFO] [1786698609.422329234] [rmf_traffic_schedule_primary]: [ScheduleNode::update_mirrors] Sending remedial update starting from the beginning going to 86 for query 1
[schedule_visualizer_node-4] [INFO] [1786698649.412572499] [schedule_data_node]: Requesting new schedule update because update timed out
[schedule_visualizer_node-4] [INFO] [1786698649.412618903] [schedule_data_node]: [rmf_traffic_ros2::MirrorManager::request_update] Requesting changes for query ID [1] since version [87]
[python3-12] [INFO] [1786698649.413252497] [project1_pinky_fleet_adapter]: Requesting new schedule update because update timed out
[python3-12] [INFO] [1786698649.413294271] [project1_pinky_fleet_adapter]: [rmf_traffic_ros2::MirrorManager::request_update] Requesting changes for query ID [1] since version [87]
[schedule_visualizer_node-4] [INFO] [1786698669.412657027] [schedule_data_node]: Requesting new schedule update because update timed out
[schedule_visualizer_node-4] [INFO] [1786698669.412702429] [schedule_data_node]: [rmf_traffic_ros2::MirrorManager::request_update] Requesting changes for query ID [1] since beginning of recorded history
[python3-12] [INFO] [1786698669.413362778] [project1_pinky_fleet_adapter]: Requesting new schedule update because update timed out
[python3-12] [INFO] [1786698669.413407675] [project1_pinky_fleet_adapter]: [rmf_traffic_ros2::MirrorManager::request_update] Requesting changes for query ID [1] since beginning of recorded history
[rmf_traffic_schedule-1] [INFO] [1786698669.422317961] [rmf_traffic_schedule_primary]: [ScheduleNode::update_mirrors] Sending remedial update starting from the beginning going to 87 for query 1
[schedule_visualizer_node-4] [INFO] [1786698709.412677857] [schedule_data_node]: Requesting new schedule update because update timed out
[schedule_visualizer_node-4] [INFO] [1786698709.412724642] [schedule_data_node]: [rmf_traffic_ros2::MirrorManager::request_update] Requesting changes for query ID [1] since version [88]
[python3-12] [INFO] [1786698709.413156240] [project1_pinky_fleet_adapter]: Requesting new schedule update because update timed out
[python3-12] [INFO] [1786698709.413198110] [project1_pinky_fleet_adapter]: [rmf_traffic_ros2::MirrorManager::request_update] Requesting changes for query ID [1] since version [88]
[schedule_visualizer_node-4] [INFO] [1786698729.412713314] [schedule_data_node]: Requesting new schedule update because update timed out
[schedule_visualizer_node-4] [INFO] [1786698729.412763486] [schedule_data_node]: [rmf_traffic_ros2::MirrorManager::request_update] Requesting changes for query ID [1] since beginning of recorded history
[python3-12] [INFO] [1786698729.413161780] [project1_pinky_fleet_adapter]: Requesting new schedule update because update timed out
[python3-12] [INFO] [1786698729.413208146] [project1_pinky_fleet_adapter]: [rmf_traffic_ros2::MirrorManager::request_update] Requesting changes for query ID [1] since beginning of recorded history
[rmf_traffic_schedule-1] [INFO] [1786698729.422335337] [rmf_traffic_schedule_primary]: [ScheduleNode::update_mirrors] Sending remedial update starting from the beginning going to 88 for query 1
[schedule_visualizer_node-4] [INFO] [1786698769.412438930] [schedule_data_node]: Requesting new schedule update because update timed out
[schedule_visualizer_node-4] [INFO] [1786698769.412490095] [schedule_data_node]: [rmf_traffic_ros2::MirrorManager::request_update] Requesting changes for query ID [1] since version [89]
[python3-12] [INFO] [1786698769.413149947] [project1_pinky_fleet_adapter]: Requesting new schedule update because update timed out
[python3-12] [INFO] [1786698769.413195564] [project1_pinky_fleet_adapter]: [rmf_traffic_ros2::MirrorManager::request_update] Requesting changes for query ID [1] since version [89]
[python3-12] [INFO] [1786698780.948261545] [project1_pinky_fleet_adapter]: Direct request [rmf_control_ui-ff6b721c] successfully queued for robot [pinky_01]
[python3-12] [INFO] [1786698780.949306642] [project1_pinky_fleet_adapter]: Beginning next task [rmf_control_ui-ff6b721c] for robot [project1_pinky/pinky_01]
[python3-12] [INFO] [1786698780.950765264] [project1_pinky_fleet_adapter]: Selecting a new go_to_place location from [1] choices for robot [project1_pinky/pinky_01]
[python3-12] [INFO] [1786698780.950826905] [project1_pinky_fleet_adapter]: Got distance from [11] as 0.294809
[python3-12] [INFO] [1786698780.951013179] [project1_pinky_fleet_adapter]: Planning for [project1_pinky/pinky_01] to [픽업3] from one of these locations:
[python3-12]  -- L1 < 1.18465 -1.60222> [대기4] | location < 1.21518 -1.70598> | orientation 105.093
[python3-12]  -- lane 22: { L1 < 1.18659 -1.94009> [픽업3] } -> { L1 < 1.18465 -1.60222> [대기4] } | location < 1.21518 -1.70598> | orientation 105.093
[python3-12]  -- lane 23: { L1 < 1.18465 -1.60222> [대기4] } -> { L1 < 1.18659 -1.94009> [픽업3] } | location < 1.21518 -1.70598> | orientation 105.093
[python3-12] [INFO] [1786698780.951836204] [project1_pinky_fleet_adapter]: Beginning new task [rmf_control_ui-ff6b721c] for [project1_pinky/pinky_01]. Remaining queue size: 0
[python3-12] [INFO] [1786698780.956944234] [project1_pinky_fleet_adapter]: Executing final go_to_place [픽업3] for robot [project1_pinky/pinky_01]
[python3-12] [INFO] [1786698780.958480430] [project1_pinky_fleet_adapter]: [project1_pinky/pinky_01] Moving to [place:픽업3] via
[python3-12]  -- t=0 < 1.21518 -1.70598  1.83423> yaw=105.093 approach lanes:
[python3-12]  -- t=2.3065 < 1.21518 -1.70598 -1.69233> yaw=-96.9632 approach lanes:
[python3-12]  -- t=2.9208 #11 < 1.18659 -1.94009 -1.69233> yaw=-96.9632 approach lanes: 23
[schedule_visualizer_node-4] [WARN] [1786698780.963396482] [schedule_data_node]: Failed to update using patch for DB version 90 (mirror version: none, patch base: 89); requesting new update
[python3-12] [INFO] [1786698780.962886211] [project1_pinky_nav2_adapter]: [pinky_01] -> (1.187, -1.940, -97도) 지도 [L1]
[schedule_visualizer_node-4] [INFO] [1786698780.963463781] [schedule_data_node]: [rmf_traffic_ros2::MirrorManager::request_update] Requesting changes for query ID [1] since beginning of recorded history
[bt_navigator-8] [INFO] [1786698780.965262664] [pinky_01.bt_navigator]: Begin navigating from current location (1.22, -1.71) to (1.19, -1.94)
[python3-12] [WARN] [1786698780.965370811] [project1_pinky_fleet_adapter]: Failed to update using patch for DB version 90 (mirror version: none, patch base: 89); requesting new update
[python3-12] [INFO] [1786698780.965431707] [project1_pinky_fleet_adapter]: [rmf_traffic_ros2::MirrorManager::request_update] Requesting changes for query ID [1] since beginning of recorded history
[rmf_traffic_schedule-1] [INFO] [1786698780.973156111] [rmf_traffic_schedule_primary]: [ScheduleNode::update_mirrors] Sending remedial update starting from the beginning going to 90 for query 1
[controller_server-4] [INFO] [1786698780.986658406] [pinky_01.controller_server]: Received a goal, begin computing control effort.
[controller_server-4] [INFO] [1786698782.036841226] [pinky_01.controller_server]: Passing new path to controller.
  ↑ 같은 줄 33번 더
[controller_server-4] [INFO] [1786698816.437115167] [pinky_01.controller_server]: Reached the goal!
[bt_navigator-8] [INFO] [1786698816.466329158] [pinky_01.bt_navigator]: Goal succeeded
[python3-12] [INFO] [1786698816.467582773] [project1_pinky_nav2_adapter]: [pinky_01] 도착했습니다.
[python3-12] [INFO] [1786698816.469636147] [project1_pinky_nav2_adapter]: [pinky_01] 동작 [armLoad] → 워크셀 [픽업3] 요청 (pinky_01-ba00b9de-79bb-4535-a4fd-04a024f369e1)
[python3-13] [INFO] [1786698816.470702962] [project1_ver2_workcell]: [omx_01] 픽업3 요청 받음 (pinky_01-ba00b9de-79bb-4535-a4fd-04a024f369e1)
[python3-13] [INFO] [1786698816.471387244] [project1_ver2_workcell]: [omx_01] 물품 [policy_1] 가상 policy 실행
[python3-12] [INFO] [1786698816.471689689] [project1_pinky_nav2_adapter]: [pinky_01] 워크셀 [픽업3]이 요청을 받았습니다.
[python3-13] [INFO] [1786698823.472271968] [project1_ver2_workcell]: [omx_01] 픽업3 끝.
[python3-12] [INFO] [1786698823.473236566] [project1_pinky_nav2_adapter]: [pinky_01] 워크셀 [픽업3] 동작 완료.
[python3-12] [INFO] [1786698823.473930477] [project1_pinky_fleet_adapter]: Selecting a new go_to_place location from [1] choices for robot [project1_pinky/pinky_01]
[python3-12] [INFO] [1786698823.473980176] [project1_pinky_fleet_adapter]: Got distance from [7] as 0.306202
[python3-12] [INFO] [1786698823.474193965] [project1_pinky_fleet_adapter]: Planning for [project1_pinky/pinky_01] to [대기4] from one of these locations:
[python3-12]  -- L1 < 1.18465 -1.60222> [대기4] | location < 1.17401 -1.84695> | orientation -91.3255
[python3-12]  -- lane 16: { L1 < 1.18465 -1.60222> [대기4] } -> { L1 <0.409346 -1.60246> [대기5] } | location < 1.17401 -1.84695> | orientation -91.3255
[python3-12]  -- lane 17: { L1 <0.409346 -1.60246> [대기5] } -> { L1 < 1.18465 -1.60222> [대기4] } | location < 1.17401 -1.84695> | orientation -91.3255
[python3-12]  -- lane 22: { L1 < 1.18659 -1.94009> [픽업3] } -> { L1 < 1.18465 -1.60222> [대기4] } | location < 1.17401 -1.84695> | orientation -91.3255
[python3-12]  -- lane 23: { L1 < 1.18465 -1.60222> [대기4] } -> { L1 < 1.18659 -1.94009> [픽업3] } | location < 1.17401 -1.84695> | orientation -91.3255
[python3-12] [INFO] [1786698823.479875830] [project1_pinky_fleet_adapter]: Executing final go_to_place [대기4] for robot [project1_pinky/pinky_01]
[python3-12] [INFO] [1786698823.480533745] [project1_pinky_fleet_adapter]: [project1_pinky/pinky_01] Moving to [place:대기4] via
[python3-12]  -- t=0 < 1.17401 -1.84695 -1.59393> yaw=-91.3255 approach lanes:
[python3-12]  -- t=2.54962 < 1.17401 -1.84695  1.52738> yaw=87.5122 approach lanes:
[python3-12]  -- t=3.17567 #7 < 1.18465 -1.60222  1.52738> yaw=87.5122 approach lanes:
[python3-12] [INFO] [1786698823.483282733] [project1_pinky_nav2_adapter]: [pinky_01] -> (1.185, -1.602, 88도) 지도 [L1]
[bt_navigator-8] [INFO] [1786698823.484804112] [pinky_01.bt_navigator]: Begin navigating from current location (1.18, -1.85) to (1.18, -1.60)
[controller_server-4] [INFO] [1786698823.496372502] [pinky_01.controller_server]: Received a goal, begin computing control effort.
[controller_server-4] [INFO] [1786698824.546518312] [pinky_01.controller_server]: Passing new path to controller.
  ↑ 같은 줄 39번 더
[controller_server-4] [INFO] [1786698864.746793011] [pinky_01.controller_server]: Reached the goal!
[bt_navigator-8] [INFO] [1786698864.775687371] [pinky_01.bt_navigator]: Goal succeeded
[python3-12] [INFO] [1786698864.776647980] [project1_pinky_nav2_adapter]: [pinky_01] 도착했습니다.
[python3-12] [INFO] [1786698883.980063868] [project1_pinky_fleet_adapter]: Cache sizes:
[python3-12]  - DifferentialDrive: 75
[python3-12]  - ShortestPath: 24
[python3-12]  - Euclidean: 0
[schedule_visualizer_node-4] [INFO] [1786698889.412615575] [schedule_data_node]: Requesting new schedule update because update timed out
[schedule_visualizer_node-4] [INFO] [1786698889.412675811] [schedule_data_node]: [rmf_traffic_ros2::MirrorManager::request_update] Requesting changes for query ID [1] since version [131]
[python3-12] [INFO] [1786698889.413405431] [project1_pinky_fleet_adapter]: Requesting new schedule update because update timed out
[python3-12] [INFO] [1786698889.413448680] [project1_pinky_fleet_adapter]: [rmf_traffic_ros2::MirrorManager::request_update] Requesting changes for query ID [1] since version [131]
[schedule_visualizer_node-4] [INFO] [1786698909.412606306] [schedule_data_node]: Requesting new schedule update because update timed out
[schedule_visualizer_node-4] [INFO] [1786698909.412657163] [schedule_data_node]: [rmf_traffic_ros2::MirrorManager::request_update] Requesting changes for query ID [1] since beginning of recorded history
[python3-12] [INFO] [1786698909.413371549] [project1_pinky_fleet_adapter]: Requesting new schedule update because update timed out
[python3-12] [INFO] [1786698909.413415132] [project1_pinky_fleet_adapter]: [rmf_traffic_ros2::MirrorManager::request_update] Requesting changes for query ID [1] since beginning of recorded history
[rmf_traffic_schedule-1] [INFO] [1786698909.422321641] [rmf_traffic_schedule_primary]: [ScheduleNode::update_mirrors] Sending remedial update starting from the beginning going to 131 for query 1
[schedule_visualizer_node-4] [INFO] [1786698949.412623631] [schedule_data_node]: Requesting new schedule update because update timed out
[schedule_visualizer_node-4] [INFO] [1786698949.412703244] [schedule_data_node]: [rmf_traffic_ros2::MirrorManager::request_update] Requesting changes for query ID [1] since version [132]
[python3-12] [INFO] [1786698949.413553355] [project1_pinky_fleet_adapter]: Requesting new schedule update because update timed out
[python3-12] [INFO] [1786698949.413623130] [project1_pinky_fleet_adapter]: [rmf_traffic_ros2::MirrorManager::request_update] Requesting changes for query ID [1] since version [132]
[schedule_visualizer_node-4] [INFO] [1786698969.412559568] [schedule_data_node]: Requesting new schedule update because update timed out
[schedule_visualizer_node-4] [INFO] [1786698969.412607151] [schedule_data_node]: [rmf_traffic_ros2::MirrorManager::request_update] Requesting changes for query ID [1] since beginning of recorded history
[python3-12] [INFO] [1786698969.413217708] [project1_pinky_fleet_adapter]: Requesting new schedule update because update timed out
[python3-12] [INFO] [1786698969.413260692] [project1_pinky_fleet_adapter]: [rmf_traffic_ros2::MirrorManager::request_update] Requesting changes for query ID [1] since beginning of recorded history
[rmf_traffic_schedule-1] [INFO] [1786698969.422337632] [rmf_traffic_schedule_primary]: [ScheduleNode::update_mirrors] Sending remedial update starting from the beginning going to 132 for query 1
[schedule_visualizer_node-4] [INFO] [1786699009.412517558] [schedule_data_node]: Requesting new schedule update because update timed out
[python3-12] [INFO] [1786699009.413205480] [project1_pinky_fleet_adapter]: Requesting new schedule update because update timed out
[python3-12] [INFO] [1786699009.413253087] [project1_pinky_fleet_adapter]: [rmf_traffic_ros2::MirrorManager::request_update] Requesting changes for query ID [1] since version [133]
[schedule_visualizer_node-4] [INFO] [1786699009.412576662] [schedule_data_node]: [rmf_traffic_ros2::MirrorManager::request_update] Requesting changes for query ID [1] since version [133]
[schedule_visualizer_node-4] [INFO] [1786699029.412522426] [schedule_data_node]: Requesting new schedule update because update timed out
[schedule_visualizer_node-4] [INFO] [1786699029.412576786] [schedule_data_node]: [rmf_traffic_ros2::MirrorManager::request_update] Requesting changes for query ID [1] since beginning of recorded history
[python3-12] [INFO] [1786699029.413256695] [project1_pinky_fleet_adapter]: Requesting new schedule update because update timed out
[python3-12] [INFO] [1786699029.413299141] [project1_pinky_fleet_adapter]: [rmf_traffic_ros2::MirrorManager::request_update] Requesting changes for query ID [1] since beginning of recorded history
[rmf_traffic_schedule-1] [INFO] [1786699029.422331818] [rmf_traffic_schedule_primary]: [ScheduleNode::update_mirrors] Sending remedial update starting from the beginning going to 133 for query 1
[schedule_visualizer_node-4] [INFO] [1786699069.412704360] [schedule_data_node]: Requesting new schedule update because update timed out
[schedule_visualizer_node-4] [INFO] [1786699069.412743485] [schedule_data_node]: [rmf_traffic_ros2::MirrorManager::request_update] Requesting changes for query ID [1] since version [134]
[python3-12] [INFO] [1786699069.413290177] [project1_pinky_fleet_adapter]: Requesting new schedule update because update timed out
[python3-12] [INFO] [1786699069.413330158] [project1_pinky_fleet_adapter]: [rmf_traffic_ros2::MirrorManager::request_update] Requesting changes for query ID [1] since version [134]
[schedule_visualizer_node-4] [INFO] [1786699089.412747151] [schedule_data_node]: Requesting new schedule update because update timed out
[schedule_visualizer_node-4] [INFO] [1786699089.412803345] [schedule_data_node]: [rmf_traffic_ros2::MirrorManager::request_update] Requesting changes for query ID [1] since beginning of recorded history
[python3-12] [INFO] [1786699089.413286903] [project1_pinky_fleet_adapter]: Requesting new schedule update because update timed out
[python3-12] [INFO] [1786699089.413329558] [project1_pinky_fleet_adapter]: [rmf_traffic_ros2::MirrorManager::request_update] Requesting changes for query ID [1] since beginning of recorded history
[rmf_traffic_schedule-1] [INFO] [1786699089.422375503] [rmf_traffic_schedule_primary]: [ScheduleNode::update_mirrors] Sending remedial update starting from the beginning going to 134 for query 1
[schedule_visualizer_node-4] [INFO] [1786699129.412539848] [schedule_data_node]: Requesting new schedule update because update timed out
[schedule_visualizer_node-4] [INFO] [1786699129.412602540] [schedule_data_node]: [rmf_traffic_ros2::MirrorManager::request_update] Requesting changes for query ID [1] since version [135]
[python3-12] [INFO] [1786699129.413276834] [project1_pinky_fleet_adapter]: Requesting new schedule update because update timed out
[python3-12] [INFO] [1786699129.413321350] [project1_pinky_fleet_adapter]: [rmf_traffic_ros2::MirrorManager::request_update] Requesting changes for query ID [1] since version [135]
[schedule_visualizer_node-4] [INFO] [1786699149.412511227] [schedule_data_node]: Requesting new schedule update because update timed out
[schedule_visualizer_node-4] [INFO] [1786699149.412558578] [schedule_data_node]: [rmf_traffic_ros2::MirrorManager::request_update] Requesting changes for query ID [1] since beginning of recorded history
[python3-12] [INFO] [1786699149.413222891] [project1_pinky_fleet_adapter]: Requesting new schedule update because update timed out
[python3-12] [INFO] [1786699149.413250987] [project1_pinky_fleet_adapter]: [rmf_traffic_ros2::MirrorManager::request_update] Requesting changes for query ID [1] since beginning of recorded history
[rmf_traffic_schedule-1] [INFO] [1786699149.422315954] [rmf_traffic_schedule_primary]: [ScheduleNode::update_mirrors] Sending remedial update starting from the beginning going to 135 for query 1
[python3-12] [INFO] [1786699183.980162015] [project1_pinky_fleet_adapter]: Cache sizes:
[python3-12]  - DifferentialDrive: 75
[python3-12]  - ShortestPath: 24
[python3-12]  - Euclidean: 0
[schedule_visualizer_node-4] [INFO] [1786699189.412507281] [schedule_data_node]: Requesting new schedule update because update timed out
[schedule_visualizer_node-4] [INFO] [1786699189.412558619] [schedule_data_node]: [rmf_traffic_ros2::MirrorManager::request_update] Requesting changes for query ID [1] since version [136]
[python3-12] [INFO] [1786699189.413225221] [project1_pinky_fleet_adapter]: Requesting new schedule update because update timed out
[python3-12] [INFO] [1786699189.413263105] [project1_pinky_fleet_adapter]: [rmf_traffic_ros2::MirrorManager::request_update] Requesting changes for query ID [1] since version [136]
[schedule_visualizer_node-4] [INFO] [1786699209.412509435] [schedule_data_node]: Requesting new schedule update because update timed out
[schedule_visualizer_node-4] [INFO] [1786699209.412558946] [schedule_data_node]: [rmf_traffic_ros2::MirrorManager::request_update] Requesting changes for query ID [1] since beginning of recorded history
[python3-12] [INFO] [1786699209.413193485] [project1_pinky_fleet_adapter]: Requesting new schedule update because update timed out
[python3-12] [INFO] [1786699209.413248099] [project1_pinky_fleet_adapter]: [rmf_traffic_ros2::MirrorManager::request_update] Requesting changes for query ID [1] since beginning of recorded history
[rmf_traffic_schedule-1] [INFO] [1786699209.422301595] [rmf_traffic_schedule_primary]: [ScheduleNode::update_mirrors] Sending remedial update starting from the beginning going to 136 for query 1
[schedule_visualizer_node-4] [INFO] [1786699249.412550963] [schedule_data_node]: Requesting new schedule update because update timed out
[schedule_visualizer_node-4] [INFO] [1786699249.412600204] [schedule_data_node]: [rmf_traffic_ros2::MirrorManager::request_update] Requesting changes for query ID [1] since version [137]
[python3-12] [INFO] [1786699249.413297809] [project1_pinky_fleet_adapter]: Requesting new schedule update because update timed out
[python3-12] [INFO] [1786699249.413334936] [project1_pinky_fleet_adapter]: [rmf_traffic_ros2::MirrorManager::request_update] Requesting changes for query ID [1] since version [137]
[schedule_visualizer_node-4] [INFO] [1786699269.412625496] [schedule_data_node]: Requesting new schedule update because update timed out
[schedule_visualizer_node-4] [INFO] [1786699269.412670280] [schedule_data_node]: [rmf_traffic_ros2::MirrorManager::request_update] Requesting changes for query ID [1] since beginning of recorded history
[python3-12] [INFO] [1786699269.413310414] [project1_pinky_fleet_adapter]: Requesting new schedule update because update timed out
[python3-12] [INFO] [1786699269.413356407] [project1_pinky_fleet_adapter]: [rmf_traffic_ros2::MirrorManager::request_update] Requesting changes for query ID [1] since beginning of recorded history
[rmf_traffic_schedule-1] [INFO] [1786699269.422376165] [rmf_traffic_schedule_primary]: [ScheduleNode::update_mirrors] Sending remedial update starting from the beginning going to 137 for query 1
[schedule_visualizer_node-4] [INFO] [1786699309.412611884] [schedule_data_node]: Requesting new schedule update because update timed out
[schedule_visualizer_node-4] [INFO] [1786699309.412681903] [schedule_data_node]: [rmf_traffic_ros2::MirrorManager::request_update] Requesting changes for query ID [1] since version [138]
[python3-12] [INFO] [1786699309.413299178] [project1_pinky_fleet_adapter]: Requesting new schedule update because update timed out
[python3-12] [INFO] [1786699309.413347184] [project1_pinky_fleet_adapter]: [rmf_traffic_ros2::MirrorManager::request_update] Requesting changes for query ID [1] since version [138]
[schedule_visualizer_node-4] [INFO] [1786699329.412583824] [schedule_data_node]: Requesting new schedule update because update timed out
[schedule_visualizer_node-4] [INFO] [1786699329.412627016] [schedule_data_node]: [rmf_traffic_ros2::MirrorManager::request_update] Requesting changes for query ID [1] since beginning of recorded history
[python3-12] [INFO] [1786699329.413257567] [project1_pinky_fleet_adapter]: Requesting new schedule update because update timed out
[python3-12] [INFO] [1786699329.413301021] [project1_pinky_fleet_adapter]: [rmf_traffic_ros2::MirrorManager::request_update] Requesting changes for query ID [1] since beginning of recorded history
[rmf_traffic_schedule-1] [INFO] [1786699329.422341457] [rmf_traffic_schedule_primary]: [ScheduleNode::update_mirrors] Sending remedial update starting from the beginning going to 138 for query 1
[schedule_visualizer_node-4] [INFO] [1786699369.412511343] [schedule_data_node]: Requesting new schedule update because update timed out
[schedule_visualizer_node-4] [INFO] [1786699369.412572774] [schedule_data_node]: [rmf_traffic_ros2::MirrorManager::request_update] Requesting changes for query ID [1] since version [139]
[python3-12] [INFO] [1786699369.413253989] [project1_pinky_fleet_adapter]: Requesting new schedule update because update timed out
[python3-12] [INFO] [1786699369.413296829] [project1_pinky_fleet_adapter]: [rmf_traffic_ros2::MirrorManager::request_update] Requesting changes for query ID [1] since version [139]
[schedule_visualizer_node-4] [INFO] [1786699389.412549913] [schedule_data_node]: Requesting new schedule update because update timed out
[schedule_visualizer_node-4] [INFO] [1786699389.412617411] [schedule_data_node]: [rmf_traffic_ros2::MirrorManager::request_update] Requesting changes for query ID [1] since beginning of recorded history
[python3-12] [INFO] [1786699389.413349071] [project1_pinky_fleet_adapter]: Requesting new schedule update because update timed out
[python3-12] [INFO] [1786699389.413388066] [project1_pinky_fleet_adapter]: [rmf_traffic_ros2::MirrorManager::request_update] Requesting changes for query ID [1] since beginning of recorded history
[rmf_traffic_schedule-1] [INFO] [1786699389.422364713] [rmf_traffic_schedule_primary]: [ScheduleNode::update_mirrors] Sending remedial update starting from the beginning going to 139 for query 1
[schedule_visualizer_node-4] [INFO] [1786699429.412554150] [schedule_data_node]: Requesting new schedule update because update timed out
[schedule_visualizer_node-4] [INFO] [1786699429.412601873] [schedule_data_node]: [rmf_traffic_ros2::MirrorManager::request_update] Requesting changes for query ID [1] since version [140]
[python3-12] [INFO] [1786699429.413246011] [project1_pinky_fleet_adapter]: Requesting new schedule update because update timed out
[python3-12] [INFO] [1786699429.413293162] [project1_pinky_fleet_adapter]: [rmf_traffic_ros2::MirrorManager::request_update] Requesting changes for query ID [1] since version [140]
[schedule_visualizer_node-4] [INFO] [1786699449.412602976] [schedule_data_node]: Requesting new schedule update because update timed out
[schedule_visualizer_node-4] [INFO] [1786699449.412649806] [schedule_data_node]: [rmf_traffic_ros2::MirrorManager::request_update] Requesting changes for query ID [1] since beginning of recorded history
[python3-12] [INFO] [1786699449.413272635] [project1_pinky_fleet_adapter]: Requesting new schedule update because update timed out
[python3-12] [INFO] [1786699449.413311707] [project1_pinky_fleet_adapter]: [rmf_traffic_ros2::MirrorManager::request_update] Requesting changes for query ID [1] since beginning of recorded history
[rmf_traffic_schedule-1] [INFO] [1786699449.422279234] [rmf_traffic_schedule_primary]: [ScheduleNode::update_mirrors] Sending remedial update starting from the beginning going to 140 for query 1
[python3-12] [INFO] [1786699483.979939201] [project1_pinky_fleet_adapter]: Cache sizes:
[python3-12]  - DifferentialDrive: 75
[python3-12]  - ShortestPath: 24
[python3-12]  - Euclidean: 0
[schedule_visualizer_node-4] [INFO] [1786699489.412529896] [schedule_data_node]: Requesting new schedule update because update timed out
[schedule_visualizer_node-4] [INFO] [1786699489.412586764] [schedule_data_node]: [rmf_traffic_ros2::MirrorManager::request_update] Requesting changes for query ID [1] since version [141]
[python3-12] [INFO] [1786699489.413164509] [project1_pinky_fleet_adapter]: Requesting new schedule update because update timed out
[python3-12] [INFO] [1786699489.413202826] [project1_pinky_fleet_adapter]: [rmf_traffic_ros2::MirrorManager::request_update] Requesting changes for query ID [1] since version [141]
[schedule_visualizer_node-4] [INFO] [1786699509.412496390] [schedule_data_node]: Requesting new schedule update because update timed out
[schedule_visualizer_node-4] [INFO] [1786699509.412551130] [schedule_data_node]: [rmf_traffic_ros2::MirrorManager::request_update] Requesting changes for query ID [1] since beginning of recorded history
[python3-12] [INFO] [1786699509.413177885] [project1_pinky_fleet_adapter]: Requesting new schedule update because update timed out
[python3-12] [INFO] [1786699509.413219322] [project1_pinky_fleet_adapter]: [rmf_traffic_ros2::MirrorManager::request_update] Requesting changes for query ID [1] since beginning of recorded history
[rmf_traffic_schedule-1] [INFO] [1786699509.422316636] [rmf_traffic_schedule_primary]: [ScheduleNode::update_mirrors] Sending remedial update starting from the beginning going to 141 for query 1
[schedule_visualizer_node-4] [INFO] [1786699549.412510313] [schedule_data_node]: Requesting new schedule update because update timed out
[schedule_visualizer_node-4] [INFO] [1786699549.412566574] [schedule_data_node]: [rmf_traffic_ros2::MirrorManager::request_update] Requesting changes for query ID [1] since version [142]
[python3-12] [INFO] [1786699549.413182185] [project1_pinky_fleet_adapter]: Requesting new schedule update because update timed out
[python3-12] [INFO] [1786699549.413228189] [project1_pinky_fleet_adapter]: [rmf_traffic_ros2::MirrorManager::request_update] Requesting changes for query ID [1] since version [142]
[schedule_visualizer_node-4] [INFO] [1786699569.412505492] [schedule_data_node]: Requesting new schedule update because update timed out
[schedule_visualizer_node-4] [INFO] [1786699569.412566554] [schedule_data_node]: [rmf_traffic_ros2::MirrorManager::request_update] Requesting changes for query ID [1] since beginning of recorded history
[python3-12] [INFO] [1786699569.413522683] [project1_pinky_fleet_adapter]: Requesting new schedule update because update timed out
[python3-12] [INFO] [1786699569.413578867] [project1_pinky_fleet_adapter]: [rmf_traffic_ros2::MirrorManager::request_update] Requesting changes for query ID [1] since beginning of recorded history
[rmf_traffic_schedule-1] [INFO] [1786699569.422358393] [rmf_traffic_schedule_primary]: [ScheduleNode::update_mirrors] Sending remedial update starting from the beginning going to 142 for query 1
[schedule_visualizer_node-4] [INFO] [1786699609.412658470] [schedule_data_node]: Requesting new schedule update because update timed out
[schedule_visualizer_node-4] [INFO] [1786699609.412708200] [schedule_data_node]: [rmf_traffic_ros2::MirrorManager::request_update] Requesting changes for query ID [1] since version [143]
[python3-12] [INFO] [1786699609.413313682] [project1_pinky_fleet_adapter]: Requesting new schedule update because update timed out
[python3-12] [INFO] [1786699609.413356980] [project1_pinky_fleet_adapter]: [rmf_traffic_ros2::MirrorManager::request_update] Requesting changes for query ID [1] since version [143]
[schedule_visualizer_node-4] [INFO] [1786699629.413125399] [schedule_data_node]: Requesting new schedule update because update timed out
[python3-12] [INFO] [1786699629.413248957] [project1_pinky_fleet_adapter]: Requesting new schedule update because update timed out
[schedule_visualizer_node-4] [INFO] [1786699629.413172652] [schedule_data_node]: [rmf_traffic_ros2::MirrorManager::request_update] Requesting changes for query ID [1] since beginning of recorded history
[python3-12] [INFO] [1786699629.413296820] [project1_pinky_fleet_adapter]: [rmf_traffic_ros2::MirrorManager::request_update] Requesting changes for query ID [1] since beginning of recorded history
[rmf_traffic_schedule-1] [INFO] [1786699629.422275486] [rmf_traffic_schedule_primary]: [ScheduleNode::update_mirrors] Sending remedial update starting from the beginning going to 143 for query 1
[schedule_visualizer_node-4] [INFO] [1786699669.412631587] [schedule_data_node]: Requesting new schedule update because update timed out
[schedule_visualizer_node-4] [INFO] [1786699669.412679154] [schedule_data_node]: [rmf_traffic_ros2::MirrorManager::request_update] Requesting changes for query ID [1] since version [144]
[python3-12] [INFO] [1786699669.413314226] [project1_pinky_fleet_adapter]: Requesting new schedule update because update timed out
[python3-12] [INFO] [1786699669.413355814] [project1_pinky_fleet_adapter]: [rmf_traffic_ros2::MirrorManager::request_update] Requesting changes for query ID [1] since version [144]
[schedule_visualizer_node-4] [INFO] [1786699689.412601517] [schedule_data_node]: Requesting new schedule update because update timed out
[schedule_visualizer_node-4] [INFO] [1786699689.412647689] [schedule_data_node]: [rmf_traffic_ros2::MirrorManager::request_update] Requesting changes for query ID [1] since beginning of recorded history
[python3-12] [INFO] [1786699689.413293239] [project1_pinky_fleet_adapter]: Requesting new schedule update because update timed out
[python3-12] [INFO] [1786699689.413335626] [project1_pinky_fleet_adapter]: [rmf_traffic_ros2::MirrorManager::request_update] Requesting changes for query ID [1] since beginning of recorded history
[rmf_traffic_schedule-1] [INFO] [1786699689.422353013] [rmf_traffic_schedule_primary]: [ScheduleNode::update_mirrors] Sending remedial update starting from the beginning going to 144 for query 1
[schedule_visualizer_node-4] [INFO] [1786699729.412613617] [schedule_data_node]: Requesting new schedule update because update timed out
[schedule_visualizer_node-4] [INFO] [1786699729.412661263] [schedule_data_node]: [rmf_traffic_ros2::MirrorManager::request_update] Requesting changes for query ID [1] since version [145]
[python3-12] [INFO] [1786699729.413393707] [project1_pinky_fleet_adapter]: Requesting new schedule update because update timed out
[python3-12] [INFO] [1786699729.413436217] [project1_pinky_fleet_adapter]: [rmf_traffic_ros2::MirrorManager::request_update] Requesting changes for query ID [1] since version [145]
[schedule_visualizer_node-4] [INFO] [1786699749.412655784] [schedule_data_node]: Requesting new schedule update because update timed out
[schedule_visualizer_node-4] [INFO] [1786699749.412700756] [schedule_data_node]: [rmf_traffic_ros2::MirrorManager::request_update] Requesting changes for query ID [1] since beginning of recorded history
[python3-12] [INFO] [1786699749.413439191] [project1_pinky_fleet_adapter]: Requesting new schedule update because update timed out
[python3-12] [INFO] [1786699749.413489567] [project1_pinky_fleet_adapter]: [rmf_traffic_ros2::MirrorManager::request_update] Requesting changes for query ID [1] since beginning of recorded history
[rmf_traffic_schedule-1] [INFO] [1786699749.422348112] [rmf_traffic_schedule_primary]: [ScheduleNode::update_mirrors] Sending remedial update starting from the beginning going to 145 for query 1
[python3-12] [INFO] [1786699783.980082865] [project1_pinky_fleet_adapter]: Cache sizes:
[python3-12]  - DifferentialDrive: 75
[python3-12]  - ShortestPath: 24
[python3-12]  - Euclidean: 0
[schedule_visualizer_node-4] [INFO] [1786699789.412650971] [schedule_data_node]: Requesting new schedule update because update timed out
[schedule_visualizer_node-4] [INFO] [1786699789.412702529] [schedule_data_node]: [rmf_traffic_ros2::MirrorManager::request_update] Requesting changes for query ID [1] since version [146]
[python3-12] [INFO] [1786699789.413338459] [project1_pinky_fleet_adapter]: Requesting new schedule update because update timed out
[python3-12] [INFO] [1786699789.413377804] [project1_pinky_fleet_adapter]: [rmf_traffic_ros2::MirrorManager::request_update] Requesting changes for query ID [1] since version [146]
[schedule_visualizer_node-4] [INFO] [1786699809.412691938] [schedule_data_node]: Requesting new schedule update because update timed out
[schedule_visualizer_node-4] [INFO] [1786699809.412766286] [schedule_data_node]: [rmf_traffic_ros2::MirrorManager::request_update] Requesting changes for query ID [1] since beginning of recorded history
[python3-12] [INFO] [1786699809.413574840] [project1_pinky_fleet_adapter]: Requesting new schedule update because update timed out
[python3-12] [INFO] [1786699809.413631445] [project1_pinky_fleet_adapter]: [rmf_traffic_ros2::MirrorManager::request_update] Requesting changes for query ID [1] since beginning of recorded history
[rmf_traffic_schedule-1] [INFO] [1786699809.422330233] [rmf_traffic_schedule_primary]: [ScheduleNode::update_mirrors] Sending remedial update starting from the beginning going to 146 for query 1
[schedule_visualizer_node-4] [INFO] [1786699849.412549650] [schedule_data_node]: Requesting new schedule update because update timed out
[schedule_visualizer_node-4] [INFO] [1786699849.412635942] [schedule_data_node]: [rmf_traffic_ros2::MirrorManager::request_update] Requesting changes for query ID [1] since version [147]
[python3-12] [INFO] [1786699849.413551139] [project1_pinky_fleet_adapter]: Requesting new schedule update because update timed out
[python3-12] [INFO] [1786699849.413645626] [project1_pinky_fleet_adapter]: [rmf_traffic_ros2::MirrorManager::request_update] Requesting changes for query ID [1] since version [147]
[schedule_visualizer_node-4] [INFO] [1786699869.412650805] [schedule_data_node]: Requesting new schedule update because update timed out
[python3-12] [INFO] [1786699869.413472905] [project1_pinky_fleet_adapter]: Requesting new schedule update because update timed out
[python3-12] [INFO] [1786699869.413527187] [project1_pinky_fleet_adapter]: [rmf_traffic_ros2::MirrorManager::request_update] Requesting changes for query ID [1] since beginning of recorded history
[schedule_visualizer_node-4] [INFO] [1786699869.413471705] [schedule_data_node]: [rmf_traffic_ros2::MirrorManager::request_update] Requesting changes for query ID [1] since beginning of recorded history
[rmf_traffic_schedule-1] [INFO] [1786699869.422380367] [rmf_traffic_schedule_primary]: [ScheduleNode::update_mirrors] Sending remedial update starting from the beginning going to 147 for query 1
[python3-12] [INFO] [1786699869.988179857] [project1_pinky_fleet_adapter]: Direct request [rmf_control_ui-e084eb7f] successfully queued for robot [pinky_01]
[python3-12] [INFO] [1786699869.988850882] [project1_pinky_fleet_adapter]: Beginning next task [rmf_control_ui-e084eb7f] for robot [project1_pinky/pinky_01]
[python3-12] [INFO] [1786699869.989782823] [project1_pinky_fleet_adapter]: Selecting a new go_to_place location from [1] choices for robot [project1_pinky/pinky_01]
[python3-12] [INFO] [1786699869.989831833] [project1_pinky_fleet_adapter]: Got distance from [11] as 0.309587
[python3-12] [INFO] [1786699869.990040835] [project1_pinky_fleet_adapter]: Planning for [project1_pinky/pinky_01] to [픽업3] from one of these locations:
[python3-12]  -- L1 < 1.18465 -1.60222> [대기4] | location < 1.16214 -1.69363> | orientation 79.4021
[python3-12]  -- lane 16: { L1 < 1.18465 -1.60222> [대기4] } -> { L1 <0.409346 -1.60246> [대기5] } | location < 1.16214 -1.69363> | orientation 79.4021
[python3-12]  -- lane 17: { L1 <0.409346 -1.60246> [대기5] } -> { L1 < 1.18465 -1.60222> [대기4] } | location < 1.16214 -1.69363> | orientation 79.4021
[python3-12]  -- lane 22: { L1 < 1.18659 -1.94009> [픽업3] } -> { L1 < 1.18465 -1.60222> [대기4] } | location < 1.16214 -1.69363> | orientation 79.4021
[python3-12]  -- lane 23: { L1 < 1.18465 -1.60222> [대기4] } -> { L1 < 1.18659 -1.94009> [픽업3] } | location < 1.16214 -1.69363> | orientation 79.4021
[python3-12] [INFO] [1786699869.990822503] [project1_pinky_fleet_adapter]: Beginning new task [rmf_control_ui-e084eb7f] for [project1_pinky/pinky_01]. Remaining queue size: 0
[python3-12] [INFO] [1786699869.991562118] [project1_pinky_fleet_adapter]: Executing final go_to_place [픽업3] for robot [project1_pinky/pinky_01]
[python3-12] [INFO] [1786699869.992013715] [project1_pinky_fleet_adapter]: [project1_pinky/pinky_01] Moving to [place:픽업3] via
[python3-12]  -- t=0 < 1.16214 -1.69363  1.38583> yaw=79.4021 approach lanes:
[python3-12]  -- t=2.37392 < 1.16214 -1.69363 -1.47193> yaw=-84.3352 approach lanes:
[python3-12]  -- t=3.00342 #11 < 1.18659 -1.94009 -1.47193> yaw=-84.3352 approach lanes: 23
[python3-12] [INFO] [1786699869.993954731] [project1_pinky_nav2_adapter]: [pinky_01] -> (1.187, -1.940, -84도) 지도 [L1]
[bt_navigator-8] [INFO] [1786699869.995322197] [pinky_01.bt_navigator]: Begin navigating from current location (1.16, -1.69) to (1.19, -1.94)
[controller_server-4] [INFO] [1786699870.016634902] [pinky_01.controller_server]: Received a goal, begin computing control effort.
[controller_server-4] [INFO] [1786699871.066836162] [pinky_01.controller_server]: Passing new path to controller.
  ↑ 같은 줄 13번 더
[controller_server-4] [WARN] [1786699885.447676974] [pinky_01.controller_server]: Control loop missed its desired rate of 20.0000 Hz. Current loop rate is 50.0000 Hz.
[controller_server-4] [INFO] [1786699885.498637439] [pinky_01.controller_server]: Passing new path to controller.
  ↑ 같은 줄 19번 더
[controller_server-4] [INFO] [1786699905.698205723] [pinky_01.controller_server]: Reached the goal!
[bt_navigator-8] [INFO] [1786699905.724750041] [pinky_01.bt_navigator]: Goal succeeded
[python3-12] [INFO] [1786699905.725882038] [project1_pinky_nav2_adapter]: [pinky_01] 도착했습니다.
[python3-12] [INFO] [1786699905.727498859] [project1_pinky_nav2_adapter]: [pinky_01] 동작 [armLoad] → 워크셀 [픽업3] 요청 (pinky_01-87602b7b-5f5f-42a5-b2e4-b3885585806a)
[python3-13] [INFO] [1786699905.728496497] [project1_ver2_workcell]: [omx_01] 픽업3 요청 받음 (pinky_01-87602b7b-5f5f-42a5-b2e4-b3885585806a)
[python3-12] [INFO] [1786699905.729038271] [project1_pinky_nav2_adapter]: [pinky_01] 워크셀 [픽업3]이 요청을 받았습니다.
[python3-13] [INFO] [1786699905.729125173] [project1_ver2_workcell]: [omx_01] 물품 [policy_1] 가상 policy 실행
[python3-13] [INFO] [1786699912.730053578] [project1_ver2_workcell]: [omx_01] 픽업3 끝.
[python3-12] [INFO] [1786699912.731045368] [project1_pinky_nav2_adapter]: [pinky_01] 워크셀 [픽업3] 동작 완료.
[python3-12] [INFO] [1786699912.731716562] [project1_pinky_fleet_adapter]: Selecting a new go_to_place location from [1] choices for robot [project1_pinky/pinky_01]
[python3-12] [INFO] [1786699912.731761204] [project1_pinky_fleet_adapter]: Got distance from [7] as 0.305398
[python3-12] [INFO] [1786699912.731933890] [project1_pinky_fleet_adapter]: Planning for [project1_pinky/pinky_01] to [대기4] from one of these locations:
[python3-12]  -- L1 < 1.18465 -1.60222> [대기4] | location < 1.18619 -1.84653> | orientation -91.3239
[python3-12]  -- lane 22: { L1 < 1.18659 -1.94009> [픽업3] } -> { L1 < 1.18465 -1.60222> [대기4] } | location < 1.18619 -1.84653> | orientation -91.3239
[python3-12]  -- lane 23: { L1 < 1.18465 -1.60222> [대기4] } -> { L1 < 1.18659 -1.94009> [픽업3] } | location < 1.18619 -1.84653> | orientation -91.3239
[python3-12] [INFO] [1786699912.733390805] [project1_pinky_fleet_adapter]: Executing final go_to_place [대기4] for robot [project1_pinky/pinky_01]
[python3-12] [INFO] [1786699912.734136345] [project1_pinky_fleet_adapter]: [project1_pinky/pinky_01] Moving to [place:대기4] via
[python3-12]  -- t=0 < 1.18619 -1.84653  -1.5939> yaw=-91.3239 approach lanes:
[python3-12]  -- t=2.54354 < 1.18619 -1.84653   1.5771> yaw=90.361 approach lanes:
[python3-12]  -- t=3.16877 #7 < 1.18465 -1.60222   1.5771> yaw=90.361 approach lanes:
[python3-12] [INFO] [1786699912.736392171] [project1_pinky_nav2_adapter]: [pinky_01] -> (1.185, -1.602, 90도) 지도 [L1]
[bt_navigator-8] [INFO] [1786699912.737740749] [pinky_01.bt_navigator]: Begin navigating from current location (1.19, -1.85) to (1.18, -1.60)
[controller_server-4] [INFO] [1786699912.758496818] [pinky_01.controller_server]: Received a goal, begin computing control effort.
[controller_server-4] [INFO] [1786699913.808641976] [pinky_01.controller_server]: Passing new path to controller.
  ↑ 같은 줄 9번 더
[controller_server-4] [WARN] [1786699924.080828943] [pinky_01.controller_server]: Control loop missed its desired rate of 20.0000 Hz. Current loop rate is 100.0000 Hz.
[controller_server-4] [INFO] [1786699924.130975841] [pinky_01.controller_server]: Passing new path to controller.
  ↑ 같은 줄 29번 더
[controller_server-4] [INFO] [1786699953.831419422] [pinky_01.controller_server]: Reached the goal!
[bt_navigator-8] [INFO] [1786699953.866052789] [pinky_01.bt_navigator]: Goal succeeded
[python3-12] [INFO] [1786699953.867237727] [project1_pinky_nav2_adapter]: [pinky_01] 도착했습니다.
[schedule_visualizer_node-4] [INFO] [1786699973.872776257] [schedule_data_node]: Requesting new schedule update because update timed out
[schedule_visualizer_node-4] [INFO] [1786699973.872835875] [schedule_data_node]: [rmf_traffic_ros2::MirrorManager::request_update] Requesting changes for query ID [1] since version [186]
[python3-12] [INFO] [1786699973.873435694] [project1_pinky_fleet_adapter]: Requesting new schedule update because update timed out
[python3-12] [INFO] [1786699973.873481016] [project1_pinky_fleet_adapter]: [rmf_traffic_ros2::MirrorManager::request_update] Requesting changes for query ID [1] since version [186]
[schedule_visualizer_node-4] [INFO] [1786699993.872792580] [schedule_data_node]: Requesting new schedule update because update timed out
[schedule_visualizer_node-4] [INFO] [1786699993.872855137] [schedule_data_node]: [rmf_traffic_ros2::MirrorManager::request_update] Requesting changes for query ID [1] since beginning of recorded history
[python3-12] [INFO] [1786699993.873410939] [project1_pinky_fleet_adapter]: Requesting new schedule update because update timed out
[python3-12] [INFO] [1786699993.873454787] [project1_pinky_fleet_adapter]: [rmf_traffic_ros2::MirrorManager::request_update] Requesting changes for query ID [1] since beginning of recorded history
[rmf_traffic_schedule-1] [INFO] [1786699993.882439808] [rmf_traffic_schedule_primary]: [ScheduleNode::update_mirrors] Sending remedial update starting from the beginning going to 186 for query 1
[schedule_visualizer_node-4] [INFO] [1786700029.412628103] [schedule_data_node]: Requesting new schedule update because update timed out
[schedule_visualizer_node-4] [INFO] [1786700029.412703751] [schedule_data_node]: [rmf_traffic_ros2::MirrorManager::request_update] Requesting changes for query ID [1] since version [187]
[python3-12] [INFO] [1786700029.413553996] [project1_pinky_fleet_adapter]: Requesting new schedule update because update timed out
[python3-12] [INFO] [1786700029.413614013] [project1_pinky_fleet_adapter]: [rmf_traffic_ros2::MirrorManager::request_update] Requesting changes for query ID [1] since version [187]
[schedule_visualizer_node-4] [INFO] [1786700049.412675489] [schedule_data_node]: Requesting new schedule update because update timed out
[schedule_visualizer_node-4] [INFO] [1786700049.412776747] [schedule_data_node]: [rmf_traffic_ros2::MirrorManager::request_update] Requesting changes for query ID [1] since beginning of recorded history
[python3-12] [INFO] [1786700049.413763373] [project1_pinky_fleet_adapter]: Requesting new schedule update because update timed out
[python3-12] [INFO] [1786700049.413837916] [project1_pinky_fleet_adapter]: [rmf_traffic_ros2::MirrorManager::request_update] Requesting changes for query ID [1] since beginning of recorded history
[rmf_traffic_schedule-1] [INFO] [1786700049.422359214] [rmf_traffic_schedule_primary]: [ScheduleNode::update_mirrors] Sending remedial update starting from the beginning going to 187 for query 1
[python3-12] [INFO] [1786700083.980142293] [project1_pinky_fleet_adapter]: Cache sizes:
[python3-12]  - DifferentialDrive: 75
[python3-12]  - ShortestPath: 24
[python3-12]  - Euclidean: 0
[schedule_visualizer_node-4] [INFO] [1786700089.412711803] [schedule_data_node]: Requesting new schedule update because update timed out
[schedule_visualizer_node-4] [INFO] [1786700089.412793779] [schedule_data_node]: [rmf_traffic_ros2::MirrorManager::request_update] Requesting changes for query ID [1] since version [188]
[python3-12] [INFO] [1786700089.413521237] [project1_pinky_fleet_adapter]: Requesting new schedule update because update timed out
[python3-12] [INFO] [1786700089.413575734] [project1_pinky_fleet_adapter]: [rmf_traffic_ros2::MirrorManager::request_update] Requesting changes for query ID [1] since version [188]
[schedule_visualizer_node-4] [INFO] [1786700109.412633424] [schedule_data_node]: Requesting new schedule update because update timed out
[schedule_visualizer_node-4] [INFO] [1786700109.412720857] [schedule_data_node]: [rmf_traffic_ros2::MirrorManager::request_update] Requesting changes for query ID [1] since beginning of recorded history
[python3-12] [INFO] [1786700109.413556265] [project1_pinky_fleet_adapter]: Requesting new schedule update because update timed out
[python3-12] [INFO] [1786700109.413613804] [project1_pinky_fleet_adapter]: [rmf_traffic_ros2::MirrorManager::request_update] Requesting changes for query ID [1] since beginning of recorded history
[rmf_traffic_schedule-1] [INFO] [1786700109.422426780] [rmf_traffic_schedule_primary]: [ScheduleNode::update_mirrors] Sending remedial update starting from the beginning going to 188 for query 1
[schedule_visualizer_node-4] [INFO] [1786700149.412614351] [schedule_data_node]: Requesting new schedule update because update timed out
[schedule_visualizer_node-4] [INFO] [1786700149.412682535] [schedule_data_node]: [rmf_traffic_ros2::MirrorManager::request_update] Requesting changes for query ID [1] since version [189]
[python3-12] [INFO] [1786700149.413281123] [project1_pinky_fleet_adapter]: Requesting new schedule update because update timed out
[python3-12] [INFO] [1786700149.413337851] [project1_pinky_fleet_adapter]: [rmf_traffic_ros2::MirrorManager::request_update] Requesting changes for query ID [1] since version [189]
[schedule_visualizer_node-4] [INFO] [1786700169.412630131] [schedule_data_node]: Requesting new schedule update because update timed out
[schedule_visualizer_node-4] [INFO] [1786700169.412709293] [schedule_data_node]: [rmf_traffic_ros2::MirrorManager::request_update] Requesting changes for query ID [1] since beginning of recorded history
[python3-12] [INFO] [1786700169.413227089] [project1_pinky_fleet_adapter]: Requesting new schedule update because update timed out
[python3-12] [INFO] [1786700169.413279655] [project1_pinky_fleet_adapter]: [rmf_traffic_ros2::MirrorManager::request_update] Requesting changes for query ID [1] since beginning of recorded history
[rmf_traffic_schedule-1] [INFO] [1786700169.422359658] [rmf_traffic_schedule_primary]: [ScheduleNode::update_mirrors] Sending remedial update starting from the beginning going to 189 for query 1
[schedule_visualizer_node-4] [INFO] [1786700209.412650689] [schedule_data_node]: Requesting new schedule update because update timed out
[schedule_visualizer_node-4] [INFO] [1786700209.412723164] [schedule_data_node]: [rmf_traffic_ros2::MirrorManager::request_update] Requesting changes for query ID [1] since version [190]
[python3-12] [INFO] [1786700209.413467665] [project1_pinky_fleet_adapter]: Requesting new schedule update because update timed out
[python3-12] [INFO] [1786700209.413518601] [project1_pinky_fleet_adapter]: [rmf_traffic_ros2::MirrorManager::request_update] Requesting changes for query ID [1] since version [190]
[schedule_visualizer_node-4] [INFO] [1786700229.412599504] [schedule_data_node]: Requesting new schedule update because update timed out
[schedule_visualizer_node-4] [INFO] [1786700229.412655026] [schedule_data_node]: [rmf_traffic_ros2::MirrorManager::request_update] Requesting changes for query ID [1] since beginning of recorded history
[python3-12] [INFO] [1786700229.413293428] [project1_pinky_fleet_adapter]: Requesting new schedule update because update timed out
[python3-12] [INFO] [1786700229.413340398] [project1_pinky_fleet_adapter]: [rmf_traffic_ros2::MirrorManager::request_update] Requesting changes for query ID [1] since beginning of recorded history
[rmf_traffic_schedule-1] [INFO] [1786700229.422413941] [rmf_traffic_schedule_primary]: [ScheduleNode::update_mirrors] Sending remedial update starting from the beginning going to 190 for query 1
[schedule_visualizer_node-4] [INFO] [1786700269.412838389] [schedule_data_node]: Requesting new schedule update because update timed out
[schedule_visualizer_node-4] [INFO] [1786700269.412928299] [schedule_data_node]: [rmf_traffic_ros2::MirrorManager::request_update] Requesting changes for query ID [1] since version [191]
[python3-12] [INFO] [1786700269.413966981] [project1_pinky_fleet_adapter]: Requesting new schedule update because update timed out
[python3-12] [INFO] [1786700269.414038619] [project1_pinky_fleet_adapter]: [rmf_traffic_ros2::MirrorManager::request_update] Requesting changes for query ID [1] since version [191]
[schedule_visualizer_node-4] [INFO] [1786700289.412795537] [schedule_data_node]: Requesting new schedule update because update timed out
[schedule_visualizer_node-4] [INFO] [1786700289.412836967] [schedule_data_node]: [rmf_traffic_ros2::MirrorManager::request_update] Requesting changes for query ID [1] since beginning of recorded history
[python3-12] [INFO] [1786700289.413556438] [project1_pinky_fleet_adapter]: Requesting new schedule update because update timed out
[python3-12] [INFO] [1786700289.413611290] [project1_pinky_fleet_adapter]: [rmf_traffic_ros2::MirrorManager::request_update] Requesting changes for query ID [1] since beginning of recorded history
[rmf_traffic_schedule-1] [INFO] [1786700289.422363664] [rmf_traffic_schedule_primary]: [ScheduleNode::update_mirrors] Sending remedial update starting from the beginning going to 191 for query 1
[schedule_visualizer_node-4] [INFO] [1786700329.413004112] [schedule_data_node]: Requesting new schedule update because update timed out
[schedule_visualizer_node-4] [INFO] [1786700329.413069990] [schedule_data_node]: [rmf_traffic_ros2::MirrorManager::request_update] Requesting changes for query ID [1] since version [192]
[python3-12] [INFO] [1786700329.413822343] [project1_pinky_fleet_adapter]: Requesting new schedule update because update timed out
[python3-12] [INFO] [1786700329.413869135] [project1_pinky_fleet_adapter]: [rmf_traffic_ros2::MirrorManager::request_update] Requesting changes for query ID [1] since version [192]
[schedule_visualizer_node-4] [INFO] [1786700349.413022930] [schedule_data_node]: Requesting new schedule update because update timed out
[schedule_visualizer_node-4] [INFO] [1786700349.413077251] [schedule_data_node]: [rmf_traffic_ros2::MirrorManager::request_update] Requesting changes for query ID [1] since beginning of recorded history
[python3-12] [INFO] [1786700349.413996505] [project1_pinky_fleet_adapter]: Requesting new schedule update because update timed out
[python3-12] [INFO] [1786700349.414059894] [project1_pinky_fleet_adapter]: [rmf_traffic_ros2::MirrorManager::request_update] Requesting changes for query ID [1] since beginning of recorded history
[rmf_traffic_schedule-1] [INFO] [1786700349.422377598] [rmf_traffic_schedule_primary]: [ScheduleNode::update_mirrors] Sending remedial update starting from the beginning going to 192 for query 1
[python3-12] [INFO] [1786700383.980069732] [project1_pinky_fleet_adapter]: Cache sizes:
[python3-12]  - DifferentialDrive: 75
[python3-12]  - ShortestPath: 24
[python3-12]  - Euclidean: 0
[schedule_visualizer_node-4] [INFO] [1786700389.412633873] [schedule_data_node]: Requesting new schedule update because update timed out
[schedule_visualizer_node-4] [INFO] [1786700389.412689950] [schedule_data_node]: [rmf_traffic_ros2::MirrorManager::request_update] Requesting changes for query ID [1] since version [193]
[python3-12] [INFO] [1786700389.413294710] [project1_pinky_fleet_adapter]: Requesting new schedule update because update timed out
[python3-12] [INFO] [1786700389.413324059] [project1_pinky_fleet_adapter]: [rmf_traffic_ros2::MirrorManager::request_update] Requesting changes for query ID [1] since version [193]
[schedule_visualizer_node-4] [INFO] [1786700409.412613300] [schedule_data_node]: Requesting new schedule update because update timed out
[schedule_visualizer_node-4] [INFO] [1786700409.412665276] [schedule_data_node]: [rmf_traffic_ros2::MirrorManager::request_update] Requesting changes for query ID [1] since beginning of recorded history
[python3-12] [INFO] [1786700409.413466505] [project1_pinky_fleet_adapter]: Requesting new schedule update because update timed out
[python3-12] [INFO] [1786700409.413504134] [project1_pinky_fleet_adapter]: [rmf_traffic_ros2::MirrorManager::request_update] Requesting changes for query ID [1] since beginning of recorded history
[rmf_traffic_schedule-1] [INFO] [1786700409.422368176] [rmf_traffic_schedule_primary]: [ScheduleNode::update_mirrors] Sending remedial update starting from the beginning going to 193 for query 1
[schedule_visualizer_node-4] [INFO] [1786700449.412730025] [schedule_data_node]: Requesting new schedule update because update timed out
[schedule_visualizer_node-4] [INFO] [1786700449.412792280] [schedule_data_node]: [rmf_traffic_ros2::MirrorManager::request_update] Requesting changes for query ID [1] since version [194]
[python3-12] [INFO] [1786700449.413596288] [project1_pinky_fleet_adapter]: Requesting new schedule update because update timed out
[python3-12] [INFO] [1786700449.413651650] [project1_pinky_fleet_adapter]: [rmf_traffic_ros2::MirrorManager::request_update] Requesting changes for query ID [1] since version [194]
[schedule_visualizer_node-4] [INFO] [1786700469.412750946] [schedule_data_node]: Requesting new schedule update because update timed out
[schedule_visualizer_node-4] [INFO] [1786700469.412860701] [schedule_data_node]: [rmf_traffic_ros2::MirrorManager::request_update] Requesting changes for query ID [1] since beginning of recorded history
[python3-12] [INFO] [1786700469.413726924] [project1_pinky_fleet_adapter]: Requesting new schedule update because update timed out
[python3-12] [INFO] [1786700469.413776446] [project1_pinky_fleet_adapter]: [rmf_traffic_ros2::MirrorManager::request_update] Requesting changes for query ID [1] since beginning of recorded history
[rmf_traffic_schedule-1] [INFO] [1786700469.422333526] [rmf_traffic_schedule_primary]: [ScheduleNode::update_mirrors] Sending remedial update starting from the beginning going to 194 for query 1
[schedule_visualizer_node-4] [INFO] [1786700509.412707242] [schedule_data_node]: Requesting new schedule update because update timed out
[schedule_visualizer_node-4] [INFO] [1786700509.412765586] [schedule_data_node]: [rmf_traffic_ros2::MirrorManager::request_update] Requesting changes for query ID [1] since version [195]
[python3-12] [INFO] [1786700509.413455742] [project1_pinky_fleet_adapter]: Requesting new schedule update because update timed out
[python3-12] [INFO] [1786700509.413499860] [project1_pinky_fleet_adapter]: [rmf_traffic_ros2::MirrorManager::request_update] Requesting changes for query ID [1] since version [195]
[schedule_visualizer_node-4] [INFO] [1786700529.412715670] [schedule_data_node]: Requesting new schedule update because update timed out
[schedule_visualizer_node-4] [INFO] [1786700529.412768136] [schedule_data_node]: [rmf_traffic_ros2::MirrorManager::request_update] Requesting changes for query ID [1] since beginning of recorded history
[python3-12] [INFO] [1786700529.413394267] [project1_pinky_fleet_adapter]: Requesting new schedule update because update timed out
[python3-12] [INFO] [1786700529.413437391] [project1_pinky_fleet_adapter]: [rmf_traffic_ros2::MirrorManager::request_update] Requesting changes for query ID [1] since beginning of recorded history
[rmf_traffic_schedule-1] [INFO] [1786700529.422296715] [rmf_traffic_schedule_primary]: [ScheduleNode::update_mirrors] Sending remedial update starting from the beginning going to 195 for query 1
[schedule_visualizer_node-4] [INFO] [1786700569.412573610] [schedule_data_node]: Requesting new schedule update because update timed out
[schedule_visualizer_node-4] [INFO] [1786700569.412644726] [schedule_data_node]: [rmf_traffic_ros2::MirrorManager::request_update] Requesting changes for query ID [1] since version [196]
[python3-12] [INFO] [1786700569.413424451] [project1_pinky_fleet_adapter]: Requesting new schedule update because update timed out
[python3-12] [INFO] [1786700569.413519107] [project1_pinky_fleet_adapter]: [rmf_traffic_ros2::MirrorManager::request_update] Requesting changes for query ID [1] since version [196]
[schedule_visualizer_node-4] [INFO] [1786700589.412554925] [schedule_data_node]: Requesting new schedule update because update timed out
[schedule_visualizer_node-4] [INFO] [1786700589.412591800] [schedule_data_node]: [rmf_traffic_ros2::MirrorManager::request_update] Requesting changes for query ID [1] since beginning of recorded history
[python3-12] [INFO] [1786700589.413178507] [project1_pinky_fleet_adapter]: Requesting new schedule update because update timed out
[python3-12] [INFO] [1786700589.413220964] [project1_pinky_fleet_adapter]: [rmf_traffic_ros2::MirrorManager::request_update] Requesting changes for query ID [1] since beginning of recorded history
[rmf_traffic_schedule-1] [INFO] [1786700589.422344978] [rmf_traffic_schedule_primary]: [ScheduleNode::update_mirrors] Sending remedial update starting from the beginning going to 196 for query 1
[python3-12] [INFO] [1786700629.413428979] [project1_pinky_fleet_adapter]: Requesting new schedule update because update timed out
[python3-12] [INFO] [1786700629.413472333] [project1_pinky_fleet_adapter]: [rmf_traffic_ros2::MirrorManager::request_update] Requesting changes for query ID [1] since version [197]
