=== 2026-08-12 01:11:19 project1 실행 ===
월드에 센서 시스템이 이미 있습니다.
월드에 충돌 검출기가 이미 지정돼 있습니다.
[1/3] Gazebo bringup
[INFO] [launch]: All log files can be found below /home/gyi/.ros/log/2026-08-12-01-11-20-906754-gyi-15UD50T-GX5JK-128780
[INFO] [launch]: Default logging verbosity is set to INFO
[INFO] [gazebo-1]: process started with pid [128802]
[INFO] [robot_state_publisher-2]: process started with pid [128803]
[INFO] [joint_state_publisher-3]: process started with pid [128804]
[INFO] [create-4]: process started with pid [128805]
[INFO] [robot_state_publisher-5]: process started with pid [128807]
[INFO] [create-6]: process started with pid [128808]
[INFO] [spawner-7]: process started with pid [128809]
[INFO] [spawner-8]: process started with pid [128810]
[INFO] [spawner-9]: process started with pid [128811]
[INFO] [parameter_bridge-10]: process started with pid [128812]
[create-4] [INFO] [1786464681.993558746] [pinky_01.ros_gz_sim]: Requesting list of world names.
[robot_state_publisher-2] [INFO] [1786464681.996561671] [pinky_01.robot_state_publisher]: Robot initialized
[robot_state_publisher-5] [INFO] [1786464681.998995953] [omx_01.robot_state_publisher]: Robot initialized
[create-6] [INFO] [1786464682.007837146] [omx_01.ros_gz_sim]: Requesting list of world names.
[gazebo-1] [1;33mWarning [Utils.cc:132][0m [/sdf/world[@name="sim_world"]/gui/window:/home/gyi/robosapiens/rmf_maps/project1/project1.world:L34]: XML Element[window], child of element[gui], not defined in SDF. Copying[window] as children of [gui].
[spawner-9] [INFO] [1786464682.464349595] [omx_01.spawner_gripper_controller]: waiting for service /omx_01/controller_manager/list_controllers to become available...
[joint_state_publisher-3] [INFO] [1786464682.467389640] [pinky_01.joint_state_publisher]: Waiting for robot_description to be published on the robot_description topic...
[gazebo-1] [INFO] [1786464682.510479864] [rmf_simulation_door_manager]: Loading DoorManager
[gazebo-1] [INFO] [1786464682.523739365] [rmf_simulation_lift_manager]: Starting LiftManager
[gazebo-1] [1;33m[Wrn] [SdfEntityCreator.cc:933] [0m[1;33mGazebo does not support Ogre material scripts. See [0m[1;33mhttps://gazebosim.org/api/sim/8/migrationsdf.html#:~:text=Materials [0m[1;33mfor details.[0m[1;33m[0m
[gazebo-1] [1;33m[Wrn] [SdfEntityCreator.cc:939] [0m[1;33mCustom material scripts are not supported.[0m[1;33m[0m
[gazebo-1] [1;33m[Wrn] [SdfEntityCreator.cc:933] [0m[1;33mGazebo does not support Ogre material scripts. See [0m[1;33mhttps://gazebosim.org/api/sim/8/migrationsdf.html#:~:text=Materials [0m[1;33mfor details.[0m[1;33m[0m
[gazebo-1] [1;33m[Wrn] [SdfEntityCreator.cc:939] [0m[1;33mCustom material scripts are not supported.[0m[1;33m[0m
[joint_state_publisher-3] [INFO] [1786464682.604180755] [pinky_01.joint_state_publisher]: Got description, configuring robot
[create-4] [INFO] [1786464682.631618134] [pinky_01.ros_gz_sim]: Waiting messages on topic [/pinky_01/robot_description].
[create-4] [INFO] [1786464682.731144771] [pinky_01.ros_gz_sim]: Entity creation successful.
[create-6] [INFO] [1786464682.732386533] [omx_01.ros_gz_sim]: Waiting messages on topic [robot_description].
[create-6] [INFO] [1786464682.744039713] [omx_01.ros_gz_sim]: Entity creation successful.
[INFO] [create-4]: process has finished cleanly [pid 128805]
[INFO] [create-6]: process has finished cleanly [pid 128808]
[parameter_bridge-10] [INFO] [1786464683.014409531] [gz_bridge]: Creating GZ->ROS Bridge: [/clock (gz.msgs.Clock) -> /clock (rosgraph_msgs/msg/Clock)] (Lazy 0)
[parameter_bridge-10] [INFO] [1786464683.016485599] [gz_bridge]: Creating GZ->ROS Bridge: [/tf (gz.msgs.Pose_V) -> /tf (tf2_msgs/msg/TFMessage)] (Lazy 0)
[parameter_bridge-10] [INFO] [1786464683.020291164] [gz_bridge]: Creating GZ->ROS Bridge: [/pinky_01/odom (gz.msgs.Odometry) -> /pinky_01/odom (nav_msgs/msg/Odometry)] (Lazy 0)
[parameter_bridge-10] [INFO] [1786464683.023520098] [gz_bridge]: Creating ROS->GZ Bridge: [/pinky_01/cmd_vel (geometry_msgs/msg/Twist) -> /pinky_01/cmd_vel (gz.msgs.Twist)] (Lazy 0)
[parameter_bridge-10] [INFO] [1786464683.025040553] [gz_bridge]: Creating GZ->ROS Bridge: [/pinky_01/scan (gz.msgs.LaserScan) -> /pinky_01/scan (sensor_msgs/msg/LaserScan)] (Lazy 0)
[parameter_bridge-10] [INFO] [1786464683.027499633] [gz_bridge]: Creating GZ->ROS Bridge: [/pinky_01/joint_states (gz.msgs.Model) -> /pinky_01/joint_states (sensor_msgs/msg/JointState)] (Lazy 0)
[parameter_bridge-10] [INFO] [1786464683.028257737] [gz_bridge]: Creating GZ->ROS Bridge: [/pinky_01/camera/camera_info (gz.msgs.CameraInfo) -> /pinky_01/camera/camera_info (sensor_msgs/msg/CameraInfo)] (Lazy 0)
[parameter_bridge-10] [INFO] [1786464683.029762967] [gz_bridge]: Creating GZ->ROS Bridge: [/pinky_01/camera/image_raw (gz.msgs.Image) -> /pinky_01/camera/image_raw (sensor_msgs/msg/Image)] (Lazy 0)
[parameter_bridge-10] [INFO] [1786464683.031265595] [gz_bridge]: Creating GZ->ROS Bridge: [/pinky_01/imu_raw (gz.msgs.IMU) -> /pinky_01/imu_raw (sensor_msgs/msg/Imu)] (Lazy 0)
[gazebo-1] [1;33mWarning [Utils.cc:132][0m [/sdf/model[@name="pinky"]/link[@name="base_footprint"]/sensor[@name="pinky_01/camera"]/gz_frame_id:<urdf-string>:L0]: XML Element[gz_frame_id], child of element[sensor], not defined in SDF. Copying[gz_frame_id] as children of [sensor].
[gazebo-1] [1;33mWarning [Utils.cc:132][0m [/sdf/model[@name="pinky"]/link[@name="base_footprint"]/sensor[@name="pinky_01/imu"]/gz_frame_id:<urdf-string>:L0]: XML Element[gz_frame_id], child of element[sensor], not defined in SDF. Copying[gz_frame_id] as children of [sensor].
[gazebo-1] [1;33mWarning [Utils.cc:132][0m [/sdf/model[@name="pinky"]/link[@name="base_footprint"]/sensor[@name="pinky_01/gpu_lidar"]/gz_frame_id:<urdf-string>:L0]: XML Element[gz_frame_id], child of element[sensor], not defined in SDF. Copying[gz_frame_id] as children of [sensor].
[gazebo-1] [INFO] [1786464684.185003906] [omx_01.gz_ros_control]: [gz_ros2_control] Fixed joint ['world_fixed'] (Entity='72') is skipped.
[gazebo-1] [INFO] [1786464684.188209077] [omx_01.gz_ros_control]: Loading controller_manager
[gazebo-1] [INFO] [1786464684.213281987] [omx_01.controller_manager]: Using ROS clock for triggering controller manager cycles.
[gazebo-1] [INFO] [1786464684.216816912] [omx_01.controller_manager]: Subscribing to '/omx_01/robot_description' topic for robot description.
[gazebo-1] [WARN] [1786464684.219670977] [omx_01.gz_ros_control]: Waiting RM to load and initialize hardware...
[gazebo-1] [INFO] [1786464684.227245114] [omx_01.controller_manager]: Received robot description from topic.
[gazebo-1] [INFO] [1786464684.227270901] [omx_01.controller_manager]: Enforcing command limits is disabled. Command limits from URDF will be ignored.
[gazebo-1] [INFO] [1786464684.231236494] [omx_01.gz_ros_control]: The position_proportional_gain has been set to: 0.1
[gazebo-1] [INFO] [1786464684.231269163] [omx_01.gz_ros_control]: Loading joint: joint1
[gazebo-1] [INFO] [1786464684.231273730] [omx_01.gz_ros_control]: 	State:
[gazebo-1] [INFO] [1786464684.231277363] [omx_01.gz_ros_control]: 		 position
[gazebo-1] [INFO] [1786464684.231279865] [omx_01.gz_ros_control]: 		 velocity
[gazebo-1] [INFO] [1786464684.231284816] [omx_01.gz_ros_control]: 		 effort
[gazebo-1] [INFO] [1786464684.231287330] [omx_01.gz_ros_control]: 	Command:
[gazebo-1] [INFO] [1786464684.231289185] [omx_01.gz_ros_control]: 		 position
[gazebo-1] [INFO] [1786464684.231297104] [omx_01.gz_ros_control]: Loading joint: joint2
[gazebo-1] [INFO] [1786464684.231299055] [omx_01.gz_ros_control]: 	State:
[gazebo-1] [INFO] [1786464684.231300791] [omx_01.gz_ros_control]: 		 position
[gazebo-1] [INFO] [1786464684.231302579] [omx_01.gz_ros_control]: 		 velocity
[gazebo-1] [INFO] [1786464684.231304662] [omx_01.gz_ros_control]: 		 effort
[gazebo-1] [INFO] [1786464684.231306361] [omx_01.gz_ros_control]: 	Command:
[gazebo-1] [INFO] [1786464684.231307974] [omx_01.gz_ros_control]: 		 position
[gazebo-1] [INFO] [1786464684.231313674] [omx_01.gz_ros_control]: Loading joint: joint3
[gazebo-1] [INFO] [1786464684.231315514] [omx_01.gz_ros_control]: 	State:
[gazebo-1] [INFO] [1786464684.231317148] [omx_01.gz_ros_control]: 		 position
[gazebo-1] [INFO] [1786464684.231318794] [omx_01.gz_ros_control]: 		 velocity
[gazebo-1] [INFO] [1786464684.231320544] [omx_01.gz_ros_control]: 		 effort
[gazebo-1] [INFO] [1786464684.231322870] [omx_01.gz_ros_control]: 	Command:
[gazebo-1] [INFO] [1786464684.231324510] [omx_01.gz_ros_control]: 		 position
[gazebo-1] [INFO] [1786464684.231329473] [omx_01.gz_ros_control]: Loading joint: joint4
[gazebo-1] [INFO] [1786464684.231331366] [omx_01.gz_ros_control]: 	State:
[gazebo-1] [INFO] [1786464684.231332934] [omx_01.gz_ros_control]: 		 position
[gazebo-1] [INFO] [1786464684.231334518] [omx_01.gz_ros_control]: 		 velocity
[gazebo-1] [INFO] [1786464684.231336071] [omx_01.gz_ros_control]: 		 effort
[gazebo-1] [INFO] [1786464684.231337672] [omx_01.gz_ros_control]: 	Command:
[gazebo-1] [INFO] [1786464684.231339203] [omx_01.gz_ros_control]: 		 position
[gazebo-1] [INFO] [1786464684.231344258] [omx_01.gz_ros_control]: Loading joint: gripper_left_joint
[gazebo-1] [INFO] [1786464684.231346475] [omx_01.gz_ros_control]: 	State:
[gazebo-1] [INFO] [1786464684.231348151] [omx_01.gz_ros_control]: 		 position
[gazebo-1] [INFO] [1786464684.231349810] [omx_01.gz_ros_control]: 		 velocity
[gazebo-1] [INFO] [1786464684.231351947] [omx_01.gz_ros_control]: 		 effort
[gazebo-1] [INFO] [1786464684.231353630] [omx_01.gz_ros_control]: 	Command:
[gazebo-1] [INFO] [1786464684.231355254] [omx_01.gz_ros_control]: 		 position
[gazebo-1] [INFO] [1786464684.231361052] [omx_01.gz_ros_control]: Loading joint: gripper_right_joint
[gazebo-1] [INFO] [1786464684.231364136] [omx_01.gz_ros_control]: Joint 'gripper_right_joint'is mimicking joint 'gripper_left_joint' with multiplier: 1 and offset: 0
[gazebo-1] [INFO] [1786464684.231366454] [omx_01.gz_ros_control]: 	State:
[gazebo-1] [INFO] [1786464684.231368109] [omx_01.gz_ros_control]: 		 position
[gazebo-1] [INFO] [1786464684.231369706] [omx_01.gz_ros_control]: 		 velocity
[gazebo-1] [INFO] [1786464684.231372454] [omx_01.gz_ros_control]: 		 effort
[gazebo-1] [INFO] [1786464684.231374173] [omx_01.gz_ros_control]: 	Command:
[gazebo-1] [INFO] [1786464684.231402059] [omx_01.gz_ros_control]: Loading sensor: pinky_01/imu
[gazebo-1] [INFO] [1786464684.231405770] [omx_01.gz_ros_control]: 	State:
[gazebo-1] [WARN] [1786464684.231424157] [omx_01.gz_ros_control]: IMU sensor 'pinky_01/imu' not found in hardware_info, skipping.
[gazebo-1] [INFO] [1786464684.231483471] [omx_01.controller_manager]: Initialize hardware 'OpenManipulatorXSystem' 
[gazebo-1] [WARN] [1786464684.231495129] [omx_01.controller_manager.hardware_component.system.OpenManipulatorXSystem]: Executor is not available during hardware component initialization for 'OpenManipulatorXSystem'. Skipping node creation!
[gazebo-1] [INFO] [1786464684.231546810] [omx_01.controller_manager]: Successful initialization of hardware 'OpenManipulatorXSystem'
[gazebo-1] [INFO] [1786464684.231630521] [omx_01.controller_manager]: Activating component 'OpenManipulatorXSystem'.
[gazebo-1] [INFO] [1786464684.231636701] [resource_manager]: 'configure' hardware 'OpenManipulatorXSystem' 
[gazebo-1] [INFO] [1786464684.231639458] [omx_01.gz_ros_control]: System Successfully configured!
[gazebo-1] [INFO] [1786464684.231642569] [resource_manager]: Successful 'configure' of hardware 'OpenManipulatorXSystem'
[gazebo-1] [INFO] [1786464684.231647934] [resource_manager]: 'activate' hardware 'OpenManipulatorXSystem' 
[gazebo-1] [INFO] [1786464684.231656847] [resource_manager]: Successful 'activate' of hardware 'OpenManipulatorXSystem'
[gazebo-1] [WARN] [1786464684.231701076] [omx_01.controller_manager]: Component 'OpenManipulatorXSystem' does not have read or write statistics initialized, skipping registration.
[gazebo-1] [INFO] [1786464684.231704847] [omx_01.controller_manager]: Resource Manager has been successfully initialized. Starting Controller Manager services...
[gazebo-1] [INFO] [1786464684.467607862] [omx_01.controller_manager]: Loading controller : 'gripper_controller' of type 'position_controllers/GripperActionController'
[gazebo-1] [INFO] [1786464684.467648761] [omx_01.controller_manager]: Loading controller 'gripper_controller'
[gazebo-1] [INFO] [1786464684.475567075] [omx_01.controller_manager]: Controller 'gripper_controller' node arguments: --ros-args --params-file /home/gyi/robosapiens/open_manipulator/install/open_manipulator_bringup/share/open_manipulator_bringup/config/open_manipulator_x/hardware_controller_manager.yaml -p use_sim_time:=true --param use_sim_time:=true 
[gazebo-1] [WARN] [1786464684.487140491] [omx_01.gripper_controller]: [Deprecated]: the `position_controllers/GripperActionController` and `effort_controllers::GripperActionController` controllers are replaced by 'parallel_gripper_controllers/GripperActionController' controller
[spawner-9] [INFO] [1786464684.488865523] [omx_01.spawner_gripper_controller]: Loaded gripper_controller
[gazebo-1] [INFO] [1786464684.490367315] [omx_01.controller_manager]: Configuring controller: 'gripper_controller'
[gazebo-1] [INFO] [1786464684.490594594] [omx_01.gripper_controller]: Action status changes will be monitored at 20.000000 Hz.
[gazebo-1] [INFO] [1786464684.492087511] [omx_01.controller_manager]: Activating controllers: [ gripper_controller ]
[gazebo-1] [1;31m[Err] [Physics.cc:1808] [0m[1;31mAttempting to create a mimic constraint for joint [[0m[1;31mgripper_right_joint[0m[1;31m] but the chosen physics engine does not support [0m[1;31mmimic constraints, so no constraint will be [0m[1;31mcreated.[0m[1;31m[0m
[2/3] Open-RMF
[gazebo-1] [INFO] [1786464686.529436336] [omx_01.controller_manager]: Successfully switched controllers!
[spawner-9] [INFO] [1786464686.686242399] [omx_01.spawner_gripper_controller]: Configured and activated gripper_controller
[INFO] [launch]: All log files can be found below /home/gyi/.ros/log/2026-08-12-01-11-26-724190-gyi-15UD50T-GX5JK-129099
[INFO] [launch]: Default logging verbosity is set to INFO
[spawner-7] [INFO] [1786464686.783473948] [omx_01.spawner_joint_state_broadcaster]: waiting for service /omx_01/controller_manager/list_controllers to become available...
[INFO] [spawner-9]: process has finished cleanly [pid 128811]
[INFO] [rmf_traffic_schedule-1]: process started with pid [129161]
[INFO] [rmf_traffic_blockade-2]: process started with pid [129162]
[INFO] [building_map_server-3]: process started with pid [129163]
[INFO] [schedule_visualizer_node-4]: process started with pid [129164]
[INFO] [fleetstates_visualizer_node-5]: process started with pid [129165]
[INFO] [rmf_visualization_building_systems-6]: process started with pid [129166]
[INFO] [navgraph_visualizer_node-7]: process started with pid [129167]
[INFO] [floorplan_visualizer_node-8]: process started with pid [129168]
[INFO] [obstacle_visualizer_node-9]: process started with pid [129169]
[INFO] [door_supervisor-10]: process started with pid [129170]
[INFO] [lift_supervisor-11]: process started with pid [129171]
[INFO] [rmf_task_dispatcher-12]: process started with pid [129172]
[INFO] [mutex_group_supervisor-13]: process started with pid [129173]
[fleetstates_visualizer_node-5] [INFO] [1786464687.048565905] [fleet_states_visualizer]: Configuring fleet_states_visualizer...
[fleetstates_visualizer_node-5] [INFO] [1786464687.048754100] [fleet_states_visualizer]: Setting parameter initial_map_name to L1
[fleetstates_visualizer_node-5] [INFO] [1786464687.048790950] [fleet_states_visualizer]: Setting parameter fleet_state_nose_scale to 0.500000
[rmf_task_dispatcher-12] ~Initializing Dispatcher Node~
[schedule_visualizer_node-4] [INFO] [1786464687.060423675] [schedule_visualizer_node]: Setting parameter rate to 10.000000
[schedule_visualizer_node-4] [INFO] [1786464687.060514133] [schedule_visualizer_node]: Setting parameter path_width to 0.200000
[schedule_visualizer_node-4] [INFO] [1786464687.060535139] [schedule_visualizer_node]: Setting parameter initial_map_name to L1
[schedule_visualizer_node-4] [INFO] [1786464687.060549497] [schedule_visualizer_node]: Setting parameter wait_secs to 10
[schedule_visualizer_node-4] [INFO] [1786464687.060559680] [schedule_visualizer_node]: Setting parameter port to 8006
[schedule_visualizer_node-4] [INFO] [1786464687.060568716] [schedule_visualizer_node]: Setting parameter retained_history_count to 50
[fleetstates_visualizer_node-5] [INFO] [1786464687.074311085] [fleet_states_visualizer]: Running fleet_states_visualizer...
[rmf_task_dispatcher-12] [INFO] [1786464687.099281893] [rmf_dispatcher_node]:  Declared Time Window Param as: 2.000000 secs
[rmf_task_dispatcher-12] [INFO] [1786464687.100092867] [rmf_dispatcher_node]:  Declared Terminated Tasks Max Size Param as: 100
[rmf_task_dispatcher-12] [INFO] [1786464687.100424573] [rmf_dispatcher_node]:  Declared publish_active_tasks_period as: 2 secs
[rmf_task_dispatcher-12] [INFO] [1786464687.100524472] [rmf_dispatcher_node]:  Use timestamp with task_id: false
[rmf_task_dispatcher-12] [INFO] [1786464687.101198268] [rmf_dispatcher_node]:  Use unique hex string with task_id: true
[rmf_traffic_schedule-1] [INFO] [1786464687.101548892] [rmf_traffic_schedule_primary]: Successfully loaded logfile .rmf_schedule_node.yaml 
[obstacle_visualizer_node-9] [INFO] [1786464687.101700630] [rmf_obstacle_visualizer]: Beginning RMF obstacle visualizer node
[rmf_traffic_schedule-1] [INFO] [1786464687.104561626] [rmf_traffic_schedule_primary]: Set up heartbeat on /rmf_traffic/heartbeat with liveliness lease duration of 10000 ms and deadline of 10000 ms
[rmf_traffic_schedule-1] [INFO] [1786464687.140053671] [rmf_traffic_schedule_primary]: Beginning traffic schedule node
[floorplan_visualizer_node-8] [INFO] [1786464687.465871316] [floorplan_visualizer]: Configuring floorplan_visualizer...
[floorplan_visualizer_node-8] [INFO] [1786464687.467523683] [floorplan_visualizer]: Setting parameter initial_map_name to L1
[rmf_task_dispatcher-12] [INFO] [1786464687.470491457] [rmf_dispatcher_node]: Starting task dispatcher node
[rmf_traffic_blockade-2] [INFO] [1786464687.478223732] [rmf_traffic_blockade_node]: Beginning traffic blockade node
[navgraph_visualizer_node-7] [INFO] [1786464687.488551787] [navgraph_visualizer]: Setting parameter initial_map_name to L1
[navgraph_visualizer_node-7] [INFO] [1786464687.488709992] [navgraph_visualizer]: Setting parameter lane_width to 0.500000
[navgraph_visualizer_node-7] [INFO] [1786464687.488776627] [navgraph_visualizer]: Setting parameter lane_transparency to 0.600000
[navgraph_visualizer_node-7] [INFO] [1786464687.488822249] [navgraph_visualizer]: Setting parameter waypoint_scale to 1.300000
[navgraph_visualizer_node-7] [INFO] [1786464687.488868188] [navgraph_visualizer]: Setting parameter text_scale to 0.700000
[floorplan_visualizer_node-8] [INFO] [1786464687.489170989] [floorplan_visualizer]: Running floorplan_visualizer...
[navgraph_visualizer_node-7] [INFO] [1786464687.498097386] [navgraph_visualizer]: NavGraph visualizer is running...
[rmf_traffic_schedule-1] [INFO] [1786464687.579403097] [rmf_traffic_schedule_primary]: Registered new query [1]
[schedule_visualizer_node-4] [INFO] [1786464687.582273833] [schedule_data_node]: Registering to query topic rmf_traffic/query_update_1
[schedule_visualizer_node-4] [INFO] [1786464687.590542037] [schedule_data_node]: [rmf_traffic_ros2::MirrorManager::request_update] Requesting changes for query ID [1] since beginning of recorded history
[rmf_traffic_schedule-1] [INFO] [1786464687.598879668] [rmf_traffic_schedule_primary]: [ScheduleNode::update_mirrors] Sending remedial update starting from the beginning going to 2 for query 1
[schedule_visualizer_node-4] [INFO] [1786464687.604529737] [schedule_visualizer_node]: Successfully connected to rmf_traffic_schedule node.
[schedule_visualizer_node-4] [INFO] [1786464687.605100871] [schedule_data_node]: Mirror handling new sync of 1 queries from schedule node [17ce4dff-036b-4aaf-a6b0-eecd4b3f39c2]
[gazebo-1] [1;33m[Wrn] [Ogre2Camera.cc:423] [0m[1;33mOgre2Camera::SetVisibilityMask: Mask bits [0m[1;33mc0000000[0m[1;33m are set but will be ignored as they conflict with the [0m[1;33mreserved bits used internally by the ogre2 backend.[0m[1;33m[0m
[rmf_visualization_building_systems-6] [INFO] [1786464688.190183926] [building_systems_visualizer]: Building systems visualizer started...
[building_map_server-3] [INFO] [1786464688.878017182] [building_map_server]: loading map path: /home/gyi/robosapiens/rmf_maps/project1/project1.building.yaml
[building_map_server-3] [INFO] [1786464688.881940719] [building_map_server]: opening: /home/gyi/robosapiens/rmf_maps/project1/gwanghee.png
[building_map_server-3] [INFO] [1786464688.883188471] [building_map_server]: read 179943 byte image
[building_map_server-3] [INFO] [1786464688.883886792] [building_map_server]: unable to generate GeoJSON for this map.
[building_map_server-3] [INFO] [1786464688.893385556] [building_map_server]: publishing map...
[building_map_server-3] [INFO] [1786464688.894530020] [building_map_server]: ready to serve map: "project1"  Ctrl+C to exit...
[gazebo-1] [INFO] [1786464689.788177286] [omx_01.controller_manager]: Loading controller : 'joint_state_broadcaster' of type 'joint_state_broadcaster/JointStateBroadcaster'
[gazebo-1] [INFO] [1786464689.788223031] [omx_01.controller_manager]: Loading controller 'joint_state_broadcaster'
[gazebo-1] [INFO] [1786464689.793543720] [omx_01.controller_manager]: Controller 'joint_state_broadcaster' node arguments: --ros-args --params-file /home/gyi/robosapiens/open_manipulator/install/open_manipulator_bringup/share/open_manipulator_bringup/config/open_manipulator_x/hardware_controller_manager.yaml -p use_sim_time:=true --param use_sim_time:=true 
[spawner-7] [INFO] [1786464689.817143922] [omx_01.spawner_joint_state_broadcaster]: Loaded joint_state_broadcaster
[gazebo-1] [INFO] [1786464689.819432775] [omx_01.controller_manager]: Configuring controller: 'joint_state_broadcaster'
[gazebo-1] [INFO] [1786464689.819620877] [omx_01.joint_state_broadcaster]: 'joints' or 'interfaces' parameter is empty. All available state interfaces will be published
[gazebo-1] [INFO] [1786464689.838495759] [omx_01.controller_manager]: Activating controllers: [ joint_state_broadcaster ]
[gazebo-1] [INFO] [1786464689.846264375] [omx_01.controller_manager]: Successfully switched controllers!
[spawner-7] [INFO] [1786464689.856771978] [omx_01.spawner_joint_state_broadcaster]: Configured and activated joint_state_broadcaster
[spawner-8] [INFO] [1786464689.985611854] [omx_01.spawner_arm_controller]: waiting for service /omx_01/controller_manager/list_controllers to become available...
[INFO] [spawner-7]: process has finished cleanly [pid 128809]
[gazebo-1] [INFO] [1786464690.417552854] [omx_01.controller_manager]: Loading controller : 'arm_controller' of type 'joint_trajectory_controller/JointTrajectoryController'
[gazebo-1] [INFO] [1786464690.417597528] [omx_01.controller_manager]: Loading controller 'arm_controller'
[gazebo-1] [INFO] [1786464690.423267491] [omx_01.controller_manager]: Controller 'arm_controller' node arguments: --ros-args --params-file /home/gyi/robosapiens/open_manipulator/install/open_manipulator_bringup/share/open_manipulator_bringup/config/open_manipulator_x/hardware_controller_manager.yaml -p use_sim_time:=true --param use_sim_time:=true 
[spawner-8] [INFO] [1786464690.456472654] [omx_01.spawner_arm_controller]: Loaded arm_controller
[gazebo-1] [INFO] [1786464690.457208711] [omx_01.controller_manager]: Configuring controller: 'arm_controller'
[gazebo-1] [INFO] [1786464690.457355320] [omx_01.arm_controller]: No specific joint names are used for command interfaces. Using 'joints' parameter.
[gazebo-1] [INFO] [1786464690.457377041] [omx_01.arm_controller]: Command interfaces are [position] and state interfaces are [position velocity].
[gazebo-1] [INFO] [1786464690.457400037] [omx_01.arm_controller]: Using 'splines' interpolation method.
[gazebo-1] [INFO] [1786464690.460613521] [omx_01.arm_controller]: Goals with partial set of joints are allowed
[gazebo-1] [INFO] [1786464690.460639679] [omx_01.arm_controller]: Action status changes will be monitored at 20.00 Hz.
[gazebo-1] [INFO] [1786464690.472045129] [omx_01.arm_controller]: Setting initial scaling factor to 1.000000
[gazebo-1] [INFO] [1786464690.472084358] [omx_01.arm_controller]: No scaling interface set. This controller will not read speed scaling from the hardware.
[gazebo-1] [INFO] [1786464690.477667332] [omx_01.controller_manager]: Activating controllers: [ arm_controller ]
[gazebo-1] [INFO] [1786464690.485755365] [omx_01.controller_manager]: Successfully switched controllers!
[spawner-8] [INFO] [1786464690.497271407] [omx_01.spawner_arm_controller]: Configured and activated arm_controller
[INFO] [spawner-8]: process has finished cleanly [pid 128810]
[3/3] Nav2 와 RMF 어댑터
[INFO] [launch]: All log files can be found below /home/gyi/.ros/log/2026-08-12-01-11-38-802183-gyi-15UD50T-GX5JK-129518
[INFO] [launch]: Default logging verbosity is set to INFO
[INFO] [map_server-1]: process started with pid [129521]
[INFO] [lifecycle_manager-2]: process started with pid [129522]
[INFO] [amcl-3]: process started with pid [129523]
[INFO] [controller_server-4]: process started with pid [129524]
[INFO] [smoother_server-5]: process started with pid [129525]
[INFO] [planner_server-6]: process started with pid [129526]
[INFO] [behavior_server-7]: process started with pid [129527]
[INFO] [bt_navigator-8]: process started with pid [129528]
[INFO] [waypoint_follower-9]: process started with pid [129529]
[INFO] [velocity_smoother-10]: process started with pid [129530]
[INFO] [lifecycle_manager-11]: process started with pid [129531]
[INFO] [python3-12]: process started with pid [129532]
[INFO] [python3-13]: process started with pid [129533]
[amcl-3] [INFO] [1786464699.167580522] [pinky_01.amcl]: 
[amcl-3] 	amcl lifecycle node launched. 
[amcl-3] 	Waiting on external lifecycle transitions to activate
[amcl-3] 	See https://design.ros2.org/articles/node_lifecycle.html for more information.
[amcl-3] [INFO] [1786464699.172302291] [pinky_01.amcl]: Creating
[planner_server-6] [INFO] [1786464699.188062553] [pinky_01.planner_server]: 
[planner_server-6] 	planner_server lifecycle node launched. 
[planner_server-6] 	Waiting on external lifecycle transitions to activate
[planner_server-6] 	See https://design.ros2.org/articles/node_lifecycle.html for more information.
[lifecycle_manager-2] [INFO] [1786464699.191443754] [lifecycle_manager_map]: Creating
[planner_server-6] [INFO] [1786464699.204232433] [pinky_01.planner_server]: Creating
[lifecycle_manager-2] [INFO] [1786464699.216004120] [lifecycle_manager_map]: [34m[1mCreating and initializing lifecycle service clients[0m[0m
[planner_server-6] [INFO] [1786464699.259379442] [pinky_01.global_costmap.global_costmap]: 
[planner_server-6] 	global_costmap lifecycle node launched. 
[planner_server-6] 	Waiting on external lifecycle transitions to activate
[planner_server-6] 	See https://design.ros2.org/articles/node_lifecycle.html for more information.
[planner_server-6] [INFO] [1786464699.260993092] [pinky_01.global_costmap.global_costmap]: Creating Costmap
[behavior_server-7] [INFO] [1786464699.506843598] [pinky_01.behavior_server]: 
[behavior_server-7] 	behavior_server lifecycle node launched. 
[behavior_server-7] 	Waiting on external lifecycle transitions to activate
[behavior_server-7] 	See https://design.ros2.org/articles/node_lifecycle.html for more information.
[lifecycle_manager-11] [INFO] [1786464699.511027535] [pinky_01.lifecycle_manager_navigation]: Creating
[velocity_smoother-10] [INFO] [1786464699.511475117] [pinky_01.velocity_smoother]: 
[velocity_smoother-10] 	velocity_smoother lifecycle node launched. 
[velocity_smoother-10] 	Waiting on external lifecycle transitions to activate
[velocity_smoother-10] 	See https://design.ros2.org/articles/node_lifecycle.html for more information.
[lifecycle_manager-11] [INFO] [1786464699.515559985] [pinky_01.lifecycle_manager_navigation]: [34m[1mCreating and initializing lifecycle service clients[0m[0m
[map_server-1] [INFO] [1786464699.595828195] [map_server]: 
[map_server-1] 	map_server lifecycle node launched. 
[map_server-1] 	Waiting on external lifecycle transitions to activate
[map_server-1] 	See https://design.ros2.org/articles/node_lifecycle.html for more information.
[map_server-1] [INFO] [1786464699.596027290] [map_server]: Creating
[python3-13] [INFO] [1786464699.639602678] [project1_sensor_relay]: [PK-01] /pinky_01 를 봅니다.
[controller_server-4] [INFO] [1786464699.793161692] [pinky_01.controller_server]: 
[controller_server-4] 	controller_server lifecycle node launched. 
[controller_server-4] 	Waiting on external lifecycle transitions to activate
[controller_server-4] 	See https://design.ros2.org/articles/node_lifecycle.html for more information.
[controller_server-4] [INFO] [1786464699.807883814] [pinky_01.controller_server]: Creating controller server
[controller_server-4] [INFO] [1786464699.841443983] [pinky_01.local_costmap.local_costmap]: 
[controller_server-4] 	local_costmap lifecycle node launched. 
[controller_server-4] 	Waiting on external lifecycle transitions to activate
[controller_server-4] 	See https://design.ros2.org/articles/node_lifecycle.html for more information.
[controller_server-4] [INFO] [1786464699.842616885] [pinky_01.local_costmap.local_costmap]: Creating Costmap
[smoother_server-5] [INFO] [1786464699.892372804] [pinky_01.smoother_server]: 
[smoother_server-5] 	smoother_server lifecycle node launched. 
[smoother_server-5] 	Waiting on external lifecycle transitions to activate
[smoother_server-5] 	See https://design.ros2.org/articles/node_lifecycle.html for more information.
[smoother_server-5] [INFO] [1786464699.898431005] [pinky_01.smoother_server]: Creating smoother server
[waypoint_follower-9] [INFO] [1786464699.917618170] [pinky_01.waypoint_follower]: 
[waypoint_follower-9] 	waypoint_follower lifecycle node launched. 
[waypoint_follower-9] 	Waiting on external lifecycle transitions to activate
[waypoint_follower-9] 	See https://design.ros2.org/articles/node_lifecycle.html for more information.
[waypoint_follower-9] [INFO] [1786464699.921258273] [pinky_01.waypoint_follower]: Creating
[bt_navigator-8] [INFO] [1786464699.942283891] [pinky_01.bt_navigator]: 
[bt_navigator-8] 	bt_navigator lifecycle node launched. 
[bt_navigator-8] 	Waiting on external lifecycle transitions to activate
[bt_navigator-8] 	See https://design.ros2.org/articles/node_lifecycle.html for more information.
[bt_navigator-8] [INFO] [1786464699.948064992] [pinky_01.bt_navigator]: Creating
[python3-12] [retreat_to_charger_interval] value is not provided, default to 10 seconds
[python3-12] Default fleet finishing task set to [park]
[python3-12] Maximum delay is not provided, default to 10.0
[lifecycle_manager-2] [INFO] [1786464700.877625739] [lifecycle_manager_map]: [34m[1mStarting managed nodes bringup...[0m[0m
[lifecycle_manager-2] [INFO] [1786464700.877689347] [lifecycle_manager_map]: [34m[1mConfiguring map_server[0m[0m
[map_server-1] [INFO] [1786464700.878704276] [map_server]: Configuring
[map_server-1] [INFO] [1786464700.878794445] [map_io]: Loading yaml file: /home/gyi/robosapiens/rmf_maps/project1/nav2_map/project1.yaml
[map_server-1] [INFO] [1786464700.880386255] [map_io]: resolution: 0.005994
[map_server-1] [INFO] [1786464700.880423434] [map_io]: origin[0]: -1.23864
[map_server-1] [INFO] [1786464700.880427748] [map_io]: origin[1]: -3.24145
[map_server-1] [INFO] [1786464700.880430011] [map_io]: origin[2]: 0
[map_server-1] [INFO] [1786464700.880432898] [map_io]: free_thresh: 0.196
[map_server-1] [INFO] [1786464700.880435484] [map_io]: occupied_thresh: 0.65
[map_server-1] [INFO] [1786464700.880439184] [map_io]: mode: trinary
[map_server-1] [INFO] [1786464700.880442594] [map_io]: negate: 0
[map_server-1] [INFO] [1786464700.882785809] [map_io]: Loading image_file: /home/gyi/robosapiens/rmf_maps/project1/nav2_map/project1.pgm
[map_server-1] [INFO] [1786464700.892716072] [map_io]: Read map /home/gyi/robosapiens/rmf_maps/project1/nav2_map/project1.pgm: 800 X 615 map @ 0.005994 m/cell
[lifecycle_manager-2] [INFO] [1786464700.909676964] [lifecycle_manager_map]: [34m[1mActivating map_server[0m[0m
[map_server-1] [INFO] [1786464700.909892844] [map_server]: Activating
[map_server-1] [INFO] [1786464700.910523448] [map_server]: Creating bond (map_server) to lifecycle manager.
[python3-12] [INFO] [1786464700.955833647] [project1_pinky_fleet_adapter]: Parameter [discovery_timeout] set to: 60.000000
[rmf_traffic_schedule-1] [INFO] [1786464700.958699098] [rmf_traffic_schedule_primary]: A new mirror is tracking query ID [1]
[schedule_visualizer_node-4] [INFO] [1786464700.958966998] [schedule_data_node]: Mirror handling new sync of 1 queries from schedule node [17ce4dff-036b-4aaf-a6b0-eecd4b3f39c2]
[lifecycle_manager-2] [INFO] [1786464701.023214830] [lifecycle_manager_map]: Server map_server connected with bond.
[lifecycle_manager-2] [INFO] [1786464701.023280537] [lifecycle_manager_map]: [34m[1mManaged nodes are active[0m[0m
[lifecycle_manager-2] [INFO] [1786464701.023287894] [lifecycle_manager_map]: [34m[1mCreating bond timer...[0m[0m
[lifecycle_manager-11] [INFO] [1786464701.150429495] [pinky_01.lifecycle_manager_navigation]: [34m[1mStarting managed nodes bringup...[0m[0m
[lifecycle_manager-11] [INFO] [1786464701.150488547] [pinky_01.lifecycle_manager_navigation]: [34m[1mConfiguring amcl[0m[0m
[amcl-3] [INFO] [1786464701.150945725] [pinky_01.amcl]: Configuring
[amcl-3] [INFO] [1786464701.151035107] [pinky_01.amcl]: initTransforms
[amcl-3] [INFO] [1786464701.169554438] [pinky_01.amcl]: initPubSub
[amcl-3] [INFO] [1786464701.184342403] [pinky_01.amcl]: Subscribed to map topic.
[lifecycle_manager-11] [INFO] [1786464701.192883798] [pinky_01.lifecycle_manager_navigation]: [34m[1mConfiguring controller_server[0m[0m
[controller_server-4] [INFO] [1786464701.193655733] [pinky_01.controller_server]: Configuring controller interface
[controller_server-4] [INFO] [1786464701.193689413] [pinky_01.controller_server]: getting progress checker plugins..
[controller_server-4] [INFO] [1786464701.195979787] [pinky_01.controller_server]: getting goal checker plugins..
[controller_server-4] [INFO] [1786464701.196188906] [pinky_01.controller_server]: Controller frequency set to 20.0000Hz
[amcl-3] [INFO] [1786464701.196917134] [pinky_01.amcl]: Received a 800 X 615 map @ 0.006 m/pix
[controller_server-4] [INFO] [1786464701.197967120] [pinky_01.local_costmap.local_costmap]: Configuring
[controller_server-4] [INFO] [1786464701.220214443] [pinky_01.local_costmap.local_costmap]: Using plugin "voxel_layer"
[controller_server-4] [INFO] [1786464701.229986574] [pinky_01.local_costmap.local_costmap]: Subscribed to Topics: scan
[controller_server-4] [INFO] [1786464701.263372288] [pinky_01.local_costmap.local_costmap]: Initialized plugin "voxel_layer"
[controller_server-4] [INFO] [1786464701.263406515] [pinky_01.local_costmap.local_costmap]: Using plugin "inflation_layer"
[controller_server-4] [INFO] [1786464701.264895123] [pinky_01.local_costmap.local_costmap]: Initialized plugin "inflation_layer"
[controller_server-4] [INFO] [1786464701.301625499] [pinky_01.controller_server]: Created progress_checker : progress_checker of type nav2_controller::SimpleProgressChecker
[controller_server-4] [INFO] [1786464701.302711701] [pinky_01.controller_server]: Controller Server has progress_checker  progress checkers available.
[controller_server-4] [INFO] [1786464701.304158141] [pinky_01.controller_server]: Created goal checker : general_goal_checker of type nav2_controller::SimpleGoalChecker
[python3-12] [INFO] [1786464701.302622825] [project1_pinky_fleet_adapter]: Registering to query topic rmf_traffic/query_update_1
[controller_server-4] [INFO] [1786464701.306465524] [pinky_01.controller_server]: Controller Server has general_goal_checker  goal checkers available.
[controller_server-4] [INFO] [1786464701.308602536] [pinky_01.controller_server]: Created controller : FollowPath of type nav2_regulated_pure_pursuit_controller::RegulatedPurePursuitController
[controller_server-4] [INFO] [1786464701.322123517] [pinky_01.controller_server]: Controller Server has FollowPath  controllers available.
[lifecycle_manager-11] [INFO] [1786464701.341709701] [pinky_01.lifecycle_manager_navigation]: [34m[1mConfiguring smoother_server[0m[0m
[smoother_server-5] [INFO] [1786464701.342405370] [pinky_01.smoother_server]: Configuring smoother server
[smoother_server-5] [INFO] [1786464701.364594284] [pinky_01.smoother_server]: Created smoother : simple_smoother of type nav2_smoother::SimpleSmoother
[smoother_server-5] [INFO] [1786464701.365018445] [pinky_01.smoother_server]: Smoother Server has simple_smoother  smoothers available.
[python3-12] [INFO] [1786464701.379271401] [project1_pinky_fleet_adapter]: Mirror handling new sync of 1 queries from schedule node [17ce4dff-036b-4aaf-a6b0-eecd4b3f39c2]
[lifecycle_manager-11] [INFO] [1786464701.380966714] [pinky_01.lifecycle_manager_navigation]: [34m[1mConfiguring planner_server[0m[0m
[planner_server-6] [INFO] [1786464701.381324815] [pinky_01.planner_server]: Configuring
[planner_server-6] [INFO] [1786464701.381368677] [pinky_01.global_costmap.global_costmap]: Configuring
[planner_server-6] [INFO] [1786464701.401363213] [pinky_01.global_costmap.global_costmap]: Using plugin "static_layer"
[planner_server-6] [INFO] [1786464701.405650952] [pinky_01.global_costmap.global_costmap]: Subscribing to the map topic (/nav2_map) with transient local durability
[planner_server-6] [INFO] [1786464701.411423943] [pinky_01.global_costmap.global_costmap]: Initialized plugin "static_layer"
[planner_server-6] [INFO] [1786464701.411467757] [pinky_01.global_costmap.global_costmap]: Using plugin "obstacle_layer"
[planner_server-6] [INFO] [1786464701.412198412] [pinky_01.global_costmap.global_costmap]: Subscribed to Topics: scan
[python3-12] [WARN] [1786464701.420505894] [project1_pinky_fleet_adapter]: [FleetUpdateHandle::set_retreat_to_charger_interval] This parameter is no longer being used.
[python3-12] [INFO] [1786464701.420575973] [project1_pinky_fleet_adapter]: Fleet [project1_pinky] is configured to perform delivery tasks
[python3-12] [INFO] [1786464701.420598165] [project1_pinky_fleet_adapter]: Fleet [project1_pinky] is configured to perform patrol tasks
[python3-12] [INFO] [1786464701.420654826] [project1_pinky_fleet_adapter]: Finished configuring Easy Full Control adapter for fleet [project1_pinky]
[planner_server-6] [INFO] [1786464701.424493315] [pinky_01.global_costmap.global_costmap]: Initialized plugin "obstacle_layer"
[planner_server-6] [INFO] [1786464701.424538041] [pinky_01.global_costmap.global_costmap]: Using plugin "inflation_layer"
[planner_server-6] [INFO] [1786464701.427693242] [pinky_01.global_costmap.global_costmap]: Initialized plugin "inflation_layer"
[python3-12] [INFO] [1786464701.464335822] [project1_pinky_nav2_adapter]: project1_pinky 를 Nav2 에 이었습니다. 로봇 1대, 0.10초마다 알립니다.
[planner_server-6] [INFO] [1786464701.483279023] [pinky_01.global_costmap.global_costmap]: StaticLayer: Resizing costmap to 800 X 615 at 0.005994 m/pix
[planner_server-6] [INFO] [1786464701.484329799] [pinky_01.planner_server]: Created global planner plugin GridBased of type nav2_navfn_planner::NavfnPlanner
[planner_server-6] [INFO] [1786464701.484387722] [pinky_01.planner_server]: Configuring plugin GridBased of type NavfnPlanner
[planner_server-6] [INFO] [1786464701.485511973] [pinky_01.planner_server]: Planner Server has GridBased  planners available.
[lifecycle_manager-11] [INFO] [1786464701.512070153] [pinky_01.lifecycle_manager_navigation]: [34m[1mConfiguring behavior_server[0m[0m
[behavior_server-7] [INFO] [1786464701.512334767] [pinky_01.behavior_server]: Configuring
[behavior_server-7] [INFO] [1786464701.519832867] [pinky_01.behavior_server]: Creating behavior plugin spin of type nav2_behaviors::Spin
[behavior_server-7] [INFO] [1786464701.522130373] [pinky_01.behavior_server]: Creating behavior plugin backup of type nav2_behaviors::BackUp
[behavior_server-7] [INFO] [1786464701.523827324] [pinky_01.behavior_server]: Creating behavior plugin drive_on_heading of type nav2_behaviors::DriveOnHeading
[behavior_server-7] [INFO] [1786464701.525815903] [pinky_01.behavior_server]: Creating behavior plugin assisted_teleop of type nav2_behaviors::AssistedTeleop
[behavior_server-7] [INFO] [1786464701.528281575] [pinky_01.behavior_server]: Creating behavior plugin wait of type nav2_behaviors::Wait
[behavior_server-7] [INFO] [1786464701.539235870] [pinky_01.behavior_server]: Configuring spin
[behavior_server-7] [INFO] [1786464701.551207241] [pinky_01.behavior_server]: Configuring backup
[behavior_server-7] [INFO] [1786464701.561211139] [pinky_01.behavior_server]: Configuring drive_on_heading
[behavior_server-7] [INFO] [1786464701.570530370] [pinky_01.behavior_server]: Configuring assisted_teleop
[behavior_server-7] [INFO] [1786464701.586294817] [pinky_01.behavior_server]: Configuring wait
[lifecycle_manager-11] [INFO] [1786464701.598184346] [pinky_01.lifecycle_manager_navigation]: [34m[1mConfiguring bt_navigator[0m[0m
[bt_navigator-8] [INFO] [1786464701.598513410] [pinky_01.bt_navigator]: Configuring
[bt_navigator-8] [INFO] [1786464701.610594825] [pinky_01.bt_navigator]: Creating navigator id navigate_to_pose of type nav2_bt_navigator::NavigateToPoseNavigator
[bt_navigator-8] [INFO] [1786464701.722558504] [pinky_01.bt_navigator]: Creating navigator id navigate_through_poses of type nav2_bt_navigator::NavigateThroughPosesNavigator
[lifecycle_manager-11] [INFO] [1786464701.766943883] [pinky_01.lifecycle_manager_navigation]: [34m[1mConfiguring waypoint_follower[0m[0m
[waypoint_follower-9] [INFO] [1786464701.767517963] [pinky_01.waypoint_follower]: Configuring
[waypoint_follower-9] [INFO] [1786464701.810489715] [pinky_01.waypoint_follower]: Created waypoint_task_executor : wait_at_waypoint of type nav2_waypoint_follower::WaitAtWaypoint
[lifecycle_manager-11] [INFO] [1786464701.811569824] [pinky_01.lifecycle_manager_navigation]: [34m[1mConfiguring velocity_smoother[0m[0m
[velocity_smoother-10] [INFO] [1786464701.811904740] [pinky_01.velocity_smoother]: Configuring velocity smoother
[lifecycle_manager-11] [INFO] [1786464701.822661559] [pinky_01.lifecycle_manager_navigation]: [34m[1mActivating amcl[0m[0m
[amcl-3] [INFO] [1786464701.823851775] [pinky_01.amcl]: Activating
[amcl-3] [INFO] [1786464701.823901537] [pinky_01.amcl]: initialPoseReceived
[amcl-3] [INFO] [1786464701.823935449] [pinky_01.amcl]: Setting pose (13.790000): 0.000 -0.000 0.000
[amcl-3] [INFO] [1786464701.825310969] [pinky_01.amcl]: Creating bond (amcl) to lifecycle manager.
[amcl-3] [INFO] [1786464701.855982863] [pinky_01.amcl]: createLaserObject
[lifecycle_manager-11] [INFO] [1786464701.935993260] [pinky_01.lifecycle_manager_navigation]: Server amcl connected with bond.
[lifecycle_manager-11] [INFO] [1786464701.936047019] [pinky_01.lifecycle_manager_navigation]: [34m[1mActivating controller_server[0m[0m
[controller_server-4] [INFO] [1786464701.936512158] [pinky_01.controller_server]: Activating
[controller_server-4] [INFO] [1786464701.936552946] [pinky_01.local_costmap.local_costmap]: Activating
[controller_server-4] [INFO] [1786464701.936571017] [pinky_01.local_costmap.local_costmap]: Checking transform
[controller_server-4] [INFO] [1786464701.936704818] [pinky_01.local_costmap.local_costmap]: start
[controller_server-4] [INFO] [1786464702.138526093] [pinky_01.controller_server]: Activating controller: FollowPath of type regulated_pure_pursuit_controller::RegulatedPurePursuitController
[controller_server-4] [INFO] [1786464702.138586488] [pinky_01.controller_server]: Creating bond (controller_server) to lifecycle manager.
[lifecycle_manager-11] [INFO] [1786464702.248604324] [pinky_01.lifecycle_manager_navigation]: Server controller_server connected with bond.
[lifecycle_manager-11] [INFO] [1786464702.248649051] [pinky_01.lifecycle_manager_navigation]: [34m[1mActivating smoother_server[0m[0m
[smoother_server-5] [INFO] [1786464702.249114885] [pinky_01.smoother_server]: Activating
[smoother_server-5] [INFO] [1786464702.249165881] [pinky_01.smoother_server]: Creating bond (smoother_server) to lifecycle manager.
[lifecycle_manager-11] [INFO] [1786464702.357423930] [pinky_01.lifecycle_manager_navigation]: Server smoother_server connected with bond.
[lifecycle_manager-11] [INFO] [1786464702.357471601] [pinky_01.lifecycle_manager_navigation]: [34m[1mActivating planner_server[0m[0m
[planner_server-6] [INFO] [1786464702.357913683] [pinky_01.planner_server]: Activating
[planner_server-6] [INFO] [1786464702.357960843] [pinky_01.global_costmap.global_costmap]: Activating
[planner_server-6] [INFO] [1786464702.357971357] [pinky_01.global_costmap.global_costmap]: Checking transform
[planner_server-6] [INFO] [1786464702.358061515] [pinky_01.global_costmap.global_costmap]: Timed out waiting for transform from pinky_01/base_footprint to map to become available, tf error: Lookup would require extrapolation into the past.  Requested time 14.330000 but the earliest data is at time 14.800000, when looking up transform from frame [pinky_01/base_footprint] to frame [map]
[planner_server-6] [INFO] [1786464702.858262034] [pinky_01.global_costmap.global_costmap]: start
[gazebo-1] [1;31m[Err] [SimulationFeatures.cc:131] [0m[1;31mSome links in model 'pinky_01' have invalid poses. Resetting to last known poses.[0m[1;31m Also resetting velocities and accelerations to zero.[0m[1;31m[0m
[controller_server-4] [WARN] [1786464703.336855053] [nav2_costmap_2d]: Robot is out of bounds of the costmap
[planner_server-6] [WARN] [1786464703.859309976] [nav2_costmap_2d]: Robot is out of bounds of the costmap
[planner_server-6] [WARN] [1786464703.859369688] [pinky_01.global_costmap.global_costmap]: Sensor origin at (-17514555695902747804017819485090017942878289920.00, -11878870656337290223900441087836160.00) is out of map bounds (-1.24, -3.24) to (3.55, 0.44). The costmap cannot raytrace for it.
[planner_server-6] [INFO] [1786464703.910975803] [pinky_01.planner_server]: Activating plugin GridBased of type NavfnPlanner
[planner_server-6] [INFO] [1786464703.913873807] [pinky_01.planner_server]: Creating bond (planner_server) to lifecycle manager.
[lifecycle_manager-11] [INFO] [1786464704.023325139] [pinky_01.lifecycle_manager_navigation]: Server planner_server connected with bond.
[lifecycle_manager-11] [INFO] [1786464704.023403908] [pinky_01.lifecycle_manager_navigation]: [34m[1mActivating behavior_server[0m[0m
[behavior_server-7] [INFO] [1786464704.024030691] [pinky_01.behavior_server]: Activating
[behavior_server-7] [INFO] [1786464704.024072306] [pinky_01.behavior_server]: Activating spin
[behavior_server-7] [INFO] [1786464704.024084841] [pinky_01.behavior_server]: Activating backup
[behavior_server-7] [INFO] [1786464704.024094364] [pinky_01.behavior_server]: Activating drive_on_heading
[behavior_server-7] [INFO] [1786464704.024104005] [pinky_01.behavior_server]: Activating assisted_teleop
[behavior_server-7] [INFO] [1786464704.024112556] [pinky_01.behavior_server]: Activating wait
[behavior_server-7] [INFO] [1786464704.024126081] [pinky_01.behavior_server]: Creating bond (behavior_server) to lifecycle manager.
[lifecycle_manager-11] [INFO] [1786464704.132620619] [pinky_01.lifecycle_manager_navigation]: Server behavior_server connected with bond.
[lifecycle_manager-11] [INFO] [1786464704.132670582] [pinky_01.lifecycle_manager_navigation]: [34m[1mActivating bt_navigator[0m[0m
[bt_navigator-8] [INFO] [1786464704.133131663] [pinky_01.bt_navigator]: Activating
[bt_navigator-8] [INFO] [1786464704.274283076] [pinky_01.bt_navigator]: Creating bond (bt_navigator) to lifecycle manager.
[lifecycle_manager-11] [INFO] [1786464704.384248155] [pinky_01.lifecycle_manager_navigation]: Server bt_navigator connected with bond.
[lifecycle_manager-11] [INFO] [1786464704.384312215] [pinky_01.lifecycle_manager_navigation]: [34m[1mActivating waypoint_follower[0m[0m
[waypoint_follower-9] [INFO] [1786464704.384815715] [pinky_01.waypoint_follower]: Activating
[waypoint_follower-9] [INFO] [1786464704.384865514] [pinky_01.waypoint_follower]: Creating bond (waypoint_follower) to lifecycle manager.
[lifecycle_manager-11] [INFO] [1786464704.492850137] [pinky_01.lifecycle_manager_navigation]: Server waypoint_follower connected with bond.
[lifecycle_manager-11] [INFO] [1786464704.492892409] [pinky_01.lifecycle_manager_navigation]: [34m[1mActivating velocity_smoother[0m[0m
[velocity_smoother-10] [INFO] [1786464704.493461005] [pinky_01.velocity_smoother]: Activating
[velocity_smoother-10] [INFO] [1786464704.493554814] [pinky_01.velocity_smoother]: Creating bond (velocity_smoother) to lifecycle manager.
[lifecycle_manager-11] [INFO] [1786464704.604083427] [pinky_01.lifecycle_manager_navigation]: Server velocity_smoother connected with bond.
[lifecycle_manager-11] [INFO] [1786464704.604145077] [pinky_01.lifecycle_manager_navigation]: [34m[1mManaged nodes are active[0m[0m
[lifecycle_manager-11] [INFO] [1786464704.604159962] [pinky_01.lifecycle_manager_navigation]: [34m[1mCreating bond timer...[0m[0m
[planner_server-6] [WARN] [1786464704.859245259] [pinky_01.global_costmap.global_costmap]: Sensor origin at (-234412742697243966634355039021793372157247488.00, 116135326975800279661465740044654840295456768.00) is out of map bounds (-1.24, -3.24) to (3.55, 0.44). The costmap cannot raytrace for it.
[planner_server-6] [WARN] [1786464705.859236900] [pinky_01.global_costmap.global_costmap]: Sensor origin at (-234412742697243966634355039021793372157247488.00, 116135326975800279661465740044654840295456768.00) is out of map bounds (-1.24, -3.24) to (3.55, 0.44). The costmap cannot raytrace for it.
[planner_server-6] [WARN] [1786464706.859221220] [pinky_01.global_costmap.global_costmap]: Sensor origin at (-234412742697243966634355039021793372157247488.00, 116135326975800279661465740044654840295456768.00) is out of map bounds (-1.24, -3.24) to (3.55, 0.44). The costmap cannot raytrace for it.
[gazebo-1] [1;31m[Err] [SimulationFeatures.cc:131] [0m[1;31mSome links in model 'pinky_01' have invalid poses. Resetting to last known poses.[0m[1;31m Also resetting velocities and accelerations to zero.[0m[1;31m[0m
[python3-12] [INFO] [1786464707.360354476] [project1_pinky_fleet_adapter]: Adding robot [PK-01] to fleet [project1_pinky].
[python3-12] [ERROR] [1786464707.360494966] [project1_pinky_fleet_adapter]: Unable to compute a location on the navigation graph for robot [PK-01] being added to fleet [project1_pinky] using map [L1] and position [-234412742697243966634355039021793372157247488.000, 116135326975800279661465740044654840295456768.000, -3.056] specified in the initial_state argument. This can happen if the map in initial_state does not match any of the map names in the navigation graph supplied or if the position reported in the initial_state is far way from the navigation graph. This robot will not be added to the fleet.
[python3-12] [WARN] [1786464707.360837387] [project1_pinky_nav2_adapter]: [PK-01] 자리 (-234412742697243966634355039021793372157247488.00, 116135326975800279661465740044654840295456768.00) 가 nav graph 에서 멀어 RMF 가 받지 않습니다. AMCL 이 잡히면 다시 붙습니다.
[python3-12] [INFO] [1786464707.424983531] [project1_pinky_fleet_adapter]: Adding robot [PK-01] to fleet [project1_pinky].
[python3-12] [ERROR] [1786464707.425120853] [project1_pinky_fleet_adapter]: Unable to compute a location on the navigation graph for robot [PK-01] being added to fleet [project1_pinky] using map [L1] and position [-234412742697243966634355039021793372157247488.000, 116135326975800279661465740044654840295456768.000, -3.056] specified in the initial_state argument. This can happen if the map in initial_state does not match any of the map names in the navigation graph supplied or if the position reported in the initial_state is far way from the navigation graph. This robot will not be added to the fleet.
[python3-12] [INFO] [1786464707.524994377] [project1_pinky_fleet_adapter]: Adding robot [PK-01] to fleet [project1_pinky].
[python3-12] [ERROR] [1786464707.525144226] [project1_pinky_fleet_adapter]: Unable to compute a location on the navigation graph for robot [PK-01] being added to fleet [project1_pinky] using map [L1] and position [-234412742697243966634355039021793372157247488.000, 116135326975800279661465740044654840295456768.000, -3.056] specified in the initial_state argument. This can happen if the map in initial_state does not match any of the map names in the navigation graph supplied or if the position reported in the initial_state is far way from the navigation graph. This robot will not be added to the fleet.
[schedule_visualizer_node-4] [INFO] [1786464707.605590582] [schedule_data_node]: Requesting new schedule update because update timed out
[schedule_visualizer_node-4] [INFO] [1786464707.605631022] [schedule_data_node]: [rmf_traffic_ros2::MirrorManager::request_update] Requesting changes for query ID [1] since beginning of recorded history
[rmf_traffic_schedule-1] [INFO] [1786464707.608806961] [rmf_traffic_schedule_primary]: [ScheduleNode::update_mirrors] Sending remedial update starting from the beginning going to 2 for query 1
[python3-12] [INFO] [1786464707.624997004] [project1_pinky_fleet_adapter]: Adding robot [PK-01] to fleet [project1_pinky].
[python3-12] [ERROR] [1786464707.625120230] [project1_pinky_fleet_adapter]: Unable to compute a location on the navigation graph for robot [PK-01] being added to fleet [project1_pinky] using map [L1] and position [-234412742697243966634355039021793372157247488.000, 116135326975800279661465740044654840295456768.000, -3.056] specified in the initial_state argument. This can happen if the map in initial_state does not match any of the map names in the navigation graph supplied or if the position reported in the initial_state is far way from the navigation graph. This robot will not be added to the fleet.
[python3-12] [INFO] [1786464707.725683479] [project1_pinky_fleet_adapter]: Adding robot [PK-01] to fleet [project1_pinky].
[python3-12] [ERROR] [1786464707.725821670] [project1_pinky_fleet_adapter]: Unable to compute a location on the navigation graph for robot [PK-01] being added to fleet [project1_pinky] using map [L1] and position [-234412742697243966634355039021793372157247488.000, 116135326975800279661465740044654840295456768.000, -3.056] specified in the initial_state argument. This can happen if the map in initial_state does not match any of the map names in the navigation graph supplied or if the position reported in the initial_state is far way from the navigation graph. This robot will not be added to the fleet.
[python3-12] [INFO] [1786464707.825187850] [project1_pinky_fleet_adapter]: Adding robot [PK-01] to fleet [project1_pinky].
[python3-12] [ERROR] [1786464707.825372673] [project1_pinky_fleet_adapter]: Unable to compute a location on the navigation graph for robot [PK-01] being added to fleet [project1_pinky] using map [L1] and position [-234412742697243966634355039021793372157247488.000, 116135326975800279661465740044654840295456768.000, -3.056] specified in the initial_state argument. This can happen if the map in initial_state does not match any of the map names in the navigation graph supplied or if the position reported in the initial_state is far way from the navigation graph. This robot will not be added to the fleet.
[planner_server-6] [WARN] [1786464707.859283019] [pinky_01.global_costmap.global_costmap]: Sensor origin at (-234412742697243966634355039021793372157247488.00, 116135326975800279661465740044654840295456768.00) is out of map bounds (-1.24, -3.24) to (3.55, 0.44). The costmap cannot raytrace for it.
[python3-12] [INFO] [1786464707.924679220] [project1_pinky_fleet_adapter]: Adding robot [PK-01] to fleet [project1_pinky].
[python3-12] [ERROR] [1786464707.924818708] [project1_pinky_fleet_adapter]: Unable to compute a location on the navigation graph for robot [PK-01] being added to fleet [project1_pinky] using map [L1] and position [-234412742697243966634355039021793372157247488.000, 116135326975800279661465740044654840295456768.000, -3.056] specified in the initial_state argument. This can happen if the map in initial_state does not match any of the map names in the navigation graph supplied or if the position reported in the initial_state is far way from the navigation graph. This robot will not be added to the fleet.
[python3-12] [INFO] [1786464708.024978871] [project1_pinky_fleet_adapter]: Adding robot [PK-01] to fleet [project1_pinky].
[python3-12] [ERROR] [1786464708.025120145] [project1_pinky_fleet_adapter]: Unable to compute a location on the navigation graph for robot [PK-01] being added to fleet [project1_pinky] using map [L1] and position [-234412742697243966634355039021793372157247488.000, 116135326975800279661465740044654840295456768.000, -3.056] specified in the initial_state argument. This can happen if the map in initial_state does not match any of the map names in the navigation graph supplied or if the position reported in the initial_state is far way from the navigation graph. This robot will not be added to the fleet.
[python3-12] [INFO] [1786464708.124691681] [project1_pinky_fleet_adapter]: Adding robot [PK-01] to fleet [project1_pinky].
[python3-12] [ERROR] [1786464708.124847613] [project1_pinky_fleet_adapter]: Unable to compute a location on the navigation graph for robot [PK-01] being added to fleet [project1_pinky] using map [L1] and position [-234412742697243966634355039021793372157247488.000, 116135326975800279661465740044654840295456768.000, -3.056] specified in the initial_state argument. This can happen if the map in initial_state does not match any of the map names in the navigation graph supplied or if the position reported in the initial_state is far way from the navigation graph. This robot will not be added to the fleet.
[python3-12] [INFO] [1786464708.224817543] [project1_pinky_fleet_adapter]: Adding robot [PK-01] to fleet [project1_pinky].
[python3-12] [ERROR] [1786464708.224968543] [project1_pinky_fleet_adapter]: Unable to compute a location on the navigation graph for robot [PK-01] being added to fleet [project1_pinky] using map [L1] and position [-234412742697243966634355039021793372157247488.000, 116135326975800279661465740044654840295456768.000, -3.056] specified in the initial_state argument. This can happen if the map in initial_state does not match any of the map names in the navigation graph supplied or if the position reported in the initial_state is far way from the navigation graph. This robot will not be added to the fleet.
[python3-12] [INFO] [1786464708.325367761] [project1_pinky_fleet_adapter]: Adding robot [PK-01] to fleet [project1_pinky].
[python3-12] [ERROR] [1786464708.325516081] [project1_pinky_fleet_adapter]: Unable to compute a location on the navigation graph for robot [PK-01] being added to fleet [project1_pinky] using map [L1] and position [-234412742697243966634355039021793372157247488.000, 116135326975800279661465740044654840295456768.000, -3.056] specified in the initial_state argument. This can happen if the map in initial_state does not match any of the map names in the navigation graph supplied or if the position reported in the initial_state is far way from the navigation graph. This robot will not be added to the fleet.
[controller_server-4] [WARN] [1786464708.336864825] [nav2_costmap_2d]: Robot is out of bounds of the costmap
[python3-12] [INFO] [1786464708.425598100] [project1_pinky_fleet_adapter]: Adding robot [PK-01] to fleet [project1_pinky].
[python3-12] [ERROR] [1786464708.425747532] [project1_pinky_fleet_adapter]: Unable to compute a location on the navigation graph for robot [PK-01] being added to fleet [project1_pinky] using map [L1] and position [-234412742697243966634355039021793372157247488.000, 116135326975800279661465740044654840295456768.000, -3.056] specified in the initial_state argument. This can happen if the map in initial_state does not match any of the map names in the navigation graph supplied or if the position reported in the initial_state is far way from the navigation graph. This robot will not be added to the fleet.
[python3-12] [INFO] [1786464708.524804367] [project1_pinky_fleet_adapter]: Adding robot [PK-01] to fleet [project1_pinky].
[python3-12] [ERROR] [1786464708.524963429] [project1_pinky_fleet_adapter]: Unable to compute a location on the navigation graph for robot [PK-01] being added to fleet [project1_pinky] using map [L1] and position [-234412742697243966634355039021793372157247488.000, 116135326975800279661465740044654840295456768.000, -3.056] specified in the initial_state argument. This can happen if the map in initial_state does not match any of the map names in the navigation graph supplied or if the position reported in the initial_state is far way from the navigation graph. This robot will not be added to the fleet.
[python3-12] [INFO] [1786464708.624833246] [project1_pinky_fleet_adapter]: Adding robot [PK-01] to fleet [project1_pinky].
[python3-12] [ERROR] [1786464708.624980254] [project1_pinky_fleet_adapter]: Unable to compute a location on the navigation graph for robot [PK-01] being added to fleet [project1_pinky] using map [L1] and position [-234412742697243966634355039021793372157247488.000, 116135326975800279661465740044654840295456768.000, -3.056] specified in the initial_state argument. This can happen if the map in initial_state does not match any of the map names in the navigation graph supplied or if the position reported in the initial_state is far way from the navigation graph. This robot will not be added to the fleet.
[python3-12] [INFO] [1786464708.725142151] [project1_pinky_fleet_adapter]: Adding robot [PK-01] to fleet [project1_pinky].
[python3-12] [ERROR] [1786464708.725268830] [project1_pinky_fleet_adapter]: Unable to compute a location on the navigation graph for robot [PK-01] being added to fleet [project1_pinky] using map [L1] and position [-234412742697243966634355039021793372157247488.000, 116135326975800279661465740044654840295456768.000, -3.056] specified in the initial_state argument. This can happen if the map in initial_state does not match any of the map names in the navigation graph supplied or if the position reported in the initial_state is far way from the navigation graph. This robot will not be added to the fleet.
[python3-12] [INFO] [1786464708.824699835] [project1_pinky_fleet_adapter]: Adding robot [PK-01] to fleet [project1_pinky].
[python3-12] [ERROR] [1786464708.824911519] [project1_pinky_fleet_adapter]: Unable to compute a location on the navigation graph for robot [PK-01] being added to fleet [project1_pinky] using map [L1] and position [-234412742697243966634355039021793372157247488.000, 116135326975800279661465740044654840295456768.000, -3.056] specified in the initial_state argument. This can happen if the map in initial_state does not match any of the map names in the navigation graph supplied or if the position reported in the initial_state is far way from the navigation graph. This robot will not be added to the fleet.
[planner_server-6] [WARN] [1786464708.859247739] [pinky_01.global_costmap.global_costmap]: Sensor origin at (-234412742697243966634355039021793372157247488.00, 116135326975800279661465740044654840295456768.00) is out of map bounds (-1.24, -3.24) to (3.55, 0.44). The costmap cannot raytrace for it.
[python3-12] [INFO] [1786464708.929794162] [project1_pinky_fleet_adapter]: Adding robot [PK-01] to fleet [project1_pinky].
[python3-12] [ERROR] [1786464708.929939411] [project1_pinky_fleet_adapter]: Unable to compute a location on the navigation graph for robot [PK-01] being added to fleet [project1_pinky] using map [L1] and position [-234412742697243966634355039021793372157247488.000, 116135326975800279661465740044654840295456768.000, -3.056] specified in the initial_state argument. This can happen if the map in initial_state does not match any of the map names in the navigation graph supplied or if the position reported in the initial_state is far way from the navigation graph. This robot will not be added to the fleet.
[python3-12] [INFO] [1786464709.025931194] [project1_pinky_fleet_adapter]: Adding robot [PK-01] to fleet [project1_pinky].
[python3-12] [ERROR] [1786464709.026065928] [project1_pinky_fleet_adapter]: Unable to compute a location on the navigation graph for robot [PK-01] being added to fleet [project1_pinky] using map [L1] and position [-234412742697243966634355039021793372157247488.000, 116135326975800279661465740044654840295456768.000, -3.056] specified in the initial_state argument. This can happen if the map in initial_state does not match any of the map names in the navigation graph supplied or if the position reported in the initial_state is far way from the navigation graph. This robot will not be added to the fleet.
[python3-12] [INFO] [1786464709.130986975] [project1_pinky_fleet_adapter]: Adding robot [PK-01] to fleet [project1_pinky].
[python3-12] [ERROR] [1786464709.131110631] [project1_pinky_fleet_adapter]: Unable to compute a location on the navigation graph for robot [PK-01] being added to fleet [project1_pinky] using map [L1] and position [-234412742697243966634355039021793372157247488.000, 116135326975800279661465740044654840295456768.000, -3.056] specified in the initial_state argument. This can happen if the map in initial_state does not match any of the map names in the navigation graph supplied or if the position reported in the initial_state is far way from the navigation graph. This robot will not be added to the fleet.
[python3-12] [INFO] [1786464709.230194359] [project1_pinky_fleet_adapter]: Adding robot [PK-01] to fleet [project1_pinky].
[python3-12] [ERROR] [1786464709.230342864] [project1_pinky_fleet_adapter]: Unable to compute a location on the navigation graph for robot [PK-01] being added to fleet [project1_pinky] using map [L1] and position [-234412742697243966634355039021793372157247488.000, 116135326975800279661465740044654840295456768.000, -3.056] specified in the initial_state argument. This can happen if the map in initial_state does not match any of the map names in the navigation graph supplied or if the position reported in the initial_state is far way from the navigation graph. This robot will not be added to the fleet.
[python3-12] [INFO] [1786464709.330124996] [project1_pinky_fleet_adapter]: Adding robot [PK-01] to fleet [project1_pinky].
[python3-12] [ERROR] [1786464709.330276318] [project1_pinky_fleet_adapter]: Unable to compute a location on the navigation graph for robot [PK-01] being added to fleet [project1_pinky] using map [L1] and position [-234412742697243966634355039021793372157247488.000, 116135326975800279661465740044654840295456768.000, -3.056] specified in the initial_state argument. This can happen if the map in initial_state does not match any of the map names in the navigation graph supplied or if the position reported in the initial_state is far way from the navigation graph. This robot will not be added to the fleet.
[python3-12] [INFO] [1786464709.431005229] [project1_pinky_fleet_adapter]: Adding robot [PK-01] to fleet [project1_pinky].
[python3-12] [ERROR] [1786464709.431113801] [project1_pinky_fleet_adapter]: Unable to compute a location on the navigation graph for robot [PK-01] being added to fleet [project1_pinky] using map [L1] and position [-234412742697243966634355039021793372157247488.000, 116135326975800279661465740044654840295456768.000, -3.056] specified in the initial_state argument. This can happen if the map in initial_state does not match any of the map names in the navigation graph supplied or if the position reported in the initial_state is far way from the navigation graph. This robot will not be added to the fleet.
[python3-12] [INFO] [1786464709.531593248] [project1_pinky_fleet_adapter]: Adding robot [PK-01] to fleet [project1_pinky].
[python3-12] [ERROR] [1786464709.531735166] [project1_pinky_fleet_adapter]: Unable to compute a location on the navigation graph for robot [PK-01] being added to fleet [project1_pinky] using map [L1] and position [-234412742697243966634355039021793372157247488.000, 116135326975800279661465740044654840295456768.000, -3.056] specified in the initial_state argument. This can happen if the map in initial_state does not match any of the map names in the navigation graph supplied or if the position reported in the initial_state is far way from the navigation graph. This robot will not be added to the fleet.
[python3-12] [INFO] [1786464709.629160113] [project1_pinky_fleet_adapter]: Adding robot [PK-01] to fleet [project1_pinky].
[python3-12] [ERROR] [1786464709.629340347] [project1_pinky_fleet_adapter]: Unable to compute a location on the navigation graph for robot [PK-01] being added to fleet [project1_pinky] using map [L1] and position [-234412742697243966634355039021793372157247488.000, 116135326975800279661465740044654840295456768.000, -3.056] specified in the initial_state argument. This can happen if the map in initial_state does not match any of the map names in the navigation graph supplied or if the position reported in the initial_state is far way from the navigation graph. This robot will not be added to the fleet.
[python3-12] [INFO] [1786464709.729533179] [project1_pinky_fleet_adapter]: Adding robot [PK-01] to fleet [project1_pinky].
[python3-12] [ERROR] [1786464709.729682616] [project1_pinky_fleet_adapter]: Unable to compute a location on the navigation graph for robot [PK-01] being added to fleet [project1_pinky] using map [L1] and position [-234412742697243966634355039021793372157247488.000, 116135326975800279661465740044654840295456768.000, -3.056] specified in the initial_state argument. This can happen if the map in initial_state does not match any of the map names in the navigation graph supplied or if the position reported in the initial_state is far way from the navigation graph. This robot will not be added to the fleet.
[python3-12] [INFO] [1786464709.829261549] [project1_pinky_fleet_adapter]: Adding robot [PK-01] to fleet [project1_pinky].
[python3-12] [ERROR] [1786464709.829374202] [project1_pinky_fleet_adapter]: Unable to compute a location on the navigation graph for robot [PK-01] being added to fleet [project1_pinky] using map [L1] and position [-234412742697243966634355039021793372157247488.000, 116135326975800279661465740044654840295456768.000, -3.056] specified in the initial_state argument. This can happen if the map in initial_state does not match any of the map names in the navigation graph supplied or if the position reported in the initial_state is far way from the navigation graph. This robot will not be added to the fleet.
[planner_server-6] [WARN] [1786464709.859238511] [nav2_costmap_2d]: Robot is out of bounds of the costmap
[planner_server-6] [WARN] [1786464709.859266070] [pinky_01.global_costmap.global_costmap]: Sensor origin at (-234412742697243966634355039021793372157247488.00, 116135326975800279661465740044654840295456768.00) is out of map bounds (-1.24, -3.24) to (3.55, 0.44). The costmap cannot raytrace for it.
[python3-12] [INFO] [1786464709.925574598] [project1_pinky_fleet_adapter]: Adding robot [PK-01] to fleet [project1_pinky].
[python3-12] [ERROR] [1786464709.925691461] [project1_pinky_fleet_adapter]: Unable to compute a location on the navigation graph for robot [PK-01] being added to fleet [project1_pinky] using map [L1] and position [-234412742697243966634355039021793372157247488.000, 116135326975800279661465740044654840295456768.000, -3.056] specified in the initial_state argument. This can happen if the map in initial_state does not match any of the map names in the navigation graph supplied or if the position reported in the initial_state is far way from the navigation graph. This robot will not be added to the fleet.
[python3-12] [INFO] [1786464710.024808099] [project1_pinky_fleet_adapter]: Adding robot [PK-01] to fleet [project1_pinky].
[python3-12] [ERROR] [1786464710.024980631] [project1_pinky_fleet_adapter]: Unable to compute a location on the navigation graph for robot [PK-01] being added to fleet [project1_pinky] using map [L1] and position [-234412742697243966634355039021793372157247488.000, 116135326975800279661465740044654840295456768.000, -3.056] specified in the initial_state argument. This can happen if the map in initial_state does not match any of the map names in the navigation graph supplied or if the position reported in the initial_state is far way from the navigation graph. This robot will not be added to the fleet.
[python3-12] [INFO] [1786464710.125157792] [project1_pinky_fleet_adapter]: Adding robot [PK-01] to fleet [project1_pinky].
[python3-12] [ERROR] [1786464710.125293494] [project1_pinky_fleet_adapter]: Unable to compute a location on the navigation graph for robot [PK-01] being added to fleet [project1_pinky] using map [L1] and position [-234412742697243966634355039021793372157247488.000, 116135326975800279661465740044654840295456768.000, -3.056] specified in the initial_state argument. This can happen if the map in initial_state does not match any of the map names in the navigation graph supplied or if the position reported in the initial_state is far way from the navigation graph. This robot will not be added to the fleet.
[python3-12] [INFO] [1786464710.225315913] [project1_pinky_fleet_adapter]: Adding robot [PK-01] to fleet [project1_pinky].
[python3-12] [ERROR] [1786464710.225447099] [project1_pinky_fleet_adapter]: Unable to compute a location on the navigation graph for robot [PK-01] being added to fleet [project1_pinky] using map [L1] and position [-234412742697243966634355039021793372157247488.000, 116135326975800279661465740044654840295456768.000, -3.056] specified in the initial_state argument. This can happen if the map in initial_state does not match any of the map names in the navigation graph supplied or if the position reported in the initial_state is far way from the navigation graph. This robot will not be added to the fleet.
[python3-12] [INFO] [1786464710.324891979] [project1_pinky_fleet_adapter]: Adding robot [PK-01] to fleet [project1_pinky].
[python3-12] [ERROR] [1786464710.325040210] [project1_pinky_fleet_adapter]: Unable to compute a location on the navigation graph for robot [PK-01] being added to fleet [project1_pinky] using map [L1] and position [-234412742697243966634355039021793372157247488.000, 116135326975800279661465740044654840295456768.000, -3.056] specified in the initial_state argument. This can happen if the map in initial_state does not match any of the map names in the navigation graph supplied or if the position reported in the initial_state is far way from the navigation graph. This robot will not be added to the fleet.
[python3-12] [INFO] [1786464710.425188330] [project1_pinky_fleet_adapter]: Adding robot [PK-01] to fleet [project1_pinky].
[python3-12] [ERROR] [1786464710.425328731] [project1_pinky_fleet_adapter]: Unable to compute a location on the navigation graph for robot [PK-01] being added to fleet [project1_pinky] using map [L1] and position [-234412742697243966634355039021793372157247488.000, 116135326975800279661465740044654840295456768.000, -3.056] specified in the initial_state argument. This can happen if the map in initial_state does not match any of the map names in the navigation graph supplied or if the position reported in the initial_state is far way from the navigation graph. This robot will not be added to the fleet.
[python3-12] [INFO] [1786464710.524786218] [project1_pinky_fleet_adapter]: Adding robot [PK-01] to fleet [project1_pinky].
[python3-12] [ERROR] [1786464710.524953397] [project1_pinky_fleet_adapter]: Unable to compute a location on the navigation graph for robot [PK-01] being added to fleet [project1_pinky] using map [L1] and position [-234412742697243966634355039021793372157247488.000, 116135326975800279661465740044654840295456768.000, -3.056] specified in the initial_state argument. This can happen if the map in initial_state does not match any of the map names in the navigation graph supplied or if the position reported in the initial_state is far way from the navigation graph. This robot will not be added to the fleet.
[gazebo-1] [1;31m[Err] [SimulationFeatures.cc:131] [0m[1;31mSome links in model 'pinky_01' have invalid poses. Resetting to last known poses.[0m[1;31m Also resetting velocities and accelerations to zero.[0m[1;31m[0m
[python3-12] [INFO] [1786464710.624936972] [project1_pinky_fleet_adapter]: Adding robot [PK-01] to fleet [project1_pinky].
[python3-12] [ERROR] [1786464710.625061802] [project1_pinky_fleet_adapter]: Unable to compute a location on the navigation graph for robot [PK-01] being added to fleet [project1_pinky] using map [L1] and position [-234412742697243966634355039021793372157247488.000, 116135326975800279661465740044654840295456768.000, -3.056] specified in the initial_state argument. This can happen if the map in initial_state does not match any of the map names in the navigation graph supplied or if the position reported in the initial_state is far way from the navigation graph. This robot will not be added to the fleet.
[python3-12] [INFO] [1786464710.725024555] [project1_pinky_fleet_adapter]: Adding robot [PK-01] to fleet [project1_pinky].
[python3-12] [ERROR] [1786464710.725197896] [project1_pinky_fleet_adapter]: Unable to compute a location on the navigation graph for robot [PK-01] being added to fleet [project1_pinky] using map [L1] and position [-234412742697243966634355039021793372157247488.000, 116135326975800279661465740044654840295456768.000, -3.056] specified in the initial_state argument. This can happen if the map in initial_state does not match any of the map names in the navigation graph supplied or if the position reported in the initial_state is far way from the navigation graph. This robot will not be added to the fleet.
[python3-12] [INFO] [1786464710.825122430] [project1_pinky_fleet_adapter]: Adding robot [PK-01] to fleet [project1_pinky].
[python3-12] [ERROR] [1786464710.825313533] [project1_pinky_fleet_adapter]: Unable to compute a location on the navigation graph for robot [PK-01] being added to fleet [project1_pinky] using map [L1] and position [-234412742697243966634355039021793372157247488.000, 116135326975800279661465740044654840295456768.000, -3.056] specified in the initial_state argument. This can happen if the map in initial_state does not match any of the map names in the navigation graph supplied or if the position reported in the initial_state is far way from the navigation graph. This robot will not be added to the fleet.
[planner_server-6] [WARN] [1786464710.859234835] [pinky_01.global_costmap.global_costmap]: Sensor origin at (-234412742697243966634355039021793372157247488.00, 116135326975800279661465740044654840295456768.00) is out of map bounds (-1.24, -3.24) to (3.55, 0.44). The costmap cannot raytrace for it.
[python3-12] [INFO] [1786464710.925068843] [project1_pinky_fleet_adapter]: Adding robot [PK-01] to fleet [project1_pinky].
[python3-12] [ERROR] [1786464710.925213595] [project1_pinky_fleet_adapter]: Unable to compute a location on the navigation graph for robot [PK-01] being added to fleet [project1_pinky] using map [L1] and position [-234412742697243966634355039021793372157247488.000, 116135326975800279661465740044654840295456768.000, -3.056] specified in the initial_state argument. This can happen if the map in initial_state does not match any of the map names in the navigation graph supplied or if the position reported in the initial_state is far way from the navigation graph. This robot will not be added to the fleet.
[python3-12] [INFO] [1786464711.024832258] [project1_pinky_fleet_adapter]: Adding robot [PK-01] to fleet [project1_pinky].
[python3-12] [ERROR] [1786464711.024989539] [project1_pinky_fleet_adapter]: Unable to compute a location on the navigation graph for robot [PK-01] being added to fleet [project1_pinky] using map [L1] and position [-234412742697243966634355039021793372157247488.000, 116135326975800279661465740044654840295456768.000, -3.056] specified in the initial_state argument. This can happen if the map in initial_state does not match any of the map names in the navigation graph supplied or if the position reported in the initial_state is far way from the navigation graph. This robot will not be added to the fleet.
[python3-12] [INFO] [1786464711.124879965] [project1_pinky_fleet_adapter]: Adding robot [PK-01] to fleet [project1_pinky].
[python3-12] [ERROR] [1786464711.125052140] [project1_pinky_fleet_adapter]: Unable to compute a location on the navigation graph for robot [PK-01] being added to fleet [project1_pinky] using map [L1] and position [-234412742697243966634355039021793372157247488.000, 116135326975800279661465740044654840295456768.000, -3.056] specified in the initial_state argument. This can happen if the map in initial_state does not match any of the map names in the navigation graph supplied or if the position reported in the initial_state is far way from the navigation graph. This robot will not be added to the fleet.
[python3-12] [INFO] [1786464711.224764624] [project1_pinky_fleet_adapter]: Adding robot [PK-01] to fleet [project1_pinky].
[python3-12] [ERROR] [1786464711.224869303] [project1_pinky_fleet_adapter]: Unable to compute a location on the navigation graph for robot [PK-01] being added to fleet [project1_pinky] using map [L1] and position [-234412742697243966634355039021793372157247488.000, 116135326975800279661465740044654840295456768.000, -3.056] specified in the initial_state argument. This can happen if the map in initial_state does not match any of the map names in the navigation graph supplied or if the position reported in the initial_state is far way from the navigation graph. This robot will not be added to the fleet.
[python3-12] [INFO] [1786464711.324836400] [project1_pinky_fleet_adapter]: Adding robot [PK-01] to fleet [project1_pinky].
[python3-12] [ERROR] [1786464711.324993015] [project1_pinky_fleet_adapter]: Unable to compute a location on the navigation graph for robot [PK-01] being added to fleet [project1_pinky] using map [L1] and position [-234412742697243966634355039021793372157247488.000, 116135326975800279661465740044654840295456768.000, -3.056] specified in the initial_state argument. This can happen if the map in initial_state does not match any of the map names in the navigation graph supplied or if the position reported in the initial_state is far way from the navigation graph. This robot will not be added to the fleet.
[python3-12] [INFO] [1786464711.425106804] [project1_pinky_fleet_adapter]: Adding robot [PK-01] to fleet [project1_pinky].
[python3-12] [ERROR] [1786464711.425237887] [project1_pinky_fleet_adapter]: Unable to compute a location on the navigation graph for robot [PK-01] being added to fleet [project1_pinky] using map [L1] and position [-234412742697243966634355039021793372157247488.000, 116135326975800279661465740044654840295456768.000, -3.056] specified in the initial_state argument. This can happen if the map in initial_state does not match any of the map names in the navigation graph supplied or if the position reported in the initial_state is far way from the navigation graph. This robot will not be added to the fleet.
[python3-12] [INFO] [1786464711.524859349] [project1_pinky_fleet_adapter]: Adding robot [PK-01] to fleet [project1_pinky].
[python3-12] [ERROR] [1786464711.525021126] [project1_pinky_fleet_adapter]: Unable to compute a location on the navigation graph for robot [PK-01] being added to fleet [project1_pinky] using map [L1] and position [-234412742697243966634355039021793372157247488.000, 116135326975800279661465740044654840295456768.000, -3.056] specified in the initial_state argument. This can happen if the map in initial_state does not match any of the map names in the navigation graph supplied or if the position reported in the initial_state is far way from the navigation graph. This robot will not be added to the fleet.
[python3-12] [INFO] [1786464711.625743840] [project1_pinky_fleet_adapter]: Adding robot [PK-01] to fleet [project1_pinky].
[python3-12] [ERROR] [1786464711.625884798] [project1_pinky_fleet_adapter]: Unable to compute a location on the navigation graph for robot [PK-01] being added to fleet [project1_pinky] using map [L1] and position [-234412742697243966634355039021793372157247488.000, 116135326975800279661465740044654840295456768.000, -3.056] specified in the initial_state argument. This can happen if the map in initial_state does not match any of the map names in the navigation graph supplied or if the position reported in the initial_state is far way from the navigation graph. This robot will not be added to the fleet.
[python3-12] [INFO] [1786464711.724733898] [project1_pinky_fleet_adapter]: Adding robot [PK-01] to fleet [project1_pinky].
[python3-12] [ERROR] [1786464711.724879343] [project1_pinky_fleet_adapter]: Unable to compute a location on the navigation graph for robot [PK-01] being added to fleet [project1_pinky] using map [L1] and position [-234412742697243966634355039021793372157247488.000, 116135326975800279661465740044654840295456768.000, -3.056] specified in the initial_state argument. This can happen if the map in initial_state does not match any of the map names in the navigation graph supplied or if the position reported in the initial_state is far way from the navigation graph. This robot will not be added to the fleet.
[python3-12] [INFO] [1786464711.824789279] [project1_pinky_fleet_adapter]: Adding robot [PK-01] to fleet [project1_pinky].
[python3-12] [ERROR] [1786464711.824938788] [project1_pinky_fleet_adapter]: Unable to compute a location on the navigation graph for robot [PK-01] being added to fleet [project1_pinky] using map [L1] and position [-234412742697243966634355039021793372157247488.000, 116135326975800279661465740044654840295456768.000, -3.056] specified in the initial_state argument. This can happen if the map in initial_state does not match any of the map names in the navigation graph supplied or if the position reported in the initial_state is far way from the navigation graph. This robot will not be added to the fleet.
[planner_server-6] [WARN] [1786464711.859252995] [pinky_01.global_costmap.global_costmap]: Sensor origin at (-234412742697243966634355039021793372157247488.00, 116135326975800279661465740044654840295456768.00) is out of map bounds (-1.24, -3.24) to (3.55, 0.44). The costmap cannot raytrace for it.
[python3-12] [INFO] [1786464711.924864234] [project1_pinky_fleet_adapter]: Adding robot [PK-01] to fleet [project1_pinky].
[python3-12] [ERROR] [1786464711.925027754] [project1_pinky_fleet_adapter]: Unable to compute a location on the navigation graph for robot [PK-01] being added to fleet [project1_pinky] using map [L1] and position [-234412742697243966634355039021793372157247488.000, 116135326975800279661465740044654840295456768.000, -3.056] specified in the initial_state argument. This can happen if the map in initial_state does not match any of the map names in the navigation graph supplied or if the position reported in the initial_state is far way from the navigation graph. This robot will not be added to the fleet.
[python3-12] [INFO] [1786464712.025050727] [project1_pinky_fleet_adapter]: Adding robot [PK-01] to fleet [project1_pinky].
[python3-12] [ERROR] [1786464712.025251127] [project1_pinky_fleet_adapter]: Unable to compute a location on the navigation graph for robot [PK-01] being added to fleet [project1_pinky] using map [L1] and position [-234412742697243966634355039021793372157247488.000, 116135326975800279661465740044654840295456768.000, -3.056] specified in the initial_state argument. This can happen if the map in initial_state does not match any of the map names in the navigation graph supplied or if the position reported in the initial_state is far way from the navigation graph. This robot will not be added to the fleet.
[python3-12] [INFO] [1786464712.124956208] [project1_pinky_fleet_adapter]: Adding robot [PK-01] to fleet [project1_pinky].
[python3-12] [ERROR] [1786464712.125121822] [project1_pinky_fleet_adapter]: Unable to compute a location on the navigation graph for robot [PK-01] being added to fleet [project1_pinky] using map [L1] and position [-234412742697243966634355039021793372157247488.000, 116135326975800279661465740044654840295456768.000, -3.056] specified in the initial_state argument. This can happen if the map in initial_state does not match any of the map names in the navigation graph supplied or if the position reported in the initial_state is far way from the navigation graph. This robot will not be added to the fleet.
[python3-12] [INFO] [1786464712.231784124] [project1_pinky_fleet_adapter]: Adding robot [PK-01] to fleet [project1_pinky].
[python3-12] [ERROR] [1786464712.231889134] [project1_pinky_fleet_adapter]: Unable to compute a location on the navigation graph for robot [PK-01] being added to fleet [project1_pinky] using map [L1] and position [-234412742697243966634355039021793372157247488.000, 116135326975800279661465740044654840295456768.000, -3.056] specified in the initial_state argument. This can happen if the map in initial_state does not match any of the map names in the navigation graph supplied or if the position reported in the initial_state is far way from the navigation graph. This robot will not be added to the fleet.
[python3-12] [INFO] [1786464712.330532348] [project1_pinky_fleet_adapter]: Adding robot [PK-01] to fleet [project1_pinky].
[python3-12] [ERROR] [1786464712.330687987] [project1_pinky_fleet_adapter]: Unable to compute a location on the navigation graph for robot [PK-01] being added to fleet [project1_pinky] using map [L1] and position [-234412742697243966634355039021793372157247488.000, 116135326975800279661465740044654840295456768.000, -3.056] specified in the initial_state argument. This can happen if the map in initial_state does not match any of the map names in the navigation graph supplied or if the position reported in the initial_state is far way from the navigation graph. This robot will not be added to the fleet.
[python3-12] [INFO] [1786464712.426197534] [project1_pinky_fleet_adapter]: Adding robot [PK-01] to fleet [project1_pinky].
[python3-12] [ERROR] [1786464712.426356822] [project1_pinky_fleet_adapter]: Unable to compute a location on the navigation graph for robot [PK-01] being added to fleet [project1_pinky] using map [L1] and position [-234412742697243966634355039021793372157247488.000, 116135326975800279661465740044654840295456768.000, -3.056] specified in the initial_state argument. This can happen if the map in initial_state does not match any of the map names in the navigation graph supplied or if the position reported in the initial_state is far way from the navigation graph. This robot will not be added to the fleet.
[python3-12] [INFO] [1786464712.528628681] [project1_pinky_fleet_adapter]: Adding robot [PK-01] to fleet [project1_pinky].
[python3-12] [ERROR] [1786464712.528779992] [project1_pinky_fleet_adapter]: Unable to compute a location on the navigation graph for robot [PK-01] being added to fleet [project1_pinky] using map [L1] and position [-234412742697243966634355039021793372157247488.000, 116135326975800279661465740044654840295456768.000, -3.056] specified in the initial_state argument. This can happen if the map in initial_state does not match any of the map names in the navigation graph supplied or if the position reported in the initial_state is far way from the navigation graph. This robot will not be added to the fleet.
[python3-12] [INFO] [1786464712.630035473] [project1_pinky_fleet_adapter]: Adding robot [PK-01] to fleet [project1_pinky].
[python3-12] [ERROR] [1786464712.630207219] [project1_pinky_fleet_adapter]: Unable to compute a location on the navigation graph for robot [PK-01] being added to fleet [project1_pinky] using map [L1] and position [-234412742697243966634355039021793372157247488.000, 116135326975800279661465740044654840295456768.000, -3.056] specified in the initial_state argument. This can happen if the map in initial_state does not match any of the map names in the navigation graph supplied or if the position reported in the initial_state is far way from the navigation graph. This robot will not be added to the fleet.
[python3-12] [INFO] [1786464712.730355472] [project1_pinky_fleet_adapter]: Adding robot [PK-01] to fleet [project1_pinky].
[python3-12] [ERROR] [1786464712.730544937] [project1_pinky_fleet_adapter]: Unable to compute a location on the navigation graph for robot [PK-01] being added to fleet [project1_pinky] using map [L1] and position [-234412742697243966634355039021793372157247488.000, 116135326975800279661465740044654840295456768.000, -3.056] specified in the initial_state argument. This can happen if the map in initial_state does not match any of the map names in the navigation graph supplied or if the position reported in the initial_state is far way from the navigation graph. This robot will not be added to the fleet.
[python3-12] [INFO] [1786464712.830513256] [project1_pinky_fleet_adapter]: Adding robot [PK-01] to fleet [project1_pinky].
[python3-12] [ERROR] [1786464712.830686533] [project1_pinky_fleet_adapter]: Unable to compute a location on the navigation graph for robot [PK-01] being added to fleet [project1_pinky] using map [L1] and position [-234412742697243966634355039021793372157247488.000, 116135326975800279661465740044654840295456768.000, -3.056] specified in the initial_state argument. This can happen if the map in initial_state does not match any of the map names in the navigation graph supplied or if the position reported in the initial_state is far way from the navigation graph. This robot will not be added to the fleet.
[planner_server-6] [WARN] [1786464712.859236848] [pinky_01.global_costmap.global_costmap]: Sensor origin at (-234412742697243966634355039021793372157247488.00, 116135326975800279661465740044654840295456768.00) is out of map bounds (-1.24, -3.24) to (3.55, 0.44). The costmap cannot raytrace for it.
[python3-12] [INFO] [1786464712.929629940] [project1_pinky_fleet_adapter]: Adding robot [PK-01] to fleet [project1_pinky].
[python3-12] [ERROR] [1786464712.929861309] [project1_pinky_fleet_adapter]: Unable to compute a location on the navigation graph for robot [PK-01] being added to fleet [project1_pinky] using map [L1] and position [-234412742697243966634355039021793372157247488.000, 116135326975800279661465740044654840295456768.000, -3.056] specified in the initial_state argument. This can happen if the map in initial_state does not match any of the map names in the navigation graph supplied or if the position reported in the initial_state is far way from the navigation graph. This robot will not be added to the fleet.
[python3-12] [INFO] [1786464713.028539272] [project1_pinky_fleet_adapter]: Adding robot [PK-01] to fleet [project1_pinky].
[python3-12] [ERROR] [1786464713.028738966] [project1_pinky_fleet_adapter]: Unable to compute a location on the navigation graph for robot [PK-01] being added to fleet [project1_pinky] using map [L1] and position [-234412742697243966634355039021793372157247488.000, 116135326975800279661465740044654840295456768.000, -3.056] specified in the initial_state argument. This can happen if the map in initial_state does not match any of the map names in the navigation graph supplied or if the position reported in the initial_state is far way from the navigation graph. This robot will not be added to the fleet.
[python3-12] [INFO] [1786464713.130632581] [project1_pinky_fleet_adapter]: Adding robot [PK-01] to fleet [project1_pinky].
[python3-12] [ERROR] [1786464713.130802309] [project1_pinky_fleet_adapter]: Unable to compute a location on the navigation graph for robot [PK-01] being added to fleet [project1_pinky] using map [L1] and position [-234412742697243966634355039021793372157247488.000, 116135326975800279661465740044654840295456768.000, -3.056] specified in the initial_state argument. This can happen if the map in initial_state does not match any of the map names in the navigation graph supplied or if the position reported in the initial_state is far way from the navigation graph. This robot will not be added to the fleet.
[python3-12] [INFO] [1786464713.225377802] [project1_pinky_fleet_adapter]: Adding robot [PK-01] to fleet [project1_pinky].
[python3-12] [ERROR] [1786464713.225562882] [project1_pinky_fleet_adapter]: Unable to compute a location on the navigation graph for robot [PK-01] being added to fleet [project1_pinky] using map [L1] and position [-234412742697243966634355039021793372157247488.000, 116135326975800279661465740044654840295456768.000, -3.056] specified in the initial_state argument. This can happen if the map in initial_state does not match any of the map names in the navigation graph supplied or if the position reported in the initial_state is far way from the navigation graph. This robot will not be added to the fleet.
[python3-12] [INFO] [1786464713.325851669] [project1_pinky_fleet_adapter]: Adding robot [PK-01] to fleet [project1_pinky].
[python3-12] [ERROR] [1786464713.326015635] [project1_pinky_fleet_adapter]: Unable to compute a location on the navigation graph for robot [PK-01] being added to fleet [project1_pinky] using map [L1] and position [-234412742697243966634355039021793372157247488.000, 116135326975800279661465740044654840295456768.000, -3.056] specified in the initial_state argument. This can happen if the map in initial_state does not match any of the map names in the navigation graph supplied or if the position reported in the initial_state is far way from the navigation graph. This robot will not be added to the fleet.
[controller_server-4] [WARN] [1786464713.336888420] [nav2_costmap_2d]: Robot is out of bounds of the costmap
[python3-12] [INFO] [1786464713.425577467] [project1_pinky_fleet_adapter]: Adding robot [PK-01] to fleet [project1_pinky].
[python3-12] [ERROR] [1786464713.425756793] [project1_pinky_fleet_adapter]: Unable to compute a location on the navigation graph for robot [PK-01] being added to fleet [project1_pinky] using map [L1] and position [-234412742697243966634355039021793372157247488.000, 116135326975800279661465740044654840295456768.000, -3.056] specified in the initial_state argument. This can happen if the map in initial_state does not match any of the map names in the navigation graph supplied or if the position reported in the initial_state is far way from the navigation graph. This robot will not be added to the fleet.
[python3-12] [INFO] [1786464713.526206306] [project1_pinky_fleet_adapter]: Adding robot [PK-01] to fleet [project1_pinky].
[python3-12] [ERROR] [1786464713.526345584] [project1_pinky_fleet_adapter]: Unable to compute a location on the navigation graph for robot [PK-01] being added to fleet [project1_pinky] using map [L1] and position [-234412742697243966634355039021793372157247488.000, 116135326975800279661465740044654840295456768.000, -3.056] specified in the initial_state argument. This can happen if the map in initial_state does not match any of the map names in the navigation graph supplied or if the position reported in the initial_state is far way from the navigation graph. This robot will not be added to the fleet.
[python3-12] [INFO] [1786464713.625290489] [project1_pinky_fleet_adapter]: Adding robot [PK-01] to fleet [project1_pinky].
[python3-12] [ERROR] [1786464713.625444946] [project1_pinky_fleet_adapter]: Unable to compute a location on the navigation graph for robot [PK-01] being added to fleet [project1_pinky] using map [L1] and position [-234412742697243966634355039021793372157247488.000, 116135326975800279661465740044654840295456768.000, -3.056] specified in the initial_state argument. This can happen if the map in initial_state does not match any of the map names in the navigation graph supplied or if the position reported in the initial_state is far way from the navigation graph. This robot will not be added to the fleet.
[python3-12] [INFO] [1786464713.725377010] [project1_pinky_fleet_adapter]: Adding robot [PK-01] to fleet [project1_pinky].
[python3-12] [ERROR] [1786464713.725517430] [project1_pinky_fleet_adapter]: Unable to compute a location on the navigation graph for robot [PK-01] being added to fleet [project1_pinky] using map [L1] and position [-234412742697243966634355039021793372157247488.000, 116135326975800279661465740044654840295456768.000, -3.056] specified in the initial_state argument. This can happen if the map in initial_state does not match any of the map names in the navigation graph supplied or if the position reported in the initial_state is far way from the navigation graph. This robot will not be added to the fleet.
[python3-12] [INFO] [1786464713.824800405] [project1_pinky_fleet_adapter]: Adding robot [PK-01] to fleet [project1_pinky].
[python3-12] [ERROR] [1786464713.824914549] [project1_pinky_fleet_adapter]: Unable to compute a location on the navigation graph for robot [PK-01] being added to fleet [project1_pinky] using map [L1] and position [-234412742697243966634355039021793372157247488.000, 116135326975800279661465740044654840295456768.000, -3.056] specified in the initial_state argument. This can happen if the map in initial_state does not match any of the map names in the navigation graph supplied or if the position reported in the initial_state is far way from the navigation graph. This robot will not be added to the fleet.
[planner_server-6] [WARN] [1786464713.859226268] [pinky_01.global_costmap.global_costmap]: Sensor origin at (-234412742697243966634355039021793372157247488.00, 116135326975800279661465740044654840295456768.00) is out of map bounds (-1.24, -3.24) to (3.55, 0.44). The costmap cannot raytrace for it.
[python3-12] [INFO] [1786464713.925427413] [project1_pinky_fleet_adapter]: Adding robot [PK-01] to fleet [project1_pinky].
[python3-12] [ERROR] [1786464713.925583191] [project1_pinky_fleet_adapter]: Unable to compute a location on the navigation graph for robot [PK-01] being added to fleet [project1_pinky] using map [L1] and position [-234412742697243966634355039021793372157247488.000, 116135326975800279661465740044654840295456768.000, -3.056] specified in the initial_state argument. This can happen if the map in initial_state does not match any of the map names in the navigation graph supplied or if the position reported in the initial_state is far way from the navigation graph. This robot will not be added to the fleet.
[python3-12] [INFO] [1786464714.024966707] [project1_pinky_fleet_adapter]: Adding robot [PK-01] to fleet [project1_pinky].
[python3-12] [ERROR] [1786464714.025109176] [project1_pinky_fleet_adapter]: Unable to compute a location on the navigation graph for robot [PK-01] being added to fleet [project1_pinky] using map [L1] and position [-234412742697243966634355039021793372157247488.000, 116135326975800279661465740044654840295456768.000, -3.056] specified in the initial_state argument. This can happen if the map in initial_state does not match any of the map names in the navigation graph supplied or if the position reported in the initial_state is far way from the navigation graph. This robot will not be added to the fleet.
[python3-12] [INFO] [1786464714.125255824] [project1_pinky_fleet_adapter]: Adding robot [PK-01] to fleet [project1_pinky].
[python3-12] [ERROR] [1786464714.125450720] [project1_pinky_fleet_adapter]: Unable to compute a location on the navigation graph for robot [PK-01] being added to fleet [project1_pinky] using map [L1] and position [-234412742697243966634355039021793372157247488.000, 116135326975800279661465740044654840295456768.000, -3.056] specified in the initial_state argument. This can happen if the map in initial_state does not match any of the map names in the navigation graph supplied or if the position reported in the initial_state is far way from the navigation graph. This robot will not be added to the fleet.
[python3-12] [INFO] [1786464714.224836483] [project1_pinky_fleet_adapter]: Adding robot [PK-01] to fleet [project1_pinky].
[python3-12] [ERROR] [1786464714.224969077] [project1_pinky_fleet_adapter]: Unable to compute a location on the navigation graph for robot [PK-01] being added to fleet [project1_pinky] using map [L1] and position [-234412742697243966634355039021793372157247488.000, 116135326975800279661465740044654840295456768.000, -3.056] specified in the initial_state argument. This can happen if the map in initial_state does not match any of the map names in the navigation graph supplied or if the position reported in the initial_state is far way from the navigation graph. This robot will not be added to the fleet.
[gazebo-1] [1;31m[Err] [SimulationFeatures.cc:131] [0m[1;31mSome links in model 'pinky_01' have invalid poses. Resetting to last known poses.[0m[1;31m Also resetting velocities and accelerations to zero.[0m[1;31m[0m
[python3-12] [INFO] [1786464714.324968297] [project1_pinky_fleet_adapter]: Adding robot [PK-01] to fleet [project1_pinky].
[python3-12] [ERROR] [1786464714.325117084] [project1_pinky_fleet_adapter]: Unable to compute a location on the navigation graph for robot [PK-01] being added to fleet [project1_pinky] using map [L1] and position [-234412742697243966634355039021793372157247488.000, 116135326975800279661465740044654840295456768.000, -3.056] specified in the initial_state argument. This can happen if the map in initial_state does not match any of the map names in the navigation graph supplied or if the position reported in the initial_state is far way from the navigation graph. This robot will not be added to the fleet.
[python3-12] [INFO] [1786464714.424834390] [project1_pinky_fleet_adapter]: Adding robot [PK-01] to fleet [project1_pinky].
[python3-12] [ERROR] [1786464714.424991651] [project1_pinky_fleet_adapter]: Unable to compute a location on the navigation graph for robot [PK-01] being added to fleet [project1_pinky] using map [L1] and position [-234412742697243966634355039021793372157247488.000, 116135326975800279661465740044654840295456768.000, -3.056] specified in the initial_state argument. This can happen if the map in initial_state does not match any of the map names in the navigation graph supplied or if the position reported in the initial_state is far way from the navigation graph. This robot will not be added to the fleet.
[python3-12] [INFO] [1786464714.524756821] [project1_pinky_fleet_adapter]: Adding robot [PK-01] to fleet [project1_pinky].
[python3-12] [ERROR] [1786464714.524890518] [project1_pinky_fleet_adapter]: Unable to compute a location on the navigation graph for robot [PK-01] being added to fleet [project1_pinky] using map [L1] and position [-234412742697243966634355039021793372157247488.000, 116135326975800279661465740044654840295456768.000, -3.056] specified in the initial_state argument. This can happen if the map in initial_state does not match any of the map names in the navigation graph supplied or if the position reported in the initial_state is far way from the navigation graph. This robot will not be added to the fleet.
[python3-12] [INFO] [1786464714.624896580] [project1_pinky_fleet_adapter]: Adding robot [PK-01] to fleet [project1_pinky].
[python3-12] [ERROR] [1786464714.625061391] [project1_pinky_fleet_adapter]: Unable to compute a location on the navigation graph for robot [PK-01] being added to fleet [project1_pinky] using map [L1] and position [-234412742697243966634355039021793372157247488.000, 116135326975800279661465740044654840295456768.000, -3.056] specified in the initial_state argument. This can happen if the map in initial_state does not match any of the map names in the navigation graph supplied or if the position reported in the initial_state is far way from the navigation graph. This robot will not be added to the fleet.
[python3-12] [INFO] [1786464714.724710457] [project1_pinky_fleet_adapter]: Adding robot [PK-01] to fleet [project1_pinky].
[python3-12] [ERROR] [1786464714.724869692] [project1_pinky_fleet_adapter]: Unable to compute a location on the navigation graph for robot [PK-01] being added to fleet [project1_pinky] using map [L1] and position [-234412742697243966634355039021793372157247488.000, 116135326975800279661465740044654840295456768.000, -3.056] specified in the initial_state argument. This can happen if the map in initial_state does not match any of the map names in the navigation graph supplied or if the position reported in the initial_state is far way from the navigation graph. This robot will not be added to the fleet.
[python3-12] [INFO] [1786464714.824829231] [project1_pinky_fleet_adapter]: Adding robot [PK-01] to fleet [project1_pinky].
[python3-12] [ERROR] [1786464714.824977411] [project1_pinky_fleet_adapter]: Unable to compute a location on the navigation graph for robot [PK-01] being added to fleet [project1_pinky] using map [L1] and position [-234412742697243966634355039021793372157247488.000, 116135326975800279661465740044654840295456768.000, -3.056] specified in the initial_state argument. This can happen if the map in initial_state does not match any of the map names in the navigation graph supplied or if the position reported in the initial_state is far way from the navigation graph. This robot will not be added to the fleet.
[planner_server-6] [WARN] [1786464714.859241944] [nav2_costmap_2d]: Robot is out of bounds of the costmap
[planner_server-6] [WARN] [1786464714.859266288] [pinky_01.global_costmap.global_costmap]: Sensor origin at (-234412742697243966634355039021793372157247488.00, 116135326975800279661465740044654840295456768.00) is out of map bounds (-1.24, -3.24) to (3.55, 0.44). The costmap cannot raytrace for it.
[python3-12] [INFO] [1786464714.924930134] [project1_pinky_fleet_adapter]: Adding robot [PK-01] to fleet [project1_pinky].
[python3-12] [ERROR] [1786464714.925052774] [project1_pinky_fleet_adapter]: Unable to compute a location on the navigation graph for robot [PK-01] being added to fleet [project1_pinky] using map [L1] and position [-234412742697243966634355039021793372157247488.000, 116135326975800279661465740044654840295456768.000, -3.056] specified in the initial_state argument. This can happen if the map in initial_state does not match any of the map names in the navigation graph supplied or if the position reported in the initial_state is far way from the navigation graph. This robot will not be added to the fleet.
[python3-12] [INFO] [1786464715.025243787] [project1_pinky_fleet_adapter]: Adding robot [PK-01] to fleet [project1_pinky].
[python3-12] [ERROR] [1786464715.025393699] [project1_pinky_fleet_adapter]: Unable to compute a location on the navigation graph for robot [PK-01] being added to fleet [project1_pinky] using map [L1] and position [-234412742697243966634355039021793372157247488.000, 116135326975800279661465740044654840295456768.000, -3.056] specified in the initial_state argument. This can happen if the map in initial_state does not match any of the map names in the navigation graph supplied or if the position reported in the initial_state is far way from the navigation graph. This robot will not be added to the fleet.
[python3-12] [INFO] [1786464715.124634082] [project1_pinky_fleet_adapter]: Adding robot [PK-01] to fleet [project1_pinky].
[python3-12] [ERROR] [1786464715.124885141] [project1_pinky_fleet_adapter]: Unable to compute a location on the navigation graph for robot [PK-01] being added to fleet [project1_pinky] using map [L1] and position [-234412742697243966634355039021793372157247488.000, 116135326975800279661465740044654840295456768.000, -3.056] specified in the initial_state argument. This can happen if the map in initial_state does not match any of the map names in the navigation graph supplied or if the position reported in the initial_state is far way from the navigation graph. This robot will not be added to the fleet.
[python3-12] [INFO] [1786464715.225066319] [project1_pinky_fleet_adapter]: Adding robot [PK-01] to fleet [project1_pinky].
[python3-12] [ERROR] [1786464715.225208335] [project1_pinky_fleet_adapter]: Unable to compute a location on the navigation graph for robot [PK-01] being added to fleet [project1_pinky] using map [L1] and position [-234412742697243966634355039021793372157247488.000, 116135326975800279661465740044654840295456768.000, -3.056] specified in the initial_state argument. This can happen if the map in initial_state does not match any of the map names in the navigation graph supplied or if the position reported in the initial_state is far way from the navigation graph. This robot will not be added to the fleet.
[python3-12] [INFO] [1786464715.324985806] [project1_pinky_fleet_adapter]: Adding robot [PK-01] to fleet [project1_pinky].
[python3-12] [ERROR] [1786464715.325134583] [project1_pinky_fleet_adapter]: Unable to compute a location on the navigation graph for robot [PK-01] being added to fleet [project1_pinky] using map [L1] and position [-234412742697243966634355039021793372157247488.000, 116135326975800279661465740044654840295456768.000, -3.056] specified in the initial_state argument. This can happen if the map in initial_state does not match any of the map names in the navigation graph supplied or if the position reported in the initial_state is far way from the navigation graph. This robot will not be added to the fleet.
[python3-12] [INFO] [1786464715.425381482] [project1_pinky_fleet_adapter]: Adding robot [PK-01] to fleet [project1_pinky].
[python3-12] [ERROR] [1786464715.425521819] [project1_pinky_fleet_adapter]: Unable to compute a location on the navigation graph for robot [PK-01] being added to fleet [project1_pinky] using map [L1] and position [-234412742697243966634355039021793372157247488.000, 116135326975800279661465740044654840295456768.000, -3.056] specified in the initial_state argument. This can happen if the map in initial_state does not match any of the map names in the navigation graph supplied or if the position reported in the initial_state is far way from the navigation graph. This robot will not be added to the fleet.
[python3-12] [INFO] [1786464715.531133779] [project1_pinky_fleet_adapter]: Adding robot [PK-01] to fleet [project1_pinky].
[python3-12] [ERROR] [1786464715.531275166] [project1_pinky_fleet_adapter]: Unable to compute a location on the navigation graph for robot [PK-01] being added to fleet [project1_pinky] using map [L1] and position [-234412742697243966634355039021793372157247488.000, 116135326975800279661465740044654840295456768.000, -3.056] specified in the initial_state argument. This can happen if the map in initial_state does not match any of the map names in the navigation graph supplied or if the position reported in the initial_state is far way from the navigation graph. This robot will not be added to the fleet.
[python3-12] [INFO] [1786464715.630529324] [project1_pinky_fleet_adapter]: Adding robot [PK-01] to fleet [project1_pinky].
[python3-12] [ERROR] [1786464715.630664447] [project1_pinky_fleet_adapter]: Unable to compute a location on the navigation graph for robot [PK-01] being added to fleet [project1_pinky] using map [L1] and position [-234412742697243966634355039021793372157247488.000, 116135326975800279661465740044654840295456768.000, -3.056] specified in the initial_state argument. This can happen if the map in initial_state does not match any of the map names in the navigation graph supplied or if the position reported in the initial_state is far way from the navigation graph. This robot will not be added to the fleet.
[python3-12] [INFO] [1786464715.729191388] [project1_pinky_fleet_adapter]: Adding robot [PK-01] to fleet [project1_pinky].
[python3-12] [ERROR] [1786464715.729352794] [project1_pinky_fleet_adapter]: Unable to compute a location on the navigation graph for robot [PK-01] being added to fleet [project1_pinky] using map [L1] and position [-234412742697243966634355039021793372157247488.000, 116135326975800279661465740044654840295456768.000, -3.056] specified in the initial_state argument. This can happen if the map in initial_state does not match any of the map names in the navigation graph supplied or if the position reported in the initial_state is far way from the navigation graph. This robot will not be added to the fleet.
[python3-12] [INFO] [1786464715.830991620] [project1_pinky_fleet_adapter]: Adding robot [PK-01] to fleet [project1_pinky].
[python3-12] [ERROR] [1786464715.831157394] [project1_pinky_fleet_adapter]: Unable to compute a location on the navigation graph for robot [PK-01] being added to fleet [project1_pinky] using map [L1] and position [-234412742697243966634355039021793372157247488.000, 116135326975800279661465740044654840295456768.000, -3.056] specified in the initial_state argument. This can happen if the map in initial_state does not match any of the map names in the navigation graph supplied or if the position reported in the initial_state is far way from the navigation graph. This robot will not be added to the fleet.
[planner_server-6] [WARN] [1786464715.859255763] [pinky_01.global_costmap.global_costmap]: Sensor origin at (-234412742697243966634355039021793372157247488.00, 116135326975800279661465740044654840295456768.00) is out of map bounds (-1.24, -3.24) to (3.55, 0.44). The costmap cannot raytrace for it.
[python3-12] [INFO] [1786464715.929373285] [project1_pinky_fleet_adapter]: Adding robot [PK-01] to fleet [project1_pinky].
[python3-12] [ERROR] [1786464715.929512937] [project1_pinky_fleet_adapter]: Unable to compute a location on the navigation graph for robot [PK-01] being added to fleet [project1_pinky] using map [L1] and position [-234412742697243966634355039021793372157247488.000, 116135326975800279661465740044654840295456768.000, -3.056] specified in the initial_state argument. This can happen if the map in initial_state does not match any of the map names in the navigation graph supplied or if the position reported in the initial_state is far way from the navigation graph. This robot will not be added to the fleet.
[python3-12] [INFO] [1786464716.030970995] [project1_pinky_fleet_adapter]: Adding robot [PK-01] to fleet [project1_pinky].
[python3-12] [ERROR] [1786464716.031162014] [project1_pinky_fleet_adapter]: Unable to compute a location on the navigation graph for robot [PK-01] being added to fleet [project1_pinky] using map [L1] and position [-234412742697243966634355039021793372157247488.000, 116135326975800279661465740044654840295456768.000, -3.056] specified in the initial_state argument. This can happen if the map in initial_state does not match any of the map names in the navigation graph supplied or if the position reported in the initial_state is far way from the navigation graph. This robot will not be added to the fleet.
[python3-12] [INFO] [1786464716.129325428] [project1_pinky_fleet_adapter]: Adding robot [PK-01] to fleet [project1_pinky].
[python3-12] [ERROR] [1786464716.129471745] [project1_pinky_fleet_adapter]: Unable to compute a location on the navigation graph for robot [PK-01] being added to fleet [project1_pinky] using map [L1] and position [-234412742697243966634355039021793372157247488.000, 116135326975800279661465740044654840295456768.000, -3.056] specified in the initial_state argument. This can happen if the map in initial_state does not match any of the map names in the navigation graph supplied or if the position reported in the initial_state is far way from the navigation graph. This robot will not be added to the fleet.
[python3-12] [INFO] [1786464716.230902647] [project1_pinky_fleet_adapter]: Adding robot [PK-01] to fleet [project1_pinky].
[python3-12] [ERROR] [1786464716.231136889] [project1_pinky_fleet_adapter]: Unable to compute a location on the navigation graph for robot [PK-01] being added to fleet [project1_pinky] using map [L1] and position [-234412742697243966634355039021793372157247488.000, 116135326975800279661465740044654840295456768.000, -3.056] specified in the initial_state argument. This can happen if the map in initial_state does not match any of the map names in the navigation graph supplied or if the position reported in the initial_state is far way from the navigation graph. This robot will not be added to the fleet.
[python3-12] [INFO] [1786464716.327961141] [project1_pinky_fleet_adapter]: Adding robot [PK-01] to fleet [project1_pinky].
[python3-12] [ERROR] [1786464716.328117711] [project1_pinky_fleet_adapter]: Unable to compute a location on the navigation graph for robot [PK-01] being added to fleet [project1_pinky] using map [L1] and position [-234412742697243966634355039021793372157247488.000, 116135326975800279661465740044654840295456768.000, -3.056] specified in the initial_state argument. This can happen if the map in initial_state does not match any of the map names in the navigation graph supplied or if the position reported in the initial_state is far way from the navigation graph. This robot will not be added to the fleet.
[python3-12] [INFO] [1786464716.429608037] [project1_pinky_fleet_adapter]: Adding robot [PK-01] to fleet [project1_pinky].
[python3-12] [ERROR] [1786464716.429777870] [project1_pinky_fleet_adapter]: Unable to compute a location on the navigation graph for robot [PK-01] being added to fleet [project1_pinky] using map [L1] and position [-234412742697243966634355039021793372157247488.000, 116135326975800279661465740044654840295456768.000, -3.056] specified in the initial_state argument. This can happen if the map in initial_state does not match any of the map names in the navigation graph supplied or if the position reported in the initial_state is far way from the navigation graph. This robot will not be added to the fleet.
[python3-12] [INFO] [1786464716.525386600] [project1_pinky_fleet_adapter]: Adding robot [PK-01] to fleet [project1_pinky].
[python3-12] [ERROR] [1786464716.525526547] [project1_pinky_fleet_adapter]: Unable to compute a location on the navigation graph for robot [PK-01] being added to fleet [project1_pinky] using map [L1] and position [-234412742697243966634355039021793372157247488.000, 116135326975800279661465740044654840295456768.000, -3.056] specified in the initial_state argument. This can happen if the map in initial_state does not match any of the map names in the navigation graph supplied or if the position reported in the initial_state is far way from the navigation graph. This robot will not be added to the fleet.
[python3-12] [INFO] [1786464716.625021194] [project1_pinky_fleet_adapter]: Adding robot [PK-01] to fleet [project1_pinky].
[python3-12] [ERROR] [1786464716.625165769] [project1_pinky_fleet_adapter]: Unable to compute a location on the navigation graph for robot [PK-01] being added to fleet [project1_pinky] using map [L1] and position [-234412742697243966634355039021793372157247488.000, 116135326975800279661465740044654840295456768.000, -3.056] specified in the initial_state argument. This can happen if the map in initial_state does not match any of the map names in the navigation graph supplied or if the position reported in the initial_state is far way from the navigation graph. This robot will not be added to the fleet.
[python3-12] [INFO] [1786464716.724928830] [project1_pinky_fleet_adapter]: Adding robot [PK-01] to fleet [project1_pinky].
[python3-12] [ERROR] [1786464716.725071292] [project1_pinky_fleet_adapter]: Unable to compute a location on the navigation graph for robot [PK-01] being added to fleet [project1_pinky] using map [L1] and position [-234412742697243966634355039021793372157247488.000, 116135326975800279661465740044654840295456768.000, -3.056] specified in the initial_state argument. This can happen if the map in initial_state does not match any of the map names in the navigation graph supplied or if the position reported in the initial_state is far way from the navigation graph. This robot will not be added to the fleet.
[python3-12] [INFO] [1786464716.825510444] [project1_pinky_fleet_adapter]: Adding robot [PK-01] to fleet [project1_pinky].
[python3-12] [ERROR] [1786464716.825644108] [project1_pinky_fleet_adapter]: Unable to compute a location on the navigation graph for robot [PK-01] being added to fleet [project1_pinky] using map [L1] and position [-234412742697243966634355039021793372157247488.000, 116135326975800279661465740044654840295456768.000, -3.056] specified in the initial_state argument. This can happen if the map in initial_state does not match any of the map names in the navigation graph supplied or if the position reported in the initial_state is far way from the navigation graph. This robot will not be added to the fleet.
[planner_server-6] [WARN] [1786464716.859232635] [pinky_01.global_costmap.global_costmap]: Sensor origin at (-234412742697243966634355039021793372157247488.00, 116135326975800279661465740044654840295456768.00) is out of map bounds (-1.24, -3.24) to (3.55, 0.44). The costmap cannot raytrace for it.
[python3-12] [INFO] [1786464716.925071121] [project1_pinky_fleet_adapter]: Adding robot [PK-01] to fleet [project1_pinky].
[python3-12] [ERROR] [1786464716.925207817] [project1_pinky_fleet_adapter]: Unable to compute a location on the navigation graph for robot [PK-01] being added to fleet [project1_pinky] using map [L1] and position [-234412742697243966634355039021793372157247488.000, 116135326975800279661465740044654840295456768.000, -3.056] specified in the initial_state argument. This can happen if the map in initial_state does not match any of the map names in the navigation graph supplied or if the position reported in the initial_state is far way from the navigation graph. This robot will not be added to the fleet.
[python3-12] [INFO] [1786464717.025445202] [project1_pinky_fleet_adapter]: Adding robot [PK-01] to fleet [project1_pinky].
[python3-12] [ERROR] [1786464717.025579411] [project1_pinky_fleet_adapter]: Unable to compute a location on the navigation graph for robot [PK-01] being added to fleet [project1_pinky] using map [L1] and position [-234412742697243966634355039021793372157247488.000, 116135326975800279661465740044654840295456768.000, -3.056] specified in the initial_state argument. This can happen if the map in initial_state does not match any of the map names in the navigation graph supplied or if the position reported in the initial_state is far way from the navigation graph. This robot will not be added to the fleet.
[python3-12] [INFO] [1786464717.125255485] [project1_pinky_fleet_adapter]: Adding robot [PK-01] to fleet [project1_pinky].
[python3-12] [ERROR] [1786464717.125421730] [project1_pinky_fleet_adapter]: Unable to compute a location on the navigation graph for robot [PK-01] being added to fleet [project1_pinky] using map [L1] and position [-234412742697243966634355039021793372157247488.000, 116135326975800279661465740044654840295456768.000, -3.056] specified in the initial_state argument. This can happen if the map in initial_state does not match any of the map names in the navigation graph supplied or if the position reported in the initial_state is far way from the navigation graph. This robot will not be added to the fleet.
[python3-12] [INFO] [1786464717.224870867] [project1_pinky_fleet_adapter]: Adding robot [PK-01] to fleet [project1_pinky].
[python3-12] [ERROR] [1786464717.225019411] [project1_pinky_fleet_adapter]: Unable to compute a location on the navigation graph for robot [PK-01] being added to fleet [project1_pinky] using map [L1] and position [-234412742697243966634355039021793372157247488.000, 116135326975800279661465740044654840295456768.000, -3.056] specified in the initial_state argument. This can happen if the map in initial_state does not match any of the map names in the navigation graph supplied or if the position reported in the initial_state is far way from the navigation graph. This robot will not be added to the fleet.
[python3-12] [INFO] [1786464717.324699419] [project1_pinky_fleet_adapter]: Adding robot [PK-01] to fleet [project1_pinky].
[python3-12] [ERROR] [1786464717.324880250] [project1_pinky_fleet_adapter]: Unable to compute a location on the navigation graph for robot [PK-01] being added to fleet [project1_pinky] using map [L1] and position [-234412742697243966634355039021793372157247488.000, 116135326975800279661465740044654840295456768.000, -3.056] specified in the initial_state argument. This can happen if the map in initial_state does not match any of the map names in the navigation graph supplied or if the position reported in the initial_state is far way from the navigation graph. This robot will not be added to the fleet.
[python3-12] [INFO] [1786464717.425265853] [project1_pinky_fleet_adapter]: Adding robot [PK-01] to fleet [project1_pinky].
[python3-12] [ERROR] [1786464717.425455821] [project1_pinky_fleet_adapter]: Unable to compute a location on the navigation graph for robot [PK-01] being added to fleet [project1_pinky] using map [L1] and position [-234412742697243966634355039021793372157247488.000, 116135326975800279661465740044654840295456768.000, -3.056] specified in the initial_state argument. This can happen if the map in initial_state does not match any of the map names in the navigation graph supplied or if the position reported in the initial_state is far way from the navigation graph. This robot will not be added to the fleet.
[python3-12] [INFO] [1786464717.524876350] [project1_pinky_fleet_adapter]: Adding robot [PK-01] to fleet [project1_pinky].
[python3-12] [ERROR] [1786464717.525022468] [project1_pinky_fleet_adapter]: Unable to compute a location on the navigation graph for robot [PK-01] being added to fleet [project1_pinky] using map [L1] and position [-234412742697243966634355039021793372157247488.000, 116135326975800279661465740044654840295456768.000, -3.056] specified in the initial_state argument. This can happen if the map in initial_state does not match any of the map names in the navigation graph supplied or if the position reported in the initial_state is far way from the navigation graph. This robot will not be added to the fleet.
[python3-12] [INFO] [1786464717.625849623] [project1_pinky_fleet_adapter]: Adding robot [PK-01] to fleet [project1_pinky].
[python3-12] [ERROR] [1786464717.626101964] [project1_pinky_fleet_adapter]: Unable to compute a location on the navigation graph for robot [PK-01] being added to fleet [project1_pinky] using map [L1] and position [-234412742697243966634355039021793372157247488.000, 116135326975800279661465740044654840295456768.000, -3.056] specified in the initial_state argument. This can happen if the map in initial_state does not match any of the map names in the navigation graph supplied or if the position reported in the initial_state is far way from the navigation graph. This robot will not be added to the fleet.
[python3-12] [INFO] [1786464717.724675439] [project1_pinky_fleet_adapter]: Adding robot [PK-01] to fleet [project1_pinky].
[python3-12] [ERROR] [1786464717.724866237] [project1_pinky_fleet_adapter]: Unable to compute a location on the navigation graph for robot [PK-01] being added to fleet [project1_pinky] using map [L1] and position [-234412742697243966634355039021793372157247488.000, 116135326975800279661465740044654840295456768.000, -3.056] specified in the initial_state argument. This can happen if the map in initial_state does not match any of the map names in the navigation graph supplied or if the position reported in the initial_state is far way from the navigation graph. This robot will not be added to the fleet.
[python3-12] [INFO] [1786464717.824657436] [project1_pinky_fleet_adapter]: Adding robot [PK-01] to fleet [project1_pinky].
[python3-12] [ERROR] [1786464717.824769102] [project1_pinky_fleet_adapter]: Unable to compute a location on the navigation graph for robot [PK-01] being added to fleet [project1_pinky] using map [L1] and position [-234412742697243966634355039021793372157247488.000, 116135326975800279661465740044654840295456768.000, -3.056] specified in the initial_state argument. This can happen if the map in initial_state does not match any of the map names in the navigation graph supplied or if the position reported in the initial_state is far way from the navigation graph. This robot will not be added to the fleet.
[planner_server-6] [WARN] [1786464717.859226702] [pinky_01.global_costmap.global_costmap]: Sensor origin at (-234412742697243966634355039021793372157247488.00, 116135326975800279661465740044654840295456768.00) is out of map bounds (-1.24, -3.24) to (3.55, 0.44). The costmap cannot raytrace for it.
[python3-12] [INFO] [1786464717.925392762] [project1_pinky_fleet_adapter]: Adding robot [PK-01] to fleet [project1_pinky].
[python3-12] [ERROR] [1786464717.925522274] [project1_pinky_fleet_adapter]: Unable to compute a location on the navigation graph for robot [PK-01] being added to fleet [project1_pinky] using map [L1] and position [-234412742697243966634355039021793372157247488.000, 116135326975800279661465740044654840295456768.000, -3.056] specified in the initial_state argument. This can happen if the map in initial_state does not match any of the map names in the navigation graph supplied or if the position reported in the initial_state is far way from the navigation graph. This robot will not be added to the fleet.
[gazebo-1] [1;31m[Err] [SimulationFeatures.cc:131] [0m[1;31mSome links in model 'pinky_01' have invalid poses. Resetting to last known poses.[0m[1;31m Also resetting velocities and accelerations to zero.[0m[1;31m[0m
[python3-12] [INFO] [1786464718.024939432] [project1_pinky_fleet_adapter]: Adding robot [PK-01] to fleet [project1_pinky].
[python3-12] [ERROR] [1786464718.025089027] [project1_pinky_fleet_adapter]: Unable to compute a location on the navigation graph for robot [PK-01] being added to fleet [project1_pinky] using map [L1] and position [-234412742697243966634355039021793372157247488.000, 116135326975800279661465740044654840295456768.000, -3.056] specified in the initial_state argument. This can happen if the map in initial_state does not match any of the map names in the navigation graph supplied or if the position reported in the initial_state is far way from the navigation graph. This robot will not be added to the fleet.
[python3-12] [INFO] [1786464718.125512304] [project1_pinky_fleet_adapter]: Adding robot [PK-01] to fleet [project1_pinky].
[python3-12] [ERROR] [1786464718.125721598] [project1_pinky_fleet_adapter]: Unable to compute a location on the navigation graph for robot [PK-01] being added to fleet [project1_pinky] using map [L1] and position [-234412742697243966634355039021793372157247488.000, 116135326975800279661465740044654840295456768.000, -3.056] specified in the initial_state argument. This can happen if the map in initial_state does not match any of the map names in the navigation graph supplied or if the position reported in the initial_state is far way from the navigation graph. This robot will not be added to the fleet.
[python3-12] [INFO] [1786464718.224899011] [project1_pinky_fleet_adapter]: Adding robot [PK-01] to fleet [project1_pinky].
[python3-12] [ERROR] [1786464718.225043149] [project1_pinky_fleet_adapter]: Unable to compute a location on the navigation graph for robot [PK-01] being added to fleet [project1_pinky] using map [L1] and position [-234412742697243966634355039021793372157247488.000, 116135326975800279661465740044654840295456768.000, -3.056] specified in the initial_state argument. This can happen if the map in initial_state does not match any of the map names in the navigation graph supplied or if the position reported in the initial_state is far way from the navigation graph. This robot will not be added to the fleet.
[python3-12] [INFO] [1786464718.324959504] [project1_pinky_fleet_adapter]: Adding robot [PK-01] to fleet [project1_pinky].
[python3-12] [ERROR] [1786464718.325109054] [project1_pinky_fleet_adapter]: Unable to compute a location on the navigation graph for robot [PK-01] being added to fleet [project1_pinky] using map [L1] and position [-234412742697243966634355039021793372157247488.000, 116135326975800279661465740044654840295456768.000, -3.056] specified in the initial_state argument. This can happen if the map in initial_state does not match any of the map names in the navigation graph supplied or if the position reported in the initial_state is far way from the navigation graph. This robot will not be added to the fleet.
[controller_server-4] [WARN] [1786464718.336893788] [nav2_costmap_2d]: Robot is out of bounds of the costmap
[python3-12] [INFO] [1786464718.425213245] [project1_pinky_fleet_adapter]: Adding robot [PK-01] to fleet [project1_pinky].
[python3-12] [ERROR] [1786464718.425352101] [project1_pinky_fleet_adapter]: Unable to compute a location on the navigation graph for robot [PK-01] being added to fleet [project1_pinky] using map [L1] and position [-234412742697243966634355039021793372157247488.000, 116135326975800279661465740044654840295456768.000, -3.056] specified in the initial_state argument. This can happen if the map in initial_state does not match any of the map names in the navigation graph supplied or if the position reported in the initial_state is far way from the navigation graph. This robot will not be added to the fleet.
[python3-12] [INFO] [1786464718.525222798] [project1_pinky_fleet_adapter]: Adding robot [PK-01] to fleet [project1_pinky].
[python3-12] [ERROR] [1786464718.525426619] [project1_pinky_fleet_adapter]: Unable to compute a location on the navigation graph for robot [PK-01] being added to fleet [project1_pinky] using map [L1] and position [-234412742697243966634355039021793372157247488.000, 116135326975800279661465740044654840295456768.000, -3.056] specified in the initial_state argument. This can happen if the map in initial_state does not match any of the map names in the navigation graph supplied or if the position reported in the initial_state is far way from the navigation graph. This robot will not be added to the fleet.
[python3-12] [INFO] [1786464718.625367238] [project1_pinky_fleet_adapter]: Adding robot [PK-01] to fleet [project1_pinky].
[python3-12] [ERROR] [1786464718.625467486] [project1_pinky_fleet_adapter]: Unable to compute a location on the navigation graph for robot [PK-01] being added to fleet [project1_pinky] using map [L1] and position [-234412742697243966634355039021793372157247488.000, 116135326975800279661465740044654840295456768.000, -3.056] specified in the initial_state argument. This can happen if the map in initial_state does not match any of the map names in the navigation graph supplied or if the position reported in the initial_state is far way from the navigation graph. This robot will not be added to the fleet.
[python3-12] [INFO] [1786464718.725286215] [project1_pinky_fleet_adapter]: Adding robot [PK-01] to fleet [project1_pinky].
[python3-12] [ERROR] [1786464718.725423719] [project1_pinky_fleet_adapter]: Unable to compute a location on the navigation graph for robot [PK-01] being added to fleet [project1_pinky] using map [L1] and position [-234412742697243966634355039021793372157247488.000, 116135326975800279661465740044654840295456768.000, -3.056] specified in the initial_state argument. This can happen if the map in initial_state does not match any of the map names in the navigation graph supplied or if the position reported in the initial_state is far way from the navigation graph. This robot will not be added to the fleet.
[python3-12] [INFO] [1786464718.825689954] [project1_pinky_fleet_adapter]: Adding robot [PK-01] to fleet [project1_pinky].
[python3-12] [ERROR] [1786464718.825795724] [project1_pinky_fleet_adapter]: Unable to compute a location on the navigation graph for robot [PK-01] being added to fleet [project1_pinky] using map [L1] and position [-234412742697243966634355039021793372157247488.000, 116135326975800279661465740044654840295456768.000, -3.056] specified in the initial_state argument. This can happen if the map in initial_state does not match any of the map names in the navigation graph supplied or if the position reported in the initial_state is far way from the navigation graph. This robot will not be added to the fleet.
[planner_server-6] [WARN] [1786464718.859241055] [pinky_01.global_costmap.global_costmap]: Sensor origin at (-234412742697243966634355039021793372157247488.00, 116135326975800279661465740044654840295456768.00) is out of map bounds (-1.24, -3.24) to (3.55, 0.44). The costmap cannot raytrace for it.
[python3-12] [INFO] [1786464718.925405211] [project1_pinky_fleet_adapter]: Adding robot [PK-01] to fleet [project1_pinky].
[python3-12] [ERROR] [1786464718.925561715] [project1_pinky_fleet_adapter]: Unable to compute a location on the navigation graph for robot [PK-01] being added to fleet [project1_pinky] using map [L1] and position [-234412742697243966634355039021793372157247488.000, 116135326975800279661465740044654840295456768.000, -3.056] specified in the initial_state argument. This can happen if the map in initial_state does not match any of the map names in the navigation graph supplied or if the position reported in the initial_state is far way from the navigation graph. This robot will not be added to the fleet.
[python3-12] [INFO] [1786464719.029531668] [project1_pinky_fleet_adapter]: Adding robot [PK-01] to fleet [project1_pinky].
[python3-12] [ERROR] [1786464719.029645945] [project1_pinky_fleet_adapter]: Unable to compute a location on the navigation graph for robot [PK-01] being added to fleet [project1_pinky] using map [L1] and position [-234412742697243966634355039021793372157247488.000, 116135326975800279661465740044654840295456768.000, -3.056] specified in the initial_state argument. This can happen if the map in initial_state does not match any of the map names in the navigation graph supplied or if the position reported in the initial_state is far way from the navigation graph. This robot will not be added to the fleet.
[python3-12] [INFO] [1786464719.125884117] [project1_pinky_fleet_adapter]: Adding robot [PK-01] to fleet [project1_pinky].
[python3-12] [ERROR] [1786464719.126068721] [project1_pinky_fleet_adapter]: Unable to compute a location on the navigation graph for robot [PK-01] being added to fleet [project1_pinky] using map [L1] and position [-234412742697243966634355039021793372157247488.000, 116135326975800279661465740044654840295456768.000, -3.056] specified in the initial_state argument. This can happen if the map in initial_state does not match any of the map names in the navigation graph supplied or if the position reported in the initial_state is far way from the navigation graph. This robot will not be added to the fleet.
[python3-12] [INFO] [1786464719.230207254] [project1_pinky_fleet_adapter]: Adding robot [PK-01] to fleet [project1_pinky].
[python3-12] [ERROR] [1786464719.230422169] [project1_pinky_fleet_adapter]: Unable to compute a location on the navigation graph for robot [PK-01] being added to fleet [project1_pinky] using map [L1] and position [-234412742697243966634355039021793372157247488.000, 116135326975800279661465740044654840295456768.000, -3.056] specified in the initial_state argument. This can happen if the map in initial_state does not match any of the map names in the navigation graph supplied or if the position reported in the initial_state is far way from the navigation graph. This robot will not be added to the fleet.
[python3-12] [INFO] [1786464719.330820321] [project1_pinky_fleet_adapter]: Adding robot [PK-01] to fleet [project1_pinky].
[python3-12] [ERROR] [1786464719.330968996] [project1_pinky_fleet_adapter]: Unable to compute a location on the navigation graph for robot [PK-01] being added to fleet [project1_pinky] using map [L1] and position [-234412742697243966634355039021793372157247488.000, 116135326975800279661465740044654840295456768.000, -3.056] specified in the initial_state argument. This can happen if the map in initial_state does not match any of the map names in the navigation graph supplied or if the position reported in the initial_state is far way from the navigation graph. This robot will not be added to the fleet.
[python3-12] [INFO] [1786464719.432190876] [project1_pinky_fleet_adapter]: Adding robot [PK-01] to fleet [project1_pinky].
[python3-12] [ERROR] [1786464719.432328644] [project1_pinky_fleet_adapter]: Unable to compute a location on the navigation graph for robot [PK-01] being added to fleet [project1_pinky] using map [L1] and position [-234412742697243966634355039021793372157247488.000, 116135326975800279661465740044654840295456768.000, -3.056] specified in the initial_state argument. This can happen if the map in initial_state does not match any of the map names in the navigation graph supplied or if the position reported in the initial_state is far way from the navigation graph. This robot will not be added to the fleet.
[python3-12] [INFO] [1786464719.529771306] [project1_pinky_fleet_adapter]: Adding robot [PK-01] to fleet [project1_pinky].
[python3-12] [ERROR] [1786464719.529916792] [project1_pinky_fleet_adapter]: Unable to compute a location on the navigation graph for robot [PK-01] being added to fleet [project1_pinky] using map [L1] and position [-234412742697243966634355039021793372157247488.000, 116135326975800279661465740044654840295456768.000, -3.056] specified in the initial_state argument. This can happen if the map in initial_state does not match any of the map names in the navigation graph supplied or if the position reported in the initial_state is far way from the navigation graph. This robot will not be added to the fleet.
[python3-12] [INFO] [1786464719.631649295] [project1_pinky_fleet_adapter]: Adding robot [PK-01] to fleet [project1_pinky].
[python3-12] [ERROR] [1786464719.631787526] [project1_pinky_fleet_adapter]: Unable to compute a location on the navigation graph for robot [PK-01] being added to fleet [project1_pinky] using map [L1] and position [-234412742697243966634355039021793372157247488.000, 116135326975800279661465740044654840295456768.000, -3.056] specified in the initial_state argument. This can happen if the map in initial_state does not match any of the map names in the navigation graph supplied or if the position reported in the initial_state is far way from the navigation graph. This robot will not be added to the fleet.
[python3-12] [INFO] [1786464719.729468921] [project1_pinky_fleet_adapter]: Adding robot [PK-01] to fleet [project1_pinky].
[python3-12] [ERROR] [1786464719.729627499] [project1_pinky_fleet_adapter]: Unable to compute a location on the navigation graph for robot [PK-01] being added to fleet [project1_pinky] using map [L1] and position [-234412742697243966634355039021793372157247488.000, 116135326975800279661465740044654840295456768.000, -3.056] specified in the initial_state argument. This can happen if the map in initial_state does not match any of the map names in the navigation graph supplied or if the position reported in the initial_state is far way from the navigation graph. This robot will not be added to the fleet.
[python3-12] [INFO] [1786464719.825154081] [project1_pinky_fleet_adapter]: Adding robot [PK-01] to fleet [project1_pinky].
[python3-12] [ERROR] [1786464719.825293969] [project1_pinky_fleet_adapter]: Unable to compute a location on the navigation graph for robot [PK-01] being added to fleet [project1_pinky] using map [L1] and position [-234412742697243966634355039021793372157247488.000, 116135326975800279661465740044654840295456768.000, -3.056] specified in the initial_state argument. This can happen if the map in initial_state does not match any of the map names in the navigation graph supplied or if the position reported in the initial_state is far way from the navigation graph. This robot will not be added to the fleet.
[planner_server-6] [WARN] [1786464719.859233648] [pinky_01.global_costmap.global_costmap]: Sensor origin at (-234412742697243966634355039021793372157247488.00, 116135326975800279661465740044654840295456768.00) is out of map bounds (-1.24, -3.24) to (3.55, 0.44). The costmap cannot raytrace for it.
[python3-12] [INFO] [1786464719.925917107] [project1_pinky_fleet_adapter]: Adding robot [PK-01] to fleet [project1_pinky].
[python3-12] [ERROR] [1786464719.926057077] [project1_pinky_fleet_adapter]: Unable to compute a location on the navigation graph for robot [PK-01] being added to fleet [project1_pinky] using map [L1] and position [-234412742697243966634355039021793372157247488.000, 116135326975800279661465740044654840295456768.000, -3.056] specified in the initial_state argument. This can happen if the map in initial_state does not match any of the map names in the navigation graph supplied or if the position reported in the initial_state is far way from the navigation graph. This robot will not be added to the fleet.
[python3-12] [INFO] [1786464720.025909031] [project1_pinky_fleet_adapter]: Adding robot [PK-01] to fleet [project1_pinky].
[python3-12] [ERROR] [1786464720.026097090] [project1_pinky_fleet_adapter]: Unable to compute a location on the navigation graph for robot [PK-01] being added to fleet [project1_pinky] using map [L1] and position [-234412742697243966634355039021793372157247488.000, 116135326975800279661465740044654840295456768.000, -3.056] specified in the initial_state argument. This can happen if the map in initial_state does not match any of the map names in the navigation graph supplied or if the position reported in the initial_state is far way from the navigation graph. This robot will not be added to the fleet.
[python3-12] [INFO] [1786464720.124590473] [project1_pinky_fleet_adapter]: Adding robot [PK-01] to fleet [project1_pinky].
[python3-12] [ERROR] [1786464720.124751340] [project1_pinky_fleet_adapter]: Unable to compute a location on the navigation graph for robot [PK-01] being added to fleet [project1_pinky] using map [L1] and position [-234412742697243966634355039021793372157247488.000, 116135326975800279661465740044654840295456768.000, -3.056] specified in the initial_state argument. This can happen if the map in initial_state does not match any of the map names in the navigation graph supplied or if the position reported in the initial_state is far way from the navigation graph. This robot will not be added to the fleet.
[python3-12] [INFO] [1786464720.225003889] [project1_pinky_fleet_adapter]: Adding robot [PK-01] to fleet [project1_pinky].
[python3-12] [ERROR] [1786464720.225149404] [project1_pinky_fleet_adapter]: Unable to compute a location on the navigation graph for robot [PK-01] being added to fleet [project1_pinky] using map [L1] and position [-234412742697243966634355039021793372157247488.000, 116135326975800279661465740044654840295456768.000, -3.056] specified in the initial_state argument. This can happen if the map in initial_state does not match any of the map names in the navigation graph supplied or if the position reported in the initial_state is far way from the navigation graph. This robot will not be added to the fleet.
[python3-12] [INFO] [1786464720.325347421] [project1_pinky_fleet_adapter]: Adding robot [PK-01] to fleet [project1_pinky].
[python3-12] [ERROR] [1786464720.325498967] [project1_pinky_fleet_adapter]: Unable to compute a location on the navigation graph for robot [PK-01] being added to fleet [project1_pinky] using map [L1] and position [-234412742697243966634355039021793372157247488.000, 116135326975800279661465740044654840295456768.000, -3.056] specified in the initial_state argument. This can happen if the map in initial_state does not match any of the map names in the navigation graph supplied or if the position reported in the initial_state is far way from the navigation graph. This robot will not be added to the fleet.
[python3-12] [INFO] [1786464720.425736038] [project1_pinky_fleet_adapter]: Adding robot [PK-01] to fleet [project1_pinky].
[python3-12] [ERROR] [1786464720.425881591] [project1_pinky_fleet_adapter]: Unable to compute a location on the navigation graph for robot [PK-01] being added to fleet [project1_pinky] using map [L1] and position [-234412742697243966634355039021793372157247488.000, 116135326975800279661465740044654840295456768.000, -3.056] specified in the initial_state argument. This can happen if the map in initial_state does not match any of the map names in the navigation graph supplied or if the position reported in the initial_state is far way from the navigation graph. This robot will not be added to the fleet.
[python3-12] [INFO] [1786464720.524892094] [project1_pinky_fleet_adapter]: Adding robot [PK-01] to fleet [project1_pinky].
[python3-12] [ERROR] [1786464720.525060857] [project1_pinky_fleet_adapter]: Unable to compute a location on the navigation graph for robot [PK-01] being added to fleet [project1_pinky] using map [L1] and position [-234412742697243966634355039021793372157247488.000, 116135326975800279661465740044654840295456768.000, -3.056] specified in the initial_state argument. This can happen if the map in initial_state does not match any of the map names in the navigation graph supplied or if the position reported in the initial_state is far way from the navigation graph. This robot will not be added to the fleet.
[python3-12] [INFO] [1786464720.625013539] [project1_pinky_fleet_adapter]: Adding robot [PK-01] to fleet [project1_pinky].
[python3-12] [ERROR] [1786464720.625157106] [project1_pinky_fleet_adapter]: Unable to compute a location on the navigation graph for robot [PK-01] being added to fleet [project1_pinky] using map [L1] and position [-234412742697243966634355039021793372157247488.000, 116135326975800279661465740044654840295456768.000, -3.056] specified in the initial_state argument. This can happen if the map in initial_state does not match any of the map names in the navigation graph supplied or if the position reported in the initial_state is far way from the navigation graph. This robot will not be added to the fleet.
[python3-12] [INFO] [1786464720.724849728] [project1_pinky_fleet_adapter]: Adding robot [PK-01] to fleet [project1_pinky].
[python3-12] [ERROR] [1786464720.725017155] [project1_pinky_fleet_adapter]: Unable to compute a location on the navigation graph for robot [PK-01] being added to fleet [project1_pinky] using map [L1] and position [-234412742697243966634355039021793372157247488.000, 116135326975800279661465740044654840295456768.000, -3.056] specified in the initial_state argument. This can happen if the map in initial_state does not match any of the map names in the navigation graph supplied or if the position reported in the initial_state is far way from the navigation graph. This robot will not be added to the fleet.
[python3-12] [INFO] [1786464720.825863959] [project1_pinky_fleet_adapter]: Adding robot [PK-01] to fleet [project1_pinky].
[python3-12] [ERROR] [1786464720.826022876] [project1_pinky_fleet_adapter]: Unable to compute a location on the navigation graph for robot [PK-01] being added to fleet [project1_pinky] using map [L1] and position [-234412742697243966634355039021793372157247488.000, 116135326975800279661465740044654840295456768.000, -3.056] specified in the initial_state argument. This can happen if the map in initial_state does not match any of the map names in the navigation graph supplied or if the position reported in the initial_state is far way from the navigation graph. This robot will not be added to the fleet.
[planner_server-6] [WARN] [1786464720.859236109] [nav2_costmap_2d]: Robot is out of bounds of the costmap
[planner_server-6] [WARN] [1786464720.859260996] [pinky_01.global_costmap.global_costmap]: Sensor origin at (-234412742697243966634355039021793372157247488.00, 116135326975800279661465740044654840295456768.00) is out of map bounds (-1.24, -3.24) to (3.55, 0.44). The costmap cannot raytrace for it.
[python3-12] [INFO] [1786464720.924641832] [project1_pinky_fleet_adapter]: Adding robot [PK-01] to fleet [project1_pinky].
[python3-12] [ERROR] [1786464720.924761115] [project1_pinky_fleet_adapter]: Unable to compute a location on the navigation graph for robot [PK-01] being added to fleet [project1_pinky] using map [L1] and position [-234412742697243966634355039021793372157247488.000, 116135326975800279661465740044654840295456768.000, -3.056] specified in the initial_state argument. This can happen if the map in initial_state does not match any of the map names in the navigation graph supplied or if the position reported in the initial_state is far way from the navigation graph. This robot will not be added to the fleet.
[python3-12] [INFO] [1786464721.024702392] [project1_pinky_fleet_adapter]: Adding robot [PK-01] to fleet [project1_pinky].
[python3-12] [ERROR] [1786464721.024913966] [project1_pinky_fleet_adapter]: Unable to compute a location on the navigation graph for robot [PK-01] being added to fleet [project1_pinky] using map [L1] and position [-234412742697243966634355039021793372157247488.000, 116135326975800279661465740044654840295456768.000, -3.056] specified in the initial_state argument. This can happen if the map in initial_state does not match any of the map names in the navigation graph supplied or if the position reported in the initial_state is far way from the navigation graph. This robot will not be added to the fleet.
[python3-12] [INFO] [1786464721.125006585] [project1_pinky_fleet_adapter]: Adding robot [PK-01] to fleet [project1_pinky].
[python3-12] [ERROR] [1786464721.125149199] [project1_pinky_fleet_adapter]: Unable to compute a location on the navigation graph for robot [PK-01] being added to fleet [project1_pinky] using map [L1] and position [-234412742697243966634355039021793372157247488.000, 116135326975800279661465740044654840295456768.000, -3.056] specified in the initial_state argument. This can happen if the map in initial_state does not match any of the map names in the navigation graph supplied or if the position reported in the initial_state is far way from the navigation graph. This robot will not be added to the fleet.
[python3-12] [INFO] [1786464721.224852658] [project1_pinky_fleet_adapter]: Adding robot [PK-01] to fleet [project1_pinky].
[python3-12] [ERROR] [1786464721.224997543] [project1_pinky_fleet_adapter]: Unable to compute a location on the navigation graph for robot [PK-01] being added to fleet [project1_pinky] using map [L1] and position [-234412742697243966634355039021793372157247488.000, 116135326975800279661465740044654840295456768.000, -3.056] specified in the initial_state argument. This can happen if the map in initial_state does not match any of the map names in the navigation graph supplied or if the position reported in the initial_state is far way from the navigation graph. This robot will not be added to the fleet.
[python3-12] [INFO] [1786464721.326120375] [project1_pinky_fleet_adapter]: Adding robot [PK-01] to fleet [project1_pinky].
[python3-12] [ERROR] [1786464721.326274861] [project1_pinky_fleet_adapter]: Unable to compute a location on the navigation graph for robot [PK-01] being added to fleet [project1_pinky] using map [L1] and position [-234412742697243966634355039021793372157247488.000, 116135326975800279661465740044654840295456768.000, -3.056] specified in the initial_state argument. This can happen if the map in initial_state does not match any of the map names in the navigation graph supplied or if the position reported in the initial_state is far way from the navigation graph. This robot will not be added to the fleet.
[python3-12] [INFO] [1786464721.425266615] [project1_pinky_fleet_adapter]: Adding robot [PK-01] to fleet [project1_pinky].
[python3-12] [ERROR] [1786464721.425400356] [project1_pinky_fleet_adapter]: Unable to compute a location on the navigation graph for robot [PK-01] being added to fleet [project1_pinky] using map [L1] and position [-234412742697243966634355039021793372157247488.000, 116135326975800279661465740044654840295456768.000, -3.056] specified in the initial_state argument. This can happen if the map in initial_state does not match any of the map names in the navigation graph supplied or if the position reported in the initial_state is far way from the navigation graph. This robot will not be added to the fleet.
[python3-12] [INFO] [1786464721.524964127] [project1_pinky_fleet_adapter]: Adding robot [PK-01] to fleet [project1_pinky].
[python3-12] [ERROR] [1786464721.525097195] [project1_pinky_fleet_adapter]: Unable to compute a location on the navigation graph for robot [PK-01] being added to fleet [project1_pinky] using map [L1] and position [-234412742697243966634355039021793372157247488.000, 116135326975800279661465740044654840295456768.000, -3.056] specified in the initial_state argument. This can happen if the map in initial_state does not match any of the map names in the navigation graph supplied or if the position reported in the initial_state is far way from the navigation graph. This robot will not be added to the fleet.
[gazebo-1] [1;31m[Err] [SimulationFeatures.cc:131] [0m[1;31mSome links in model 'pinky_01' have invalid poses. Resetting to last known poses.[0m[1;31m Also resetting velocities and accelerations to zero.[0m[1;31m[0m
[python3-12] [INFO] [1786464721.625391007] [project1_pinky_fleet_adapter]: Adding robot [PK-01] to fleet [project1_pinky].
[python3-12] [ERROR] [1786464721.625530801] [project1_pinky_fleet_adapter]: Unable to compute a location on the navigation graph for robot [PK-01] being added to fleet [project1_pinky] using map [L1] and position [-234412742697243966634355039021793372157247488.000, 116135326975800279661465740044654840295456768.000, -3.056] specified in the initial_state argument. This can happen if the map in initial_state does not match any of the map names in the navigation graph supplied or if the position reported in the initial_state is far way from the navigation graph. This robot will not be added to the fleet.
[python3-12] [INFO] [1786464721.725227700] [project1_pinky_fleet_adapter]: Adding robot [PK-01] to fleet [project1_pinky].
[python3-12] [ERROR] [1786464721.725363268] [project1_pinky_fleet_adapter]: Unable to compute a location on the navigation graph for robot [PK-01] being added to fleet [project1_pinky] using map [L1] and position [-234412742697243966634355039021793372157247488.000, 116135326975800279661465740044654840295456768.000, -3.056] specified in the initial_state argument. This can happen if the map in initial_state does not match any of the map names in the navigation graph supplied or if the position reported in the initial_state is far way from the navigation graph. This robot will not be added to the fleet.
[python3-12] [INFO] [1786464721.825245005] [project1_pinky_fleet_adapter]: Adding robot [PK-01] to fleet [project1_pinky].
[python3-12] [ERROR] [1786464721.825405973] [project1_pinky_fleet_adapter]: Unable to compute a location on the navigation graph for robot [PK-01] being added to fleet [project1_pinky] using map [L1] and position [-234412742697243966634355039021793372157247488.000, 116135326975800279661465740044654840295456768.000, -3.056] specified in the initial_state argument. This can happen if the map in initial_state does not match any of the map names in the navigation graph supplied or if the position reported in the initial_state is far way from the navigation graph. This robot will not be added to the fleet.
[planner_server-6] [WARN] [1786464721.859244004] [pinky_01.global_costmap.global_costmap]: Sensor origin at (-234412742697243966634355039021793372157247488.00, 116135326975800279661465740044654840295456768.00) is out of map bounds (-1.24, -3.24) to (3.55, 0.44). The costmap cannot raytrace for it.
[python3-12] [INFO] [1786464721.924839323] [project1_pinky_fleet_adapter]: Adding robot [PK-01] to fleet [project1_pinky].
[python3-12] [ERROR] [1786464721.924983298] [project1_pinky_fleet_adapter]: Unable to compute a location on the navigation graph for robot [PK-01] being added to fleet [project1_pinky] using map [L1] and position [-234412742697243966634355039021793372157247488.000, 116135326975800279661465740044654840295456768.000, -3.056] specified in the initial_state argument. This can happen if the map in initial_state does not match any of the map names in the navigation graph supplied or if the position reported in the initial_state is far way from the navigation graph. This robot will not be added to the fleet.
[python3-12] [INFO] [1786464722.025041141] [project1_pinky_fleet_adapter]: Adding robot [PK-01] to fleet [project1_pinky].
[python3-12] [ERROR] [1786464722.025164732] [project1_pinky_fleet_adapter]: Unable to compute a location on the navigation graph for robot [PK-01] being added to fleet [project1_pinky] using map [L1] and position [-234412742697243966634355039021793372157247488.000, 116135326975800279661465740044654840295456768.000, -3.056] specified in the initial_state argument. This can happen if the map in initial_state does not match any of the map names in the navigation graph supplied or if the position reported in the initial_state is far way from the navigation graph. This robot will not be added to the fleet.
[python3-12] [INFO] [1786464722.130933630] [project1_pinky_fleet_adapter]: Adding robot [PK-01] to fleet [project1_pinky].
[python3-12] [ERROR] [1786464722.131049091] [project1_pinky_fleet_adapter]: Unable to compute a location on the navigation graph for robot [PK-01] being added to fleet [project1_pinky] using map [L1] and position [-234412742697243966634355039021793372157247488.000, 116135326975800279661465740044654840295456768.000, -3.056] specified in the initial_state argument. This can happen if the map in initial_state does not match any of the map names in the navigation graph supplied or if the position reported in the initial_state is far way from the navigation graph. This robot will not be added to the fleet.
[python3-12] [INFO] [1786464722.229943413] [project1_pinky_fleet_adapter]: Adding robot [PK-01] to fleet [project1_pinky].
[python3-12] [ERROR] [1786464722.230101487] [project1_pinky_fleet_adapter]: Unable to compute a location on the navigation graph for robot [PK-01] being added to fleet [project1_pinky] using map [L1] and position [-234412742697243966634355039021793372157247488.000, 116135326975800279661465740044654840295456768.000, -3.056] specified in the initial_state argument. This can happen if the map in initial_state does not match any of the map names in the navigation graph supplied or if the position reported in the initial_state is far way from the navigation graph. This robot will not be added to the fleet.
[python3-12] [INFO] [1786464722.330972501] [project1_pinky_fleet_adapter]: Adding robot [PK-01] to fleet [project1_pinky].
[python3-12] [ERROR] [1786464722.331107895] [project1_pinky_fleet_adapter]: Unable to compute a location on the navigation graph for robot [PK-01] being added to fleet [project1_pinky] using map [L1] and position [-234412742697243966634355039021793372157247488.000, 116135326975800279661465740044654840295456768.000, -3.056] specified in the initial_state argument. This can happen if the map in initial_state does not match any of the map names in the navigation graph supplied or if the position reported in the initial_state is far way from the navigation graph. This robot will not be added to the fleet.
[python3-12] [INFO] [1786464722.431610868] [project1_pinky_fleet_adapter]: Adding robot [PK-01] to fleet [project1_pinky].
[python3-12] [ERROR] [1786464722.431798215] [project1_pinky_fleet_adapter]: Unable to compute a location on the navigation graph for robot [PK-01] being added to fleet [project1_pinky] using map [L1] and position [-234412742697243966634355039021793372157247488.000, 116135326975800279661465740044654840295456768.000, -3.056] specified in the initial_state argument. This can happen if the map in initial_state does not match any of the map names in the navigation graph supplied or if the position reported in the initial_state is far way from the navigation graph. This robot will not be added to the fleet.
[python3-12] [INFO] [1786464722.530144268] [project1_pinky_fleet_adapter]: Adding robot [PK-01] to fleet [project1_pinky].
[python3-12] [ERROR] [1786464722.530287371] [project1_pinky_fleet_adapter]: Unable to compute a location on the navigation graph for robot [PK-01] being added to fleet [project1_pinky] using map [L1] and position [-234412742697243966634355039021793372157247488.000, 116135326975800279661465740044654840295456768.000, -3.056] specified in the initial_state argument. This can happen if the map in initial_state does not match any of the map names in the navigation graph supplied or if the position reported in the initial_state is far way from the navigation graph. This robot will not be added to the fleet.
[python3-12] [INFO] [1786464722.629696128] [project1_pinky_fleet_adapter]: Adding robot [PK-01] to fleet [project1_pinky].
[python3-12] [ERROR] [1786464722.629861661] [project1_pinky_fleet_adapter]: Unable to compute a location on the navigation graph for robot [PK-01] being added to fleet [project1_pinky] using map [L1] and position [-234412742697243966634355039021793372157247488.000, 116135326975800279661465740044654840295456768.000, -3.056] specified in the initial_state argument. This can happen if the map in initial_state does not match any of the map names in the navigation graph supplied or if the position reported in the initial_state is far way from the navigation graph. This robot will not be added to the fleet.
[python3-12] [INFO] [1786464722.725739815] [project1_pinky_fleet_adapter]: Adding robot [PK-01] to fleet [project1_pinky].
[python3-12] [ERROR] [1786464722.726402935] [project1_pinky_fleet_adapter]: Unable to compute a location on the navigation graph for robot [PK-01] being added to fleet [project1_pinky] using map [L1] and position [-234412742697243966634355039021793372157247488.000, 116135326975800279661465740044654840295456768.000, -3.056] specified in the initial_state argument. This can happen if the map in initial_state does not match any of the map names in the navigation graph supplied or if the position reported in the initial_state is far way from the navigation graph. This robot will not be added to the fleet.
[python3-12] [INFO] [1786464722.828735488] [project1_pinky_fleet_adapter]: Adding robot [PK-01] to fleet [project1_pinky].
[python3-12] [ERROR] [1786464722.828874363] [project1_pinky_fleet_adapter]: Unable to compute a location on the navigation graph for robot [PK-01] being added to fleet [project1_pinky] using map [L1] and position [-234412742697243966634355039021793372157247488.000, 116135326975800279661465740044654840295456768.000, -3.056] specified in the initial_state argument. This can happen if the map in initial_state does not match any of the map names in the navigation graph supplied or if the position reported in the initial_state is far way from the navigation graph. This robot will not be added to the fleet.
[planner_server-6] [WARN] [1786464722.859239091] [pinky_01.global_costmap.global_costmap]: Sensor origin at (-234412742697243966634355039021793372157247488.00, 116135326975800279661465740044654840295456768.00) is out of map bounds (-1.24, -3.24) to (3.55, 0.44). The costmap cannot raytrace for it.
[python3-12] [INFO] [1786464722.932173454] [project1_pinky_fleet_adapter]: Adding robot [PK-01] to fleet [project1_pinky].
[python3-12] [ERROR] [1786464722.932378961] [project1_pinky_fleet_adapter]: Unable to compute a location on the navigation graph for robot [PK-01] being added to fleet [project1_pinky] using map [L1] and position [-234412742697243966634355039021793372157247488.000, 116135326975800279661465740044654840295456768.000, -3.056] specified in the initial_state argument. This can happen if the map in initial_state does not match any of the map names in the navigation graph supplied or if the position reported in the initial_state is far way from the navigation graph. This robot will not be added to the fleet.
[python3-12] [INFO] [1786464723.031210970] [project1_pinky_fleet_adapter]: Adding robot [PK-01] to fleet [project1_pinky].
[python3-12] [ERROR] [1786464723.031346408] [project1_pinky_fleet_adapter]: Unable to compute a location on the navigation graph for robot [PK-01] being added to fleet [project1_pinky] using map [L1] and position [-234412742697243966634355039021793372157247488.000, 116135326975800279661465740044654840295456768.000, -3.056] specified in the initial_state argument. This can happen if the map in initial_state does not match any of the map names in the navigation graph supplied or if the position reported in the initial_state is far way from the navigation graph. This robot will not be added to the fleet.
[python3-12] [INFO] [1786464723.124902695] [project1_pinky_fleet_adapter]: Adding robot [PK-01] to fleet [project1_pinky].
[python3-12] [ERROR] [1786464723.125086784] [project1_pinky_fleet_adapter]: Unable to compute a location on the navigation graph for robot [PK-01] being added to fleet [project1_pinky] using map [L1] and position [-234412742697243966634355039021793372157247488.000, 116135326975800279661465740044654840295456768.000, -3.056] specified in the initial_state argument. This can happen if the map in initial_state does not match any of the map names in the navigation graph supplied or if the position reported in the initial_state is far way from the navigation graph. This robot will not be added to the fleet.
[python3-12] [INFO] [1786464723.224659521] [project1_pinky_fleet_adapter]: Adding robot [PK-01] to fleet [project1_pinky].
[python3-12] [ERROR] [1786464723.224791834] [project1_pinky_fleet_adapter]: Unable to compute a location on the navigation graph for robot [PK-01] being added to fleet [project1_pinky] using map [L1] and position [-234412742697243966634355039021793372157247488.000, 116135326975800279661465740044654840295456768.000, -3.056] specified in the initial_state argument. This can happen if the map in initial_state does not match any of the map names in the navigation graph supplied or if the position reported in the initial_state is far way from the navigation graph. This robot will not be added to the fleet.
[python3-12] [INFO] [1786464723.324716044] [project1_pinky_fleet_adapter]: Adding robot [PK-01] to fleet [project1_pinky].
[python3-12] [ERROR] [1786464723.324873767] [project1_pinky_fleet_adapter]: Unable to compute a location on the navigation graph for robot [PK-01] being added to fleet [project1_pinky] using map [L1] and position [-234412742697243966634355039021793372157247488.000, 116135326975800279661465740044654840295456768.000, -3.056] specified in the initial_state argument. This can happen if the map in initial_state does not match any of the map names in the navigation graph supplied or if the position reported in the initial_state is far way from the navigation graph. This robot will not be added to the fleet.
[controller_server-4] [WARN] [1786464723.337050432] [nav2_costmap_2d]: Robot is out of bounds of the costmap
[python3-12] [INFO] [1786464723.425251353] [project1_pinky_fleet_adapter]: Adding robot [PK-01] to fleet [project1_pinky].
[python3-12] [ERROR] [1786464723.425427648] [project1_pinky_fleet_adapter]: Unable to compute a location on the navigation graph for robot [PK-01] being added to fleet [project1_pinky] using map [L1] and position [-234412742697243966634355039021793372157247488.000, 116135326975800279661465740044654840295456768.000, -3.056] specified in the initial_state argument. This can happen if the map in initial_state does not match any of the map names in the navigation graph supplied or if the position reported in the initial_state is far way from the navigation graph. This robot will not be added to the fleet.
[python3-12] [INFO] [1786464723.525484475] [project1_pinky_fleet_adapter]: Adding robot [PK-01] to fleet [project1_pinky].
[python3-12] [ERROR] [1786464723.525612554] [project1_pinky_fleet_adapter]: Unable to compute a location on the navigation graph for robot [PK-01] being added to fleet [project1_pinky] using map [L1] and position [-234412742697243966634355039021793372157247488.000, 116135326975800279661465740044654840295456768.000, -3.056] specified in the initial_state argument. This can happen if the map in initial_state does not match any of the map names in the navigation graph supplied or if the position reported in the initial_state is far way from the navigation graph. This robot will not be added to the fleet.
[python3-12] [INFO] [1786464723.625243464] [project1_pinky_fleet_adapter]: Adding robot [PK-01] to fleet [project1_pinky].
[python3-12] [ERROR] [1786464723.625381283] [project1_pinky_fleet_adapter]: Unable to compute a location on the navigation graph for robot [PK-01] being added to fleet [project1_pinky] using map [L1] and position [-234412742697243966634355039021793372157247488.000, 116135326975800279661465740044654840295456768.000, -3.056] specified in the initial_state argument. This can happen if the map in initial_state does not match any of the map names in the navigation graph supplied or if the position reported in the initial_state is far way from the navigation graph. This robot will not be added to the fleet.
[python3-12] [INFO] [1786464723.725593984] [project1_pinky_fleet_adapter]: Adding robot [PK-01] to fleet [project1_pinky].
[python3-12] [ERROR] [1786464723.725748029] [project1_pinky_fleet_adapter]: Unable to compute a location on the navigation graph for robot [PK-01] being added to fleet [project1_pinky] using map [L1] and position [-234412742697243966634355039021793372157247488.000, 116135326975800279661465740044654840295456768.000, -3.056] specified in the initial_state argument. This can happen if the map in initial_state does not match any of the map names in the navigation graph supplied or if the position reported in the initial_state is far way from the navigation graph. This robot will not be added to the fleet.
[python3-12] [INFO] [1786464723.825186388] [project1_pinky_fleet_adapter]: Adding robot [PK-01] to fleet [project1_pinky].
[python3-12] [ERROR] [1786464723.825367578] [project1_pinky_fleet_adapter]: Unable to compute a location on the navigation graph for robot [PK-01] being added to fleet [project1_pinky] using map [L1] and position [-234412742697243966634355039021793372157247488.000, 116135326975800279661465740044654840295456768.000, -3.056] specified in the initial_state argument. This can happen if the map in initial_state does not match any of the map names in the navigation graph supplied or if the position reported in the initial_state is far way from the navigation graph. This robot will not be added to the fleet.
[planner_server-6] [WARN] [1786464723.859272903] [pinky_01.global_costmap.global_costmap]: Sensor origin at (-234412742697243966634355039021793372157247488.00, 116135326975800279661465740044654840295456768.00) is out of map bounds (-1.24, -3.24) to (3.55, 0.44). The costmap cannot raytrace for it.
[python3-12] [INFO] [1786464723.925622225] [project1_pinky_fleet_adapter]: Adding robot [PK-01] to fleet [project1_pinky].
[python3-12] [ERROR] [1786464723.925770018] [project1_pinky_fleet_adapter]: Unable to compute a location on the navigation graph for robot [PK-01] being added to fleet [project1_pinky] using map [L1] and position [-234412742697243966634355039021793372157247488.000, 116135326975800279661465740044654840295456768.000, -3.056] specified in the initial_state argument. This can happen if the map in initial_state does not match any of the map names in the navigation graph supplied or if the position reported in the initial_state is far way from the navigation graph. This robot will not be added to the fleet.
[python3-12] [INFO] [1786464724.024710814] [project1_pinky_fleet_adapter]: Adding robot [PK-01] to fleet [project1_pinky].
[python3-12] [ERROR] [1786464724.024905199] [project1_pinky_fleet_adapter]: Unable to compute a location on the navigation graph for robot [PK-01] being added to fleet [project1_pinky] using map [L1] and position [-234412742697243966634355039021793372157247488.000, 116135326975800279661465740044654840295456768.000, -3.056] specified in the initial_state argument. This can happen if the map in initial_state does not match any of the map names in the navigation graph supplied or if the position reported in the initial_state is far way from the navigation graph. This robot will not be added to the fleet.
[python3-12] [INFO] [1786464724.124622997] [project1_pinky_fleet_adapter]: Adding robot [PK-01] to fleet [project1_pinky].
[python3-12] [ERROR] [1786464724.124848089] [project1_pinky_fleet_adapter]: Unable to compute a location on the navigation graph for robot [PK-01] being added to fleet [project1_pinky] using map [L1] and position [-234412742697243966634355039021793372157247488.000, 116135326975800279661465740044654840295456768.000, -3.056] specified in the initial_state argument. This can happen if the map in initial_state does not match any of the map names in the navigation graph supplied or if the position reported in the initial_state is far way from the navigation graph. This robot will not be added to the fleet.
[python3-12] [INFO] [1786464724.225048659] [project1_pinky_fleet_adapter]: Adding robot [PK-01] to fleet [project1_pinky].
[python3-12] [ERROR] [1786464724.225246136] [project1_pinky_fleet_adapter]: Unable to compute a location on the navigation graph for robot [PK-01] being added to fleet [project1_pinky] using map [L1] and position [-234412742697243966634355039021793372157247488.000, 116135326975800279661465740044654840295456768.000, -3.056] specified in the initial_state argument. This can happen if the map in initial_state does not match any of the map names in the navigation graph supplied or if the position reported in the initial_state is far way from the navigation graph. This robot will not be added to the fleet.
[python3-12] [INFO] [1786464724.324715141] [project1_pinky_fleet_adapter]: Adding robot [PK-01] to fleet [project1_pinky].
[python3-12] [ERROR] [1786464724.324864534] [project1_pinky_fleet_adapter]: Unable to compute a location on the navigation graph for robot [PK-01] being added to fleet [project1_pinky] using map [L1] and position [-234412742697243966634355039021793372157247488.000, 116135326975800279661465740044654840295456768.000, -3.056] specified in the initial_state argument. This can happen if the map in initial_state does not match any of the map names in the navigation graph supplied or if the position reported in the initial_state is far way from the navigation graph. This robot will not be added to the fleet.
[python3-12] [INFO] [1786464724.424702262] [project1_pinky_fleet_adapter]: Adding robot [PK-01] to fleet [project1_pinky].
[python3-12] [ERROR] [1786464724.424908388] [project1_pinky_fleet_adapter]: Unable to compute a location on the navigation graph for robot [PK-01] being added to fleet [project1_pinky] using map [L1] and position [-234412742697243966634355039021793372157247488.000, 116135326975800279661465740044654840295456768.000, -3.056] specified in the initial_state argument. This can happen if the map in initial_state does not match any of the map names in the navigation graph supplied or if the position reported in the initial_state is far way from the navigation graph. This robot will not be added to the fleet.
[python3-12] [INFO] [1786464724.524692469] [project1_pinky_fleet_adapter]: Adding robot [PK-01] to fleet [project1_pinky].
[python3-12] [ERROR] [1786464724.524826831] [project1_pinky_fleet_adapter]: Unable to compute a location on the navigation graph for robot [PK-01] being added to fleet [project1_pinky] using map [L1] and position [-234412742697243966634355039021793372157247488.000, 116135326975800279661465740044654840295456768.000, -3.056] specified in the initial_state argument. This can happen if the map in initial_state does not match any of the map names in the navigation graph supplied or if the position reported in the initial_state is far way from the navigation graph. This robot will not be added to the fleet.
[python3-12] [INFO] [1786464724.624799764] [project1_pinky_fleet_adapter]: Adding robot [PK-01] to fleet [project1_pinky].
[python3-12] [ERROR] [1786464724.624957574] [project1_pinky_fleet_adapter]: Unable to compute a location on the navigation graph for robot [PK-01] being added to fleet [project1_pinky] using map [L1] and position [-234412742697243966634355039021793372157247488.000, 116135326975800279661465740044654840295456768.000, -3.056] specified in the initial_state argument. This can happen if the map in initial_state does not match any of the map names in the navigation graph supplied or if the position reported in the initial_state is far way from the navigation graph. This robot will not be added to the fleet.
[python3-12] [INFO] [1786464724.725063247] [project1_pinky_fleet_adapter]: Adding robot [PK-01] to fleet [project1_pinky].
[python3-12] [ERROR] [1786464724.725197462] [project1_pinky_fleet_adapter]: Unable to compute a location on the navigation graph for robot [PK-01] being added to fleet [project1_pinky] using map [L1] and position [-234412742697243966634355039021793372157247488.000, 116135326975800279661465740044654840295456768.000, -3.056] specified in the initial_state argument. This can happen if the map in initial_state does not match any of the map names in the navigation graph supplied or if the position reported in the initial_state is far way from the navigation graph. This robot will not be added to the fleet.
[python3-12] [INFO] [1786464724.824845665] [project1_pinky_fleet_adapter]: Adding robot [PK-01] to fleet [project1_pinky].
[python3-12] [ERROR] [1786464724.825019909] [project1_pinky_fleet_adapter]: Unable to compute a location on the navigation graph for robot [PK-01] being added to fleet [project1_pinky] using map [L1] and position [-234412742697243966634355039021793372157247488.000, 116135326975800279661465740044654840295456768.000, -3.056] specified in the initial_state argument. This can happen if the map in initial_state does not match any of the map names in the navigation graph supplied or if the position reported in the initial_state is far way from the navigation graph. This robot will not be added to the fleet.
[planner_server-6] [WARN] [1786464724.859271342] [pinky_01.global_costmap.global_costmap]: Sensor origin at (-234412742697243966634355039021793372157247488.00, 116135326975800279661465740044654840295456768.00) is out of map bounds (-1.24, -3.24) to (3.55, 0.44). The costmap cannot raytrace for it.
[python3-12] [INFO] [1786464724.925296394] [project1_pinky_fleet_adapter]: Adding robot [PK-01] to fleet [project1_pinky].
[python3-12] [ERROR] [1786464724.925434821] [project1_pinky_fleet_adapter]: Unable to compute a location on the navigation graph for robot [PK-01] being added to fleet [project1_pinky] using map [L1] and position [-234412742697243966634355039021793372157247488.000, 116135326975800279661465740044654840295456768.000, -3.056] specified in the initial_state argument. This can happen if the map in initial_state does not match any of the map names in the navigation graph supplied or if the position reported in the initial_state is far way from the navigation graph. This robot will not be added to the fleet.
[python3-12] [INFO] [1786464725.024942230] [project1_pinky_fleet_adapter]: Adding robot [PK-01] to fleet [project1_pinky].
[python3-12] [ERROR] [1786464725.025096919] [project1_pinky_fleet_adapter]: Unable to compute a location on the navigation graph for robot [PK-01] being added to fleet [project1_pinky] using map [L1] and position [-234412742697243966634355039021793372157247488.000, 116135326975800279661465740044654840295456768.000, -3.056] specified in the initial_state argument. This can happen if the map in initial_state does not match any of the map names in the navigation graph supplied or if the position reported in the initial_state is far way from the navigation graph. This robot will not be added to the fleet.
[python3-12] [INFO] [1786464725.124979945] [project1_pinky_fleet_adapter]: Adding robot [PK-01] to fleet [project1_pinky].
[python3-12] [ERROR] [1786464725.125119741] [project1_pinky_fleet_adapter]: Unable to compute a location on the navigation graph for robot [PK-01] being added to fleet [project1_pinky] using map [L1] and position [-234412742697243966634355039021793372157247488.000, 116135326975800279661465740044654840295456768.000, -3.056] specified in the initial_state argument. This can happen if the map in initial_state does not match any of the map names in the navigation graph supplied or if the position reported in the initial_state is far way from the navigation graph. This robot will not be added to the fleet.
[python3-12] [INFO] [1786464725.224952736] [project1_pinky_fleet_adapter]: Adding robot [PK-01] to fleet [project1_pinky].
[python3-12] [ERROR] [1786464725.225110569] [project1_pinky_fleet_adapter]: Unable to compute a location on the navigation graph for robot [PK-01] being added to fleet [project1_pinky] using map [L1] and position [-234412742697243966634355039021793372157247488.000, 116135326975800279661465740044654840295456768.000, -3.056] specified in the initial_state argument. This can happen if the map in initial_state does not match any of the map names in the navigation graph supplied or if the position reported in the initial_state is far way from the navigation graph. This robot will not be added to the fleet.
[gazebo-1] [1;31m[Err] [SimulationFeatures.cc:131] [0m[1;31mSome links in model 'pinky_01' have invalid poses. Resetting to last known poses.[0m[1;31m Also resetting velocities and accelerations to zero.[0m[1;31m[0m
[python3-12] [INFO] [1786464725.325443810] [project1_pinky_fleet_adapter]: Adding robot [PK-01] to fleet [project1_pinky].
[python3-12] [ERROR] [1786464725.325573808] [project1_pinky_fleet_adapter]: Unable to compute a location on the navigation graph for robot [PK-01] being added to fleet [project1_pinky] using map [L1] and position [-234412742697243966634355039021793372157247488.000, 116135326975800279661465740044654840295456768.000, -3.056] specified in the initial_state argument. This can happen if the map in initial_state does not match any of the map names in the navigation graph supplied or if the position reported in the initial_state is far way from the navigation graph. This robot will not be added to the fleet.
[python3-12] [INFO] [1786464725.429623898] [project1_pinky_fleet_adapter]: Adding robot [PK-01] to fleet [project1_pinky].
[python3-12] [ERROR] [1786464725.429774613] [project1_pinky_fleet_adapter]: Unable to compute a location on the navigation graph for robot [PK-01] being added to fleet [project1_pinky] using map [L1] and position [-234412742697243966634355039021793372157247488.000, 116135326975800279661465740044654840295456768.000, -3.056] specified in the initial_state argument. This can happen if the map in initial_state does not match any of the map names in the navigation graph supplied or if the position reported in the initial_state is far way from the navigation graph. This robot will not be added to the fleet.
[python3-12] [INFO] [1786464725.529493023] [project1_pinky_fleet_adapter]: Adding robot [PK-01] to fleet [project1_pinky].
[python3-12] [ERROR] [1786464725.529651856] [project1_pinky_fleet_adapter]: Unable to compute a location on the navigation graph for robot [PK-01] being added to fleet [project1_pinky] using map [L1] and position [-234412742697243966634355039021793372157247488.000, 116135326975800279661465740044654840295456768.000, -3.056] specified in the initial_state argument. This can happen if the map in initial_state does not match any of the map names in the navigation graph supplied or if the position reported in the initial_state is far way from the navigation graph. This robot will not be added to the fleet.
[python3-12] [INFO] [1786464725.628725293] [project1_pinky_fleet_adapter]: Adding robot [PK-01] to fleet [project1_pinky].
[python3-12] [ERROR] [1786464725.628883964] [project1_pinky_fleet_adapter]: Unable to compute a location on the navigation graph for robot [PK-01] being added to fleet [project1_pinky] using map [L1] and position [-234412742697243966634355039021793372157247488.000, 116135326975800279661465740044654840295456768.000, -3.056] specified in the initial_state argument. This can happen if the map in initial_state does not match any of the map names in the navigation graph supplied or if the position reported in the initial_state is far way from the navigation graph. This robot will not be added to the fleet.
[python3-12] [INFO] [1786464725.729277001] [project1_pinky_fleet_adapter]: Adding robot [PK-01] to fleet [project1_pinky].
[python3-12] [ERROR] [1786464725.729409305] [project1_pinky_fleet_adapter]: Unable to compute a location on the navigation graph for robot [PK-01] being added to fleet [project1_pinky] using map [L1] and position [-234412742697243966634355039021793372157247488.000, 116135326975800279661465740044654840295456768.000, -3.056] specified in the initial_state argument. This can happen if the map in initial_state does not match any of the map names in the navigation graph supplied or if the position reported in the initial_state is far way from the navigation graph. This robot will not be added to the fleet.
[python3-12] [INFO] [1786464725.830620900] [project1_pinky_fleet_adapter]: Adding robot [PK-01] to fleet [project1_pinky].
[python3-12] [ERROR] [1786464725.830768931] [project1_pinky_fleet_adapter]: Unable to compute a location on the navigation graph for robot [PK-01] being added to fleet [project1_pinky] using map [L1] and position [-234412742697243966634355039021793372157247488.000, 116135326975800279661465740044654840295456768.000, -3.056] specified in the initial_state argument. This can happen if the map in initial_state does not match any of the map names in the navigation graph supplied or if the position reported in the initial_state is far way from the navigation graph. This robot will not be added to the fleet.
[planner_server-6] [WARN] [1786464725.859240010] [pinky_01.global_costmap.global_costmap]: Sensor origin at (-234412742697243966634355039021793372157247488.00, 116135326975800279661465740044654840295456768.00) is out of map bounds (-1.24, -3.24) to (3.55, 0.44). The costmap cannot raytrace for it.
[python3-12] [INFO] [1786464725.928390052] [project1_pinky_fleet_adapter]: Adding robot [PK-01] to fleet [project1_pinky].
[python3-12] [ERROR] [1786464725.928535683] [project1_pinky_fleet_adapter]: Unable to compute a location on the navigation graph for robot [PK-01] being added to fleet [project1_pinky] using map [L1] and position [-234412742697243966634355039021793372157247488.000, 116135326975800279661465740044654840295456768.000, -3.056] specified in the initial_state argument. This can happen if the map in initial_state does not match any of the map names in the navigation graph supplied or if the position reported in the initial_state is far way from the navigation graph. This robot will not be added to the fleet.
[python3-12] [INFO] [1786464726.029694782] [project1_pinky_fleet_adapter]: Adding robot [PK-01] to fleet [project1_pinky].
[python3-12] [ERROR] [1786464726.029853132] [project1_pinky_fleet_adapter]: Unable to compute a location on the navigation graph for robot [PK-01] being added to fleet [project1_pinky] using map [L1] and position [-234412742697243966634355039021793372157247488.000, 116135326975800279661465740044654840295456768.000, -3.056] specified in the initial_state argument. This can happen if the map in initial_state does not match any of the map names in the navigation graph supplied or if the position reported in the initial_state is far way from the navigation graph. This robot will not be added to the fleet.
[python3-12] [INFO] [1786464726.128556070] [project1_pinky_fleet_adapter]: Adding robot [PK-01] to fleet [project1_pinky].
[python3-12] [ERROR] [1786464726.128698561] [project1_pinky_fleet_adapter]: Unable to compute a location on the navigation graph for robot [PK-01] being added to fleet [project1_pinky] using map [L1] and position [-234412742697243966634355039021793372157247488.000, 116135326975800279661465740044654840295456768.000, -3.056] specified in the initial_state argument. This can happen if the map in initial_state does not match any of the map names in the navigation graph supplied or if the position reported in the initial_state is far way from the navigation graph. This robot will not be added to the fleet.
[python3-12] [INFO] [1786464726.229862514] [project1_pinky_fleet_adapter]: Adding robot [PK-01] to fleet [project1_pinky].
[python3-12] [ERROR] [1786464726.230003237] [project1_pinky_fleet_adapter]: Unable to compute a location on the navigation graph for robot [PK-01] being added to fleet [project1_pinky] using map [L1] and position [-234412742697243966634355039021793372157247488.000, 116135326975800279661465740044654840295456768.000, -3.056] specified in the initial_state argument. This can happen if the map in initial_state does not match any of the map names in the navigation graph supplied or if the position reported in the initial_state is far way from the navigation graph. This robot will not be added to the fleet.
[python3-12] [INFO] [1786464726.330715890] [project1_pinky_fleet_adapter]: Adding robot [PK-01] to fleet [project1_pinky].
[python3-12] [ERROR] [1786464726.330844877] [project1_pinky_fleet_adapter]: Unable to compute a location on the navigation graph for robot [PK-01] being added to fleet [project1_pinky] using map [L1] and position [-234412742697243966634355039021793372157247488.000, 116135326975800279661465740044654840295456768.000, -3.056] specified in the initial_state argument. This can happen if the map in initial_state does not match any of the map names in the navigation graph supplied or if the position reported in the initial_state is far way from the navigation graph. This robot will not be added to the fleet.
[python3-12] [INFO] [1786464726.425671742] [project1_pinky_fleet_adapter]: Adding robot [PK-01] to fleet [project1_pinky].
[python3-12] [ERROR] [1786464726.425842374] [project1_pinky_fleet_adapter]: Unable to compute a location on the navigation graph for robot [PK-01] being added to fleet [project1_pinky] using map [L1] and position [-234412742697243966634355039021793372157247488.000, 116135326975800279661465740044654840295456768.000, -3.056] specified in the initial_state argument. This can happen if the map in initial_state does not match any of the map names in the navigation graph supplied or if the position reported in the initial_state is far way from the navigation graph. This robot will not be added to the fleet.
[python3-12] [INFO] [1786464726.525273750] [project1_pinky_fleet_adapter]: Adding robot [PK-01] to fleet [project1_pinky].
[python3-12] [ERROR] [1786464726.525407784] [project1_pinky_fleet_adapter]: Unable to compute a location on the navigation graph for robot [PK-01] being added to fleet [project1_pinky] using map [L1] and position [-234412742697243966634355039021793372157247488.000, 116135326975800279661465740044654840295456768.000, -3.056] specified in the initial_state argument. This can happen if the map in initial_state does not match any of the map names in the navigation graph supplied or if the position reported in the initial_state is far way from the navigation graph. This robot will not be added to the fleet.
[python3-12] [INFO] [1786464726.624951634] [project1_pinky_fleet_adapter]: Adding robot [PK-01] to fleet [project1_pinky].
[python3-12] [ERROR] [1786464726.625111975] [project1_pinky_fleet_adapter]: Unable to compute a location on the navigation graph for robot [PK-01] being added to fleet [project1_pinky] using map [L1] and position [-234412742697243966634355039021793372157247488.000, 116135326975800279661465740044654840295456768.000, -3.056] specified in the initial_state argument. This can happen if the map in initial_state does not match any of the map names in the navigation graph supplied or if the position reported in the initial_state is far way from the navigation graph. This robot will not be added to the fleet.
[python3-12] [INFO] [1786464726.725180109] [project1_pinky_fleet_adapter]: Adding robot [PK-01] to fleet [project1_pinky].
[python3-12] [ERROR] [1786464726.725337646] [project1_pinky_fleet_adapter]: Unable to compute a location on the navigation graph for robot [PK-01] being added to fleet [project1_pinky] using map [L1] and position [-234412742697243966634355039021793372157247488.000, 116135326975800279661465740044654840295456768.000, -3.056] specified in the initial_state argument. This can happen if the map in initial_state does not match any of the map names in the navigation graph supplied or if the position reported in the initial_state is far way from the navigation graph. This robot will not be added to the fleet.
[python3-12] [INFO] [1786464726.824859803] [project1_pinky_fleet_adapter]: Adding robot [PK-01] to fleet [project1_pinky].
[python3-12] [ERROR] [1786464726.825025507] [project1_pinky_fleet_adapter]: Unable to compute a location on the navigation graph for robot [PK-01] being added to fleet [project1_pinky] using map [L1] and position [-234412742697243966634355039021793372157247488.000, 116135326975800279661465740044654840295456768.000, -3.056] specified in the initial_state argument. This can happen if the map in initial_state does not match any of the map names in the navigation graph supplied or if the position reported in the initial_state is far way from the navigation graph. This robot will not be added to the fleet.
[planner_server-6] [WARN] [1786464726.859238606] [nav2_costmap_2d]: Robot is out of bounds of the costmap
[planner_server-6] [WARN] [1786464726.859271643] [pinky_01.global_costmap.global_costmap]: Sensor origin at (-234412742697243966634355039021793372157247488.00, 116135326975800279661465740044654840295456768.00) is out of map bounds (-1.24, -3.24) to (3.55, 0.44). The costmap cannot raytrace for it.
[python3-12] [INFO] [1786464726.924859731] [project1_pinky_fleet_adapter]: Adding robot [PK-01] to fleet [project1_pinky].
[python3-12] [ERROR] [1786464726.925187682] [project1_pinky_fleet_adapter]: Unable to compute a location on the navigation graph for robot [PK-01] being added to fleet [project1_pinky] using map [L1] and position [-234412742697243966634355039021793372157247488.000, 116135326975800279661465740044654840295456768.000, -3.056] specified in the initial_state argument. This can happen if the map in initial_state does not match any of the map names in the navigation graph supplied or if the position reported in the initial_state is far way from the navigation graph. This robot will not be added to the fleet.
[python3-12] [INFO] [1786464727.025083584] [project1_pinky_fleet_adapter]: Adding robot [PK-01] to fleet [project1_pinky].
[python3-12] [ERROR] [1786464727.025230167] [project1_pinky_fleet_adapter]: Unable to compute a location on the navigation graph for robot [PK-01] being added to fleet [project1_pinky] using map [L1] and position [-234412742697243966634355039021793372157247488.000, 116135326975800279661465740044654840295456768.000, -3.056] specified in the initial_state argument. This can happen if the map in initial_state does not match any of the map names in the navigation graph supplied or if the position reported in the initial_state is far way from the navigation graph. This robot will not be added to the fleet.
[python3-12] [INFO] [1786464727.124883938] [project1_pinky_fleet_adapter]: Adding robot [PK-01] to fleet [project1_pinky].
[python3-12] [ERROR] [1786464727.125029264] [project1_pinky_fleet_adapter]: Unable to compute a location on the navigation graph for robot [PK-01] being added to fleet [project1_pinky] using map [L1] and position [-234412742697243966634355039021793372157247488.000, 116135326975800279661465740044654840295456768.000, -3.056] specified in the initial_state argument. This can happen if the map in initial_state does not match any of the map names in the navigation graph supplied or if the position reported in the initial_state is far way from the navigation graph. This robot will not be added to the fleet.
[python3-12] [INFO] [1786464727.225503751] [project1_pinky_fleet_adapter]: Adding robot [PK-01] to fleet [project1_pinky].
[python3-12] [ERROR] [1786464727.225687280] [project1_pinky_fleet_adapter]: Unable to compute a location on the navigation graph for robot [PK-01] being added to fleet [project1_pinky] using map [L1] and position [-234412742697243966634355039021793372157247488.000, 116135326975800279661465740044654840295456768.000, -3.056] specified in the initial_state argument. This can happen if the map in initial_state does not match any of the map names in the navigation graph supplied or if the position reported in the initial_state is far way from the navigation graph. This robot will not be added to the fleet.
[python3-12] [INFO] [1786464727.325240609] [project1_pinky_fleet_adapter]: Adding robot [PK-01] to fleet [project1_pinky].
[python3-12] [ERROR] [1786464727.325379430] [project1_pinky_fleet_adapter]: Unable to compute a location on the navigation graph for robot [PK-01] being added to fleet [project1_pinky] using map [L1] and position [-234412742697243966634355039021793372157247488.000, 116135326975800279661465740044654840295456768.000, -3.056] specified in the initial_state argument. This can happen if the map in initial_state does not match any of the map names in the navigation graph supplied or if the position reported in the initial_state is far way from the navigation graph. This robot will not be added to the fleet.
[python3-12] [INFO] [1786464727.425142676] [project1_pinky_fleet_adapter]: Adding robot [PK-01] to fleet [project1_pinky].
[python3-12] [ERROR] [1786464727.425282470] [project1_pinky_fleet_adapter]: Unable to compute a location on the navigation graph for robot [PK-01] being added to fleet [project1_pinky] using map [L1] and position [-234412742697243966634355039021793372157247488.000, 116135326975800279661465740044654840295456768.000, -3.056] specified in the initial_state argument. This can happen if the map in initial_state does not match any of the map names in the navigation graph supplied or if the position reported in the initial_state is far way from the navigation graph. This robot will not be added to the fleet.
[python3-12] [INFO] [1786464727.524879616] [project1_pinky_fleet_adapter]: Adding robot [PK-01] to fleet [project1_pinky].
[python3-12] [ERROR] [1786464727.525038674] [project1_pinky_fleet_adapter]: Unable to compute a location on the navigation graph for robot [PK-01] being added to fleet [project1_pinky] using map [L1] and position [-234412742697243966634355039021793372157247488.000, 116135326975800279661465740044654840295456768.000, -3.056] specified in the initial_state argument. This can happen if the map in initial_state does not match any of the map names in the navigation graph supplied or if the position reported in the initial_state is far way from the navigation graph. This robot will not be added to the fleet.
[python3-12] [INFO] [1786464727.609988909] [project1_pinky_fleet_adapter]: Requesting new schedule update because update timed out
[python3-12] [INFO] [1786464727.610042424] [project1_pinky_fleet_adapter]: [rmf_traffic_ros2::MirrorManager::request_update] Requesting changes for query ID [1] since version [2]
[schedule_visualizer_node-4] [INFO] [1786464727.613679225] [schedule_data_node]: Requesting new schedule update because update timed out
[schedule_visualizer_node-4] [INFO] [1786464727.613736961] [schedule_data_node]: [rmf_traffic_ros2::MirrorManager::request_update] Requesting changes for query ID [1] since version [2]
[python3-12] [INFO] [1786464727.625272184] [project1_pinky_fleet_adapter]: Adding robot [PK-01] to fleet [project1_pinky].
[python3-12] [ERROR] [1786464727.625410432] [project1_pinky_fleet_adapter]: Unable to compute a location on the navigation graph for robot [PK-01] being added to fleet [project1_pinky] using map [L1] and position [-234412742697243966634355039021793372157247488.000, 116135326975800279661465740044654840295456768.000, -3.056] specified in the initial_state argument. This can happen if the map in initial_state does not match any of the map names in the navigation graph supplied or if the position reported in the initial_state is far way from the navigation graph. This robot will not be added to the fleet.
[python3-12] [INFO] [1786464727.725525366] [project1_pinky_fleet_adapter]: Adding robot [PK-01] to fleet [project1_pinky].
[python3-12] [ERROR] [1786464727.725729253] [project1_pinky_fleet_adapter]: Unable to compute a location on the navigation graph for robot [PK-01] being added to fleet [project1_pinky] using map [L1] and position [-234412742697243966634355039021793372157247488.000, 116135326975800279661465740044654840295456768.000, -3.056] specified in the initial_state argument. This can happen if the map in initial_state does not match any of the map names in the navigation graph supplied or if the position reported in the initial_state is far way from the navigation graph. This robot will not be added to the fleet.
[python3-12] [INFO] [1786464727.825827598] [project1_pinky_fleet_adapter]: Adding robot [PK-01] to fleet [project1_pinky].
[python3-12] [ERROR] [1786464727.826011518] [project1_pinky_fleet_adapter]: Unable to compute a location on the navigation graph for robot [PK-01] being added to fleet [project1_pinky] using map [L1] and position [-234412742697243966634355039021793372157247488.000, 116135326975800279661465740044654840295456768.000, -3.056] specified in the initial_state argument. This can happen if the map in initial_state does not match any of the map names in the navigation graph supplied or if the position reported in the initial_state is far way from the navigation graph. This robot will not be added to the fleet.
[planner_server-6] [WARN] [1786464727.859251356] [pinky_01.global_costmap.global_costmap]: Sensor origin at (-234412742697243966634355039021793372157247488.00, 116135326975800279661465740044654840295456768.00) is out of map bounds (-1.24, -3.24) to (3.55, 0.44). The costmap cannot raytrace for it.
[python3-12] [INFO] [1786464727.924664605] [project1_pinky_fleet_adapter]: Adding robot [PK-01] to fleet [project1_pinky].
[python3-12] [ERROR] [1786464727.924802434] [project1_pinky_fleet_adapter]: Unable to compute a location on the navigation graph for robot [PK-01] being added to fleet [project1_pinky] using map [L1] and position [-234412742697243966634355039021793372157247488.000, 116135326975800279661465740044654840295456768.000, -3.056] specified in the initial_state argument. This can happen if the map in initial_state does not match any of the map names in the navigation graph supplied or if the position reported in the initial_state is far way from the navigation graph. This robot will not be added to the fleet.
[python3-12] [INFO] [1786464728.024829593] [project1_pinky_fleet_adapter]: Adding robot [PK-01] to fleet [project1_pinky].
[python3-12] [ERROR] [1786464728.024946147] [project1_pinky_fleet_adapter]: Unable to compute a location on the navigation graph for robot [PK-01] being added to fleet [project1_pinky] using map [L1] and position [-234412742697243966634355039021793372157247488.000, 116135326975800279661465740044654840295456768.000, -3.056] specified in the initial_state argument. This can happen if the map in initial_state does not match any of the map names in the navigation graph supplied or if the position reported in the initial_state is far way from the navigation graph. This robot will not be added to the fleet.
[python3-12] [INFO] [1786464728.125347217] [project1_pinky_fleet_adapter]: Adding robot [PK-01] to fleet [project1_pinky].
[python3-12] [ERROR] [1786464728.125481369] [project1_pinky_fleet_adapter]: Unable to compute a location on the navigation graph for robot [PK-01] being added to fleet [project1_pinky] using map [L1] and position [-234412742697243966634355039021793372157247488.000, 116135326975800279661465740044654840295456768.000, -3.056] specified in the initial_state argument. This can happen if the map in initial_state does not match any of the map names in the navigation graph supplied or if the position reported in the initial_state is far way from the navigation graph. This robot will not be added to the fleet.
[python3-12] [INFO] [1786464728.225027904] [project1_pinky_fleet_adapter]: Adding robot [PK-01] to fleet [project1_pinky].
[python3-12] [ERROR] [1786464728.225177372] [project1_pinky_fleet_adapter]: Unable to compute a location on the navigation graph for robot [PK-01] being added to fleet [project1_pinky] using map [L1] and position [-234412742697243966634355039021793372157247488.000, 116135326975800279661465740044654840295456768.000, -3.056] specified in the initial_state argument. This can happen if the map in initial_state does not match any of the map names in the navigation graph supplied or if the position reported in the initial_state is far way from the navigation graph. This robot will not be added to the fleet.
[python3-12] [INFO] [1786464728.324963212] [project1_pinky_fleet_adapter]: Adding robot [PK-01] to fleet [project1_pinky].
[python3-12] [ERROR] [1786464728.325103354] [project1_pinky_fleet_adapter]: Unable to compute a location on the navigation graph for robot [PK-01] being added to fleet [project1_pinky] using map [L1] and position [-234412742697243966634355039021793372157247488.000, 116135326975800279661465740044654840295456768.000, -3.056] specified in the initial_state argument. This can happen if the map in initial_state does not match any of the map names in the navigation graph supplied or if the position reported in the initial_state is far way from the navigation graph. This robot will not be added to the fleet.
[python3-12] [INFO] [1786464728.425717032] [project1_pinky_fleet_adapter]: Adding robot [PK-01] to fleet [project1_pinky].
[python3-12] [ERROR] [1786464728.425870850] [project1_pinky_fleet_adapter]: Unable to compute a location on the navigation graph for robot [PK-01] being added to fleet [project1_pinky] using map [L1] and position [-234412742697243966634355039021793372157247488.000, 116135326975800279661465740044654840295456768.000, -3.056] specified in the initial_state argument. This can happen if the map in initial_state does not match any of the map names in the navigation graph supplied or if the position reported in the initial_state is far way from the navigation graph. This robot will not be added to the fleet.
[python3-12] [INFO] [1786464728.524849058] [project1_pinky_fleet_adapter]: Adding robot [PK-01] to fleet [project1_pinky].
[python3-12] [ERROR] [1786464728.525055975] [project1_pinky_fleet_adapter]: Unable to compute a location on the navigation graph for robot [PK-01] being added to fleet [project1_pinky] using map [L1] and position [-234412742697243966634355039021793372157247488.000, 116135326975800279661465740044654840295456768.000, -3.056] specified in the initial_state argument. This can happen if the map in initial_state does not match any of the map names in the navigation graph supplied or if the position reported in the initial_state is far way from the navigation graph. This robot will not be added to the fleet.
[controller_server-4] [WARN] [1786464728.536992327] [nav2_costmap_2d]: Robot is out of bounds of the costmap
[python3-12] [INFO] [1786464728.626274405] [project1_pinky_fleet_adapter]: Adding robot [PK-01] to fleet [project1_pinky].
[python3-12] [ERROR] [1786464728.626441518] [project1_pinky_fleet_adapter]: Unable to compute a location on the navigation graph for robot [PK-01] being added to fleet [project1_pinky] using map [L1] and position [-234412742697243966634355039021793372157247488.000, 116135326975800279661465740044654840295456768.000, -3.056] specified in the initial_state argument. This can happen if the map in initial_state does not match any of the map names in the navigation graph supplied or if the position reported in the initial_state is far way from the navigation graph. This robot will not be added to the fleet.
[python3-12] [INFO] [1786464728.730876055] [project1_pinky_fleet_adapter]: Adding robot [PK-01] to fleet [project1_pinky].
[python3-12] [ERROR] [1786464728.731041540] [project1_pinky_fleet_adapter]: Unable to compute a location on the navigation graph for robot [PK-01] being added to fleet [project1_pinky] using map [L1] and position [-234412742697243966634355039021793372157247488.000, 116135326975800279661465740044654840295456768.000, -3.056] specified in the initial_state argument. This can happen if the map in initial_state does not match any of the map names in the navigation graph supplied or if the position reported in the initial_state is far way from the navigation graph. This robot will not be added to the fleet.
[python3-12] [INFO] [1786464728.832254372] [project1_pinky_fleet_adapter]: Adding robot [PK-01] to fleet [project1_pinky].
[python3-12] [ERROR] [1786464728.832397702] [project1_pinky_fleet_adapter]: Unable to compute a location on the navigation graph for robot [PK-01] being added to fleet [project1_pinky] using map [L1] and position [-234412742697243966634355039021793372157247488.000, 116135326975800279661465740044654840295456768.000, -3.056] specified in the initial_state argument. This can happen if the map in initial_state does not match any of the map names in the navigation graph supplied or if the position reported in the initial_state is far way from the navigation graph. This robot will not be added to the fleet.
[planner_server-6] [WARN] [1786464728.859286094] [pinky_01.global_costmap.global_costmap]: Sensor origin at (-234412742697243966634355039021793372157247488.00, 116135326975800279661465740044654840295456768.00) is out of map bounds (-1.24, -3.24) to (3.55, 0.44). The costmap cannot raytrace for it.
[python3-12] [INFO] [1786464728.928950263] [project1_pinky_fleet_adapter]: Adding robot [PK-01] to fleet [project1_pinky].
[python3-12] [ERROR] [1786464728.929099807] [project1_pinky_fleet_adapter]: Unable to compute a location on the navigation graph for robot [PK-01] being added to fleet [project1_pinky] using map [L1] and position [-234412742697243966634355039021793372157247488.000, 116135326975800279661465740044654840295456768.000, -3.056] specified in the initial_state argument. This can happen if the map in initial_state does not match any of the map names in the navigation graph supplied or if the position reported in the initial_state is far way from the navigation graph. This robot will not be added to the fleet.
[gazebo-1] [1;31m[Err] [SimulationFeatures.cc:131] [0m[1;31mSome links in model 'pinky_01' have invalid poses. Resetting to last known poses.[0m[1;31m Also resetting velocities and accelerations to zero.[0m[1;31m[0m
[python3-12] [INFO] [1786464729.031395571] [project1_pinky_fleet_adapter]: Adding robot [PK-01] to fleet [project1_pinky].
[python3-12] [ERROR] [1786464729.031503284] [project1_pinky_fleet_adapter]: Unable to compute a location on the navigation graph for robot [PK-01] being added to fleet [project1_pinky] using map [L1] and position [-234412742697243966634355039021793372157247488.000, 116135326975800279661465740044654840295456768.000, -3.056] specified in the initial_state argument. This can happen if the map in initial_state does not match any of the map names in the navigation graph supplied or if the position reported in the initial_state is far way from the navigation graph. This robot will not be added to the fleet.
[python3-12] [INFO] [1786464729.130352822] [project1_pinky_fleet_adapter]: Adding robot [PK-01] to fleet [project1_pinky].
[python3-12] [ERROR] [1786464729.130467819] [project1_pinky_fleet_adapter]: Unable to compute a location on the navigation graph for robot [PK-01] being added to fleet [project1_pinky] using map [L1] and position [-234412742697243966634355039021793372157247488.000, 116135326975800279661465740044654840295456768.000, -3.056] specified in the initial_state argument. This can happen if the map in initial_state does not match any of the map names in the navigation graph supplied or if the position reported in the initial_state is far way from the navigation graph. This robot will not be added to the fleet.
[python3-12] [INFO] [1786464729.229598363] [project1_pinky_fleet_adapter]: Adding robot [PK-01] to fleet [project1_pinky].
[python3-12] [ERROR] [1786464729.229789004] [project1_pinky_fleet_adapter]: Unable to compute a location on the navigation graph for robot [PK-01] being added to fleet [project1_pinky] using map [L1] and position [-234412742697243966634355039021793372157247488.000, 116135326975800279661465740044654840295456768.000, -3.056] specified in the initial_state argument. This can happen if the map in initial_state does not match any of the map names in the navigation graph supplied or if the position reported in the initial_state is far way from the navigation graph. This robot will not be added to the fleet.
[python3-12] [INFO] [1786464729.330742840] [project1_pinky_fleet_adapter]: Adding robot [PK-01] to fleet [project1_pinky].
[python3-12] [ERROR] [1786464729.330903033] [project1_pinky_fleet_adapter]: Unable to compute a location on the navigation graph for robot [PK-01] being added to fleet [project1_pinky] using map [L1] and position [-234412742697243966634355039021793372157247488.000, 116135326975800279661465740044654840295456768.000, -3.056] specified in the initial_state argument. This can happen if the map in initial_state does not match any of the map names in the navigation graph supplied or if the position reported in the initial_state is far way from the navigation graph. This robot will not be added to the fleet.
[python3-12] [INFO] [1786464729.431478665] [project1_pinky_fleet_adapter]: Adding robot [PK-01] to fleet [project1_pinky].
[python3-12] [ERROR] [1786464729.431585092] [project1_pinky_fleet_adapter]: Unable to compute a location on the navigation graph for robot [PK-01] being added to fleet [project1_pinky] using map [L1] and position [-234412742697243966634355039021793372157247488.000, 116135326975800279661465740044654840295456768.000, -3.056] specified in the initial_state argument. This can happen if the map in initial_state does not match any of the map names in the navigation graph supplied or if the position reported in the initial_state is far way from the navigation graph. This robot will not be added to the fleet.
[python3-12] [INFO] [1786464729.530543328] [project1_pinky_fleet_adapter]: Adding robot [PK-01] to fleet [project1_pinky].
[python3-12] [ERROR] [1786464729.530715360] [project1_pinky_fleet_adapter]: Unable to compute a location on the navigation graph for robot [PK-01] being added to fleet [project1_pinky] using map [L1] and position [-234412742697243966634355039021793372157247488.000, 116135326975800279661465740044654840295456768.000, -3.056] specified in the initial_state argument. This can happen if the map in initial_state does not match any of the map names in the navigation graph supplied or if the position reported in the initial_state is far way from the navigation graph. This robot will not be added to the fleet.
[python3-12] [INFO] [1786464729.628613115] [project1_pinky_fleet_adapter]: Adding robot [PK-01] to fleet [project1_pinky].
[python3-12] [ERROR] [1786464729.628749562] [project1_pinky_fleet_adapter]: Unable to compute a location on the navigation graph for robot [PK-01] being added to fleet [project1_pinky] using map [L1] and position [-234412742697243966634355039021793372157247488.000, 116135326975800279661465740044654840295456768.000, -3.056] specified in the initial_state argument. This can happen if the map in initial_state does not match any of the map names in the navigation graph supplied or if the position reported in the initial_state is far way from the navigation graph. This robot will not be added to the fleet.
[python3-12] [INFO] [1786464729.725774627] [project1_pinky_fleet_adapter]: Adding robot [PK-01] to fleet [project1_pinky].
[python3-12] [ERROR] [1786464729.725904119] [project1_pinky_fleet_adapter]: Unable to compute a location on the navigation graph for robot [PK-01] being added to fleet [project1_pinky] using map [L1] and position [-234412742697243966634355039021793372157247488.000, 116135326975800279661465740044654840295456768.000, -3.056] specified in the initial_state argument. This can happen if the map in initial_state does not match any of the map names in the navigation graph supplied or if the position reported in the initial_state is far way from the navigation graph. This robot will not be added to the fleet.
[python3-12] [INFO] [1786464729.825271612] [project1_pinky_fleet_adapter]: Adding robot [PK-01] to fleet [project1_pinky].
[python3-12] [ERROR] [1786464729.825381995] [project1_pinky_fleet_adapter]: Unable to compute a location on the navigation graph for robot [PK-01] being added to fleet [project1_pinky] using map [L1] and position [-234412742697243966634355039021793372157247488.000, 116135326975800279661465740044654840295456768.000, -3.056] specified in the initial_state argument. This can happen if the map in initial_state does not match any of the map names in the navigation graph supplied or if the position reported in the initial_state is far way from the navigation graph. This robot will not be added to the fleet.
[planner_server-6] [WARN] [1786464729.859269074] [pinky_01.global_costmap.global_costmap]: Sensor origin at (-234412742697243966634355039021793372157247488.00, 116135326975800279661465740044654840295456768.00) is out of map bounds (-1.24, -3.24) to (3.55, 0.44). The costmap cannot raytrace for it.
[python3-12] [INFO] [1786464729.924968834] [project1_pinky_fleet_adapter]: Adding robot [PK-01] to fleet [project1_pinky].
[python3-12] [ERROR] [1786464729.925142909] [project1_pinky_fleet_adapter]: Unable to compute a location on the navigation graph for robot [PK-01] being added to fleet [project1_pinky] using map [L1] and position [-234412742697243966634355039021793372157247488.000, 116135326975800279661465740044654840295456768.000, -3.056] specified in the initial_state argument. This can happen if the map in initial_state does not match any of the map names in the navigation graph supplied or if the position reported in the initial_state is far way from the navigation graph. This robot will not be added to the fleet.
[python3-12] [INFO] [1786464730.024763473] [project1_pinky_fleet_adapter]: Adding robot [PK-01] to fleet [project1_pinky].
[python3-12] [ERROR] [1786464730.024933056] [project1_pinky_fleet_adapter]: Unable to compute a location on the navigation graph for robot [PK-01] being added to fleet [project1_pinky] using map [L1] and position [-234412742697243966634355039021793372157247488.000, 116135326975800279661465740044654840295456768.000, -3.056] specified in the initial_state argument. This can happen if the map in initial_state does not match any of the map names in the navigation graph supplied or if the position reported in the initial_state is far way from the navigation graph. This robot will not be added to the fleet.
[python3-12] [INFO] [1786464730.124827375] [project1_pinky_fleet_adapter]: Adding robot [PK-01] to fleet [project1_pinky].
[python3-12] [ERROR] [1786464730.124992041] [project1_pinky_fleet_adapter]: Unable to compute a location on the navigation graph for robot [PK-01] being added to fleet [project1_pinky] using map [L1] and position [-234412742697243966634355039021793372157247488.000, 116135326975800279661465740044654840295456768.000, -3.056] specified in the initial_state argument. This can happen if the map in initial_state does not match any of the map names in the navigation graph supplied or if the position reported in the initial_state is far way from the navigation graph. This robot will not be added to the fleet.
[python3-12] [INFO] [1786464730.225388318] [project1_pinky_fleet_adapter]: Adding robot [PK-01] to fleet [project1_pinky].
[python3-12] [ERROR] [1786464730.225516707] [project1_pinky_fleet_adapter]: Unable to compute a location on the navigation graph for robot [PK-01] being added to fleet [project1_pinky] using map [L1] and position [-234412742697243966634355039021793372157247488.000, 116135326975800279661465740044654840295456768.000, -3.056] specified in the initial_state argument. This can happen if the map in initial_state does not match any of the map names in the navigation graph supplied or if the position reported in the initial_state is far way from the navigation graph. This robot will not be added to the fleet.
[python3-12] [INFO] [1786464730.325099015] [project1_pinky_fleet_adapter]: Adding robot [PK-01] to fleet [project1_pinky].
[python3-12] [ERROR] [1786464730.325234870] [project1_pinky_fleet_adapter]: Unable to compute a location on the navigation graph for robot [PK-01] being added to fleet [project1_pinky] using map [L1] and position [-234412742697243966634355039021793372157247488.000, 116135326975800279661465740044654840295456768.000, -3.056] specified in the initial_state argument. This can happen if the map in initial_state does not match any of the map names in the navigation graph supplied or if the position reported in the initial_state is far way from the navigation graph. This robot will not be added to the fleet.
[python3-12] [INFO] [1786464730.424811039] [project1_pinky_fleet_adapter]: Adding robot [PK-01] to fleet [project1_pinky].
[python3-12] [ERROR] [1786464730.424967720] [project1_pinky_fleet_adapter]: Unable to compute a location on the navigation graph for robot [PK-01] being added to fleet [project1_pinky] using map [L1] and position [-234412742697243966634355039021793372157247488.000, 116135326975800279661465740044654840295456768.000, -3.056] specified in the initial_state argument. This can happen if the map in initial_state does not match any of the map names in the navigation graph supplied or if the position reported in the initial_state is far way from the navigation graph. This robot will not be added to the fleet.
[python3-12] [INFO] [1786464730.525559742] [project1_pinky_fleet_adapter]: Adding robot [PK-01] to fleet [project1_pinky].
[python3-12] [ERROR] [1786464730.525732266] [project1_pinky_fleet_adapter]: Unable to compute a location on the navigation graph for robot [PK-01] being added to fleet [project1_pinky] using map [L1] and position [-234412742697243966634355039021793372157247488.000, 116135326975800279661465740044654840295456768.000, -3.056] specified in the initial_state argument. This can happen if the map in initial_state does not match any of the map names in the navigation graph supplied or if the position reported in the initial_state is far way from the navigation graph. This robot will not be added to the fleet.
[python3-12] [INFO] [1786464730.624750123] [project1_pinky_fleet_adapter]: Adding robot [PK-01] to fleet [project1_pinky].
[python3-12] [ERROR] [1786464730.625059317] [project1_pinky_fleet_adapter]: Unable to compute a location on the navigation graph for robot [PK-01] being added to fleet [project1_pinky] using map [L1] and position [-234412742697243966634355039021793372157247488.000, 116135326975800279661465740044654840295456768.000, -3.056] specified in the initial_state argument. This can happen if the map in initial_state does not match any of the map names in the navigation graph supplied or if the position reported in the initial_state is far way from the navigation graph. This robot will not be added to the fleet.
[python3-12] [INFO] [1786464730.725638024] [project1_pinky_fleet_adapter]: Adding robot [PK-01] to fleet [project1_pinky].
[python3-12] [ERROR] [1786464730.725780381] [project1_pinky_fleet_adapter]: Unable to compute a location on the navigation graph for robot [PK-01] being added to fleet [project1_pinky] using map [L1] and position [-234412742697243966634355039021793372157247488.000, 116135326975800279661465740044654840295456768.000, -3.056] specified in the initial_state argument. This can happen if the map in initial_state does not match any of the map names in the navigation graph supplied or if the position reported in the initial_state is far way from the navigation graph. This robot will not be added to the fleet.
[python3-12] [INFO] [1786464730.824749657] [project1_pinky_fleet_adapter]: Adding robot [PK-01] to fleet [project1_pinky].
[python3-12] [ERROR] [1786464730.824977176] [project1_pinky_fleet_adapter]: Unable to compute a location on the navigation graph for robot [PK-01] being added to fleet [project1_pinky] using map [L1] and position [-234412742697243966634355039021793372157247488.000, 116135326975800279661465740044654840295456768.000, -3.056] specified in the initial_state argument. This can happen if the map in initial_state does not match any of the map names in the navigation graph supplied or if the position reported in the initial_state is far way from the navigation graph. This robot will not be added to the fleet.
[planner_server-6] [WARN] [1786464730.859233579] [pinky_01.global_costmap.global_costmap]: Sensor origin at (-234412742697243966634355039021793372157247488.00, 116135326975800279661465740044654840295456768.00) is out of map bounds (-1.24, -3.24) to (3.55, 0.44). The costmap cannot raytrace for it.
[python3-12] [INFO] [1786464730.924746195] [project1_pinky_fleet_adapter]: Adding robot [PK-01] to fleet [project1_pinky].
[python3-12] [ERROR] [1786464730.924876301] [project1_pinky_fleet_adapter]: Unable to compute a location on the navigation graph for robot [PK-01] being added to fleet [project1_pinky] using map [L1] and position [-234412742697243966634355039021793372157247488.000, 116135326975800279661465740044654840295456768.000, -3.056] specified in the initial_state argument. This can happen if the map in initial_state does not match any of the map names in the navigation graph supplied or if the position reported in the initial_state is far way from the navigation graph. This robot will not be added to the fleet.
[python3-12] [INFO] [1786464731.025138102] [project1_pinky_fleet_adapter]: Adding robot [PK-01] to fleet [project1_pinky].
[python3-12] [ERROR] [1786464731.025289288] [project1_pinky_fleet_adapter]: Unable to compute a location on the navigation graph for robot [PK-01] being added to fleet [project1_pinky] using map [L1] and position [-234412742697243966634355039021793372157247488.000, 116135326975800279661465740044654840295456768.000, -3.056] specified in the initial_state argument. This can happen if the map in initial_state does not match any of the map names in the navigation graph supplied or if the position reported in the initial_state is far way from the navigation graph. This robot will not be added to the fleet.
[python3-12] [INFO] [1786464731.126059635] [project1_pinky_fleet_adapter]: Adding robot [PK-01] to fleet [project1_pinky].
[python3-12] [ERROR] [1786464731.126240449] [project1_pinky_fleet_adapter]: Unable to compute a location on the navigation graph for robot [PK-01] being added to fleet [project1_pinky] using map [L1] and position [-234412742697243966634355039021793372157247488.000, 116135326975800279661465740044654840295456768.000, -3.056] specified in the initial_state argument. This can happen if the map in initial_state does not match any of the map names in the navigation graph supplied or if the position reported in the initial_state is far way from the navigation graph. This robot will not be added to the fleet.
[python3-12] [INFO] [1786464731.225018769] [project1_pinky_fleet_adapter]: Adding robot [PK-01] to fleet [project1_pinky].
[python3-12] [ERROR] [1786464731.225174042] [project1_pinky_fleet_adapter]: Unable to compute a location on the navigation graph for robot [PK-01] being added to fleet [project1_pinky] using map [L1] and position [-234412742697243966634355039021793372157247488.000, 116135326975800279661465740044654840295456768.000, -3.056] specified in the initial_state argument. This can happen if the map in initial_state does not match any of the map names in the navigation graph supplied or if the position reported in the initial_state is far way from the navigation graph. This robot will not be added to the fleet.
[python3-12] [INFO] [1786464731.324846711] [project1_pinky_fleet_adapter]: Adding robot [PK-01] to fleet [project1_pinky].
[python3-12] [ERROR] [1786464731.325034641] [project1_pinky_fleet_adapter]: Unable to compute a location on the navigation graph for robot [PK-01] being added to fleet [project1_pinky] using map [L1] and position [-234412742697243966634355039021793372157247488.000, 116135326975800279661465740044654840295456768.000, -3.056] specified in the initial_state argument. This can happen if the map in initial_state does not match any of the map names in the navigation graph supplied or if the position reported in the initial_state is far way from the navigation graph. This robot will not be added to the fleet.
[python3-12] [INFO] [1786464731.424872265] [project1_pinky_fleet_adapter]: Adding robot [PK-01] to fleet [project1_pinky].
[python3-12] [ERROR] [1786464731.425068108] [project1_pinky_fleet_adapter]: Unable to compute a location on the navigation graph for robot [PK-01] being added to fleet [project1_pinky] using map [L1] and position [-234412742697243966634355039021793372157247488.000, 116135326975800279661465740044654840295456768.000, -3.056] specified in the initial_state argument. This can happen if the map in initial_state does not match any of the map names in the navigation graph supplied or if the position reported in the initial_state is far way from the navigation graph. This robot will not be added to the fleet.
[python3-12] [INFO] [1786464731.524768566] [project1_pinky_fleet_adapter]: Adding robot [PK-01] to fleet [project1_pinky].
[python3-12] [ERROR] [1786464731.524928886] [project1_pinky_fleet_adapter]: Unable to compute a location on the navigation graph for robot [PK-01] being added to fleet [project1_pinky] using map [L1] and position [-234412742697243966634355039021793372157247488.000, 116135326975800279661465740044654840295456768.000, -3.056] specified in the initial_state argument. This can happen if the map in initial_state does not match any of the map names in the navigation graph supplied or if the position reported in the initial_state is far way from the navigation graph. This robot will not be added to the fleet.
[python3-12] [INFO] [1786464731.624878362] [project1_pinky_fleet_adapter]: Adding robot [PK-01] to fleet [project1_pinky].
[python3-12] [ERROR] [1786464731.625028258] [project1_pinky_fleet_adapter]: Unable to compute a location on the navigation graph for robot [PK-01] being added to fleet [project1_pinky] using map [L1] and position [-234412742697243966634355039021793372157247488.000, 116135326975800279661465740044654840295456768.000, -3.056] specified in the initial_state argument. This can happen if the map in initial_state does not match any of the map names in the navigation graph supplied or if the position reported in the initial_state is far way from the navigation graph. This robot will not be added to the fleet.
[python3-12] [INFO] [1786464731.724837940] [project1_pinky_fleet_adapter]: Adding robot [PK-01] to fleet [project1_pinky].
[python3-12] [ERROR] [1786464731.725066746] [project1_pinky_fleet_adapter]: Unable to compute a location on the navigation graph for robot [PK-01] being added to fleet [project1_pinky] using map [L1] and position [-234412742697243966634355039021793372157247488.000, 116135326975800279661465740044654840295456768.000, -3.056] specified in the initial_state argument. This can happen if the map in initial_state does not match any of the map names in the navigation graph supplied or if the position reported in the initial_state is far way from the navigation graph. This robot will not be added to the fleet.
[python3-12] [INFO] [1786464731.824749583] [project1_pinky_fleet_adapter]: Adding robot [PK-01] to fleet [project1_pinky].
[python3-12] [ERROR] [1786464731.824910806] [project1_pinky_fleet_adapter]: Unable to compute a location on the navigation graph for robot [PK-01] being added to fleet [project1_pinky] using map [L1] and position [-234412742697243966634355039021793372157247488.000, 116135326975800279661465740044654840295456768.000, -3.056] specified in the initial_state argument. This can happen if the map in initial_state does not match any of the map names in the navigation graph supplied or if the position reported in the initial_state is far way from the navigation graph. This robot will not be added to the fleet.
[planner_server-6] [WARN] [1786464731.859254556] [nav2_costmap_2d]: Robot is out of bounds of the costmap
[planner_server-6] [WARN] [1786464731.859289452] [pinky_01.global_costmap.global_costmap]: Sensor origin at (-234412742697243966634355039021793372157247488.00, 116135326975800279661465740044654840295456768.00) is out of map bounds (-1.24, -3.24) to (3.55, 0.44). The costmap cannot raytrace for it.
[python3-12] [INFO] [1786464731.924859024] [project1_pinky_fleet_adapter]: Adding robot [PK-01] to fleet [project1_pinky].
[python3-12] [ERROR] [1786464731.925004306] [project1_pinky_fleet_adapter]: Unable to compute a location on the navigation graph for robot [PK-01] being added to fleet [project1_pinky] using map [L1] and position [-234412742697243966634355039021793372157247488.000, 116135326975800279661465740044654840295456768.000, -3.056] specified in the initial_state argument. This can happen if the map in initial_state does not match any of the map names in the navigation graph supplied or if the position reported in the initial_state is far way from the navigation graph. This robot will not be added to the fleet.
[python3-12] [INFO] [1786464732.031474435] [project1_pinky_fleet_adapter]: Adding robot [PK-01] to fleet [project1_pinky].
[python3-12] [ERROR] [1786464732.031587442] [project1_pinky_fleet_adapter]: Unable to compute a location on the navigation graph for robot [PK-01] being added to fleet [project1_pinky] using map [L1] and position [-234412742697243966634355039021793372157247488.000, 116135326975800279661465740044654840295456768.000, -3.056] specified in the initial_state argument. This can happen if the map in initial_state does not match any of the map names in the navigation graph supplied or if the position reported in the initial_state is far way from the navigation graph. This robot will not be added to the fleet.
[python3-12] [INFO] [1786464732.130166204] [project1_pinky_fleet_adapter]: Adding robot [PK-01] to fleet [project1_pinky].
[python3-12] [ERROR] [1786464732.130309459] [project1_pinky_fleet_adapter]: Unable to compute a location on the navigation graph for robot [PK-01] being added to fleet [project1_pinky] using map [L1] and position [-234412742697243966634355039021793372157247488.000, 116135326975800279661465740044654840295456768.000, -3.056] specified in the initial_state argument. This can happen if the map in initial_state does not match any of the map names in the navigation graph supplied or if the position reported in the initial_state is far way from the navigation graph. This robot will not be added to the fleet.
[python3-12] [INFO] [1786464732.230135998] [project1_pinky_fleet_adapter]: Adding robot [PK-01] to fleet [project1_pinky].
[python3-12] [ERROR] [1786464732.230255848] [project1_pinky_fleet_adapter]: Unable to compute a location on the navigation graph for robot [PK-01] being added to fleet [project1_pinky] using map [L1] and position [-234412742697243966634355039021793372157247488.000, 116135326975800279661465740044654840295456768.000, -3.056] specified in the initial_state argument. This can happen if the map in initial_state does not match any of the map names in the navigation graph supplied or if the position reported in the initial_state is far way from the navigation graph. This robot will not be added to the fleet.
[python3-12] [INFO] [1786464732.330892167] [project1_pinky_fleet_adapter]: Adding robot [PK-01] to fleet [project1_pinky].
[python3-12] [ERROR] [1786464732.331020711] [project1_pinky_fleet_adapter]: Unable to compute a location on the navigation graph for robot [PK-01] being added to fleet [project1_pinky] using map [L1] and position [-234412742697243966634355039021793372157247488.000, 116135326975800279661465740044654840295456768.000, -3.056] specified in the initial_state argument. This can happen if the map in initial_state does not match any of the map names in the navigation graph supplied or if the position reported in the initial_state is far way from the navigation graph. This robot will not be added to the fleet.
[python3-12] [INFO] [1786464732.429939679] [project1_pinky_fleet_adapter]: Adding robot [PK-01] to fleet [project1_pinky].
[python3-12] [ERROR] [1786464732.430057885] [project1_pinky_fleet_adapter]: Unable to compute a location on the navigation graph for robot [PK-01] being added to fleet [project1_pinky] using map [L1] and position [-234412742697243966634355039021793372157247488.000, 116135326975800279661465740044654840295456768.000, -3.056] specified in the initial_state argument. This can happen if the map in initial_state does not match any of the map names in the navigation graph supplied or if the position reported in the initial_state is far way from the navigation graph. This robot will not be added to the fleet.
[python3-12] [INFO] [1786464732.530036677] [project1_pinky_fleet_adapter]: Adding robot [PK-01] to fleet [project1_pinky].
[python3-12] [ERROR] [1786464732.530179370] [project1_pinky_fleet_adapter]: Unable to compute a location on the navigation graph for robot [PK-01] being added to fleet [project1_pinky] using map [L1] and position [-234412742697243966634355039021793372157247488.000, 116135326975800279661465740044654840295456768.000, -3.056] specified in the initial_state argument. This can happen if the map in initial_state does not match any of the map names in the navigation graph supplied or if the position reported in the initial_state is far way from the navigation graph. This robot will not be added to the fleet.
[python3-12] [INFO] [1786464732.630017140] [project1_pinky_fleet_adapter]: Adding robot [PK-01] to fleet [project1_pinky].
[python3-12] [ERROR] [1786464732.630155962] [project1_pinky_fleet_adapter]: Unable to compute a location on the navigation graph for robot [PK-01] being added to fleet [project1_pinky] using map [L1] and position [-234412742697243966634355039021793372157247488.000, 116135326975800279661465740044654840295456768.000, -3.056] specified in the initial_state argument. This can happen if the map in initial_state does not match any of the map names in the navigation graph supplied or if the position reported in the initial_state is far way from the navigation graph. This robot will not be added to the fleet.
[gazebo-1] [1;31m[Err] [SimulationFeatures.cc:131] [0m[1;31mSome links in model 'pinky_01' have invalid poses. Resetting to last known poses.[0m[1;31m Also resetting velocities and accelerations to zero.[0m[1;31m[0m
[python3-12] [INFO] [1786464732.729543561] [project1_pinky_fleet_adapter]: Adding robot [PK-01] to fleet [project1_pinky].
[python3-12] [ERROR] [1786464732.729694775] [project1_pinky_fleet_adapter]: Unable to compute a location on the navigation graph for robot [PK-01] being added to fleet [project1_pinky] using map [L1] and position [-234412742697243966634355039021793372157247488.000, 116135326975800279661465740044654840295456768.000, -3.056] specified in the initial_state argument. This can happen if the map in initial_state does not match any of the map names in the navigation graph supplied or if the position reported in the initial_state is far way from the navigation graph. This robot will not be added to the fleet.
[python3-12] [INFO] [1786464732.830357943] [project1_pinky_fleet_adapter]: Adding robot [PK-01] to fleet [project1_pinky].
[python3-12] [ERROR] [1786464732.830515947] [project1_pinky_fleet_adapter]: Unable to compute a location on the navigation graph for robot [PK-01] being added to fleet [project1_pinky] using map [L1] and position [-234412742697243966634355039021793372157247488.000, 116135326975800279661465740044654840295456768.000, -3.056] specified in the initial_state argument. This can happen if the map in initial_state does not match any of the map names in the navigation graph supplied or if the position reported in the initial_state is far way from the navigation graph. This robot will not be added to the fleet.
[planner_server-6] [WARN] [1786464732.859251796] [pinky_01.global_costmap.global_costmap]: Sensor origin at (-234412742697243966634355039021793372157247488.00, 116135326975800279661465740044654840295456768.00) is out of map bounds (-1.24, -3.24) to (3.55, 0.44). The costmap cannot raytrace for it.
[python3-12] [INFO] [1786464732.927747651] [project1_pinky_fleet_adapter]: Adding robot [PK-01] to fleet [project1_pinky].
[python3-12] [ERROR] [1786464732.927928392] [project1_pinky_fleet_adapter]: Unable to compute a location on the navigation graph for robot [PK-01] being added to fleet [project1_pinky] using map [L1] and position [-234412742697243966634355039021793372157247488.000, 116135326975800279661465740044654840295456768.000, -3.056] specified in the initial_state argument. This can happen if the map in initial_state does not match any of the map names in the navigation graph supplied or if the position reported in the initial_state is far way from the navigation graph. This robot will not be added to the fleet.
[python3-12] [INFO] [1786464733.025049490] [project1_pinky_fleet_adapter]: Adding robot [PK-01] to fleet [project1_pinky].
[python3-12] [ERROR] [1786464733.025194665] [project1_pinky_fleet_adapter]: Unable to compute a location on the navigation graph for robot [PK-01] being added to fleet [project1_pinky] using map [L1] and position [-234412742697243966634355039021793372157247488.000, 116135326975800279661465740044654840295456768.000, -3.056] specified in the initial_state argument. This can happen if the map in initial_state does not match any of the map names in the navigation graph supplied or if the position reported in the initial_state is far way from the navigation graph. This robot will not be added to the fleet.
[python3-12] [INFO] [1786464733.125102766] [project1_pinky_fleet_adapter]: Adding robot [PK-01] to fleet [project1_pinky].
[python3-12] [ERROR] [1786464733.125267733] [project1_pinky_fleet_adapter]: Unable to compute a location on the navigation graph for robot [PK-01] being added to fleet [project1_pinky] using map [L1] and position [-234412742697243966634355039021793372157247488.000, 116135326975800279661465740044654840295456768.000, -3.056] specified in the initial_state argument. This can happen if the map in initial_state does not match any of the map names in the navigation graph supplied or if the position reported in the initial_state is far way from the navigation graph. This robot will not be added to the fleet.
[python3-12] [INFO] [1786464733.225517638] [project1_pinky_fleet_adapter]: Adding robot [PK-01] to fleet [project1_pinky].
[python3-12] [ERROR] [1786464733.225688481] [project1_pinky_fleet_adapter]: Unable to compute a location on the navigation graph for robot [PK-01] being added to fleet [project1_pinky] using map [L1] and position [-234412742697243966634355039021793372157247488.000, 116135326975800279661465740044654840295456768.000, -3.056] specified in the initial_state argument. This can happen if the map in initial_state does not match any of the map names in the navigation graph supplied or if the position reported in the initial_state is far way from the navigation graph. This robot will not be added to the fleet.
[python3-12] [INFO] [1786464733.325192319] [project1_pinky_fleet_adapter]: Adding robot [PK-01] to fleet [project1_pinky].
[python3-12] [ERROR] [1786464733.325340108] [project1_pinky_fleet_adapter]: Unable to compute a location on the navigation graph for robot [PK-01] being added to fleet [project1_pinky] using map [L1] and position [-234412742697243966634355039021793372157247488.000, 116135326975800279661465740044654840295456768.000, -3.056] specified in the initial_state argument. This can happen if the map in initial_state does not match any of the map names in the navigation graph supplied or if the position reported in the initial_state is far way from the navigation graph. This robot will not be added to the fleet.
[python3-12] [INFO] [1786464733.425117339] [project1_pinky_fleet_adapter]: Adding robot [PK-01] to fleet [project1_pinky].
[python3-12] [ERROR] [1786464733.425268478] [project1_pinky_fleet_adapter]: Unable to compute a location on the navigation graph for robot [PK-01] being added to fleet [project1_pinky] using map [L1] and position [-234412742697243966634355039021793372157247488.000, 116135326975800279661465740044654840295456768.000, -3.056] specified in the initial_state argument. This can happen if the map in initial_state does not match any of the map names in the navigation graph supplied or if the position reported in the initial_state is far way from the navigation graph. This robot will not be added to the fleet.
[python3-12] [INFO] [1786464733.525258585] [project1_pinky_fleet_adapter]: Adding robot [PK-01] to fleet [project1_pinky].
[python3-12] [ERROR] [1786464733.525421130] [project1_pinky_fleet_adapter]: Unable to compute a location on the navigation graph for robot [PK-01] being added to fleet [project1_pinky] using map [L1] and position [-234412742697243966634355039021793372157247488.000, 116135326975800279661465740044654840295456768.000, -3.056] specified in the initial_state argument. This can happen if the map in initial_state does not match any of the map names in the navigation graph supplied or if the position reported in the initial_state is far way from the navigation graph. This robot will not be added to the fleet.
[python3-12] [INFO] [1786464733.629689582] [project1_pinky_fleet_adapter]: Adding robot [PK-01] to fleet [project1_pinky].
[python3-12] [ERROR] [1786464733.629878104] [project1_pinky_fleet_adapter]: Unable to compute a location on the navigation graph for robot [PK-01] being added to fleet [project1_pinky] using map [L1] and position [-234412742697243966634355039021793372157247488.000, 116135326975800279661465740044654840295456768.000, -3.056] specified in the initial_state argument. This can happen if the map in initial_state does not match any of the map names in the navigation graph supplied or if the position reported in the initial_state is far way from the navigation graph. This robot will not be added to the fleet.
[python3-12] [INFO] [1786464733.725880576] [project1_pinky_fleet_adapter]: Adding robot [PK-01] to fleet [project1_pinky].
[python3-12] [ERROR] [1786464733.726034661] [project1_pinky_fleet_adapter]: Unable to compute a location on the navigation graph for robot [PK-01] being added to fleet [project1_pinky] using map [L1] and position [-234412742697243966634355039021793372157247488.000, 116135326975800279661465740044654840295456768.000, -3.056] specified in the initial_state argument. This can happen if the map in initial_state does not match any of the map names in the navigation graph supplied or if the position reported in the initial_state is far way from the navigation graph. This robot will not be added to the fleet.
[controller_server-4] [WARN] [1786464733.736836573] [nav2_costmap_2d]: Robot is out of bounds of the costmap
[python3-12] [INFO] [1786464733.824741977] [project1_pinky_fleet_adapter]: Adding robot [PK-01] to fleet [project1_pinky].
[python3-12] [ERROR] [1786464733.824890527] [project1_pinky_fleet_adapter]: Unable to compute a location on the navigation graph for robot [PK-01] being added to fleet [project1_pinky] using map [L1] and position [-234412742697243966634355039021793372157247488.000, 116135326975800279661465740044654840295456768.000, -3.056] specified in the initial_state argument. This can happen if the map in initial_state does not match any of the map names in the navigation graph supplied or if the position reported in the initial_state is far way from the navigation graph. This robot will not be added to the fleet.
[planner_server-6] [WARN] [1786464733.859240120] [pinky_01.global_costmap.global_costmap]: Sensor origin at (-234412742697243966634355039021793372157247488.00, 116135326975800279661465740044654840295456768.00) is out of map bounds (-1.24, -3.24) to (3.55, 0.44). The costmap cannot raytrace for it.
[python3-12] [INFO] [1786464733.925655594] [project1_pinky_fleet_adapter]: Adding robot [PK-01] to fleet [project1_pinky].
[python3-12] [ERROR] [1786464733.925789728] [project1_pinky_fleet_adapter]: Unable to compute a location on the navigation graph for robot [PK-01] being added to fleet [project1_pinky] using map [L1] and position [-234412742697243966634355039021793372157247488.000, 116135326975800279661465740044654840295456768.000, -3.056] specified in the initial_state argument. This can happen if the map in initial_state does not match any of the map names in the navigation graph supplied or if the position reported in the initial_state is far way from the navigation graph. This robot will not be added to the fleet.
[python3-12] [INFO] [1786464734.024576145] [project1_pinky_fleet_adapter]: Adding robot [PK-01] to fleet [project1_pinky].
[python3-12] [ERROR] [1786464734.024700493] [project1_pinky_fleet_adapter]: Unable to compute a location on the navigation graph for robot [PK-01] being added to fleet [project1_pinky] using map [L1] and position [-234412742697243966634355039021793372157247488.000, 116135326975800279661465740044654840295456768.000, -3.056] specified in the initial_state argument. This can happen if the map in initial_state does not match any of the map names in the navigation graph supplied or if the position reported in the initial_state is far way from the navigation graph. This robot will not be added to the fleet.
[python3-12] [INFO] [1786464734.125786703] [project1_pinky_fleet_adapter]: Adding robot [PK-01] to fleet [project1_pinky].
[python3-12] [ERROR] [1786464734.125966820] [project1_pinky_fleet_adapter]: Unable to compute a location on the navigation graph for robot [PK-01] being added to fleet [project1_pinky] using map [L1] and position [-234412742697243966634355039021793372157247488.000, 116135326975800279661465740044654840295456768.000, -3.056] specified in the initial_state argument. This can happen if the map in initial_state does not match any of the map names in the navigation graph supplied or if the position reported in the initial_state is far way from the navigation graph. This robot will not be added to the fleet.
[python3-12] [INFO] [1786464734.224646166] [project1_pinky_fleet_adapter]: Adding robot [PK-01] to fleet [project1_pinky].
[python3-12] [ERROR] [1786464734.224779572] [project1_pinky_fleet_adapter]: Unable to compute a location on the navigation graph for robot [PK-01] being added to fleet [project1_pinky] using map [L1] and position [-234412742697243966634355039021793372157247488.000, 116135326975800279661465740044654840295456768.000, -3.056] specified in the initial_state argument. This can happen if the map in initial_state does not match any of the map names in the navigation graph supplied or if the position reported in the initial_state is far way from the navigation graph. This robot will not be added to the fleet.
[python3-12] [INFO] [1786464734.324825252] [project1_pinky_fleet_adapter]: Adding robot [PK-01] to fleet [project1_pinky].
[python3-12] [ERROR] [1786464734.324960683] [project1_pinky_fleet_adapter]: Unable to compute a location on the navigation graph for robot [PK-01] being added to fleet [project1_pinky] using map [L1] and position [-234412742697243966634355039021793372157247488.000, 116135326975800279661465740044654840295456768.000, -3.056] specified in the initial_state argument. This can happen if the map in initial_state does not match any of the map names in the navigation graph supplied or if the position reported in the initial_state is far way from the navigation graph. This robot will not be added to the fleet.
[python3-12] [INFO] [1786464734.424865726] [project1_pinky_fleet_adapter]: Adding robot [PK-01] to fleet [project1_pinky].
[python3-12] [ERROR] [1786464734.425056689] [project1_pinky_fleet_adapter]: Unable to compute a location on the navigation graph for robot [PK-01] being added to fleet [project1_pinky] using map [L1] and position [-234412742697243966634355039021793372157247488.000, 116135326975800279661465740044654840295456768.000, -3.056] specified in the initial_state argument. This can happen if the map in initial_state does not match any of the map names in the navigation graph supplied or if the position reported in the initial_state is far way from the navigation graph. This robot will not be added to the fleet.
[python3-12] [INFO] [1786464734.527694836] [project1_pinky_fleet_adapter]: Adding robot [PK-01] to fleet [project1_pinky].
[python3-12] [ERROR] [1786464734.528601586] [project1_pinky_fleet_adapter]: Unable to compute a location on the navigation graph for robot [PK-01] being added to fleet [project1_pinky] using map [L1] and position [-234412742697243966634355039021793372157247488.000, 116135326975800279661465740044654840295456768.000, -3.056] specified in the initial_state argument. This can happen if the map in initial_state does not match any of the map names in the navigation graph supplied or if the position reported in the initial_state is far way from the navigation graph. This robot will not be added to the fleet.
[python3-12] [INFO] [1786464734.624718642] [project1_pinky_fleet_adapter]: Adding robot [PK-01] to fleet [project1_pinky].
[python3-12] [ERROR] [1786464734.624888629] [project1_pinky_fleet_adapter]: Unable to compute a location on the navigation graph for robot [PK-01] being added to fleet [project1_pinky] using map [L1] and position [-234412742697243966634355039021793372157247488.000, 116135326975800279661465740044654840295456768.000, -3.056] specified in the initial_state argument. This can happen if the map in initial_state does not match any of the map names in the navigation graph supplied or if the position reported in the initial_state is far way from the navigation graph. This robot will not be added to the fleet.
[python3-12] [INFO] [1786464734.724805956] [project1_pinky_fleet_adapter]: Adding robot [PK-01] to fleet [project1_pinky].
[python3-12] [ERROR] [1786464734.724971480] [project1_pinky_fleet_adapter]: Unable to compute a location on the navigation graph for robot [PK-01] being added to fleet [project1_pinky] using map [L1] and position [-234412742697243966634355039021793372157247488.000, 116135326975800279661465740044654840295456768.000, -3.056] specified in the initial_state argument. This can happen if the map in initial_state does not match any of the map names in the navigation graph supplied or if the position reported in the initial_state is far way from the navigation graph. This robot will not be added to the fleet.
[python3-12] [INFO] [1786464734.825252036] [project1_pinky_fleet_adapter]: Adding robot [PK-01] to fleet [project1_pinky].
[python3-12] [ERROR] [1786464734.825388882] [project1_pinky_fleet_adapter]: Unable to compute a location on the navigation graph for robot [PK-01] being added to fleet [project1_pinky] using map [L1] and position [-234412742697243966634355039021793372157247488.000, 116135326975800279661465740044654840295456768.000, -3.056] specified in the initial_state argument. This can happen if the map in initial_state does not match any of the map names in the navigation graph supplied or if the position reported in the initial_state is far way from the navigation graph. This robot will not be added to the fleet.
[planner_server-6] [WARN] [1786464734.859233133] [pinky_01.global_costmap.global_costmap]: Sensor origin at (-234412742697243966634355039021793372157247488.00, 116135326975800279661465740044654840295456768.00) is out of map bounds (-1.24, -3.24) to (3.55, 0.44). The costmap cannot raytrace for it.
[python3-12] [INFO] [1786464734.925440485] [project1_pinky_fleet_adapter]: Adding robot [PK-01] to fleet [project1_pinky].
[python3-12] [ERROR] [1786464734.925579970] [project1_pinky_fleet_adapter]: Unable to compute a location on the navigation graph for robot [PK-01] being added to fleet [project1_pinky] using map [L1] and position [-234412742697243966634355039021793372157247488.000, 116135326975800279661465740044654840295456768.000, -3.056] specified in the initial_state argument. This can happen if the map in initial_state does not match any of the map names in the navigation graph supplied or if the position reported in the initial_state is far way from the navigation graph. This robot will not be added to the fleet.
[python3-12] [INFO] [1786464735.024730778] [project1_pinky_fleet_adapter]: Adding robot [PK-01] to fleet [project1_pinky].
[python3-12] [ERROR] [1786464735.024903029] [project1_pinky_fleet_adapter]: Unable to compute a location on the navigation graph for robot [PK-01] being added to fleet [project1_pinky] using map [L1] and position [-234412742697243966634355039021793372157247488.000, 116135326975800279661465740044654840295456768.000, -3.056] specified in the initial_state argument. This can happen if the map in initial_state does not match any of the map names in the navigation graph supplied or if the position reported in the initial_state is far way from the navigation graph. This robot will not be added to the fleet.
[python3-12] [INFO] [1786464735.124812080] [project1_pinky_fleet_adapter]: Adding robot [PK-01] to fleet [project1_pinky].
[python3-12] [ERROR] [1786464735.124988202] [project1_pinky_fleet_adapter]: Unable to compute a location on the navigation graph for robot [PK-01] being added to fleet [project1_pinky] using map [L1] and position [-234412742697243966634355039021793372157247488.000, 116135326975800279661465740044654840295456768.000, -3.056] specified in the initial_state argument. This can happen if the map in initial_state does not match any of the map names in the navigation graph supplied or if the position reported in the initial_state is far way from the navigation graph. This robot will not be added to the fleet.
[python3-12] [INFO] [1786464735.225395169] [project1_pinky_fleet_adapter]: Adding robot [PK-01] to fleet [project1_pinky].
[python3-12] [ERROR] [1786464735.225550938] [project1_pinky_fleet_adapter]: Unable to compute a location on the navigation graph for robot [PK-01] being added to fleet [project1_pinky] using map [L1] and position [-234412742697243966634355039021793372157247488.000, 116135326975800279661465740044654840295456768.000, -3.056] specified in the initial_state argument. This can happen if the map in initial_state does not match any of the map names in the navigation graph supplied or if the position reported in the initial_state is far way from the navigation graph. This robot will not be added to the fleet.
[python3-12] [INFO] [1786464735.327565236] [project1_pinky_fleet_adapter]: Adding robot [PK-01] to fleet [project1_pinky].
[python3-12] [ERROR] [1786464735.327703314] [project1_pinky_fleet_adapter]: Unable to compute a location on the navigation graph for robot [PK-01] being added to fleet [project1_pinky] using map [L1] and position [-234412742697243966634355039021793372157247488.000, 116135326975800279661465740044654840295456768.000, -3.056] specified in the initial_state argument. This can happen if the map in initial_state does not match any of the map names in the navigation graph supplied or if the position reported in the initial_state is far way from the navigation graph. This robot will not be added to the fleet.
[python3-12] [INFO] [1786464735.430422483] [project1_pinky_fleet_adapter]: Adding robot [PK-01] to fleet [project1_pinky].
[python3-12] [ERROR] [1786464735.430541650] [project1_pinky_fleet_adapter]: Unable to compute a location on the navigation graph for robot [PK-01] being added to fleet [project1_pinky] using map [L1] and position [-234412742697243966634355039021793372157247488.000, 116135326975800279661465740044654840295456768.000, -3.056] specified in the initial_state argument. This can happen if the map in initial_state does not match any of the map names in the navigation graph supplied or if the position reported in the initial_state is far way from the navigation graph. This robot will not be added to the fleet.
[python3-12] [INFO] [1786464735.532298602] [project1_pinky_fleet_adapter]: Adding robot [PK-01] to fleet [project1_pinky].
[python3-12] [ERROR] [1786464735.532446315] [project1_pinky_fleet_adapter]: Unable to compute a location on the navigation graph for robot [PK-01] being added to fleet [project1_pinky] using map [L1] and position [-234412742697243966634355039021793372157247488.000, 116135326975800279661465740044654840295456768.000, -3.056] specified in the initial_state argument. This can happen if the map in initial_state does not match any of the map names in the navigation graph supplied or if the position reported in the initial_state is far way from the navigation graph. This robot will not be added to the fleet.
[python3-12] [INFO] [1786464735.630593443] [project1_pinky_fleet_adapter]: Adding robot [PK-01] to fleet [project1_pinky].
[python3-12] [ERROR] [1786464735.630731772] [project1_pinky_fleet_adapter]: Unable to compute a location on the navigation graph for robot [PK-01] being added to fleet [project1_pinky] using map [L1] and position [-234412742697243966634355039021793372157247488.000, 116135326975800279661465740044654840295456768.000, -3.056] specified in the initial_state argument. This can happen if the map in initial_state does not match any of the map names in the navigation graph supplied or if the position reported in the initial_state is far way from the navigation graph. This robot will not be added to the fleet.
[python3-12] [INFO] [1786464735.729771187] [project1_pinky_fleet_adapter]: Adding robot [PK-01] to fleet [project1_pinky].
[python3-12] [ERROR] [1786464735.729908465] [project1_pinky_fleet_adapter]: Unable to compute a location on the navigation graph for robot [PK-01] being added to fleet [project1_pinky] using map [L1] and position [-234412742697243966634355039021793372157247488.000, 116135326975800279661465740044654840295456768.000, -3.056] specified in the initial_state argument. This can happen if the map in initial_state does not match any of the map names in the navigation graph supplied or if the position reported in the initial_state is far way from the navigation graph. This robot will not be added to the fleet.
[python3-12] [INFO] [1786464735.829680831] [project1_pinky_fleet_adapter]: Adding robot [PK-01] to fleet [project1_pinky].
[python3-12] [ERROR] [1786464735.829910402] [project1_pinky_fleet_adapter]: Unable to compute a location on the navigation graph for robot [PK-01] being added to fleet [project1_pinky] using map [L1] and position [-234412742697243966634355039021793372157247488.000, 116135326975800279661465740044654840295456768.000, -3.056] specified in the initial_state argument. This can happen if the map in initial_state does not match any of the map names in the navigation graph supplied or if the position reported in the initial_state is far way from the navigation graph. This robot will not be added to the fleet.
[planner_server-6] [WARN] [1786464735.859248905] [pinky_01.global_costmap.global_costmap]: Sensor origin at (-234412742697243966634355039021793372157247488.00, 116135326975800279661465740044654840295456768.00) is out of map bounds (-1.24, -3.24) to (3.55, 0.44). The costmap cannot raytrace for it.
[python3-12] [INFO] [1786464735.929156029] [project1_pinky_fleet_adapter]: Adding robot [PK-01] to fleet [project1_pinky].
[python3-12] [ERROR] [1786464735.929268286] [project1_pinky_fleet_adapter]: Unable to compute a location on the navigation graph for robot [PK-01] being added to fleet [project1_pinky] using map [L1] and position [-234412742697243966634355039021793372157247488.000, 116135326975800279661465740044654840295456768.000, -3.056] specified in the initial_state argument. This can happen if the map in initial_state does not match any of the map names in the navigation graph supplied or if the position reported in the initial_state is far way from the navigation graph. This robot will not be added to the fleet.
[python3-12] [INFO] [1786464736.025514872] [project1_pinky_fleet_adapter]: Adding robot [PK-01] to fleet [project1_pinky].
[python3-12] [ERROR] [1786464736.025703437] [project1_pinky_fleet_adapter]: Unable to compute a location on the navigation graph for robot [PK-01] being added to fleet [project1_pinky] using map [L1] and position [-234412742697243966634355039021793372157247488.000, 116135326975800279661465740044654840295456768.000, -3.056] specified in the initial_state argument. This can happen if the map in initial_state does not match any of the map names in the navigation graph supplied or if the position reported in the initial_state is far way from the navigation graph. This robot will not be added to the fleet.
[python3-12] [INFO] [1786464736.128633904] [project1_pinky_fleet_adapter]: Adding robot [PK-01] to fleet [project1_pinky].
[python3-12] [ERROR] [1786464736.128796223] [project1_pinky_fleet_adapter]: Unable to compute a location on the navigation graph for robot [PK-01] being added to fleet [project1_pinky] using map [L1] and position [-234412742697243966634355039021793372157247488.000, 116135326975800279661465740044654840295456768.000, -3.056] specified in the initial_state argument. This can happen if the map in initial_state does not match any of the map names in the navigation graph supplied or if the position reported in the initial_state is far way from the navigation graph. This robot will not be added to the fleet.
[python3-12] [INFO] [1786464736.231059284] [project1_pinky_fleet_adapter]: Adding robot [PK-01] to fleet [project1_pinky].
[python3-12] [ERROR] [1786464736.231193941] [project1_pinky_fleet_adapter]: Unable to compute a location on the navigation graph for robot [PK-01] being added to fleet [project1_pinky] using map [L1] and position [-234412742697243966634355039021793372157247488.000, 116135326975800279661465740044654840295456768.000, -3.056] specified in the initial_state argument. This can happen if the map in initial_state does not match any of the map names in the navigation graph supplied or if the position reported in the initial_state is far way from the navigation graph. This robot will not be added to the fleet.
[python3-12] [INFO] [1786464736.324682053] [project1_pinky_fleet_adapter]: Adding robot [PK-01] to fleet [project1_pinky].
[python3-12] [ERROR] [1786464736.324806487] [project1_pinky_fleet_adapter]: Unable to compute a location on the navigation graph for robot [PK-01] being added to fleet [project1_pinky] using map [L1] and position [-234412742697243966634355039021793372157247488.000, 116135326975800279661465740044654840295456768.000, -3.056] specified in the initial_state argument. This can happen if the map in initial_state does not match any of the map names in the navigation graph supplied or if the position reported in the initial_state is far way from the navigation graph. This robot will not be added to the fleet.
[gazebo-1] [1;31m[Err] [SimulationFeatures.cc:131] [0m[1;31mSome links in model 'pinky_01' have invalid poses. Resetting to last known poses.[0m[1;31m Also resetting velocities and accelerations to zero.[0m[1;31m[0m
[python3-12] [INFO] [1786464736.425364321] [project1_pinky_fleet_adapter]: Adding robot [PK-01] to fleet [project1_pinky].
[python3-12] [ERROR] [1786464736.425510603] [project1_pinky_fleet_adapter]: Unable to compute a location on the navigation graph for robot [PK-01] being added to fleet [project1_pinky] using map [L1] and position [-234412742697243966634355039021793372157247488.000, 116135326975800279661465740044654840295456768.000, -3.056] specified in the initial_state argument. This can happen if the map in initial_state does not match any of the map names in the navigation graph supplied or if the position reported in the initial_state is far way from the navigation graph. This robot will not be added to the fleet.
[python3-12] [INFO] [1786464736.525278038] [project1_pinky_fleet_adapter]: Adding robot [PK-01] to fleet [project1_pinky].
[python3-12] [ERROR] [1786464736.525415996] [project1_pinky_fleet_adapter]: Unable to compute a location on the navigation graph for robot [PK-01] being added to fleet [project1_pinky] using map [L1] and position [-234412742697243966634355039021793372157247488.000, 116135326975800279661465740044654840295456768.000, -3.056] specified in the initial_state argument. This can happen if the map in initial_state does not match any of the map names in the navigation graph supplied or if the position reported in the initial_state is far way from the navigation graph. This robot will not be added to the fleet.
[python3-12] [INFO] [1786464736.624869146] [project1_pinky_fleet_adapter]: Adding robot [PK-01] to fleet [project1_pinky].
[python3-12] [ERROR] [1786464736.625017939] [project1_pinky_fleet_adapter]: Unable to compute a location on the navigation graph for robot [PK-01] being added to fleet [project1_pinky] using map [L1] and position [-234412742697243966634355039021793372157247488.000, 116135326975800279661465740044654840295456768.000, -3.056] specified in the initial_state argument. This can happen if the map in initial_state does not match any of the map names in the navigation graph supplied or if the position reported in the initial_state is far way from the navigation graph. This robot will not be added to the fleet.
[python3-12] [INFO] [1786464736.724801075] [project1_pinky_fleet_adapter]: Adding robot [PK-01] to fleet [project1_pinky].
[python3-12] [ERROR] [1786464736.724967956] [project1_pinky_fleet_adapter]: Unable to compute a location on the navigation graph for robot [PK-01] being added to fleet [project1_pinky] using map [L1] and position [-234412742697243966634355039021793372157247488.000, 116135326975800279661465740044654840295456768.000, -3.056] specified in the initial_state argument. This can happen if the map in initial_state does not match any of the map names in the navigation graph supplied or if the position reported in the initial_state is far way from the navigation graph. This robot will not be added to the fleet.
[python3-12] [INFO] [1786464736.825594433] [project1_pinky_fleet_adapter]: Adding robot [PK-01] to fleet [project1_pinky].
[python3-12] [ERROR] [1786464736.825714379] [project1_pinky_fleet_adapter]: Unable to compute a location on the navigation graph for robot [PK-01] being added to fleet [project1_pinky] using map [L1] and position [-234412742697243966634355039021793372157247488.000, 116135326975800279661465740044654840295456768.000, -3.056] specified in the initial_state argument. This can happen if the map in initial_state does not match any of the map names in the navigation graph supplied or if the position reported in the initial_state is far way from the navigation graph. This robot will not be added to the fleet.
[planner_server-6] [WARN] [1786464736.859255292] [nav2_costmap_2d]: Robot is out of bounds of the costmap
[planner_server-6] [WARN] [1786464736.859289651] [pinky_01.global_costmap.global_costmap]: Sensor origin at (-234412742697243966634355039021793372157247488.00, 116135326975800279661465740044654840295456768.00) is out of map bounds (-1.24, -3.24) to (3.55, 0.44). The costmap cannot raytrace for it.
[python3-12] [INFO] [1786464736.924863808] [project1_pinky_fleet_adapter]: Adding robot [PK-01] to fleet [project1_pinky].
[python3-12] [ERROR] [1786464736.925039213] [project1_pinky_fleet_adapter]: Unable to compute a location on the navigation graph for robot [PK-01] being added to fleet [project1_pinky] using map [L1] and position [-234412742697243966634355039021793372157247488.000, 116135326975800279661465740044654840295456768.000, -3.056] specified in the initial_state argument. This can happen if the map in initial_state does not match any of the map names in the navigation graph supplied or if the position reported in the initial_state is far way from the navigation graph. This robot will not be added to the fleet.
[python3-12] [INFO] [1786464737.025034486] [project1_pinky_fleet_adapter]: Adding robot [PK-01] to fleet [project1_pinky].
[python3-12] [ERROR] [1786464737.025185955] [project1_pinky_fleet_adapter]: Unable to compute a location on the navigation graph for robot [PK-01] being added to fleet [project1_pinky] using map [L1] and position [-234412742697243966634355039021793372157247488.000, 116135326975800279661465740044654840295456768.000, -3.056] specified in the initial_state argument. This can happen if the map in initial_state does not match any of the map names in the navigation graph supplied or if the position reported in the initial_state is far way from the navigation graph. This robot will not be added to the fleet.
[python3-12] [INFO] [1786464737.124906381] [project1_pinky_fleet_adapter]: Adding robot [PK-01] to fleet [project1_pinky].
[python3-12] [ERROR] [1786464737.125104349] [project1_pinky_fleet_adapter]: Unable to compute a location on the navigation graph for robot [PK-01] being added to fleet [project1_pinky] using map [L1] and position [-234412742697243966634355039021793372157247488.000, 116135326975800279661465740044654840295456768.000, -3.056] specified in the initial_state argument. This can happen if the map in initial_state does not match any of the map names in the navigation graph supplied or if the position reported in the initial_state is far way from the navigation graph. This robot will not be added to the fleet.
[python3-12] [INFO] [1786464737.225040003] [project1_pinky_fleet_adapter]: Adding robot [PK-01] to fleet [project1_pinky].
[python3-12] [ERROR] [1786464737.225247105] [project1_pinky_fleet_adapter]: Unable to compute a location on the navigation graph for robot [PK-01] being added to fleet [project1_pinky] using map [L1] and position [-234412742697243966634355039021793372157247488.000, 116135326975800279661465740044654840295456768.000, -3.056] specified in the initial_state argument. This can happen if the map in initial_state does not match any of the map names in the navigation graph supplied or if the position reported in the initial_state is far way from the navigation graph. This robot will not be added to the fleet.
[python3-12] [INFO] [1786464737.324575303] [project1_pinky_fleet_adapter]: Adding robot [PK-01] to fleet [project1_pinky].
[python3-12] [ERROR] [1786464737.324686478] [project1_pinky_fleet_adapter]: Unable to compute a location on the navigation graph for robot [PK-01] being added to fleet [project1_pinky] using map [L1] and position [-234412742697243966634355039021793372157247488.000, 116135326975800279661465740044654840295456768.000, -3.056] specified in the initial_state argument. This can happen if the map in initial_state does not match any of the map names in the navigation graph supplied or if the position reported in the initial_state is far way from the navigation graph. This robot will not be added to the fleet.
[python3-12] [INFO] [1786464737.424716165] [project1_pinky_fleet_adapter]: Adding robot [PK-01] to fleet [project1_pinky].
[python3-12] [ERROR] [1786464737.424855443] [project1_pinky_fleet_adapter]: Unable to compute a location on the navigation graph for robot [PK-01] being added to fleet [project1_pinky] using map [L1] and position [-234412742697243966634355039021793372157247488.000, 116135326975800279661465740044654840295456768.000, -3.056] specified in the initial_state argument. This can happen if the map in initial_state does not match any of the map names in the navigation graph supplied or if the position reported in the initial_state is far way from the navigation graph. This robot will not be added to the fleet.
[python3-12] [INFO] [1786464737.524838617] [project1_pinky_fleet_adapter]: Adding robot [PK-01] to fleet [project1_pinky].
[python3-12] [ERROR] [1786464737.524992860] [project1_pinky_fleet_adapter]: Unable to compute a location on the navigation graph for robot [PK-01] being added to fleet [project1_pinky] using map [L1] and position [-234412742697243966634355039021793372157247488.000, 116135326975800279661465740044654840295456768.000, -3.056] specified in the initial_state argument. This can happen if the map in initial_state does not match any of the map names in the navigation graph supplied or if the position reported in the initial_state is far way from the navigation graph. This robot will not be added to the fleet.
[python3-12] [INFO] [1786464737.624837643] [project1_pinky_fleet_adapter]: Adding robot [PK-01] to fleet [project1_pinky].
[python3-12] [ERROR] [1786464737.624988892] [project1_pinky_fleet_adapter]: Unable to compute a location on the navigation graph for robot [PK-01] being added to fleet [project1_pinky] using map [L1] and position [-234412742697243966634355039021793372157247488.000, 116135326975800279661465740044654840295456768.000, -3.056] specified in the initial_state argument. This can happen if the map in initial_state does not match any of the map names in the navigation graph supplied or if the position reported in the initial_state is far way from the navigation graph. This robot will not be added to the fleet.
[python3-12] [INFO] [1786464737.724740509] [project1_pinky_fleet_adapter]: Adding robot [PK-01] to fleet [project1_pinky].
[python3-12] [ERROR] [1786464737.724874564] [project1_pinky_fleet_adapter]: Unable to compute a location on the navigation graph for robot [PK-01] being added to fleet [project1_pinky] using map [L1] and position [-234412742697243966634355039021793372157247488.000, 116135326975800279661465740044654840295456768.000, -3.056] specified in the initial_state argument. This can happen if the map in initial_state does not match any of the map names in the navigation graph supplied or if the position reported in the initial_state is far way from the navigation graph. This robot will not be added to the fleet.
[python3-12] [INFO] [1786464737.825217014] [project1_pinky_fleet_adapter]: Adding robot [PK-01] to fleet [project1_pinky].
[python3-12] [ERROR] [1786464737.825386013] [project1_pinky_fleet_adapter]: Unable to compute a location on the navigation graph for robot [PK-01] being added to fleet [project1_pinky] using map [L1] and position [-234412742697243966634355039021793372157247488.000, 116135326975800279661465740044654840295456768.000, -3.056] specified in the initial_state argument. This can happen if the map in initial_state does not match any of the map names in the navigation graph supplied or if the position reported in the initial_state is far way from the navigation graph. This robot will not be added to the fleet.
[planner_server-6] [WARN] [1786464737.859232217] [pinky_01.global_costmap.global_costmap]: Sensor origin at (-234412742697243966634355039021793372157247488.00, 116135326975800279661465740044654840295456768.00) is out of map bounds (-1.24, -3.24) to (3.55, 0.44). The costmap cannot raytrace for it.
[python3-12] [INFO] [1786464737.924975036] [project1_pinky_fleet_adapter]: Adding robot [PK-01] to fleet [project1_pinky].
[python3-12] [ERROR] [1786464737.925123375] [project1_pinky_fleet_adapter]: Unable to compute a location on the navigation graph for robot [PK-01] being added to fleet [project1_pinky] using map [L1] and position [-234412742697243966634355039021793372157247488.000, 116135326975800279661465740044654840295456768.000, -3.056] specified in the initial_state argument. This can happen if the map in initial_state does not match any of the map names in the navigation graph supplied or if the position reported in the initial_state is far way from the navigation graph. This robot will not be added to the fleet.
[python3-12] [INFO] [1786464738.024858343] [project1_pinky_fleet_adapter]: Adding robot [PK-01] to fleet [project1_pinky].
[python3-12] [ERROR] [1786464738.025017496] [project1_pinky_fleet_adapter]: Unable to compute a location on the navigation graph for robot [PK-01] being added to fleet [project1_pinky] using map [L1] and position [-234412742697243966634355039021793372157247488.000, 116135326975800279661465740044654840295456768.000, -3.056] specified in the initial_state argument. This can happen if the map in initial_state does not match any of the map names in the navigation graph supplied or if the position reported in the initial_state is far way from the navigation graph. This robot will not be added to the fleet.
[python3-12] [INFO] [1786464738.125226389] [project1_pinky_fleet_adapter]: Adding robot [PK-01] to fleet [project1_pinky].
[python3-12] [ERROR] [1786464738.125365978] [project1_pinky_fleet_adapter]: Unable to compute a location on the navigation graph for robot [PK-01] being added to fleet [project1_pinky] using map [L1] and position [-234412742697243966634355039021793372157247488.000, 116135326975800279661465740044654840295456768.000, -3.056] specified in the initial_state argument. This can happen if the map in initial_state does not match any of the map names in the navigation graph supplied or if the position reported in the initial_state is far way from the navigation graph. This robot will not be added to the fleet.
[python3-12] [INFO] [1786464738.225214096] [project1_pinky_fleet_adapter]: Adding robot [PK-01] to fleet [project1_pinky].
[python3-12] [ERROR] [1786464738.225347667] [project1_pinky_fleet_adapter]: Unable to compute a location on the navigation graph for robot [PK-01] being added to fleet [project1_pinky] using map [L1] and position [-234412742697243966634355039021793372157247488.000, 116135326975800279661465740044654840295456768.000, -3.056] specified in the initial_state argument. This can happen if the map in initial_state does not match any of the map names in the navigation graph supplied or if the position reported in the initial_state is far way from the navigation graph. This robot will not be added to the fleet.
[python3-12] [INFO] [1786464738.325118468] [project1_pinky_fleet_adapter]: Adding robot [PK-01] to fleet [project1_pinky].
[python3-12] [ERROR] [1786464738.325276654] [project1_pinky_fleet_adapter]: Unable to compute a location on the navigation graph for robot [PK-01] being added to fleet [project1_pinky] using map [L1] and position [-234412742697243966634355039021793372157247488.000, 116135326975800279661465740044654840295456768.000, -3.056] specified in the initial_state argument. This can happen if the map in initial_state does not match any of the map names in the navigation graph supplied or if the position reported in the initial_state is far way from the navigation graph. This robot will not be added to the fleet.
[python3-12] [INFO] [1786464738.425382822] [project1_pinky_fleet_adapter]: Adding robot [PK-01] to fleet [project1_pinky].
[python3-12] [ERROR] [1786464738.425526605] [project1_pinky_fleet_adapter]: Unable to compute a location on the navigation graph for robot [PK-01] being added to fleet [project1_pinky] using map [L1] and position [-234412742697243966634355039021793372157247488.000, 116135326975800279661465740044654840295456768.000, -3.056] specified in the initial_state argument. This can happen if the map in initial_state does not match any of the map names in the navigation graph supplied or if the position reported in the initial_state is far way from the navigation graph. This robot will not be added to the fleet.
[python3-12] [INFO] [1786464738.525802658] [project1_pinky_fleet_adapter]: Adding robot [PK-01] to fleet [project1_pinky].
[python3-12] [ERROR] [1786464738.525946835] [project1_pinky_fleet_adapter]: Unable to compute a location on the navigation graph for robot [PK-01] being added to fleet [project1_pinky] using map [L1] and position [-234412742697243966634355039021793372157247488.000, 116135326975800279661465740044654840295456768.000, -3.056] specified in the initial_state argument. This can happen if the map in initial_state does not match any of the map names in the navigation graph supplied or if the position reported in the initial_state is far way from the navigation graph. This robot will not be added to the fleet.
[python3-12] [INFO] [1786464738.631904147] [project1_pinky_fleet_adapter]: Adding robot [PK-01] to fleet [project1_pinky].
[python3-12] [ERROR] [1786464738.632056981] [project1_pinky_fleet_adapter]: Unable to compute a location on the navigation graph for robot [PK-01] being added to fleet [project1_pinky] using map [L1] and position [-234412742697243966634355039021793372157247488.000, 116135326975800279661465740044654840295456768.000, -3.056] specified in the initial_state argument. This can happen if the map in initial_state does not match any of the map names in the navigation graph supplied or if the position reported in the initial_state is far way from the navigation graph. This robot will not be added to the fleet.
[python3-12] [INFO] [1786464738.728778239] [project1_pinky_fleet_adapter]: Adding robot [PK-01] to fleet [project1_pinky].
[python3-12] [ERROR] [1786464738.728941949] [project1_pinky_fleet_adapter]: Unable to compute a location on the navigation graph for robot [PK-01] being added to fleet [project1_pinky] using map [L1] and position [-234412742697243966634355039021793372157247488.000, 116135326975800279661465740044654840295456768.000, -3.056] specified in the initial_state argument. This can happen if the map in initial_state does not match any of the map names in the navigation graph supplied or if the position reported in the initial_state is far way from the navigation graph. This robot will not be added to the fleet.
[controller_server-4] [WARN] [1786464738.736841064] [nav2_costmap_2d]: Robot is out of bounds of the costmap
[python3-12] [INFO] [1786464738.831211542] [project1_pinky_fleet_adapter]: Adding robot [PK-01] to fleet [project1_pinky].
[python3-12] [ERROR] [1786464738.831375266] [project1_pinky_fleet_adapter]: Unable to compute a location on the navigation graph for robot [PK-01] being added to fleet [project1_pinky] using map [L1] and position [-234412742697243966634355039021793372157247488.000, 116135326975800279661465740044654840295456768.000, -3.056] specified in the initial_state argument. This can happen if the map in initial_state does not match any of the map names in the navigation graph supplied or if the position reported in the initial_state is far way from the navigation graph. This robot will not be added to the fleet.
[planner_server-6] [WARN] [1786464738.859238261] [pinky_01.global_costmap.global_costmap]: Sensor origin at (-234412742697243966634355039021793372157247488.00, 116135326975800279661465740044654840295456768.00) is out of map bounds (-1.24, -3.24) to (3.55, 0.44). The costmap cannot raytrace for it.
[python3-12] [INFO] [1786464738.930516398] [project1_pinky_fleet_adapter]: Adding robot [PK-01] to fleet [project1_pinky].
[python3-12] [ERROR] [1786464738.930656852] [project1_pinky_fleet_adapter]: Unable to compute a location on the navigation graph for robot [PK-01] being added to fleet [project1_pinky] using map [L1] and position [-234412742697243966634355039021793372157247488.000, 116135326975800279661465740044654840295456768.000, -3.056] specified in the initial_state argument. This can happen if the map in initial_state does not match any of the map names in the navigation graph supplied or if the position reported in the initial_state is far way from the navigation graph. This robot will not be added to the fleet.
[python3-12] [INFO] [1786464739.031773250] [project1_pinky_fleet_adapter]: Adding robot [PK-01] to fleet [project1_pinky].
[python3-12] [ERROR] [1786464739.031969417] [project1_pinky_fleet_adapter]: Unable to compute a location on the navigation graph for robot [PK-01] being added to fleet [project1_pinky] using map [L1] and position [-234412742697243966634355039021793372157247488.000, 116135326975800279661465740044654840295456768.000, -3.056] specified in the initial_state argument. This can happen if the map in initial_state does not match any of the map names in the navigation graph supplied or if the position reported in the initial_state is far way from the navigation graph. This robot will not be added to the fleet.
[python3-12] [INFO] [1786464739.129472019] [project1_pinky_fleet_adapter]: Adding robot [PK-01] to fleet [project1_pinky].
[python3-12] [ERROR] [1786464739.129614432] [project1_pinky_fleet_adapter]: Unable to compute a location on the navigation graph for robot [PK-01] being added to fleet [project1_pinky] using map [L1] and position [-234412742697243966634355039021793372157247488.000, 116135326975800279661465740044654840295456768.000, -3.056] specified in the initial_state argument. This can happen if the map in initial_state does not match any of the map names in the navigation graph supplied or if the position reported in the initial_state is far way from the navigation graph. This robot will not be added to the fleet.
[python3-12] [INFO] [1786464739.229727052] [project1_pinky_fleet_adapter]: Adding robot [PK-01] to fleet [project1_pinky].
[python3-12] [ERROR] [1786464739.229860486] [project1_pinky_fleet_adapter]: Unable to compute a location on the navigation graph for robot [PK-01] being added to fleet [project1_pinky] using map [L1] and position [-234412742697243966634355039021793372157247488.000, 116135326975800279661465740044654840295456768.000, -3.056] specified in the initial_state argument. This can happen if the map in initial_state does not match any of the map names in the navigation graph supplied or if the position reported in the initial_state is far way from the navigation graph. This robot will not be added to the fleet.
[python3-12] [INFO] [1786464739.330665938] [project1_pinky_fleet_adapter]: Adding robot [PK-01] to fleet [project1_pinky].
[python3-12] [ERROR] [1786464739.330776008] [project1_pinky_fleet_adapter]: Unable to compute a location on the navigation graph for robot [PK-01] being added to fleet [project1_pinky] using map [L1] and position [-234412742697243966634355039021793372157247488.000, 116135326975800279661465740044654840295456768.000, -3.056] specified in the initial_state argument. This can happen if the map in initial_state does not match any of the map names in the navigation graph supplied or if the position reported in the initial_state is far way from the navigation graph. This robot will not be added to the fleet.
[python3-12] [INFO] [1786464739.428087293] [project1_pinky_fleet_adapter]: Adding robot [PK-01] to fleet [project1_pinky].
[python3-12] [ERROR] [1786464739.428231306] [project1_pinky_fleet_adapter]: Unable to compute a location on the navigation graph for robot [PK-01] being added to fleet [project1_pinky] using map [L1] and position [-234412742697243966634355039021793372157247488.000, 116135326975800279661465740044654840295456768.000, -3.056] specified in the initial_state argument. This can happen if the map in initial_state does not match any of the map names in the navigation graph supplied or if the position reported in the initial_state is far way from the navigation graph. This robot will not be added to the fleet.
[python3-12] [INFO] [1786464739.530709770] [project1_pinky_fleet_adapter]: Adding robot [PK-01] to fleet [project1_pinky].
[python3-12] [ERROR] [1786464739.530845154] [project1_pinky_fleet_adapter]: Unable to compute a location on the navigation graph for robot [PK-01] being added to fleet [project1_pinky] using map [L1] and position [-234412742697243966634355039021793372157247488.000, 116135326975800279661465740044654840295456768.000, -3.056] specified in the initial_state argument. This can happen if the map in initial_state does not match any of the map names in the navigation graph supplied or if the position reported in the initial_state is far way from the navigation graph. This robot will not be added to the fleet.
[python3-12] [INFO] [1786464739.625370467] [project1_pinky_fleet_adapter]: Adding robot [PK-01] to fleet [project1_pinky].
[python3-12] [ERROR] [1786464739.625534743] [project1_pinky_fleet_adapter]: Unable to compute a location on the navigation graph for robot [PK-01] being added to fleet [project1_pinky] using map [L1] and position [-234412742697243966634355039021793372157247488.000, 116135326975800279661465740044654840295456768.000, -3.056] specified in the initial_state argument. This can happen if the map in initial_state does not match any of the map names in the navigation graph supplied or if the position reported in the initial_state is far way from the navigation graph. This robot will not be added to the fleet.
[python3-12] [INFO] [1786464739.724908540] [project1_pinky_fleet_adapter]: Adding robot [PK-01] to fleet [project1_pinky].
[python3-12] [ERROR] [1786464739.725077289] [project1_pinky_fleet_adapter]: Unable to compute a location on the navigation graph for robot [PK-01] being added to fleet [project1_pinky] using map [L1] and position [-234412742697243966634355039021793372157247488.000, 116135326975800279661465740044654840295456768.000, -3.056] specified in the initial_state argument. This can happen if the map in initial_state does not match any of the map names in the navigation graph supplied or if the position reported in the initial_state is far way from the navigation graph. This robot will not be added to the fleet.
[python3-12] [INFO] [1786464739.826572735] [project1_pinky_fleet_adapter]: Adding robot [PK-01] to fleet [project1_pinky].
[python3-12] [ERROR] [1786464739.826731681] [project1_pinky_fleet_adapter]: Unable to compute a location on the navigation graph for robot [PK-01] being added to fleet [project1_pinky] using map [L1] and position [-234412742697243966634355039021793372157247488.000, 116135326975800279661465740044654840295456768.000, -3.056] specified in the initial_state argument. This can happen if the map in initial_state does not match any of the map names in the navigation graph supplied or if the position reported in the initial_state is far way from the navigation graph. This robot will not be added to the fleet.
[planner_server-6] [WARN] [1786464739.859250454] [pinky_01.global_costmap.global_costmap]: Sensor origin at (-234412742697243966634355039021793372157247488.00, 116135326975800279661465740044654840295456768.00) is out of map bounds (-1.24, -3.24) to (3.55, 0.44). The costmap cannot raytrace for it.
[python3-12] [INFO] [1786464739.924792241] [project1_pinky_fleet_adapter]: Adding robot [PK-01] to fleet [project1_pinky].
[python3-12] [ERROR] [1786464739.924982590] [project1_pinky_fleet_adapter]: Unable to compute a location on the navigation graph for robot [PK-01] being added to fleet [project1_pinky] using map [L1] and position [-234412742697243966634355039021793372157247488.000, 116135326975800279661465740044654840295456768.000, -3.056] specified in the initial_state argument. This can happen if the map in initial_state does not match any of the map names in the navigation graph supplied or if the position reported in the initial_state is far way from the navigation graph. This robot will not be added to the fleet.
[python3-12] [INFO] [1786464740.025718671] [project1_pinky_fleet_adapter]: Adding robot [PK-01] to fleet [project1_pinky].
[python3-12] [ERROR] [1786464740.025827191] [project1_pinky_fleet_adapter]: Unable to compute a location on the navigation graph for robot [PK-01] being added to fleet [project1_pinky] using map [L1] and position [-234412742697243966634355039021793372157247488.000, 116135326975800279661465740044654840295456768.000, -3.056] specified in the initial_state argument. This can happen if the map in initial_state does not match any of the map names in the navigation graph supplied or if the position reported in the initial_state is far way from the navigation graph. This robot will not be added to the fleet.
[gazebo-1] [1;31m[Err] [SimulationFeatures.cc:131] [0m[1;31mSome links in model 'pinky_01' have invalid poses. Resetting to last known poses.[0m[1;31m Also resetting velocities and accelerations to zero.[0m[1;31m[0m
[python3-12] [INFO] [1786464740.124756276] [project1_pinky_fleet_adapter]: Adding robot [PK-01] to fleet [project1_pinky].
[python3-12] [ERROR] [1786464740.124893333] [project1_pinky_fleet_adapter]: Unable to compute a location on the navigation graph for robot [PK-01] being added to fleet [project1_pinky] using map [L1] and position [-234412742697243966634355039021793372157247488.000, 116135326975800279661465740044654840295456768.000, -3.056] specified in the initial_state argument. This can happen if the map in initial_state does not match any of the map names in the navigation graph supplied or if the position reported in the initial_state is far way from the navigation graph. This robot will not be added to the fleet.
[python3-12] [INFO] [1786464740.225064587] [project1_pinky_fleet_adapter]: Adding robot [PK-01] to fleet [project1_pinky].
[python3-12] [ERROR] [1786464740.225215907] [project1_pinky_fleet_adapter]: Unable to compute a location on the navigation graph for robot [PK-01] being added to fleet [project1_pinky] using map [L1] and position [-234412742697243966634355039021793372157247488.000, 116135326975800279661465740044654840295456768.000, -3.056] specified in the initial_state argument. This can happen if the map in initial_state does not match any of the map names in the navigation graph supplied or if the position reported in the initial_state is far way from the navigation graph. This robot will not be added to the fleet.
[python3-12] [INFO] [1786464740.325406017] [project1_pinky_fleet_adapter]: Adding robot [PK-01] to fleet [project1_pinky].
[python3-12] [ERROR] [1786464740.325555625] [project1_pinky_fleet_adapter]: Unable to compute a location on the navigation graph for robot [PK-01] being added to fleet [project1_pinky] using map [L1] and position [-234412742697243966634355039021793372157247488.000, 116135326975800279661465740044654840295456768.000, -3.056] specified in the initial_state argument. This can happen if the map in initial_state does not match any of the map names in the navigation graph supplied or if the position reported in the initial_state is far way from the navigation graph. This robot will not be added to the fleet.
[python3-12] [INFO] [1786464740.425008158] [project1_pinky_fleet_adapter]: Adding robot [PK-01] to fleet [project1_pinky].
[python3-12] [ERROR] [1786464740.425142968] [project1_pinky_fleet_adapter]: Unable to compute a location on the navigation graph for robot [PK-01] being added to fleet [project1_pinky] using map [L1] and position [-234412742697243966634355039021793372157247488.000, 116135326975800279661465740044654840295456768.000, -3.056] specified in the initial_state argument. This can happen if the map in initial_state does not match any of the map names in the navigation graph supplied or if the position reported in the initial_state is far way from the navigation graph. This robot will not be added to the fleet.
[python3-12] [INFO] [1786464740.524704734] [project1_pinky_fleet_adapter]: Adding robot [PK-01] to fleet [project1_pinky].
[python3-12] [ERROR] [1786464740.524886489] [project1_pinky_fleet_adapter]: Unable to compute a location on the navigation graph for robot [PK-01] being added to fleet [project1_pinky] using map [L1] and position [-234412742697243966634355039021793372157247488.000, 116135326975800279661465740044654840295456768.000, -3.056] specified in the initial_state argument. This can happen if the map in initial_state does not match any of the map names in the navigation graph supplied or if the position reported in the initial_state is far way from the navigation graph. This robot will not be added to the fleet.
[python3-12] [INFO] [1786464740.624997766] [project1_pinky_fleet_adapter]: Adding robot [PK-01] to fleet [project1_pinky].
[python3-12] [ERROR] [1786464740.625122246] [project1_pinky_fleet_adapter]: Unable to compute a location on the navigation graph for robot [PK-01] being added to fleet [project1_pinky] using map [L1] and position [-234412742697243966634355039021793372157247488.000, 116135326975800279661465740044654840295456768.000, -3.056] specified in the initial_state argument. This can happen if the map in initial_state does not match any of the map names in the navigation graph supplied or if the position reported in the initial_state is far way from the navigation graph. This robot will not be added to the fleet.
[python3-12] [INFO] [1786464740.724676849] [project1_pinky_fleet_adapter]: Adding robot [PK-01] to fleet [project1_pinky].
[python3-12] [ERROR] [1786464740.724840242] [project1_pinky_fleet_adapter]: Unable to compute a location on the navigation graph for robot [PK-01] being added to fleet [project1_pinky] using map [L1] and position [-234412742697243966634355039021793372157247488.000, 116135326975800279661465740044654840295456768.000, -3.056] specified in the initial_state argument. This can happen if the map in initial_state does not match any of the map names in the navigation graph supplied or if the position reported in the initial_state is far way from the navigation graph. This robot will not be added to the fleet.
[python3-12] [INFO] [1786464740.824789034] [project1_pinky_fleet_adapter]: Adding robot [PK-01] to fleet [project1_pinky].
[python3-12] [ERROR] [1786464740.824951478] [project1_pinky_fleet_adapter]: Unable to compute a location on the navigation graph for robot [PK-01] being added to fleet [project1_pinky] using map [L1] and position [-234412742697243966634355039021793372157247488.000, 116135326975800279661465740044654840295456768.000, -3.056] specified in the initial_state argument. This can happen if the map in initial_state does not match any of the map names in the navigation graph supplied or if the position reported in the initial_state is far way from the navigation graph. This robot will not be added to the fleet.
[planner_server-6] [WARN] [1786464740.859235222] [pinky_01.global_costmap.global_costmap]: Sensor origin at (-234412742697243966634355039021793372157247488.00, 116135326975800279661465740044654840295456768.00) is out of map bounds (-1.24, -3.24) to (3.55, 0.44). The costmap cannot raytrace for it.
[python3-12] [INFO] [1786464740.924839252] [project1_pinky_fleet_adapter]: Adding robot [PK-01] to fleet [project1_pinky].
[python3-12] [ERROR] [1786464740.925049110] [project1_pinky_fleet_adapter]: Unable to compute a location on the navigation graph for robot [PK-01] being added to fleet [project1_pinky] using map [L1] and position [-234412742697243966634355039021793372157247488.000, 116135326975800279661465740044654840295456768.000, -3.056] specified in the initial_state argument. This can happen if the map in initial_state does not match any of the map names in the navigation graph supplied or if the position reported in the initial_state is far way from the navigation graph. This robot will not be added to the fleet.
[python3-12] [INFO] [1786464741.024911884] [project1_pinky_fleet_adapter]: Adding robot [PK-01] to fleet [project1_pinky].
[python3-12] [ERROR] [1786464741.025090137] [project1_pinky_fleet_adapter]: Unable to compute a location on the navigation graph for robot [PK-01] being added to fleet [project1_pinky] using map [L1] and position [-234412742697243966634355039021793372157247488.000, 116135326975800279661465740044654840295456768.000, -3.056] specified in the initial_state argument. This can happen if the map in initial_state does not match any of the map names in the navigation graph supplied or if the position reported in the initial_state is far way from the navigation graph. This robot will not be added to the fleet.
[python3-12] [INFO] [1786464741.127935622] [project1_pinky_fleet_adapter]: Adding robot [PK-01] to fleet [project1_pinky].
[python3-12] [ERROR] [1786464741.128110083] [project1_pinky_fleet_adapter]: Unable to compute a location on the navigation graph for robot [PK-01] being added to fleet [project1_pinky] using map [L1] and position [-234412742697243966634355039021793372157247488.000, 116135326975800279661465740044654840295456768.000, -3.056] specified in the initial_state argument. This can happen if the map in initial_state does not match any of the map names in the navigation graph supplied or if the position reported in the initial_state is far way from the navigation graph. This robot will not be added to the fleet.
[python3-12] [INFO] [1786464741.225029948] [project1_pinky_fleet_adapter]: Adding robot [PK-01] to fleet [project1_pinky].
[python3-12] [ERROR] [1786464741.225169105] [project1_pinky_fleet_adapter]: Unable to compute a location on the navigation graph for robot [PK-01] being added to fleet [project1_pinky] using map [L1] and position [-234412742697243966634355039021793372157247488.000, 116135326975800279661465740044654840295456768.000, -3.056] specified in the initial_state argument. This can happen if the map in initial_state does not match any of the map names in the navigation graph supplied or if the position reported in the initial_state is far way from the navigation graph. This robot will not be added to the fleet.
[python3-12] [INFO] [1786464741.324827196] [project1_pinky_fleet_adapter]: Adding robot [PK-01] to fleet [project1_pinky].
[python3-12] [ERROR] [1786464741.324990026] [project1_pinky_fleet_adapter]: Unable to compute a location on the navigation graph for robot [PK-01] being added to fleet [project1_pinky] using map [L1] and position [-234412742697243966634355039021793372157247488.000, 116135326975800279661465740044654840295456768.000, -3.056] specified in the initial_state argument. This can happen if the map in initial_state does not match any of the map names in the navigation graph supplied or if the position reported in the initial_state is far way from the navigation graph. This robot will not be added to the fleet.
[python3-12] [INFO] [1786464741.424817699] [project1_pinky_fleet_adapter]: Adding robot [PK-01] to fleet [project1_pinky].
[python3-12] [ERROR] [1786464741.424983646] [project1_pinky_fleet_adapter]: Unable to compute a location on the navigation graph for robot [PK-01] being added to fleet [project1_pinky] using map [L1] and position [-234412742697243966634355039021793372157247488.000, 116135326975800279661465740044654840295456768.000, -3.056] specified in the initial_state argument. This can happen if the map in initial_state does not match any of the map names in the navigation graph supplied or if the position reported in the initial_state is far way from the navigation graph. This robot will not be added to the fleet.
[python3-12] [INFO] [1786464741.524601421] [project1_pinky_fleet_adapter]: Adding robot [PK-01] to fleet [project1_pinky].
[python3-12] [ERROR] [1786464741.524762073] [project1_pinky_fleet_adapter]: Unable to compute a location on the navigation graph for robot [PK-01] being added to fleet [project1_pinky] using map [L1] and position [-234412742697243966634355039021793372157247488.000, 116135326975800279661465740044654840295456768.000, -3.056] specified in the initial_state argument. This can happen if the map in initial_state does not match any of the map names in the navigation graph supplied or if the position reported in the initial_state is far way from the navigation graph. This robot will not be added to the fleet.
[python3-12] [INFO] [1786464741.625023702] [project1_pinky_fleet_adapter]: Adding robot [PK-01] to fleet [project1_pinky].
[python3-12] [ERROR] [1786464741.625140000] [project1_pinky_fleet_adapter]: Unable to compute a location on the navigation graph for robot [PK-01] being added to fleet [project1_pinky] using map [L1] and position [-234412742697243966634355039021793372157247488.000, 116135326975800279661465740044654840295456768.000, -3.056] specified in the initial_state argument. This can happen if the map in initial_state does not match any of the map names in the navigation graph supplied or if the position reported in the initial_state is far way from the navigation graph. This robot will not be added to the fleet.
[python3-12] [INFO] [1786464741.725054005] [project1_pinky_fleet_adapter]: Adding robot [PK-01] to fleet [project1_pinky].
[python3-12] [ERROR] [1786464741.725179466] [project1_pinky_fleet_adapter]: Unable to compute a location on the navigation graph for robot [PK-01] being added to fleet [project1_pinky] using map [L1] and position [-234412742697243966634355039021793372157247488.000, 116135326975800279661465740044654840295456768.000, -3.056] specified in the initial_state argument. This can happen if the map in initial_state does not match any of the map names in the navigation graph supplied or if the position reported in the initial_state is far way from the navigation graph. This robot will not be added to the fleet.
[python3-12] [INFO] [1786464741.825280827] [project1_pinky_fleet_adapter]: Adding robot [PK-01] to fleet [project1_pinky].
[python3-12] [ERROR] [1786464741.825433165] [project1_pinky_fleet_adapter]: Unable to compute a location on the navigation graph for robot [PK-01] being added to fleet [project1_pinky] using map [L1] and position [-234412742697243966634355039021793372157247488.000, 116135326975800279661465740044654840295456768.000, -3.056] specified in the initial_state argument. This can happen if the map in initial_state does not match any of the map names in the navigation graph supplied or if the position reported in the initial_state is far way from the navigation graph. This robot will not be added to the fleet.
[planner_server-6] [WARN] [1786464741.859251517] [pinky_01.global_costmap.global_costmap]: Sensor origin at (-234412742697243966634355039021793372157247488.00, 116135326975800279661465740044654840295456768.00) is out of map bounds (-1.24, -3.24) to (3.55, 0.44). The costmap cannot raytrace for it.
[python3-12] [INFO] [1786464741.928896382] [project1_pinky_fleet_adapter]: Adding robot [PK-01] to fleet [project1_pinky].
[python3-12] [ERROR] [1786464741.929068067] [project1_pinky_fleet_adapter]: Unable to compute a location on the navigation graph for robot [PK-01] being added to fleet [project1_pinky] using map [L1] and position [-234412742697243966634355039021793372157247488.000, 116135326975800279661465740044654840295456768.000, -3.056] specified in the initial_state argument. This can happen if the map in initial_state does not match any of the map names in the navigation graph supplied or if the position reported in the initial_state is far way from the navigation graph. This robot will not be added to the fleet.
[python3-12] [INFO] [1786464742.028996541] [project1_pinky_fleet_adapter]: Adding robot [PK-01] to fleet [project1_pinky].
[python3-12] [ERROR] [1786464742.029147349] [project1_pinky_fleet_adapter]: Unable to compute a location on the navigation graph for robot [PK-01] being added to fleet [project1_pinky] using map [L1] and position [-234412742697243966634355039021793372157247488.000, 116135326975800279661465740044654840295456768.000, -3.056] specified in the initial_state argument. This can happen if the map in initial_state does not match any of the map names in the navigation graph supplied or if the position reported in the initial_state is far way from the navigation graph. This robot will not be added to the fleet.
[python3-12] [INFO] [1786464742.129772061] [project1_pinky_fleet_adapter]: Adding robot [PK-01] to fleet [project1_pinky].
[python3-12] [ERROR] [1786464742.129933328] [project1_pinky_fleet_adapter]: Unable to compute a location on the navigation graph for robot [PK-01] being added to fleet [project1_pinky] using map [L1] and position [-234412742697243966634355039021793372157247488.000, 116135326975800279661465740044654840295456768.000, -3.056] specified in the initial_state argument. This can happen if the map in initial_state does not match any of the map names in the navigation graph supplied or if the position reported in the initial_state is far way from the navigation graph. This robot will not be added to the fleet.
[python3-12] [INFO] [1786464742.230770675] [project1_pinky_fleet_adapter]: Adding robot [PK-01] to fleet [project1_pinky].
[python3-12] [ERROR] [1786464742.230916950] [project1_pinky_fleet_adapter]: Unable to compute a location on the navigation graph for robot [PK-01] being added to fleet [project1_pinky] using map [L1] and position [-234412742697243966634355039021793372157247488.000, 116135326975800279661465740044654840295456768.000, -3.056] specified in the initial_state argument. This can happen if the map in initial_state does not match any of the map names in the navigation graph supplied or if the position reported in the initial_state is far way from the navigation graph. This robot will not be added to the fleet.
[python3-12] [INFO] [1786464742.332208504] [project1_pinky_fleet_adapter]: Adding robot [PK-01] to fleet [project1_pinky].
[python3-12] [ERROR] [1786464742.332341881] [project1_pinky_fleet_adapter]: Unable to compute a location on the navigation graph for robot [PK-01] being added to fleet [project1_pinky] using map [L1] and position [-234412742697243966634355039021793372157247488.000, 116135326975800279661465740044654840295456768.000, -3.056] specified in the initial_state argument. This can happen if the map in initial_state does not match any of the map names in the navigation graph supplied or if the position reported in the initial_state is far way from the navigation graph. This robot will not be added to the fleet.
[python3-12] [INFO] [1786464742.428659795] [project1_pinky_fleet_adapter]: Adding robot [PK-01] to fleet [project1_pinky].
[python3-12] [ERROR] [1786464742.428790489] [project1_pinky_fleet_adapter]: Unable to compute a location on the navigation graph for robot [PK-01] being added to fleet [project1_pinky] using map [L1] and position [-234412742697243966634355039021793372157247488.000, 116135326975800279661465740044654840295456768.000, -3.056] specified in the initial_state argument. This can happen if the map in initial_state does not match any of the map names in the navigation graph supplied or if the position reported in the initial_state is far way from the navigation graph. This robot will not be added to the fleet.
[python3-12] [INFO] [1786464742.530371668] [project1_pinky_fleet_adapter]: Adding robot [PK-01] to fleet [project1_pinky].
[python3-12] [ERROR] [1786464742.530493135] [project1_pinky_fleet_adapter]: Unable to compute a location on the navigation graph for robot [PK-01] being added to fleet [project1_pinky] using map [L1] and position [-234412742697243966634355039021793372157247488.000, 116135326975800279661465740044654840295456768.000, -3.056] specified in the initial_state argument. This can happen if the map in initial_state does not match any of the map names in the navigation graph supplied or if the position reported in the initial_state is far way from the navigation graph. This robot will not be added to the fleet.
[python3-12] [INFO] [1786464742.630623378] [project1_pinky_fleet_adapter]: Adding robot [PK-01] to fleet [project1_pinky].
[python3-12] [ERROR] [1786464742.630850898] [project1_pinky_fleet_adapter]: Unable to compute a location on the navigation graph for robot [PK-01] being added to fleet [project1_pinky] using map [L1] and position [-234412742697243966634355039021793372157247488.000, 116135326975800279661465740044654840295456768.000, -3.056] specified in the initial_state argument. This can happen if the map in initial_state does not match any of the map names in the navigation graph supplied or if the position reported in the initial_state is far way from the navigation graph. This robot will not be added to the fleet.
[python3-12] [INFO] [1786464742.728704265] [project1_pinky_fleet_adapter]: Adding robot [PK-01] to fleet [project1_pinky].
[python3-12] [ERROR] [1786464742.728864157] [project1_pinky_fleet_adapter]: Unable to compute a location on the navigation graph for robot [PK-01] being added to fleet [project1_pinky] using map [L1] and position [-234412742697243966634355039021793372157247488.000, 116135326975800279661465740044654840295456768.000, -3.056] specified in the initial_state argument. This can happen if the map in initial_state does not match any of the map names in the navigation graph supplied or if the position reported in the initial_state is far way from the navigation graph. This robot will not be added to the fleet.
[python3-12] [INFO] [1786464742.830901853] [project1_pinky_fleet_adapter]: Adding robot [PK-01] to fleet [project1_pinky].
[python3-12] [ERROR] [1786464742.831046385] [project1_pinky_fleet_adapter]: Unable to compute a location on the navigation graph for robot [PK-01] being added to fleet [project1_pinky] using map [L1] and position [-234412742697243966634355039021793372157247488.000, 116135326975800279661465740044654840295456768.000, -3.056] specified in the initial_state argument. This can happen if the map in initial_state does not match any of the map names in the navigation graph supplied or if the position reported in the initial_state is far way from the navigation graph. This robot will not be added to the fleet.
[planner_server-6] [WARN] [1786464742.859235535] [nav2_costmap_2d]: Robot is out of bounds of the costmap
[planner_server-6] [WARN] [1786464742.859266191] [pinky_01.global_costmap.global_costmap]: Sensor origin at (-234412742697243966634355039021793372157247488.00, 116135326975800279661465740044654840295456768.00) is out of map bounds (-1.24, -3.24) to (3.55, 0.44). The costmap cannot raytrace for it.
[python3-12] [INFO] [1786464742.925173931] [project1_pinky_fleet_adapter]: Adding robot [PK-01] to fleet [project1_pinky].
[python3-12] [ERROR] [1786464742.925321034] [project1_pinky_fleet_adapter]: Unable to compute a location on the navigation graph for robot [PK-01] being added to fleet [project1_pinky] using map [L1] and position [-234412742697243966634355039021793372157247488.000, 116135326975800279661465740044654840295456768.000, -3.056] specified in the initial_state argument. This can happen if the map in initial_state does not match any of the map names in the navigation graph supplied or if the position reported in the initial_state is far way from the navigation graph. This robot will not be added to the fleet.
[python3-12] [INFO] [1786464743.025980051] [project1_pinky_fleet_adapter]: Adding robot [PK-01] to fleet [project1_pinky].
[python3-12] [ERROR] [1786464743.026198856] [project1_pinky_fleet_adapter]: Unable to compute a location on the navigation graph for robot [PK-01] being added to fleet [project1_pinky] using map [L1] and position [-234412742697243966634355039021793372157247488.000, 116135326975800279661465740044654840295456768.000, -3.056] specified in the initial_state argument. This can happen if the map in initial_state does not match any of the map names in the navigation graph supplied or if the position reported in the initial_state is far way from the navigation graph. This robot will not be added to the fleet.
[python3-12] [INFO] [1786464743.124721715] [project1_pinky_fleet_adapter]: Adding robot [PK-01] to fleet [project1_pinky].
[python3-12] [ERROR] [1786464743.124860484] [project1_pinky_fleet_adapter]: Unable to compute a location on the navigation graph for robot [PK-01] being added to fleet [project1_pinky] using map [L1] and position [-234412742697243966634355039021793372157247488.000, 116135326975800279661465740044654840295456768.000, -3.056] specified in the initial_state argument. This can happen if the map in initial_state does not match any of the map names in the navigation graph supplied or if the position reported in the initial_state is far way from the navigation graph. This robot will not be added to the fleet.
[python3-12] [INFO] [1786464743.225204327] [project1_pinky_fleet_adapter]: Adding robot [PK-01] to fleet [project1_pinky].
[python3-12] [ERROR] [1786464743.225464526] [project1_pinky_fleet_adapter]: Unable to compute a location on the navigation graph for robot [PK-01] being added to fleet [project1_pinky] using map [L1] and position [-234412742697243966634355039021793372157247488.000, 116135326975800279661465740044654840295456768.000, -3.056] specified in the initial_state argument. This can happen if the map in initial_state does not match any of the map names in the navigation graph supplied or if the position reported in the initial_state is far way from the navigation graph. This robot will not be added to the fleet.
[python3-12] [INFO] [1786464743.324823830] [project1_pinky_fleet_adapter]: Adding robot [PK-01] to fleet [project1_pinky].
[python3-12] [ERROR] [1786464743.324993137] [project1_pinky_fleet_adapter]: Unable to compute a location on the navigation graph for robot [PK-01] being added to fleet [project1_pinky] using map [L1] and position [-234412742697243966634355039021793372157247488.000, 116135326975800279661465740044654840295456768.000, -3.056] specified in the initial_state argument. This can happen if the map in initial_state does not match any of the map names in the navigation graph supplied or if the position reported in the initial_state is far way from the navigation graph. This robot will not be added to the fleet.
[python3-12] [INFO] [1786464743.425010767] [project1_pinky_fleet_adapter]: Adding robot [PK-01] to fleet [project1_pinky].
[python3-12] [ERROR] [1786464743.425199798] [project1_pinky_fleet_adapter]: Unable to compute a location on the navigation graph for robot [PK-01] being added to fleet [project1_pinky] using map [L1] and position [-234412742697243966634355039021793372157247488.000, 116135326975800279661465740044654840295456768.000, -3.056] specified in the initial_state argument. This can happen if the map in initial_state does not match any of the map names in the navigation graph supplied or if the position reported in the initial_state is far way from the navigation graph. This robot will not be added to the fleet.
[python3-12] [INFO] [1786464743.525617674] [project1_pinky_fleet_adapter]: Adding robot [PK-01] to fleet [project1_pinky].
[python3-12] [ERROR] [1786464743.525754053] [project1_pinky_fleet_adapter]: Unable to compute a location on the navigation graph for robot [PK-01] being added to fleet [project1_pinky] using map [L1] and position [-234412742697243966634355039021793372157247488.000, 116135326975800279661465740044654840295456768.000, -3.056] specified in the initial_state argument. This can happen if the map in initial_state does not match any of the map names in the navigation graph supplied or if the position reported in the initial_state is far way from the navigation graph. This robot will not be added to the fleet.
[python3-12] [INFO] [1786464743.624763418] [project1_pinky_fleet_adapter]: Adding robot [PK-01] to fleet [project1_pinky].
[python3-12] [ERROR] [1786464743.625001771] [project1_pinky_fleet_adapter]: Unable to compute a location on the navigation graph for robot [PK-01] being added to fleet [project1_pinky] using map [L1] and position [-234412742697243966634355039021793372157247488.000, 116135326975800279661465740044654840295456768.000, -3.056] specified in the initial_state argument. This can happen if the map in initial_state does not match any of the map names in the navigation graph supplied or if the position reported in the initial_state is far way from the navigation graph. This robot will not be added to the fleet.
[python3-12] [INFO] [1786464743.724808254] [project1_pinky_fleet_adapter]: Adding robot [PK-01] to fleet [project1_pinky].
[python3-12] [ERROR] [1786464743.724974675] [project1_pinky_fleet_adapter]: Unable to compute a location on the navigation graph for robot [PK-01] being added to fleet [project1_pinky] using map [L1] and position [-234412742697243966634355039021793372157247488.000, 116135326975800279661465740044654840295456768.000, -3.056] specified in the initial_state argument. This can happen if the map in initial_state does not match any of the map names in the navigation graph supplied or if the position reported in the initial_state is far way from the navigation graph. This robot will not be added to the fleet.
[controller_server-4] [WARN] [1786464743.736980271] [nav2_costmap_2d]: Robot is out of bounds of the costmap
[gazebo-1] [1;31m[Err] [SimulationFeatures.cc:131] [0m[1;31mSome links in model 'pinky_01' have invalid poses. Resetting to last known poses.[0m[1;31m Also resetting velocities and accelerations to zero.[0m[1;31m[0m
[python3-12] [INFO] [1786464743.825014803] [project1_pinky_fleet_adapter]: Adding robot [PK-01] to fleet [project1_pinky].
[python3-12] [ERROR] [1786464743.825208946] [project1_pinky_fleet_adapter]: Unable to compute a location on the navigation graph for robot [PK-01] being added to fleet [project1_pinky] using map [L1] and position [-234412742697243966634355039021793372157247488.000, 116135326975800279661465740044654840295456768.000, -3.056] specified in the initial_state argument. This can happen if the map in initial_state does not match any of the map names in the navigation graph supplied or if the position reported in the initial_state is far way from the navigation graph. This robot will not be added to the fleet.
[planner_server-6] [WARN] [1786464743.859240435] [pinky_01.global_costmap.global_costmap]: Sensor origin at (-234412742697243966634355039021793372157247488.00, 116135326975800279661465740044654840295456768.00) is out of map bounds (-1.24, -3.24) to (3.55, 0.44). The costmap cannot raytrace for it.
[python3-12] [INFO] [1786464743.925114128] [project1_pinky_fleet_adapter]: Adding robot [PK-01] to fleet [project1_pinky].
[python3-12] [ERROR] [1786464743.925266720] [project1_pinky_fleet_adapter]: Unable to compute a location on the navigation graph for robot [PK-01] being added to fleet [project1_pinky] using map [L1] and position [-234412742697243966634355039021793372157247488.000, 116135326975800279661465740044654840295456768.000, -3.056] specified in the initial_state argument. This can happen if the map in initial_state does not match any of the map names in the navigation graph supplied or if the position reported in the initial_state is far way from the navigation graph. This robot will not be added to the fleet.
[python3-12] [INFO] [1786464744.025216717] [project1_pinky_fleet_adapter]: Adding robot [PK-01] to fleet [project1_pinky].
[python3-12] [ERROR] [1786464744.025360395] [project1_pinky_fleet_adapter]: Unable to compute a location on the navigation graph for robot [PK-01] being added to fleet [project1_pinky] using map [L1] and position [-234412742697243966634355039021793372157247488.000, 116135326975800279661465740044654840295456768.000, -3.056] specified in the initial_state argument. This can happen if the map in initial_state does not match any of the map names in the navigation graph supplied or if the position reported in the initial_state is far way from the navigation graph. This robot will not be added to the fleet.
[python3-12] [INFO] [1786464744.124683772] [project1_pinky_fleet_adapter]: Adding robot [PK-01] to fleet [project1_pinky].
[python3-12] [ERROR] [1786464744.124807723] [project1_pinky_fleet_adapter]: Unable to compute a location on the navigation graph for robot [PK-01] being added to fleet [project1_pinky] using map [L1] and position [-234412742697243966634355039021793372157247488.000, 116135326975800279661465740044654840295456768.000, -3.056] specified in the initial_state argument. This can happen if the map in initial_state does not match any of the map names in the navigation graph supplied or if the position reported in the initial_state is far way from the navigation graph. This robot will not be added to the fleet.
[python3-12] [INFO] [1786464744.224695614] [project1_pinky_fleet_adapter]: Adding robot [PK-01] to fleet [project1_pinky].
[python3-12] [ERROR] [1786464744.224850109] [project1_pinky_fleet_adapter]: Unable to compute a location on the navigation graph for robot [PK-01] being added to fleet [project1_pinky] using map [L1] and position [-234412742697243966634355039021793372157247488.000, 116135326975800279661465740044654840295456768.000, -3.056] specified in the initial_state argument. This can happen if the map in initial_state does not match any of the map names in the navigation graph supplied or if the position reported in the initial_state is far way from the navigation graph. This robot will not be added to the fleet.
[python3-12] [INFO] [1786464744.325391372] [project1_pinky_fleet_adapter]: Adding robot [PK-01] to fleet [project1_pinky].
[python3-12] [ERROR] [1786464744.325535265] [project1_pinky_fleet_adapter]: Unable to compute a location on the navigation graph for robot [PK-01] being added to fleet [project1_pinky] using map [L1] and position [-234412742697243966634355039021793372157247488.000, 116135326975800279661465740044654840295456768.000, -3.056] specified in the initial_state argument. This can happen if the map in initial_state does not match any of the map names in the navigation graph supplied or if the position reported in the initial_state is far way from the navigation graph. This robot will not be added to the fleet.
[python3-12] [INFO] [1786464744.424773181] [project1_pinky_fleet_adapter]: Adding robot [PK-01] to fleet [project1_pinky].
[python3-12] [ERROR] [1786464744.424908116] [project1_pinky_fleet_adapter]: Unable to compute a location on the navigation graph for robot [PK-01] being added to fleet [project1_pinky] using map [L1] and position [-234412742697243966634355039021793372157247488.000, 116135326975800279661465740044654840295456768.000, -3.056] specified in the initial_state argument. This can happen if the map in initial_state does not match any of the map names in the navigation graph supplied or if the position reported in the initial_state is far way from the navigation graph. This robot will not be added to the fleet.
[python3-12] [INFO] [1786464744.524848705] [project1_pinky_fleet_adapter]: Adding robot [PK-01] to fleet [project1_pinky].
[python3-12] [ERROR] [1786464744.524978422] [project1_pinky_fleet_adapter]: Unable to compute a location on the navigation graph for robot [PK-01] being added to fleet [project1_pinky] using map [L1] and position [-234412742697243966634355039021793372157247488.000, 116135326975800279661465740044654840295456768.000, -3.056] specified in the initial_state argument. This can happen if the map in initial_state does not match any of the map names in the navigation graph supplied or if the position reported in the initial_state is far way from the navigation graph. This robot will not be added to the fleet.
[python3-12] [INFO] [1786464744.624765331] [project1_pinky_fleet_adapter]: Adding robot [PK-01] to fleet [project1_pinky].
[python3-12] [ERROR] [1786464744.624896860] [project1_pinky_fleet_adapter]: Unable to compute a location on the navigation graph for robot [PK-01] being added to fleet [project1_pinky] using map [L1] and position [-234412742697243966634355039021793372157247488.000, 116135326975800279661465740044654840295456768.000, -3.056] specified in the initial_state argument. This can happen if the map in initial_state does not match any of the map names in the navigation graph supplied or if the position reported in the initial_state is far way from the navigation graph. This robot will not be added to the fleet.
[python3-12] [INFO] [1786464744.724521779] [project1_pinky_fleet_adapter]: Adding robot [PK-01] to fleet [project1_pinky].
[python3-12] [ERROR] [1786464744.724648856] [project1_pinky_fleet_adapter]: Unable to compute a location on the navigation graph for robot [PK-01] being added to fleet [project1_pinky] using map [L1] and position [-234412742697243966634355039021793372157247488.000, 116135326975800279661465740044654840295456768.000, -3.056] specified in the initial_state argument. This can happen if the map in initial_state does not match any of the map names in the navigation graph supplied or if the position reported in the initial_state is far way from the navigation graph. This robot will not be added to the fleet.
[python3-12] [INFO] [1786464744.824918407] [project1_pinky_fleet_adapter]: Adding robot [PK-01] to fleet [project1_pinky].
[python3-12] [ERROR] [1786464744.825087614] [project1_pinky_fleet_adapter]: Unable to compute a location on the navigation graph for robot [PK-01] being added to fleet [project1_pinky] using map [L1] and position [-234412742697243966634355039021793372157247488.000, 116135326975800279661465740044654840295456768.000, -3.056] specified in the initial_state argument. This can happen if the map in initial_state does not match any of the map names in the navigation graph supplied or if the position reported in the initial_state is far way from the navigation graph. This robot will not be added to the fleet.
[planner_server-6] [WARN] [1786464744.859251989] [pinky_01.global_costmap.global_costmap]: Sensor origin at (-234412742697243966634355039021793372157247488.00, 116135326975800279661465740044654840295456768.00) is out of map bounds (-1.24, -3.24) to (3.55, 0.44). The costmap cannot raytrace for it.
[python3-12] [INFO] [1786464744.924795829] [project1_pinky_fleet_adapter]: Adding robot [PK-01] to fleet [project1_pinky].
[python3-12] [ERROR] [1786464744.925023010] [project1_pinky_fleet_adapter]: Unable to compute a location on the navigation graph for robot [PK-01] being added to fleet [project1_pinky] using map [L1] and position [-234412742697243966634355039021793372157247488.000, 116135326975800279661465740044654840295456768.000, -3.056] specified in the initial_state argument. This can happen if the map in initial_state does not match any of the map names in the navigation graph supplied or if the position reported in the initial_state is far way from the navigation graph. This robot will not be added to the fleet.
[python3-12] [INFO] [1786464745.024933880] [project1_pinky_fleet_adapter]: Adding robot [PK-01] to fleet [project1_pinky].
[python3-12] [ERROR] [1786464745.025073825] [project1_pinky_fleet_adapter]: Unable to compute a location on the navigation graph for robot [PK-01] being added to fleet [project1_pinky] using map [L1] and position [-234412742697243966634355039021793372157247488.000, 116135326975800279661465740044654840295456768.000, -3.056] specified in the initial_state argument. This can happen if the map in initial_state does not match any of the map names in the navigation graph supplied or if the position reported in the initial_state is far way from the navigation graph. This robot will not be added to the fleet.
[python3-12] [INFO] [1786464745.125041671] [project1_pinky_fleet_adapter]: Adding robot [PK-01] to fleet [project1_pinky].
[python3-12] [ERROR] [1786464745.125156923] [project1_pinky_fleet_adapter]: Unable to compute a location on the navigation graph for robot [PK-01] being added to fleet [project1_pinky] using map [L1] and position [-234412742697243966634355039021793372157247488.000, 116135326975800279661465740044654840295456768.000, -3.056] specified in the initial_state argument. This can happen if the map in initial_state does not match any of the map names in the navigation graph supplied or if the position reported in the initial_state is far way from the navigation graph. This robot will not be added to the fleet.
[python3-12] [INFO] [1786464745.230711784] [project1_pinky_fleet_adapter]: Adding robot [PK-01] to fleet [project1_pinky].
[python3-12] [ERROR] [1786464745.230875826] [project1_pinky_fleet_adapter]: Unable to compute a location on the navigation graph for robot [PK-01] being added to fleet [project1_pinky] using map [L1] and position [-234412742697243966634355039021793372157247488.000, 116135326975800279661465740044654840295456768.000, -3.056] specified in the initial_state argument. This can happen if the map in initial_state does not match any of the map names in the navigation graph supplied or if the position reported in the initial_state is far way from the navigation graph. This robot will not be added to the fleet.
[python3-12] [INFO] [1786464745.328587169] [project1_pinky_fleet_adapter]: Adding robot [PK-01] to fleet [project1_pinky].
[python3-12] [ERROR] [1786464745.328754756] [project1_pinky_fleet_adapter]: Unable to compute a location on the navigation graph for robot [PK-01] being added to fleet [project1_pinky] using map [L1] and position [-234412742697243966634355039021793372157247488.000, 116135326975800279661465740044654840295456768.000, -3.056] specified in the initial_state argument. This can happen if the map in initial_state does not match any of the map names in the navigation graph supplied or if the position reported in the initial_state is far way from the navigation graph. This robot will not be added to the fleet.
[python3-12] [INFO] [1786464745.431010047] [project1_pinky_fleet_adapter]: Adding robot [PK-01] to fleet [project1_pinky].
[python3-12] [ERROR] [1786464745.431147860] [project1_pinky_fleet_adapter]: Unable to compute a location on the navigation graph for robot [PK-01] being added to fleet [project1_pinky] using map [L1] and position [-234412742697243966634355039021793372157247488.000, 116135326975800279661465740044654840295456768.000, -3.056] specified in the initial_state argument. This can happen if the map in initial_state does not match any of the map names in the navigation graph supplied or if the position reported in the initial_state is far way from the navigation graph. This robot will not be added to the fleet.
[python3-12] [INFO] [1786464745.528913718] [project1_pinky_fleet_adapter]: Adding robot [PK-01] to fleet [project1_pinky].
[python3-12] [ERROR] [1786464745.529131258] [project1_pinky_fleet_adapter]: Unable to compute a location on the navigation graph for robot [PK-01] being added to fleet [project1_pinky] using map [L1] and position [-234412742697243966634355039021793372157247488.000, 116135326975800279661465740044654840295456768.000, -3.056] specified in the initial_state argument. This can happen if the map in initial_state does not match any of the map names in the navigation graph supplied or if the position reported in the initial_state is far way from the navigation graph. This robot will not be added to the fleet.
[python3-12] [INFO] [1786464745.630758564] [project1_pinky_fleet_adapter]: Adding robot [PK-01] to fleet [project1_pinky].
[python3-12] [ERROR] [1786464745.630902423] [project1_pinky_fleet_adapter]: Unable to compute a location on the navigation graph for robot [PK-01] being added to fleet [project1_pinky] using map [L1] and position [-234412742697243966634355039021793372157247488.000, 116135326975800279661465740044654840295456768.000, -3.056] specified in the initial_state argument. This can happen if the map in initial_state does not match any of the map names in the navigation graph supplied or if the position reported in the initial_state is far way from the navigation graph. This robot will not be added to the fleet.
[python3-12] [INFO] [1786464745.729033259] [project1_pinky_fleet_adapter]: Adding robot [PK-01] to fleet [project1_pinky].
[python3-12] [ERROR] [1786464745.729177364] [project1_pinky_fleet_adapter]: Unable to compute a location on the navigation graph for robot [PK-01] being added to fleet [project1_pinky] using map [L1] and position [-234412742697243966634355039021793372157247488.000, 116135326975800279661465740044654840295456768.000, -3.056] specified in the initial_state argument. This can happen if the map in initial_state does not match any of the map names in the navigation graph supplied or if the position reported in the initial_state is far way from the navigation graph. This robot will not be added to the fleet.
[python3-12] [INFO] [1786464745.831574150] [project1_pinky_fleet_adapter]: Adding robot [PK-01] to fleet [project1_pinky].
[python3-12] [ERROR] [1786464745.831723823] [project1_pinky_fleet_adapter]: Unable to compute a location on the navigation graph for robot [PK-01] being added to fleet [project1_pinky] using map [L1] and position [-234412742697243966634355039021793372157247488.000, 116135326975800279661465740044654840295456768.000, -3.056] specified in the initial_state argument. This can happen if the map in initial_state does not match any of the map names in the navigation graph supplied or if the position reported in the initial_state is far way from the navigation graph. This robot will not be added to the fleet.
[planner_server-6] [WARN] [1786464745.859236983] [pinky_01.global_costmap.global_costmap]: Sensor origin at (-234412742697243966634355039021793372157247488.00, 116135326975800279661465740044654840295456768.00) is out of map bounds (-1.24, -3.24) to (3.55, 0.44). The costmap cannot raytrace for it.
[python3-12] [INFO] [1786464745.928122109] [project1_pinky_fleet_adapter]: Adding robot [PK-01] to fleet [project1_pinky].
[python3-12] [ERROR] [1786464745.928234981] [project1_pinky_fleet_adapter]: Unable to compute a location on the navigation graph for robot [PK-01] being added to fleet [project1_pinky] using map [L1] and position [-234412742697243966634355039021793372157247488.000, 116135326975800279661465740044654840295456768.000, -3.056] specified in the initial_state argument. This can happen if the map in initial_state does not match any of the map names in the navigation graph supplied or if the position reported in the initial_state is far way from the navigation graph. This robot will not be added to the fleet.
[python3-12] [INFO] [1786464746.025243364] [project1_pinky_fleet_adapter]: Adding robot [PK-01] to fleet [project1_pinky].
[python3-12] [ERROR] [1786464746.025448288] [project1_pinky_fleet_adapter]: Unable to compute a location on the navigation graph for robot [PK-01] being added to fleet [project1_pinky] using map [L1] and position [-234412742697243966634355039021793372157247488.000, 116135326975800279661465740044654840295456768.000, -3.056] specified in the initial_state argument. This can happen if the map in initial_state does not match any of the map names in the navigation graph supplied or if the position reported in the initial_state is far way from the navigation graph. This robot will not be added to the fleet.
[python3-12] [INFO] [1786464746.129972015] [project1_pinky_fleet_adapter]: Adding robot [PK-01] to fleet [project1_pinky].
[python3-12] [ERROR] [1786464746.130149725] [project1_pinky_fleet_adapter]: Unable to compute a location on the navigation graph for robot [PK-01] being added to fleet [project1_pinky] using map [L1] and position [-234412742697243966634355039021793372157247488.000, 116135326975800279661465740044654840295456768.000, -3.056] specified in the initial_state argument. This can happen if the map in initial_state does not match any of the map names in the navigation graph supplied or if the position reported in the initial_state is far way from the navigation graph. This robot will not be added to the fleet.
[python3-12] [INFO] [1786464746.224705805] [project1_pinky_fleet_adapter]: Adding robot [PK-01] to fleet [project1_pinky].
[python3-12] [ERROR] [1786464746.224833621] [project1_pinky_fleet_adapter]: Unable to compute a location on the navigation graph for robot [PK-01] being added to fleet [project1_pinky] using map [L1] and position [-234412742697243966634355039021793372157247488.000, 116135326975800279661465740044654840295456768.000, -3.056] specified in the initial_state argument. This can happen if the map in initial_state does not match any of the map names in the navigation graph supplied or if the position reported in the initial_state is far way from the navigation graph. This robot will not be added to the fleet.
[python3-12] [INFO] [1786464746.324945115] [project1_pinky_fleet_adapter]: Adding robot [PK-01] to fleet [project1_pinky].
[python3-12] [ERROR] [1786464746.325091828] [project1_pinky_fleet_adapter]: Unable to compute a location on the navigation graph for robot [PK-01] being added to fleet [project1_pinky] using map [L1] and position [-234412742697243966634355039021793372157247488.000, 116135326975800279661465740044654840295456768.000, -3.056] specified in the initial_state argument. This can happen if the map in initial_state does not match any of the map names in the navigation graph supplied or if the position reported in the initial_state is far way from the navigation graph. This robot will not be added to the fleet.
[python3-12] [INFO] [1786464746.424778044] [project1_pinky_fleet_adapter]: Adding robot [PK-01] to fleet [project1_pinky].
[python3-12] [ERROR] [1786464746.424955429] [project1_pinky_fleet_adapter]: Unable to compute a location on the navigation graph for robot [PK-01] being added to fleet [project1_pinky] using map [L1] and position [-234412742697243966634355039021793372157247488.000, 116135326975800279661465740044654840295456768.000, -3.056] specified in the initial_state argument. This can happen if the map in initial_state does not match any of the map names in the navigation graph supplied or if the position reported in the initial_state is far way from the navigation graph. This robot will not be added to the fleet.
[python3-12] [INFO] [1786464746.525015190] [project1_pinky_fleet_adapter]: Adding robot [PK-01] to fleet [project1_pinky].
[python3-12] [ERROR] [1786464746.525182967] [project1_pinky_fleet_adapter]: Unable to compute a location on the navigation graph for robot [PK-01] being added to fleet [project1_pinky] using map [L1] and position [-234412742697243966634355039021793372157247488.000, 116135326975800279661465740044654840295456768.000, -3.056] specified in the initial_state argument. This can happen if the map in initial_state does not match any of the map names in the navigation graph supplied or if the position reported in the initial_state is far way from the navigation graph. This robot will not be added to the fleet.
[python3-12] [INFO] [1786464746.625802458] [project1_pinky_fleet_adapter]: Adding robot [PK-01] to fleet [project1_pinky].
[python3-12] [ERROR] [1786464746.625993840] [project1_pinky_fleet_adapter]: Unable to compute a location on the navigation graph for robot [PK-01] being added to fleet [project1_pinky] using map [L1] and position [-234412742697243966634355039021793372157247488.000, 116135326975800279661465740044654840295456768.000, -3.056] specified in the initial_state argument. This can happen if the map in initial_state does not match any of the map names in the navigation graph supplied or if the position reported in the initial_state is far way from the navigation graph. This robot will not be added to the fleet.
[python3-12] [INFO] [1786464746.725039158] [project1_pinky_fleet_adapter]: Adding robot [PK-01] to fleet [project1_pinky].
[python3-12] [ERROR] [1786464746.725174694] [project1_pinky_fleet_adapter]: Unable to compute a location on the navigation graph for robot [PK-01] being added to fleet [project1_pinky] using map [L1] and position [-234412742697243966634355039021793372157247488.000, 116135326975800279661465740044654840295456768.000, -3.056] specified in the initial_state argument. This can happen if the map in initial_state does not match any of the map names in the navigation graph supplied or if the position reported in the initial_state is far way from the navigation graph. This robot will not be added to the fleet.
[python3-12] [INFO] [1786464746.825187524] [project1_pinky_fleet_adapter]: Adding robot [PK-01] to fleet [project1_pinky].
[python3-12] [ERROR] [1786464746.825374289] [project1_pinky_fleet_adapter]: Unable to compute a location on the navigation graph for robot [PK-01] being added to fleet [project1_pinky] using map [L1] and position [-234412742697243966634355039021793372157247488.000, 116135326975800279661465740044654840295456768.000, -3.056] specified in the initial_state argument. This can happen if the map in initial_state does not match any of the map names in the navigation graph supplied or if the position reported in the initial_state is far way from the navigation graph. This robot will not be added to the fleet.
[planner_server-6] [WARN] [1786464746.859238630] [pinky_01.global_costmap.global_costmap]: Sensor origin at (-234412742697243966634355039021793372157247488.00, 116135326975800279661465740044654840295456768.00) is out of map bounds (-1.24, -3.24) to (3.55, 0.44). The costmap cannot raytrace for it.
[python3-12] [INFO] [1786464746.925128983] [project1_pinky_fleet_adapter]: Adding robot [PK-01] to fleet [project1_pinky].
[python3-12] [ERROR] [1786464746.925269316] [project1_pinky_fleet_adapter]: Unable to compute a location on the navigation graph for robot [PK-01] being added to fleet [project1_pinky] using map [L1] and position [-234412742697243966634355039021793372157247488.000, 116135326975800279661465740044654840295456768.000, -3.056] specified in the initial_state argument. This can happen if the map in initial_state does not match any of the map names in the navigation graph supplied or if the position reported in the initial_state is far way from the navigation graph. This robot will not be added to the fleet.
[python3-12] [INFO] [1786464747.024615792] [project1_pinky_fleet_adapter]: Adding robot [PK-01] to fleet [project1_pinky].
[python3-12] [ERROR] [1786464747.024744369] [project1_pinky_fleet_adapter]: Unable to compute a location on the navigation graph for robot [PK-01] being added to fleet [project1_pinky] using map [L1] and position [-234412742697243966634355039021793372157247488.000, 116135326975800279661465740044654840295456768.000, -3.056] specified in the initial_state argument. This can happen if the map in initial_state does not match any of the map names in the navigation graph supplied or if the position reported in the initial_state is far way from the navigation graph. This robot will not be added to the fleet.
[python3-12] [INFO] [1786464747.125054265] [project1_pinky_fleet_adapter]: Adding robot [PK-01] to fleet [project1_pinky].
[python3-12] [ERROR] [1786464747.125186129] [project1_pinky_fleet_adapter]: Unable to compute a location on the navigation graph for robot [PK-01] being added to fleet [project1_pinky] using map [L1] and position [-234412742697243966634355039021793372157247488.000, 116135326975800279661465740044654840295456768.000, -3.056] specified in the initial_state argument. This can happen if the map in initial_state does not match any of the map names in the navigation graph supplied or if the position reported in the initial_state is far way from the navigation graph. This robot will not be added to the fleet.
[python3-12] [INFO] [1786464747.224721777] [project1_pinky_fleet_adapter]: Adding robot [PK-01] to fleet [project1_pinky].
[python3-12] [ERROR] [1786464747.224852040] [project1_pinky_fleet_adapter]: Unable to compute a location on the navigation graph for robot [PK-01] being added to fleet [project1_pinky] using map [L1] and position [-234412742697243966634355039021793372157247488.000, 116135326975800279661465740044654840295456768.000, -3.056] specified in the initial_state argument. This can happen if the map in initial_state does not match any of the map names in the navigation graph supplied or if the position reported in the initial_state is far way from the navigation graph. This robot will not be added to the fleet.
[python3-12] [INFO] [1786464747.324944910] [project1_pinky_fleet_adapter]: Adding robot [PK-01] to fleet [project1_pinky].
[python3-12] [ERROR] [1786464747.325251087] [project1_pinky_fleet_adapter]: Unable to compute a location on the navigation graph for robot [PK-01] being added to fleet [project1_pinky] using map [L1] and position [-234412742697243966634355039021793372157247488.000, 116135326975800279661465740044654840295456768.000, -3.056] specified in the initial_state argument. This can happen if the map in initial_state does not match any of the map names in the navigation graph supplied or if the position reported in the initial_state is far way from the navigation graph. This robot will not be added to the fleet.
[python3-12] [INFO] [1786464747.424990577] [project1_pinky_fleet_adapter]: Adding robot [PK-01] to fleet [project1_pinky].
[python3-12] [ERROR] [1786464747.425142587] [project1_pinky_fleet_adapter]: Unable to compute a location on the navigation graph for robot [PK-01] being added to fleet [project1_pinky] using map [L1] and position [-234412742697243966634355039021793372157247488.000, 116135326975800279661465740044654840295456768.000, -3.056] specified in the initial_state argument. This can happen if the map in initial_state does not match any of the map names in the navigation graph supplied or if the position reported in the initial_state is far way from the navigation graph. This robot will not be added to the fleet.
[gazebo-1] [1;31m[Err] [SimulationFeatures.cc:131] [0m[1;31mSome links in model 'pinky_01' have invalid poses. Resetting to last known poses.[0m[1;31m Also resetting velocities and accelerations to zero.[0m[1;31m[0m
[python3-12] [INFO] [1786464747.524957845] [project1_pinky_fleet_adapter]: Adding robot [PK-01] to fleet [project1_pinky].
[python3-12] [ERROR] [1786464747.525118307] [project1_pinky_fleet_adapter]: Unable to compute a location on the navigation graph for robot [PK-01] being added to fleet [project1_pinky] using map [L1] and position [-234412742697243966634355039021793372157247488.000, 116135326975800279661465740044654840295456768.000, -3.056] specified in the initial_state argument. This can happen if the map in initial_state does not match any of the map names in the navigation graph supplied or if the position reported in the initial_state is far way from the navigation graph. This robot will not be added to the fleet.
[python3-12] [INFO] [1786464747.610109615] [project1_pinky_fleet_adapter]: Requesting new schedule update because update timed out
[python3-12] [INFO] [1786464747.610170038] [project1_pinky_fleet_adapter]: [rmf_traffic_ros2::MirrorManager::request_update] Requesting changes for query ID [1] since beginning of recorded history
[schedule_visualizer_node-4] [INFO] [1786464747.613697298] [schedule_data_node]: Requesting new schedule update because update timed out
[schedule_visualizer_node-4] [INFO] [1786464747.613779208] [schedule_data_node]: [rmf_traffic_ros2::MirrorManager::request_update] Requesting changes for query ID [1] since beginning of recorded history
[rmf_traffic_schedule-1] [INFO] [1786464747.618872676] [rmf_traffic_schedule_primary]: [ScheduleNode::update_mirrors] Sending remedial update starting from the beginning going to 3 for query 1
[python3-12] [INFO] [1786464747.627047119] [project1_pinky_fleet_adapter]: Adding robot [PK-01] to fleet [project1_pinky].
[python3-12] [ERROR] [1786464747.627231172] [project1_pinky_fleet_adapter]: Unable to compute a location on the navigation graph for robot [PK-01] being added to fleet [project1_pinky] using map [L1] and position [-234412742697243966634355039021793372157247488.000, 116135326975800279661465740044654840295456768.000, -3.056] specified in the initial_state argument. This can happen if the map in initial_state does not match any of the map names in the navigation graph supplied or if the position reported in the initial_state is far way from the navigation graph. This robot will not be added to the fleet.
[python3-12] [INFO] [1786464747.725107482] [project1_pinky_fleet_adapter]: Adding robot [PK-01] to fleet [project1_pinky].
[python3-12] [ERROR] [1786464747.725289545] [project1_pinky_fleet_adapter]: Unable to compute a location on the navigation graph for robot [PK-01] being added to fleet [project1_pinky] using map [L1] and position [-234412742697243966634355039021793372157247488.000, 116135326975800279661465740044654840295456768.000, -3.056] specified in the initial_state argument. This can happen if the map in initial_state does not match any of the map names in the navigation graph supplied or if the position reported in the initial_state is far way from the navigation graph. This robot will not be added to the fleet.
[python3-12] [INFO] [1786464747.825097956] [project1_pinky_fleet_adapter]: Adding robot [PK-01] to fleet [project1_pinky].
[python3-12] [ERROR] [1786464747.825256429] [project1_pinky_fleet_adapter]: Unable to compute a location on the navigation graph for robot [PK-01] being added to fleet [project1_pinky] using map [L1] and position [-234412742697243966634355039021793372157247488.000, 116135326975800279661465740044654840295456768.000, -3.056] specified in the initial_state argument. This can happen if the map in initial_state does not match any of the map names in the navigation graph supplied or if the position reported in the initial_state is far way from the navigation graph. This robot will not be added to the fleet.
[planner_server-6] [WARN] [1786464747.859242999] [nav2_costmap_2d]: Robot is out of bounds of the costmap
[planner_server-6] [WARN] [1786464747.859271874] [pinky_01.global_costmap.global_costmap]: Sensor origin at (-234412742697243966634355039021793372157247488.00, 116135326975800279661465740044654840295456768.00) is out of map bounds (-1.24, -3.24) to (3.55, 0.44). The costmap cannot raytrace for it.
[python3-12] [INFO] [1786464747.925699382] [project1_pinky_fleet_adapter]: Adding robot [PK-01] to fleet [project1_pinky].
[python3-12] [ERROR] [1786464747.925853027] [project1_pinky_fleet_adapter]: Unable to compute a location on the navigation graph for robot [PK-01] being added to fleet [project1_pinky] using map [L1] and position [-234412742697243966634355039021793372157247488.000, 116135326975800279661465740044654840295456768.000, -3.056] specified in the initial_state argument. This can happen if the map in initial_state does not match any of the map names in the navigation graph supplied or if the position reported in the initial_state is far way from the navigation graph. This robot will not be added to the fleet.
[python3-12] [INFO] [1786464748.025169552] [project1_pinky_fleet_adapter]: Adding robot [PK-01] to fleet [project1_pinky].
[python3-12] [ERROR] [1786464748.025334970] [project1_pinky_fleet_adapter]: Unable to compute a location on the navigation graph for robot [PK-01] being added to fleet [project1_pinky] using map [L1] and position [-234412742697243966634355039021793372157247488.000, 116135326975800279661465740044654840295456768.000, -3.056] specified in the initial_state argument. This can happen if the map in initial_state does not match any of the map names in the navigation graph supplied or if the position reported in the initial_state is far way from the navigation graph. This robot will not be added to the fleet.
[python3-12] [INFO] [1786464748.125492433] [project1_pinky_fleet_adapter]: Adding robot [PK-01] to fleet [project1_pinky].
[python3-12] [ERROR] [1786464748.125606683] [project1_pinky_fleet_adapter]: Unable to compute a location on the navigation graph for robot [PK-01] being added to fleet [project1_pinky] using map [L1] and position [-234412742697243966634355039021793372157247488.000, 116135326975800279661465740044654840295456768.000, -3.056] specified in the initial_state argument. This can happen if the map in initial_state does not match any of the map names in the navigation graph supplied or if the position reported in the initial_state is far way from the navigation graph. This robot will not be added to the fleet.
[python3-12] [INFO] [1786464748.225169347] [project1_pinky_fleet_adapter]: Adding robot [PK-01] to fleet [project1_pinky].
[python3-12] [ERROR] [1786464748.225421255] [project1_pinky_fleet_adapter]: Unable to compute a location on the navigation graph for robot [PK-01] being added to fleet [project1_pinky] using map [L1] and position [-234412742697243966634355039021793372157247488.000, 116135326975800279661465740044654840295456768.000, -3.056] specified in the initial_state argument. This can happen if the map in initial_state does not match any of the map names in the navigation graph supplied or if the position reported in the initial_state is far way from the navigation graph. This robot will not be added to the fleet.
[python3-12] [INFO] [1786464748.325835644] [project1_pinky_fleet_adapter]: Adding robot [PK-01] to fleet [project1_pinky].
[python3-12] [ERROR] [1786464748.325994005] [project1_pinky_fleet_adapter]: Unable to compute a location on the navigation graph for robot [PK-01] being added to fleet [project1_pinky] using map [L1] and position [-234412742697243966634355039021793372157247488.000, 116135326975800279661465740044654840295456768.000, -3.056] specified in the initial_state argument. This can happen if the map in initial_state does not match any of the map names in the navigation graph supplied or if the position reported in the initial_state is far way from the navigation graph. This robot will not be added to the fleet.
[python3-12] [INFO] [1786464748.425897912] [project1_pinky_fleet_adapter]: Adding robot [PK-01] to fleet [project1_pinky].
[python3-12] [ERROR] [1786464748.426064274] [project1_pinky_fleet_adapter]: Unable to compute a location on the navigation graph for robot [PK-01] being added to fleet [project1_pinky] using map [L1] and position [-234412742697243966634355039021793372157247488.000, 116135326975800279661465740044654840295456768.000, -3.056] specified in the initial_state argument. This can happen if the map in initial_state does not match any of the map names in the navigation graph supplied or if the position reported in the initial_state is far way from the navigation graph. This robot will not be added to the fleet.
[python3-12] [INFO] [1786464748.525349319] [project1_pinky_fleet_adapter]: Adding robot [PK-01] to fleet [project1_pinky].
[python3-12] [ERROR] [1786464748.525507299] [project1_pinky_fleet_adapter]: Unable to compute a location on the navigation graph for robot [PK-01] being added to fleet [project1_pinky] using map [L1] and position [-234412742697243966634355039021793372157247488.000, 116135326975800279661465740044654840295456768.000, -3.056] specified in the initial_state argument. This can happen if the map in initial_state does not match any of the map names in the navigation graph supplied or if the position reported in the initial_state is far way from the navigation graph. This robot will not be added to the fleet.
[python3-12] [INFO] [1786464748.628435938] [project1_pinky_fleet_adapter]: Adding robot [PK-01] to fleet [project1_pinky].
[python3-12] [ERROR] [1786464748.628614564] [project1_pinky_fleet_adapter]: Unable to compute a location on the navigation graph for robot [PK-01] being added to fleet [project1_pinky] using map [L1] and position [-234412742697243966634355039021793372157247488.000, 116135326975800279661465740044654840295456768.000, -3.056] specified in the initial_state argument. This can happen if the map in initial_state does not match any of the map names in the navigation graph supplied or if the position reported in the initial_state is far way from the navigation graph. This robot will not be added to the fleet.
[python3-12] [INFO] [1786464748.733200703] [project1_pinky_fleet_adapter]: Adding robot [PK-01] to fleet [project1_pinky].
[python3-12] [ERROR] [1786464748.733414695] [project1_pinky_fleet_adapter]: Unable to compute a location on the navigation graph for robot [PK-01] being added to fleet [project1_pinky] using map [L1] and position [-234412742697243966634355039021793372157247488.000, 116135326975800279661465740044654840295456768.000, -3.056] specified in the initial_state argument. This can happen if the map in initial_state does not match any of the map names in the navigation graph supplied or if the position reported in the initial_state is far way from the navigation graph. This robot will not be added to the fleet.
[python3-12] [INFO] [1786464748.831160711] [project1_pinky_fleet_adapter]: Adding robot [PK-01] to fleet [project1_pinky].
[python3-12] [ERROR] [1786464748.831310480] [project1_pinky_fleet_adapter]: Unable to compute a location on the navigation graph for robot [PK-01] being added to fleet [project1_pinky] using map [L1] and position [-234412742697243966634355039021793372157247488.000, 116135326975800279661465740044654840295456768.000, -3.056] specified in the initial_state argument. This can happen if the map in initial_state does not match any of the map names in the navigation graph supplied or if the position reported in the initial_state is far way from the navigation graph. This robot will not be added to the fleet.
[planner_server-6] [WARN] [1786464748.859270203] [pinky_01.global_costmap.global_costmap]: Sensor origin at (-234412742697243966634355039021793372157247488.00, 116135326975800279661465740044654840295456768.00) is out of map bounds (-1.24, -3.24) to (3.55, 0.44). The costmap cannot raytrace for it.
[python3-12] [INFO] [1786464748.925770327] [project1_pinky_fleet_adapter]: Adding robot [PK-01] to fleet [project1_pinky].
[python3-12] [ERROR] [1786464748.925963080] [project1_pinky_fleet_adapter]: Unable to compute a location on the navigation graph for robot [PK-01] being added to fleet [project1_pinky] using map [L1] and position [-234412742697243966634355039021793372157247488.000, 116135326975800279661465740044654840295456768.000, -3.056] specified in the initial_state argument. This can happen if the map in initial_state does not match any of the map names in the navigation graph supplied or if the position reported in the initial_state is far way from the navigation graph. This robot will not be added to the fleet.
[controller_server-4] [WARN] [1786464748.936853435] [nav2_costmap_2d]: Robot is out of bounds of the costmap
[python3-12] [INFO] [1786464749.032409451] [project1_pinky_fleet_adapter]: Adding robot [PK-01] to fleet [project1_pinky].
[python3-12] [ERROR] [1786464749.032520602] [project1_pinky_fleet_adapter]: Unable to compute a location on the navigation graph for robot [PK-01] being added to fleet [project1_pinky] using map [L1] and position [-234412742697243966634355039021793372157247488.000, 116135326975800279661465740044654840295456768.000, -3.056] specified in the initial_state argument. This can happen if the map in initial_state does not match any of the map names in the navigation graph supplied or if the position reported in the initial_state is far way from the navigation graph. This robot will not be added to the fleet.
[python3-12] [INFO] [1786464749.134275003] [project1_pinky_fleet_adapter]: Adding robot [PK-01] to fleet [project1_pinky].
[python3-12] [ERROR] [1786464749.134707673] [project1_pinky_fleet_adapter]: Unable to compute a location on the navigation graph for robot [PK-01] being added to fleet [project1_pinky] using map [L1] and position [-234412742697243966634355039021793372157247488.000, 116135326975800279661465740044654840295456768.000, -3.056] specified in the initial_state argument. This can happen if the map in initial_state does not match any of the map names in the navigation graph supplied or if the position reported in the initial_state is far way from the navigation graph. This robot will not be added to the fleet.
[python3-12] [INFO] [1786464749.225698224] [project1_pinky_fleet_adapter]: Adding robot [PK-01] to fleet [project1_pinky].
[python3-12] [ERROR] [1786464749.225910430] [project1_pinky_fleet_adapter]: Unable to compute a location on the navigation graph for robot [PK-01] being added to fleet [project1_pinky] using map [L1] and position [-234412742697243966634355039021793372157247488.000, 116135326975800279661465740044654840295456768.000, -3.056] specified in the initial_state argument. This can happen if the map in initial_state does not match any of the map names in the navigation graph supplied or if the position reported in the initial_state is far way from the navigation graph. This robot will not be added to the fleet.
[python3-12] [INFO] [1786464749.326113330] [project1_pinky_fleet_adapter]: Adding robot [PK-01] to fleet [project1_pinky].
[python3-12] [ERROR] [1786464749.326364485] [project1_pinky_fleet_adapter]: Unable to compute a location on the navigation graph for robot [PK-01] being added to fleet [project1_pinky] using map [L1] and position [-234412742697243966634355039021793372157247488.000, 116135326975800279661465740044654840295456768.000, -3.056] specified in the initial_state argument. This can happen if the map in initial_state does not match any of the map names in the navigation graph supplied or if the position reported in the initial_state is far way from the navigation graph. This robot will not be added to the fleet.
[python3-12] [INFO] [1786464749.425871313] [project1_pinky_fleet_adapter]: Adding robot [PK-01] to fleet [project1_pinky].
[python3-12] [ERROR] [1786464749.426095621] [project1_pinky_fleet_adapter]: Unable to compute a location on the navigation graph for robot [PK-01] being added to fleet [project1_pinky] using map [L1] and position [-234412742697243966634355039021793372157247488.000, 116135326975800279661465740044654840295456768.000, -3.056] specified in the initial_state argument. This can happen if the map in initial_state does not match any of the map names in the navigation graph supplied or if the position reported in the initial_state is far way from the navigation graph. This robot will not be added to the fleet.
[python3-12] [INFO] [1786464749.526067545] [project1_pinky_fleet_adapter]: Adding robot [PK-01] to fleet [project1_pinky].
[python3-12] [ERROR] [1786464749.526254847] [project1_pinky_fleet_adapter]: Unable to compute a location on the navigation graph for robot [PK-01] being added to fleet [project1_pinky] using map [L1] and position [-234412742697243966634355039021793372157247488.000, 116135326975800279661465740044654840295456768.000, -3.056] specified in the initial_state argument. This can happen if the map in initial_state does not match any of the map names in the navigation graph supplied or if the position reported in the initial_state is far way from the navigation graph. This robot will not be added to the fleet.
[python3-12] [INFO] [1786464749.626694550] [project1_pinky_fleet_adapter]: Adding robot [PK-01] to fleet [project1_pinky].
[python3-12] [ERROR] [1786464749.626937018] [project1_pinky_fleet_adapter]: Unable to compute a location on the navigation graph for robot [PK-01] being added to fleet [project1_pinky] using map [L1] and position [-234412742697243966634355039021793372157247488.000, 116135326975800279661465740044654840295456768.000, -3.056] specified in the initial_state argument. This can happen if the map in initial_state does not match any of the map names in the navigation graph supplied or if the position reported in the initial_state is far way from the navigation graph. This robot will not be added to the fleet.
[python3-12] [INFO] [1786464749.725378484] [project1_pinky_fleet_adapter]: Adding robot [PK-01] to fleet [project1_pinky].
[python3-12] [ERROR] [1786464749.725586127] [project1_pinky_fleet_adapter]: Unable to compute a location on the navigation graph for robot [PK-01] being added to fleet [project1_pinky] using map [L1] and position [-234412742697243966634355039021793372157247488.000, 116135326975800279661465740044654840295456768.000, -3.056] specified in the initial_state argument. This can happen if the map in initial_state does not match any of the map names in the navigation graph supplied or if the position reported in the initial_state is far way from the navigation graph. This robot will not be added to the fleet.
[python3-12] [INFO] [1786464749.825918515] [project1_pinky_fleet_adapter]: Adding robot [PK-01] to fleet [project1_pinky].
[python3-12] [ERROR] [1786464749.826199910] [project1_pinky_fleet_adapter]: Unable to compute a location on the navigation graph for robot [PK-01] being added to fleet [project1_pinky] using map [L1] and position [-234412742697243966634355039021793372157247488.000, 116135326975800279661465740044654840295456768.000, -3.056] specified in the initial_state argument. This can happen if the map in initial_state does not match any of the map names in the navigation graph supplied or if the position reported in the initial_state is far way from the navigation graph. This robot will not be added to the fleet.
[planner_server-6] [WARN] [1786464749.859252357] [pinky_01.global_costmap.global_costmap]: Sensor origin at (-234412742697243966634355039021793372157247488.00, 116135326975800279661465740044654840295456768.00) is out of map bounds (-1.24, -3.24) to (3.55, 0.44). The costmap cannot raytrace for it.
[python3-12] [INFO] [1786464749.927045850] [project1_pinky_fleet_adapter]: Adding robot [PK-01] to fleet [project1_pinky].
[python3-12] [ERROR] [1786464749.927269171] [project1_pinky_fleet_adapter]: Unable to compute a location on the navigation graph for robot [PK-01] being added to fleet [project1_pinky] using map [L1] and position [-234412742697243966634355039021793372157247488.000, 116135326975800279661465740044654840295456768.000, -3.056] specified in the initial_state argument. This can happen if the map in initial_state does not match any of the map names in the navigation graph supplied or if the position reported in the initial_state is far way from the navigation graph. This robot will not be added to the fleet.
[python3-12] [INFO] [1786464750.025957260] [project1_pinky_fleet_adapter]: Adding robot [PK-01] to fleet [project1_pinky].
[python3-12] [ERROR] [1786464750.026138413] [project1_pinky_fleet_adapter]: Unable to compute a location on the navigation graph for robot [PK-01] being added to fleet [project1_pinky] using map [L1] and position [-234412742697243966634355039021793372157247488.000, 116135326975800279661465740044654840295456768.000, -3.056] specified in the initial_state argument. This can happen if the map in initial_state does not match any of the map names in the navigation graph supplied or if the position reported in the initial_state is far way from the navigation graph. This robot will not be added to the fleet.
[python3-12] [INFO] [1786464750.125582027] [project1_pinky_fleet_adapter]: Adding robot [PK-01] to fleet [project1_pinky].
[python3-12] [ERROR] [1786464750.125730437] [project1_pinky_fleet_adapter]: Unable to compute a location on the navigation graph for robot [PK-01] being added to fleet [project1_pinky] using map [L1] and position [-234412742697243966634355039021793372157247488.000, 116135326975800279661465740044654840295456768.000, -3.056] specified in the initial_state argument. This can happen if the map in initial_state does not match any of the map names in the navigation graph supplied or if the position reported in the initial_state is far way from the navigation graph. This robot will not be added to the fleet.
[python3-12] [INFO] [1786464750.224845446] [project1_pinky_fleet_adapter]: Adding robot [PK-01] to fleet [project1_pinky].
[python3-12] [ERROR] [1786464750.225044646] [project1_pinky_fleet_adapter]: Unable to compute a location on the navigation graph for robot [PK-01] being added to fleet [project1_pinky] using map [L1] and position [-234412742697243966634355039021793372157247488.000, 116135326975800279661465740044654840295456768.000, -3.056] specified in the initial_state argument. This can happen if the map in initial_state does not match any of the map names in the navigation graph supplied or if the position reported in the initial_state is far way from the navigation graph. This robot will not be added to the fleet.
[python3-12] [INFO] [1786464750.326176257] [project1_pinky_fleet_adapter]: Adding robot [PK-01] to fleet [project1_pinky].
[python3-12] [ERROR] [1786464750.326334421] [project1_pinky_fleet_adapter]: Unable to compute a location on the navigation graph for robot [PK-01] being added to fleet [project1_pinky] using map [L1] and position [-234412742697243966634355039021793372157247488.000, 116135326975800279661465740044654840295456768.000, -3.056] specified in the initial_state argument. This can happen if the map in initial_state does not match any of the map names in the navigation graph supplied or if the position reported in the initial_state is far way from the navigation graph. This robot will not be added to the fleet.
[python3-12] [INFO] [1786464750.425157987] [project1_pinky_fleet_adapter]: Adding robot [PK-01] to fleet [project1_pinky].
[python3-12] [ERROR] [1786464750.425338325] [project1_pinky_fleet_adapter]: Unable to compute a location on the navigation graph for robot [PK-01] being added to fleet [project1_pinky] using map [L1] and position [-234412742697243966634355039021793372157247488.000, 116135326975800279661465740044654840295456768.000, -3.056] specified in the initial_state argument. This can happen if the map in initial_state does not match any of the map names in the navigation graph supplied or if the position reported in the initial_state is far way from the navigation graph. This robot will not be added to the fleet.
[python3-12] [INFO] [1786464750.525065610] [project1_pinky_fleet_adapter]: Adding robot [PK-01] to fleet [project1_pinky].
[python3-12] [ERROR] [1786464750.525275829] [project1_pinky_fleet_adapter]: Unable to compute a location on the navigation graph for robot [PK-01] being added to fleet [project1_pinky] using map [L1] and position [-234412742697243966634355039021793372157247488.000, 116135326975800279661465740044654840295456768.000, -3.056] specified in the initial_state argument. This can happen if the map in initial_state does not match any of the map names in the navigation graph supplied or if the position reported in the initial_state is far way from the navigation graph. This robot will not be added to the fleet.
[python3-12] [INFO] [1786464750.625832927] [project1_pinky_fleet_adapter]: Adding robot [PK-01] to fleet [project1_pinky].
[python3-12] [ERROR] [1786464750.626016800] [project1_pinky_fleet_adapter]: Unable to compute a location on the navigation graph for robot [PK-01] being added to fleet [project1_pinky] using map [L1] and position [-234412742697243966634355039021793372157247488.000, 116135326975800279661465740044654840295456768.000, -3.056] specified in the initial_state argument. This can happen if the map in initial_state does not match any of the map names in the navigation graph supplied or if the position reported in the initial_state is far way from the navigation graph. This robot will not be added to the fleet.
[python3-12] [INFO] [1786464750.725238730] [project1_pinky_fleet_adapter]: Adding robot [PK-01] to fleet [project1_pinky].
[python3-12] [ERROR] [1786464750.725396146] [project1_pinky_fleet_adapter]: Unable to compute a location on the navigation graph for robot [PK-01] being added to fleet [project1_pinky] using map [L1] and position [-234412742697243966634355039021793372157247488.000, 116135326975800279661465740044654840295456768.000, -3.056] specified in the initial_state argument. This can happen if the map in initial_state does not match any of the map names in the navigation graph supplied or if the position reported in the initial_state is far way from the navigation graph. This robot will not be added to the fleet.
[python3-12] [INFO] [1786464750.824973058] [project1_pinky_fleet_adapter]: Adding robot [PK-01] to fleet [project1_pinky].
[python3-12] [ERROR] [1786464750.825149362] [project1_pinky_fleet_adapter]: Unable to compute a location on the navigation graph for robot [PK-01] being added to fleet [project1_pinky] using map [L1] and position [-234412742697243966634355039021793372157247488.000, 116135326975800279661465740044654840295456768.000, -3.056] specified in the initial_state argument. This can happen if the map in initial_state does not match any of the map names in the navigation graph supplied or if the position reported in the initial_state is far way from the navigation graph. This robot will not be added to the fleet.
[planner_server-6] [WARN] [1786464750.859262971] [pinky_01.global_costmap.global_costmap]: Sensor origin at (-234412742697243966634355039021793372157247488.00, 116135326975800279661465740044654840295456768.00) is out of map bounds (-1.24, -3.24) to (3.55, 0.44). The costmap cannot raytrace for it.
[python3-12] [INFO] [1786464750.925646067] [project1_pinky_fleet_adapter]: Adding robot [PK-01] to fleet [project1_pinky].
[python3-12] [ERROR] [1786464750.925836840] [project1_pinky_fleet_adapter]: Unable to compute a location on the navigation graph for robot [PK-01] being added to fleet [project1_pinky] using map [L1] and position [-234412742697243966634355039021793372157247488.000, 116135326975800279661465740044654840295456768.000, -3.056] specified in the initial_state argument. This can happen if the map in initial_state does not match any of the map names in the navigation graph supplied or if the position reported in the initial_state is far way from the navigation graph. This robot will not be added to the fleet.
[python3-12] [INFO] [1786464751.026182639] [project1_pinky_fleet_adapter]: Adding robot [PK-01] to fleet [project1_pinky].
[python3-12] [ERROR] [1786464751.026356218] [project1_pinky_fleet_adapter]: Unable to compute a location on the navigation graph for robot [PK-01] being added to fleet [project1_pinky] using map [L1] and position [-234412742697243966634355039021793372157247488.000, 116135326975800279661465740044654840295456768.000, -3.056] specified in the initial_state argument. This can happen if the map in initial_state does not match any of the map names in the navigation graph supplied or if the position reported in the initial_state is far way from the navigation graph. This robot will not be added to the fleet.
[python3-12] [INFO] [1786464751.125630701] [project1_pinky_fleet_adapter]: Adding robot [PK-01] to fleet [project1_pinky].
[python3-12] [ERROR] [1786464751.125990413] [project1_pinky_fleet_adapter]: Unable to compute a location on the navigation graph for robot [PK-01] being added to fleet [project1_pinky] using map [L1] and position [-234412742697243966634355039021793372157247488.000, 116135326975800279661465740044654840295456768.000, -3.056] specified in the initial_state argument. This can happen if the map in initial_state does not match any of the map names in the navigation graph supplied or if the position reported in the initial_state is far way from the navigation graph. This robot will not be added to the fleet.
[gazebo-1] [1;31m[Err] [SimulationFeatures.cc:131] [0m[1;31mSome links in model 'pinky_01' have invalid poses. Resetting to last known poses.[0m[1;31m Also resetting velocities and accelerations to zero.[0m[1;31m[0m
[python3-12] [INFO] [1786464751.225730348] [project1_pinky_fleet_adapter]: Adding robot [PK-01] to fleet [project1_pinky].
[python3-12] [ERROR] [1786464751.225909868] [project1_pinky_fleet_adapter]: Unable to compute a location on the navigation graph for robot [PK-01] being added to fleet [project1_pinky] using map [L1] and position [-234412742697243966634355039021793372157247488.000, 116135326975800279661465740044654840295456768.000, -3.056] specified in the initial_state argument. This can happen if the map in initial_state does not match any of the map names in the navigation graph supplied or if the position reported in the initial_state is far way from the navigation graph. This robot will not be added to the fleet.
[python3-12] [INFO] [1786464751.325720185] [project1_pinky_fleet_adapter]: Adding robot [PK-01] to fleet [project1_pinky].
[python3-12] [ERROR] [1786464751.325891973] [project1_pinky_fleet_adapter]: Unable to compute a location on the navigation graph for robot [PK-01] being added to fleet [project1_pinky] using map [L1] and position [-234412742697243966634355039021793372157247488.000, 116135326975800279661465740044654840295456768.000, -3.056] specified in the initial_state argument. This can happen if the map in initial_state does not match any of the map names in the navigation graph supplied or if the position reported in the initial_state is far way from the navigation graph. This robot will not be added to the fleet.
[python3-12] [INFO] [1786464751.425720166] [project1_pinky_fleet_adapter]: Adding robot [PK-01] to fleet [project1_pinky].
[python3-12] [ERROR] [1786464751.425860956] [project1_pinky_fleet_adapter]: Unable to compute a location on the navigation graph for robot [PK-01] being added to fleet [project1_pinky] using map [L1] and position [-234412742697243966634355039021793372157247488.000, 116135326975800279661465740044654840295456768.000, -3.056] specified in the initial_state argument. This can happen if the map in initial_state does not match any of the map names in the navigation graph supplied or if the position reported in the initial_state is far way from the navigation graph. This robot will not be added to the fleet.
[python3-12] [INFO] [1786464751.525788185] [project1_pinky_fleet_adapter]: Adding robot [PK-01] to fleet [project1_pinky].
[python3-12] [ERROR] [1786464751.525974342] [project1_pinky_fleet_adapter]: Unable to compute a location on the navigation graph for robot [PK-01] being added to fleet [project1_pinky] using map [L1] and position [-234412742697243966634355039021793372157247488.000, 116135326975800279661465740044654840295456768.000, -3.056] specified in the initial_state argument. This can happen if the map in initial_state does not match any of the map names in the navigation graph supplied or if the position reported in the initial_state is far way from the navigation graph. This robot will not be added to the fleet.
[python3-12] [INFO] [1786464751.625431197] [project1_pinky_fleet_adapter]: Adding robot [PK-01] to fleet [project1_pinky].
[python3-12] [ERROR] [1786464751.625580101] [project1_pinky_fleet_adapter]: Unable to compute a location on the navigation graph for robot [PK-01] being added to fleet [project1_pinky] using map [L1] and position [-234412742697243966634355039021793372157247488.000, 116135326975800279661465740044654840295456768.000, -3.056] specified in the initial_state argument. This can happen if the map in initial_state does not match any of the map names in the navigation graph supplied or if the position reported in the initial_state is far way from the navigation graph. This robot will not be added to the fleet.
[python3-12] [INFO] [1786464751.726161087] [project1_pinky_fleet_adapter]: Adding robot [PK-01] to fleet [project1_pinky].
[python3-12] [ERROR] [1786464751.726377081] [project1_pinky_fleet_adapter]: Unable to compute a location on the navigation graph for robot [PK-01] being added to fleet [project1_pinky] using map [L1] and position [-234412742697243966634355039021793372157247488.000, 116135326975800279661465740044654840295456768.000, -3.056] specified in the initial_state argument. This can happen if the map in initial_state does not match any of the map names in the navigation graph supplied or if the position reported in the initial_state is far way from the navigation graph. This robot will not be added to the fleet.
[python3-12] [INFO] [1786464751.832392496] [project1_pinky_fleet_adapter]: Adding robot [PK-01] to fleet [project1_pinky].
[python3-12] [ERROR] [1786464751.832557165] [project1_pinky_fleet_adapter]: Unable to compute a location on the navigation graph for robot [PK-01] being added to fleet [project1_pinky] using map [L1] and position [-234412742697243966634355039021793372157247488.000, 116135326975800279661465740044654840295456768.000, -3.056] specified in the initial_state argument. This can happen if the map in initial_state does not match any of the map names in the navigation graph supplied or if the position reported in the initial_state is far way from the navigation graph. This robot will not be added to the fleet.
[planner_server-6] [WARN] [1786464751.859257467] [pinky_01.global_costmap.global_costmap]: Sensor origin at (-234412742697243966634355039021793372157247488.00, 116135326975800279661465740044654840295456768.00) is out of map bounds (-1.24, -3.24) to (3.55, 0.44). The costmap cannot raytrace for it.
[python3-12] [INFO] [1786464751.925393683] [project1_pinky_fleet_adapter]: Adding robot [PK-01] to fleet [project1_pinky].
[python3-12] [ERROR] [1786464751.925603194] [project1_pinky_fleet_adapter]: Unable to compute a location on the navigation graph for robot [PK-01] being added to fleet [project1_pinky] using map [L1] and position [-234412742697243966634355039021793372157247488.000, 116135326975800279661465740044654840295456768.000, -3.056] specified in the initial_state argument. This can happen if the map in initial_state does not match any of the map names in the navigation graph supplied or if the position reported in the initial_state is far way from the navigation graph. This robot will not be added to the fleet.
[python3-12] [INFO] [1786464752.028477266] [project1_pinky_fleet_adapter]: Adding robot [PK-01] to fleet [project1_pinky].
[python3-12] [ERROR] [1786464752.028617640] [project1_pinky_fleet_adapter]: Unable to compute a location on the navigation graph for robot [PK-01] being added to fleet [project1_pinky] using map [L1] and position [-234412742697243966634355039021793372157247488.000, 116135326975800279661465740044654840295456768.000, -3.056] specified in the initial_state argument. This can happen if the map in initial_state does not match any of the map names in the navigation graph supplied or if the position reported in the initial_state is far way from the navigation graph. This robot will not be added to the fleet.
[python3-12] [INFO] [1786464752.130620358] [project1_pinky_fleet_adapter]: Adding robot [PK-01] to fleet [project1_pinky].
[python3-12] [ERROR] [1786464752.130825543] [project1_pinky_fleet_adapter]: Unable to compute a location on the navigation graph for robot [PK-01] being added to fleet [project1_pinky] using map [L1] and position [-234412742697243966634355039021793372157247488.000, 116135326975800279661465740044654840295456768.000, -3.056] specified in the initial_state argument. This can happen if the map in initial_state does not match any of the map names in the navigation graph supplied or if the position reported in the initial_state is far way from the navigation graph. This robot will not be added to the fleet.
[python3-12] [INFO] [1786464752.230284219] [project1_pinky_fleet_adapter]: Adding robot [PK-01] to fleet [project1_pinky].
[python3-12] [ERROR] [1786464752.230460725] [project1_pinky_fleet_adapter]: Unable to compute a location on the navigation graph for robot [PK-01] being added to fleet [project1_pinky] using map [L1] and position [-234412742697243966634355039021793372157247488.000, 116135326975800279661465740044654840295456768.000, -3.056] specified in the initial_state argument. This can happen if the map in initial_state does not match any of the map names in the navigation graph supplied or if the position reported in the initial_state is far way from the navigation graph. This robot will not be added to the fleet.
[python3-12] [INFO] [1786464752.330631243] [project1_pinky_fleet_adapter]: Adding robot [PK-01] to fleet [project1_pinky].
[python3-12] [ERROR] [1786464752.330773377] [project1_pinky_fleet_adapter]: Unable to compute a location on the navigation graph for robot [PK-01] being added to fleet [project1_pinky] using map [L1] and position [-234412742697243966634355039021793372157247488.000, 116135326975800279661465740044654840295456768.000, -3.056] specified in the initial_state argument. This can happen if the map in initial_state does not match any of the map names in the navigation graph supplied or if the position reported in the initial_state is far way from the navigation graph. This robot will not be added to the fleet.
[python3-12] [INFO] [1786464752.430667970] [project1_pinky_fleet_adapter]: Adding robot [PK-01] to fleet [project1_pinky].
[python3-12] [ERROR] [1786464752.430786481] [project1_pinky_fleet_adapter]: Unable to compute a location on the navigation graph for robot [PK-01] being added to fleet [project1_pinky] using map [L1] and position [-234412742697243966634355039021793372157247488.000, 116135326975800279661465740044654840295456768.000, -3.056] specified in the initial_state argument. This can happen if the map in initial_state does not match any of the map names in the navigation graph supplied or if the position reported in the initial_state is far way from the navigation graph. This robot will not be added to the fleet.
[python3-12] [INFO] [1786464752.531395993] [project1_pinky_fleet_adapter]: Adding robot [PK-01] to fleet [project1_pinky].
[python3-12] [ERROR] [1786464752.531533122] [project1_pinky_fleet_adapter]: Unable to compute a location on the navigation graph for robot [PK-01] being added to fleet [project1_pinky] using map [L1] and position [-234412742697243966634355039021793372157247488.000, 116135326975800279661465740044654840295456768.000, -3.056] specified in the initial_state argument. This can happen if the map in initial_state does not match any of the map names in the navigation graph supplied or if the position reported in the initial_state is far way from the navigation graph. This robot will not be added to the fleet.
[python3-12] [INFO] [1786464752.630900155] [project1_pinky_fleet_adapter]: Adding robot [PK-01] to fleet [project1_pinky].
[python3-12] [ERROR] [1786464752.631060467] [project1_pinky_fleet_adapter]: Unable to compute a location on the navigation graph for robot [PK-01] being added to fleet [project1_pinky] using map [L1] and position [-234412742697243966634355039021793372157247488.000, 116135326975800279661465740044654840295456768.000, -3.056] specified in the initial_state argument. This can happen if the map in initial_state does not match any of the map names in the navigation graph supplied or if the position reported in the initial_state is far way from the navigation graph. This robot will not be added to the fleet.
[python3-12] [INFO] [1786464752.729756610] [project1_pinky_fleet_adapter]: Adding robot [PK-01] to fleet [project1_pinky].
[python3-12] [ERROR] [1786464752.729895019] [project1_pinky_fleet_adapter]: Unable to compute a location on the navigation graph for robot [PK-01] being added to fleet [project1_pinky] using map [L1] and position [-234412742697243966634355039021793372157247488.000, 116135326975800279661465740044654840295456768.000, -3.056] specified in the initial_state argument. This can happen if the map in initial_state does not match any of the map names in the navigation graph supplied or if the position reported in the initial_state is far way from the navigation graph. This robot will not be added to the fleet.
[python3-12] [INFO] [1786464752.824896612] [project1_pinky_fleet_adapter]: Adding robot [PK-01] to fleet [project1_pinky].
[python3-12] [ERROR] [1786464752.825027938] [project1_pinky_fleet_adapter]: Unable to compute a location on the navigation graph for robot [PK-01] being added to fleet [project1_pinky] using map [L1] and position [-234412742697243966634355039021793372157247488.000, 116135326975800279661465740044654840295456768.000, -3.056] specified in the initial_state argument. This can happen if the map in initial_state does not match any of the map names in the navigation graph supplied or if the position reported in the initial_state is far way from the navigation graph. This robot will not be added to the fleet.
[planner_server-6] [WARN] [1786464752.859233104] [pinky_01.global_costmap.global_costmap]: Sensor origin at (-234412742697243966634355039021793372157247488.00, 116135326975800279661465740044654840295456768.00) is out of map bounds (-1.24, -3.24) to (3.55, 0.44). The costmap cannot raytrace for it.
[python3-12] [INFO] [1786464752.925979629] [project1_pinky_fleet_adapter]: Adding robot [PK-01] to fleet [project1_pinky].
[python3-12] [ERROR] [1786464752.926168180] [project1_pinky_fleet_adapter]: Unable to compute a location on the navigation graph for robot [PK-01] being added to fleet [project1_pinky] using map [L1] and position [-234412742697243966634355039021793372157247488.000, 116135326975800279661465740044654840295456768.000, -3.056] specified in the initial_state argument. This can happen if the map in initial_state does not match any of the map names in the navigation graph supplied or if the position reported in the initial_state is far way from the navigation graph. This robot will not be added to the fleet.
[python3-12] [INFO] [1786464753.025515603] [project1_pinky_fleet_adapter]: Adding robot [PK-01] to fleet [project1_pinky].
[python3-12] [ERROR] [1786464753.025730173] [project1_pinky_fleet_adapter]: Unable to compute a location on the navigation graph for robot [PK-01] being added to fleet [project1_pinky] using map [L1] and position [-234412742697243966634355039021793372157247488.000, 116135326975800279661465740044654840295456768.000, -3.056] specified in the initial_state argument. This can happen if the map in initial_state does not match any of the map names in the navigation graph supplied or if the position reported in the initial_state is far way from the navigation graph. This robot will not be added to the fleet.
[python3-12] [INFO] [1786464753.125096770] [project1_pinky_fleet_adapter]: Adding robot [PK-01] to fleet [project1_pinky].
[python3-12] [ERROR] [1786464753.125244925] [project1_pinky_fleet_adapter]: Unable to compute a location on the navigation graph for robot [PK-01] being added to fleet [project1_pinky] using map [L1] and position [-234412742697243966634355039021793372157247488.000, 116135326975800279661465740044654840295456768.000, -3.056] specified in the initial_state argument. This can happen if the map in initial_state does not match any of the map names in the navigation graph supplied or if the position reported in the initial_state is far way from the navigation graph. This robot will not be added to the fleet.
[python3-12] [INFO] [1786464753.225007603] [project1_pinky_fleet_adapter]: Adding robot [PK-01] to fleet [project1_pinky].
[python3-12] [ERROR] [1786464753.225139438] [project1_pinky_fleet_adapter]: Unable to compute a location on the navigation graph for robot [PK-01] being added to fleet [project1_pinky] using map [L1] and position [-234412742697243966634355039021793372157247488.000, 116135326975800279661465740044654840295456768.000, -3.056] specified in the initial_state argument. This can happen if the map in initial_state does not match any of the map names in the navigation graph supplied or if the position reported in the initial_state is far way from the navigation graph. This robot will not be added to the fleet.
[python3-12] [INFO] [1786464753.324907915] [project1_pinky_fleet_adapter]: Adding robot [PK-01] to fleet [project1_pinky].
[python3-12] [ERROR] [1786464753.325115597] [project1_pinky_fleet_adapter]: Unable to compute a location on the navigation graph for robot [PK-01] being added to fleet [project1_pinky] using map [L1] and position [-234412742697243966634355039021793372157247488.000, 116135326975800279661465740044654840295456768.000, -3.056] specified in the initial_state argument. This can happen if the map in initial_state does not match any of the map names in the navigation graph supplied or if the position reported in the initial_state is far way from the navigation graph. This robot will not be added to the fleet.
[python3-12] [INFO] [1786464753.425116292] [project1_pinky_fleet_adapter]: Adding robot [PK-01] to fleet [project1_pinky].
[python3-12] [ERROR] [1786464753.425272196] [project1_pinky_fleet_adapter]: Unable to compute a location on the navigation graph for robot [PK-01] being added to fleet [project1_pinky] using map [L1] and position [-234412742697243966634355039021793372157247488.000, 116135326975800279661465740044654840295456768.000, -3.056] specified in the initial_state argument. This can happen if the map in initial_state does not match any of the map names in the navigation graph supplied or if the position reported in the initial_state is far way from the navigation graph. This robot will not be added to the fleet.
[python3-12] [INFO] [1786464753.525051159] [project1_pinky_fleet_adapter]: Adding robot [PK-01] to fleet [project1_pinky].
[python3-12] [ERROR] [1786464753.525182111] [project1_pinky_fleet_adapter]: Unable to compute a location on the navigation graph for robot [PK-01] being added to fleet [project1_pinky] using map [L1] and position [-234412742697243966634355039021793372157247488.000, 116135326975800279661465740044654840295456768.000, -3.056] specified in the initial_state argument. This can happen if the map in initial_state does not match any of the map names in the navigation graph supplied or if the position reported in the initial_state is far way from the navigation graph. This robot will not be added to the fleet.
[python3-12] [INFO] [1786464753.625033655] [project1_pinky_fleet_adapter]: Adding robot [PK-01] to fleet [project1_pinky].
[python3-12] [ERROR] [1786464753.625178943] [project1_pinky_fleet_adapter]: Unable to compute a location on the navigation graph for robot [PK-01] being added to fleet [project1_pinky] using map [L1] and position [-234412742697243966634355039021793372157247488.000, 116135326975800279661465740044654840295456768.000, -3.056] specified in the initial_state argument. This can happen if the map in initial_state does not match any of the map names in the navigation graph supplied or if the position reported in the initial_state is far way from the navigation graph. This robot will not be added to the fleet.
[python3-12] [INFO] [1786464753.725643446] [project1_pinky_fleet_adapter]: Adding robot [PK-01] to fleet [project1_pinky].
[python3-12] [ERROR] [1786464753.725783658] [project1_pinky_fleet_adapter]: Unable to compute a location on the navigation graph for robot [PK-01] being added to fleet [project1_pinky] using map [L1] and position [-234412742697243966634355039021793372157247488.000, 116135326975800279661465740044654840295456768.000, -3.056] specified in the initial_state argument. This can happen if the map in initial_state does not match any of the map names in the navigation graph supplied or if the position reported in the initial_state is far way from the navigation graph. This robot will not be added to the fleet.
[python3-12] [INFO] [1786464753.825460094] [project1_pinky_fleet_adapter]: Adding robot [PK-01] to fleet [project1_pinky].
[python3-12] [ERROR] [1786464753.825708931] [project1_pinky_fleet_adapter]: Unable to compute a location on the navigation graph for robot [PK-01] being added to fleet [project1_pinky] using map [L1] and position [-234412742697243966634355039021793372157247488.000, 116135326975800279661465740044654840295456768.000, -3.056] specified in the initial_state argument. This can happen if the map in initial_state does not match any of the map names in the navigation graph supplied or if the position reported in the initial_state is far way from the navigation graph. This robot will not be added to the fleet.
[planner_server-6] [WARN] [1786464753.859238266] [nav2_costmap_2d]: Robot is out of bounds of the costmap
[planner_server-6] [WARN] [1786464753.859265865] [pinky_01.global_costmap.global_costmap]: Sensor origin at (-234412742697243966634355039021793372157247488.00, 116135326975800279661465740044654840295456768.00) is out of map bounds (-1.24, -3.24) to (3.55, 0.44). The costmap cannot raytrace for it.
[python3-12] [INFO] [1786464753.924844379] [project1_pinky_fleet_adapter]: Adding robot [PK-01] to fleet [project1_pinky].
[python3-12] [ERROR] [1786464753.925167355] [project1_pinky_fleet_adapter]: Unable to compute a location on the navigation graph for robot [PK-01] being added to fleet [project1_pinky] using map [L1] and position [-234412742697243966634355039021793372157247488.000, 116135326975800279661465740044654840295456768.000, -3.056] specified in the initial_state argument. This can happen if the map in initial_state does not match any of the map names in the navigation graph supplied or if the position reported in the initial_state is far way from the navigation graph. This robot will not be added to the fleet.
[controller_server-4] [WARN] [1786464753.936854247] [nav2_costmap_2d]: Robot is out of bounds of the costmap
[python3-12] [INFO] [1786464754.025047414] [project1_pinky_fleet_adapter]: Adding robot [PK-01] to fleet [project1_pinky].
[python3-12] [ERROR] [1786464754.025156419] [project1_pinky_fleet_adapter]: Unable to compute a location on the navigation graph for robot [PK-01] being added to fleet [project1_pinky] using map [L1] and position [-234412742697243966634355039021793372157247488.000, 116135326975800279661465740044654840295456768.000, -3.056] specified in the initial_state argument. This can happen if the map in initial_state does not match any of the map names in the navigation graph supplied or if the position reported in the initial_state is far way from the navigation graph. This robot will not be added to the fleet.
[python3-12] [INFO] [1786464754.124992372] [project1_pinky_fleet_adapter]: Adding robot [PK-01] to fleet [project1_pinky].
[python3-12] [ERROR] [1786464754.125134874] [project1_pinky_fleet_adapter]: Unable to compute a location on the navigation graph for robot [PK-01] being added to fleet [project1_pinky] using map [L1] and position [-234412742697243966634355039021793372157247488.000, 116135326975800279661465740044654840295456768.000, -3.056] specified in the initial_state argument. This can happen if the map in initial_state does not match any of the map names in the navigation graph supplied or if the position reported in the initial_state is far way from the navigation graph. This robot will not be added to the fleet.
[python3-12] [INFO] [1786464754.224966895] [project1_pinky_fleet_adapter]: Adding robot [PK-01] to fleet [project1_pinky].
[python3-12] [ERROR] [1786464754.225114984] [project1_pinky_fleet_adapter]: Unable to compute a location on the navigation graph for robot [PK-01] being added to fleet [project1_pinky] using map [L1] and position [-234412742697243966634355039021793372157247488.000, 116135326975800279661465740044654840295456768.000, -3.056] specified in the initial_state argument. This can happen if the map in initial_state does not match any of the map names in the navigation graph supplied or if the position reported in the initial_state is far way from the navigation graph. This robot will not be added to the fleet.
[python3-12] [INFO] [1786464754.324718063] [project1_pinky_fleet_adapter]: Adding robot [PK-01] to fleet [project1_pinky].
[python3-12] [ERROR] [1786464754.324854048] [project1_pinky_fleet_adapter]: Unable to compute a location on the navigation graph for robot [PK-01] being added to fleet [project1_pinky] using map [L1] and position [-234412742697243966634355039021793372157247488.000, 116135326975800279661465740044654840295456768.000, -3.056] specified in the initial_state argument. This can happen if the map in initial_state does not match any of the map names in the navigation graph supplied or if the position reported in the initial_state is far way from the navigation graph. This robot will not be added to the fleet.
[python3-12] [INFO] [1786464754.424989916] [project1_pinky_fleet_adapter]: Adding robot [PK-01] to fleet [project1_pinky].
[python3-12] [ERROR] [1786464754.425128438] [project1_pinky_fleet_adapter]: Unable to compute a location on the navigation graph for robot [PK-01] being added to fleet [project1_pinky] using map [L1] and position [-234412742697243966634355039021793372157247488.000, 116135326975800279661465740044654840295456768.000, -3.056] specified in the initial_state argument. This can happen if the map in initial_state does not match any of the map names in the navigation graph supplied or if the position reported in the initial_state is far way from the navigation graph. This robot will not be added to the fleet.
[python3-12] [INFO] [1786464754.525073443] [project1_pinky_fleet_adapter]: Adding robot [PK-01] to fleet [project1_pinky].
[python3-12] [ERROR] [1786464754.525201303] [project1_pinky_fleet_adapter]: Unable to compute a location on the navigation graph for robot [PK-01] being added to fleet [project1_pinky] using map [L1] and position [-234412742697243966634355039021793372157247488.000, 116135326975800279661465740044654840295456768.000, -3.056] specified in the initial_state argument. This can happen if the map in initial_state does not match any of the map names in the navigation graph supplied or if the position reported in the initial_state is far way from the navigation graph. This robot will not be added to the fleet.
[python3-12] [INFO] [1786464754.627397143] [project1_pinky_fleet_adapter]: Adding robot [PK-01] to fleet [project1_pinky].
[python3-12] [ERROR] [1786464754.628400393] [project1_pinky_fleet_adapter]: Unable to compute a location on the navigation graph for robot [PK-01] being added to fleet [project1_pinky] using map [L1] and position [-234412742697243966634355039021793372157247488.000, 116135326975800279661465740044654840295456768.000, -3.056] specified in the initial_state argument. This can happen if the map in initial_state does not match any of the map names in the navigation graph supplied or if the position reported in the initial_state is far way from the navigation graph. This robot will not be added to the fleet.
[python3-12] [INFO] [1786464754.725497166] [project1_pinky_fleet_adapter]: Adding robot [PK-01] to fleet [project1_pinky].
[python3-12] [ERROR] [1786464754.725625424] [project1_pinky_fleet_adapter]: Unable to compute a location on the navigation graph for robot [PK-01] being added to fleet [project1_pinky] using map [L1] and position [-234412742697243966634355039021793372157247488.000, 116135326975800279661465740044654840295456768.000, -3.056] specified in the initial_state argument. This can happen if the map in initial_state does not match any of the map names in the navigation graph supplied or if the position reported in the initial_state is far way from the navigation graph. This robot will not be added to the fleet.
[python3-12] [INFO] [1786464754.825213180] [project1_pinky_fleet_adapter]: Adding robot [PK-01] to fleet [project1_pinky].
[python3-12] [ERROR] [1786464754.825373262] [project1_pinky_fleet_adapter]: Unable to compute a location on the navigation graph for robot [PK-01] being added to fleet [project1_pinky] using map [L1] and position [-234412742697243966634355039021793372157247488.000, 116135326975800279661465740044654840295456768.000, -3.056] specified in the initial_state argument. This can happen if the map in initial_state does not match any of the map names in the navigation graph supplied or if the position reported in the initial_state is far way from the navigation graph. This robot will not be added to the fleet.
[gazebo-1] [1;31m[Err] [SimulationFeatures.cc:131] [0m[1;31mSome links in model 'pinky_01' have invalid poses. Resetting to last known poses.[0m[1;31m Also resetting velocities and accelerations to zero.[0m[1;31m[0m
[planner_server-6] [WARN] [1786464754.859263987] [pinky_01.global_costmap.global_costmap]: Sensor origin at (-234412742697243966634355039021793372157247488.00, 116135326975800279661465740044654840295456768.00) is out of map bounds (-1.24, -3.24) to (3.55, 0.44). The costmap cannot raytrace for it.
[python3-12] [INFO] [1786464754.925210682] [project1_pinky_fleet_adapter]: Adding robot [PK-01] to fleet [project1_pinky].
[python3-12] [ERROR] [1786464754.925344344] [project1_pinky_fleet_adapter]: Unable to compute a location on the navigation graph for robot [PK-01] being added to fleet [project1_pinky] using map [L1] and position [-234412742697243966634355039021793372157247488.000, 116135326975800279661465740044654840295456768.000, -3.056] specified in the initial_state argument. This can happen if the map in initial_state does not match any of the map names in the navigation graph supplied or if the position reported in the initial_state is far way from the navigation graph. This robot will not be added to the fleet.
[python3-12] [INFO] [1786464755.025179298] [project1_pinky_fleet_adapter]: Adding robot [PK-01] to fleet [project1_pinky].
[python3-12] [ERROR] [1786464755.025311543] [project1_pinky_fleet_adapter]: Unable to compute a location on the navigation graph for robot [PK-01] being added to fleet [project1_pinky] using map [L1] and position [-234412742697243966634355039021793372157247488.000, 116135326975800279661465740044654840295456768.000, -3.056] specified in the initial_state argument. This can happen if the map in initial_state does not match any of the map names in the navigation graph supplied or if the position reported in the initial_state is far way from the navigation graph. This robot will not be added to the fleet.
[python3-12] [INFO] [1786464755.131910777] [project1_pinky_fleet_adapter]: Adding robot [PK-01] to fleet [project1_pinky].
[python3-12] [ERROR] [1786464755.132062868] [project1_pinky_fleet_adapter]: Unable to compute a location on the navigation graph for robot [PK-01] being added to fleet [project1_pinky] using map [L1] and position [-234412742697243966634355039021793372157247488.000, 116135326975800279661465740044654840295456768.000, -3.056] specified in the initial_state argument. This can happen if the map in initial_state does not match any of the map names in the navigation graph supplied or if the position reported in the initial_state is far way from the navigation graph. This robot will not be added to the fleet.
[python3-12] [INFO] [1786464755.230974735] [project1_pinky_fleet_adapter]: Adding robot [PK-01] to fleet [project1_pinky].
[python3-12] [ERROR] [1786464755.231124136] [project1_pinky_fleet_adapter]: Unable to compute a location on the navigation graph for robot [PK-01] being added to fleet [project1_pinky] using map [L1] and position [-234412742697243966634355039021793372157247488.000, 116135326975800279661465740044654840295456768.000, -3.056] specified in the initial_state argument. This can happen if the map in initial_state does not match any of the map names in the navigation graph supplied or if the position reported in the initial_state is far way from the navigation graph. This robot will not be added to the fleet.
[python3-12] [INFO] [1786464755.325180248] [project1_pinky_fleet_adapter]: Adding robot [PK-01] to fleet [project1_pinky].
[python3-12] [ERROR] [1786464755.325432193] [project1_pinky_fleet_adapter]: Unable to compute a location on the navigation graph for robot [PK-01] being added to fleet [project1_pinky] using map [L1] and position [-234412742697243966634355039021793372157247488.000, 116135326975800279661465740044654840295456768.000, -3.056] specified in the initial_state argument. This can happen if the map in initial_state does not match any of the map names in the navigation graph supplied or if the position reported in the initial_state is far way from the navigation graph. This robot will not be added to the fleet.
[python3-12] [INFO] [1786464755.429133389] [project1_pinky_fleet_adapter]: Adding robot [PK-01] to fleet [project1_pinky].
[python3-12] [ERROR] [1786464755.429291138] [project1_pinky_fleet_adapter]: Unable to compute a location on the navigation graph for robot [PK-01] being added to fleet [project1_pinky] using map [L1] and position [-234412742697243966634355039021793372157247488.000, 116135326975800279661465740044654840295456768.000, -3.056] specified in the initial_state argument. This can happen if the map in initial_state does not match any of the map names in the navigation graph supplied or if the position reported in the initial_state is far way from the navigation graph. This robot will not be added to the fleet.
[python3-12] [INFO] [1786464755.525765740] [project1_pinky_fleet_adapter]: Adding robot [PK-01] to fleet [project1_pinky].
[python3-12] [ERROR] [1786464755.525936121] [project1_pinky_fleet_adapter]: Unable to compute a location on the navigation graph for robot [PK-01] being added to fleet [project1_pinky] using map [L1] and position [-234412742697243966634355039021793372157247488.000, 116135326975800279661465740044654840295456768.000, -3.056] specified in the initial_state argument. This can happen if the map in initial_state does not match any of the map names in the navigation graph supplied or if the position reported in the initial_state is far way from the navigation graph. This robot will not be added to the fleet.
[python3-12] [INFO] [1786464755.631615292] [project1_pinky_fleet_adapter]: Adding robot [PK-01] to fleet [project1_pinky].
[python3-12] [ERROR] [1786464755.631726390] [project1_pinky_fleet_adapter]: Unable to compute a location on the navigation graph for robot [PK-01] being added to fleet [project1_pinky] using map [L1] and position [-234412742697243966634355039021793372157247488.000, 116135326975800279661465740044654840295456768.000, -3.056] specified in the initial_state argument. This can happen if the map in initial_state does not match any of the map names in the navigation graph supplied or if the position reported in the initial_state is far way from the navigation graph. This robot will not be added to the fleet.
[python3-12] [INFO] [1786464755.729990085] [project1_pinky_fleet_adapter]: Adding robot [PK-01] to fleet [project1_pinky].
[python3-12] [ERROR] [1786464755.730133782] [project1_pinky_fleet_adapter]: Unable to compute a location on the navigation graph for robot [PK-01] being added to fleet [project1_pinky] using map [L1] and position [-234412742697243966634355039021793372157247488.000, 116135326975800279661465740044654840295456768.000, -3.056] specified in the initial_state argument. This can happen if the map in initial_state does not match any of the map names in the navigation graph supplied or if the position reported in the initial_state is far way from the navigation graph. This robot will not be added to the fleet.
[python3-12] [INFO] [1786464755.830426448] [project1_pinky_fleet_adapter]: Adding robot [PK-01] to fleet [project1_pinky].
[python3-12] [ERROR] [1786464755.830575649] [project1_pinky_fleet_adapter]: Unable to compute a location on the navigation graph for robot [PK-01] being added to fleet [project1_pinky] using map [L1] and position [-234412742697243966634355039021793372157247488.000, 116135326975800279661465740044654840295456768.000, -3.056] specified in the initial_state argument. This can happen if the map in initial_state does not match any of the map names in the navigation graph supplied or if the position reported in the initial_state is far way from the navigation graph. This robot will not be added to the fleet.
[planner_server-6] [WARN] [1786464755.859222956] [pinky_01.global_costmap.global_costmap]: Sensor origin at (-234412742697243966634355039021793372157247488.00, 116135326975800279661465740044654840295456768.00) is out of map bounds (-1.24, -3.24) to (3.55, 0.44). The costmap cannot raytrace for it.
[python3-12] [INFO] [1786464755.931366653] [project1_pinky_fleet_adapter]: Adding robot [PK-01] to fleet [project1_pinky].
[python3-12] [ERROR] [1786464755.931530250] [project1_pinky_fleet_adapter]: Unable to compute a location on the navigation graph for robot [PK-01] being added to fleet [project1_pinky] using map [L1] and position [-234412742697243966634355039021793372157247488.000, 116135326975800279661465740044654840295456768.000, -3.056] specified in the initial_state argument. This can happen if the map in initial_state does not match any of the map names in the navigation graph supplied or if the position reported in the initial_state is far way from the navigation graph. This robot will not be added to the fleet.
[python3-12] [INFO] [1786464756.031244776] [project1_pinky_fleet_adapter]: Adding robot [PK-01] to fleet [project1_pinky].
[python3-12] [ERROR] [1786464756.031389382] [project1_pinky_fleet_adapter]: Unable to compute a location on the navigation graph for robot [PK-01] being added to fleet [project1_pinky] using map [L1] and position [-234412742697243966634355039021793372157247488.000, 116135326975800279661465740044654840295456768.000, -3.056] specified in the initial_state argument. This can happen if the map in initial_state does not match any of the map names in the navigation graph supplied or if the position reported in the initial_state is far way from the navigation graph. This robot will not be added to the fleet.
[python3-12] [INFO] [1786464756.124797647] [project1_pinky_fleet_adapter]: Adding robot [PK-01] to fleet [project1_pinky].
[python3-12] [ERROR] [1786464756.124967195] [project1_pinky_fleet_adapter]: Unable to compute a location on the navigation graph for robot [PK-01] being added to fleet [project1_pinky] using map [L1] and position [-234412742697243966634355039021793372157247488.000, 116135326975800279661465740044654840295456768.000, -3.056] specified in the initial_state argument. This can happen if the map in initial_state does not match any of the map names in the navigation graph supplied or if the position reported in the initial_state is far way from the navigation graph. This robot will not be added to the fleet.
[python3-12] [INFO] [1786464756.224915270] [project1_pinky_fleet_adapter]: Adding robot [PK-01] to fleet [project1_pinky].
[python3-12] [ERROR] [1786464756.225057844] [project1_pinky_fleet_adapter]: Unable to compute a location on the navigation graph for robot [PK-01] being added to fleet [project1_pinky] using map [L1] and position [-234412742697243966634355039021793372157247488.000, 116135326975800279661465740044654840295456768.000, -3.056] specified in the initial_state argument. This can happen if the map in initial_state does not match any of the map names in the navigation graph supplied or if the position reported in the initial_state is far way from the navigation graph. This robot will not be added to the fleet.
[python3-12] [INFO] [1786464756.324810948] [project1_pinky_fleet_adapter]: Adding robot [PK-01] to fleet [project1_pinky].
[python3-12] [ERROR] [1786464756.324991595] [project1_pinky_fleet_adapter]: Unable to compute a location on the navigation graph for robot [PK-01] being added to fleet [project1_pinky] using map [L1] and position [-234412742697243966634355039021793372157247488.000, 116135326975800279661465740044654840295456768.000, -3.056] specified in the initial_state argument. This can happen if the map in initial_state does not match any of the map names in the navigation graph supplied or if the position reported in the initial_state is far way from the navigation graph. This robot will not be added to the fleet.
[python3-12] [INFO] [1786464756.424914415] [project1_pinky_fleet_adapter]: Adding robot [PK-01] to fleet [project1_pinky].
[python3-12] [ERROR] [1786464756.425127445] [project1_pinky_fleet_adapter]: Unable to compute a location on the navigation graph for robot [PK-01] being added to fleet [project1_pinky] using map [L1] and position [-234412742697243966634355039021793372157247488.000, 116135326975800279661465740044654840295456768.000, -3.056] specified in the initial_state argument. This can happen if the map in initial_state does not match any of the map names in the navigation graph supplied or if the position reported in the initial_state is far way from the navigation graph. This robot will not be added to the fleet.
[python3-12] [INFO] [1786464756.524761263] [project1_pinky_fleet_adapter]: Adding robot [PK-01] to fleet [project1_pinky].
[python3-12] [ERROR] [1786464756.524894695] [project1_pinky_fleet_adapter]: Unable to compute a location on the navigation graph for robot [PK-01] being added to fleet [project1_pinky] using map [L1] and position [-234412742697243966634355039021793372157247488.000, 116135326975800279661465740044654840295456768.000, -3.056] specified in the initial_state argument. This can happen if the map in initial_state does not match any of the map names in the navigation graph supplied or if the position reported in the initial_state is far way from the navigation graph. This robot will not be added to the fleet.
[python3-12] [INFO] [1786464756.624878334] [project1_pinky_fleet_adapter]: Adding robot [PK-01] to fleet [project1_pinky].
[python3-12] [ERROR] [1786464756.625288440] [project1_pinky_fleet_adapter]: Unable to compute a location on the navigation graph for robot [PK-01] being added to fleet [project1_pinky] using map [L1] and position [-234412742697243966634355039021793372157247488.000, 116135326975800279661465740044654840295456768.000, -3.056] specified in the initial_state argument. This can happen if the map in initial_state does not match any of the map names in the navigation graph supplied or if the position reported in the initial_state is far way from the navigation graph. This robot will not be added to the fleet.
[python3-12] [INFO] [1786464756.724773994] [project1_pinky_fleet_adapter]: Adding robot [PK-01] to fleet [project1_pinky].
[python3-12] [ERROR] [1786464756.724925342] [project1_pinky_fleet_adapter]: Unable to compute a location on the navigation graph for robot [PK-01] being added to fleet [project1_pinky] using map [L1] and position [-234412742697243966634355039021793372157247488.000, 116135326975800279661465740044654840295456768.000, -3.056] specified in the initial_state argument. This can happen if the map in initial_state does not match any of the map names in the navigation graph supplied or if the position reported in the initial_state is far way from the navigation graph. This robot will not be added to the fleet.
[python3-12] [INFO] [1786464756.825185754] [project1_pinky_fleet_adapter]: Adding robot [PK-01] to fleet [project1_pinky].
[python3-12] [ERROR] [1786464756.825326779] [project1_pinky_fleet_adapter]: Unable to compute a location on the navigation graph for robot [PK-01] being added to fleet [project1_pinky] using map [L1] and position [-234412742697243966634355039021793372157247488.000, 116135326975800279661465740044654840295456768.000, -3.056] specified in the initial_state argument. This can happen if the map in initial_state does not match any of the map names in the navigation graph supplied or if the position reported in the initial_state is far way from the navigation graph. This robot will not be added to the fleet.
[planner_server-6] [WARN] [1786464756.859247687] [pinky_01.global_costmap.global_costmap]: Sensor origin at (-234412742697243966634355039021793372157247488.00, 116135326975800279661465740044654840295456768.00) is out of map bounds (-1.24, -3.24) to (3.55, 0.44). The costmap cannot raytrace for it.
[python3-12] [INFO] [1786464756.924722416] [project1_pinky_fleet_adapter]: Adding robot [PK-01] to fleet [project1_pinky].
[python3-12] [ERROR] [1786464756.924865276] [project1_pinky_fleet_adapter]: Unable to compute a location on the navigation graph for robot [PK-01] being added to fleet [project1_pinky] using map [L1] and position [-234412742697243966634355039021793372157247488.000, 116135326975800279661465740044654840295456768.000, -3.056] specified in the initial_state argument. This can happen if the map in initial_state does not match any of the map names in the navigation graph supplied or if the position reported in the initial_state is far way from the navigation graph. This robot will not be added to the fleet.
[python3-12] [INFO] [1786464757.025044757] [project1_pinky_fleet_adapter]: Adding robot [PK-01] to fleet [project1_pinky].
[python3-12] [ERROR] [1786464757.025201445] [project1_pinky_fleet_adapter]: Unable to compute a location on the navigation graph for robot [PK-01] being added to fleet [project1_pinky] using map [L1] and position [-234412742697243966634355039021793372157247488.000, 116135326975800279661465740044654840295456768.000, -3.056] specified in the initial_state argument. This can happen if the map in initial_state does not match any of the map names in the navigation graph supplied or if the position reported in the initial_state is far way from the navigation graph. This robot will not be added to the fleet.
[python3-12] [INFO] [1786464757.125233017] [project1_pinky_fleet_adapter]: Adding robot [PK-01] to fleet [project1_pinky].
[python3-12] [ERROR] [1786464757.125386016] [project1_pinky_fleet_adapter]: Unable to compute a location on the navigation graph for robot [PK-01] being added to fleet [project1_pinky] using map [L1] and position [-234412742697243966634355039021793372157247488.000, 116135326975800279661465740044654840295456768.000, -3.056] specified in the initial_state argument. This can happen if the map in initial_state does not match any of the map names in the navigation graph supplied or if the position reported in the initial_state is far way from the navigation graph. This robot will not be added to the fleet.
[python3-12] [INFO] [1786464757.225131734] [project1_pinky_fleet_adapter]: Adding robot [PK-01] to fleet [project1_pinky].
[python3-12] [ERROR] [1786464757.225234765] [project1_pinky_fleet_adapter]: Unable to compute a location on the navigation graph for robot [PK-01] being added to fleet [project1_pinky] using map [L1] and position [-234412742697243966634355039021793372157247488.000, 116135326975800279661465740044654840295456768.000, -3.056] specified in the initial_state argument. This can happen if the map in initial_state does not match any of the map names in the navigation graph supplied or if the position reported in the initial_state is far way from the navigation graph. This robot will not be added to the fleet.
[python3-12] [INFO] [1786464757.325134125] [project1_pinky_fleet_adapter]: Adding robot [PK-01] to fleet [project1_pinky].
[python3-12] [ERROR] [1786464757.325245831] [project1_pinky_fleet_adapter]: Unable to compute a location on the navigation graph for robot [PK-01] being added to fleet [project1_pinky] using map [L1] and position [-234412742697243966634355039021793372157247488.000, 116135326975800279661465740044654840295456768.000, -3.056] specified in the initial_state argument. This can happen if the map in initial_state does not match any of the map names in the navigation graph supplied or if the position reported in the initial_state is far way from the navigation graph. This robot will not be added to the fleet.
[python3-12] [INFO] [1786464757.425045268] [project1_pinky_fleet_adapter]: Adding robot [PK-01] to fleet [project1_pinky].
[python3-12] [ERROR] [1786464757.425193210] [project1_pinky_fleet_adapter]: Unable to compute a location on the navigation graph for robot [PK-01] being added to fleet [project1_pinky] using map [L1] and position [-234412742697243966634355039021793372157247488.000, 116135326975800279661465740044654840295456768.000, -3.056] specified in the initial_state argument. This can happen if the map in initial_state does not match any of the map names in the navigation graph supplied or if the position reported in the initial_state is far way from the navigation graph. This robot will not be added to the fleet.
[python3-12] [INFO] [1786464757.524606549] [project1_pinky_fleet_adapter]: Adding robot [PK-01] to fleet [project1_pinky].
[python3-12] [ERROR] [1786464757.524755458] [project1_pinky_fleet_adapter]: Unable to compute a location on the navigation graph for robot [PK-01] being added to fleet [project1_pinky] using map [L1] and position [-234412742697243966634355039021793372157247488.000, 116135326975800279661465740044654840295456768.000, -3.056] specified in the initial_state argument. This can happen if the map in initial_state does not match any of the map names in the navigation graph supplied or if the position reported in the initial_state is far way from the navigation graph. This robot will not be added to the fleet.
[python3-12] [INFO] [1786464757.624845125] [project1_pinky_fleet_adapter]: Adding robot [PK-01] to fleet [project1_pinky].
[python3-12] [ERROR] [1786464757.624991313] [project1_pinky_fleet_adapter]: Unable to compute a location on the navigation graph for robot [PK-01] being added to fleet [project1_pinky] using map [L1] and position [-234412742697243966634355039021793372157247488.000, 116135326975800279661465740044654840295456768.000, -3.056] specified in the initial_state argument. This can happen if the map in initial_state does not match any of the map names in the navigation graph supplied or if the position reported in the initial_state is far way from the navigation graph. This robot will not be added to the fleet.
[python3-12] [INFO] [1786464757.724590176] [project1_pinky_fleet_adapter]: Adding robot [PK-01] to fleet [project1_pinky].
[python3-12] [ERROR] [1786464757.724737308] [project1_pinky_fleet_adapter]: Unable to compute a location on the navigation graph for robot [PK-01] being added to fleet [project1_pinky] using map [L1] and position [-234412742697243966634355039021793372157247488.000, 116135326975800279661465740044654840295456768.000, -3.056] specified in the initial_state argument. This can happen if the map in initial_state does not match any of the map names in the navigation graph supplied or if the position reported in the initial_state is far way from the navigation graph. This robot will not be added to the fleet.
[python3-12] [INFO] [1786464757.825365982] [project1_pinky_fleet_adapter]: Adding robot [PK-01] to fleet [project1_pinky].
[python3-12] [ERROR] [1786464757.825501927] [project1_pinky_fleet_adapter]: Unable to compute a location on the navigation graph for robot [PK-01] being added to fleet [project1_pinky] using map [L1] and position [-234412742697243966634355039021793372157247488.000, 116135326975800279661465740044654840295456768.000, -3.056] specified in the initial_state argument. This can happen if the map in initial_state does not match any of the map names in the navigation graph supplied or if the position reported in the initial_state is far way from the navigation graph. This robot will not be added to the fleet.
[planner_server-6] [WARN] [1786464757.859241311] [pinky_01.global_costmap.global_costmap]: Sensor origin at (-234412742697243966634355039021793372157247488.00, 116135326975800279661465740044654840295456768.00) is out of map bounds (-1.24, -3.24) to (3.55, 0.44). The costmap cannot raytrace for it.
[python3-12] [INFO] [1786464757.924980599] [project1_pinky_fleet_adapter]: Adding robot [PK-01] to fleet [project1_pinky].
[python3-12] [ERROR] [1786464757.925126454] [project1_pinky_fleet_adapter]: Unable to compute a location on the navigation graph for robot [PK-01] being added to fleet [project1_pinky] using map [L1] and position [-234412742697243966634355039021793372157247488.000, 116135326975800279661465740044654840295456768.000, -3.056] specified in the initial_state argument. This can happen if the map in initial_state does not match any of the map names in the navigation graph supplied or if the position reported in the initial_state is far way from the navigation graph. This robot will not be added to the fleet.
[python3-12] [INFO] [1786464758.025004613] [project1_pinky_fleet_adapter]: Adding robot [PK-01] to fleet [project1_pinky].
[python3-12] [ERROR] [1786464758.025579451] [project1_pinky_fleet_adapter]: Unable to compute a location on the navigation graph for robot [PK-01] being added to fleet [project1_pinky] using map [L1] and position [-234412742697243966634355039021793372157247488.000, 116135326975800279661465740044654840295456768.000, -3.056] specified in the initial_state argument. This can happen if the map in initial_state does not match any of the map names in the navigation graph supplied or if the position reported in the initial_state is far way from the navigation graph. This robot will not be added to the fleet.
[python3-12] [INFO] [1786464758.124954372] [project1_pinky_fleet_adapter]: Adding robot [PK-01] to fleet [project1_pinky].
[python3-12] [ERROR] [1786464758.125167698] [project1_pinky_fleet_adapter]: Unable to compute a location on the navigation graph for robot [PK-01] being added to fleet [project1_pinky] using map [L1] and position [-234412742697243966634355039021793372157247488.000, 116135326975800279661465740044654840295456768.000, -3.056] specified in the initial_state argument. This can happen if the map in initial_state does not match any of the map names in the navigation graph supplied or if the position reported in the initial_state is far way from the navigation graph. This robot will not be added to the fleet.
[python3-12] [INFO] [1786464758.224756302] [project1_pinky_fleet_adapter]: Adding robot [PK-01] to fleet [project1_pinky].
[python3-12] [ERROR] [1786464758.225017992] [project1_pinky_fleet_adapter]: Unable to compute a location on the navigation graph for robot [PK-01] being added to fleet [project1_pinky] using map [L1] and position [-234412742697243966634355039021793372157247488.000, 116135326975800279661465740044654840295456768.000, -3.056] specified in the initial_state argument. This can happen if the map in initial_state does not match any of the map names in the navigation graph supplied or if the position reported in the initial_state is far way from the navigation graph. This robot will not be added to the fleet.
[python3-12] [INFO] [1786464758.325221284] [project1_pinky_fleet_adapter]: Adding robot [PK-01] to fleet [project1_pinky].
[python3-12] [ERROR] [1786464758.325425942] [project1_pinky_fleet_adapter]: Unable to compute a location on the navigation graph for robot [PK-01] being added to fleet [project1_pinky] using map [L1] and position [-234412742697243966634355039021793372157247488.000, 116135326975800279661465740044654840295456768.000, -3.056] specified in the initial_state argument. This can happen if the map in initial_state does not match any of the map names in the navigation graph supplied or if the position reported in the initial_state is far way from the navigation graph. This robot will not be added to the fleet.
[python3-12] [INFO] [1786464758.431132562] [project1_pinky_fleet_adapter]: Adding robot [PK-01] to fleet [project1_pinky].
[python3-12] [ERROR] [1786464758.431291056] [project1_pinky_fleet_adapter]: Unable to compute a location on the navigation graph for robot [PK-01] being added to fleet [project1_pinky] using map [L1] and position [-234412742697243966634355039021793372157247488.000, 116135326975800279661465740044654840295456768.000, -3.056] specified in the initial_state argument. This can happen if the map in initial_state does not match any of the map names in the navigation graph supplied or if the position reported in the initial_state is far way from the navigation graph. This robot will not be added to the fleet.
[gazebo-1] [1;31m[Err] [SimulationFeatures.cc:131] [0m[1;31mSome links in model 'pinky_01' have invalid poses. Resetting to last known poses.[0m[1;31m Also resetting velocities and accelerations to zero.[0m[1;31m[0m
[python3-12] [INFO] [1786464758.530303624] [project1_pinky_fleet_adapter]: Adding robot [PK-01] to fleet [project1_pinky].
[python3-12] [ERROR] [1786464758.530441854] [project1_pinky_fleet_adapter]: Unable to compute a location on the navigation graph for robot [PK-01] being added to fleet [project1_pinky] using map [L1] and position [-234412742697243966634355039021793372157247488.000, 116135326975800279661465740044654840295456768.000, -3.056] specified in the initial_state argument. This can happen if the map in initial_state does not match any of the map names in the navigation graph supplied or if the position reported in the initial_state is far way from the navigation graph. This robot will not be added to the fleet.
[python3-12] [INFO] [1786464758.630456458] [project1_pinky_fleet_adapter]: Adding robot [PK-01] to fleet [project1_pinky].
[python3-12] [ERROR] [1786464758.630576664] [project1_pinky_fleet_adapter]: Unable to compute a location on the navigation graph for robot [PK-01] being added to fleet [project1_pinky] using map [L1] and position [-234412742697243966634355039021793372157247488.000, 116135326975800279661465740044654840295456768.000, -3.056] specified in the initial_state argument. This can happen if the map in initial_state does not match any of the map names in the navigation graph supplied or if the position reported in the initial_state is far way from the navigation graph. This robot will not be added to the fleet.
[python3-12] [INFO] [1786464758.728824870] [project1_pinky_fleet_adapter]: Adding robot [PK-01] to fleet [project1_pinky].
[python3-12] [ERROR] [1786464758.728981222] [project1_pinky_fleet_adapter]: Unable to compute a location on the navigation graph for robot [PK-01] being added to fleet [project1_pinky] using map [L1] and position [-234412742697243966634355039021793372157247488.000, 116135326975800279661465740044654840295456768.000, -3.056] specified in the initial_state argument. This can happen if the map in initial_state does not match any of the map names in the navigation graph supplied or if the position reported in the initial_state is far way from the navigation graph. This robot will not be added to the fleet.
[python3-12] [INFO] [1786464758.828771838] [project1_pinky_fleet_adapter]: Adding robot [PK-01] to fleet [project1_pinky].
[python3-12] [ERROR] [1786464758.828946218] [project1_pinky_fleet_adapter]: Unable to compute a location on the navigation graph for robot [PK-01] being added to fleet [project1_pinky] using map [L1] and position [-234412742697243966634355039021793372157247488.000, 116135326975800279661465740044654840295456768.000, -3.056] specified in the initial_state argument. This can happen if the map in initial_state does not match any of the map names in the navigation graph supplied or if the position reported in the initial_state is far way from the navigation graph. This robot will not be added to the fleet.
[planner_server-6] [WARN] [1786464758.859242584] [pinky_01.global_costmap.global_costmap]: Sensor origin at (-234412742697243966634355039021793372157247488.00, 116135326975800279661465740044654840295456768.00) is out of map bounds (-1.24, -3.24) to (3.55, 0.44). The costmap cannot raytrace for it.
[python3-12] [INFO] [1786464758.931395474] [project1_pinky_fleet_adapter]: Adding robot [PK-01] to fleet [project1_pinky].
[python3-12] [ERROR] [1786464758.931612649] [project1_pinky_fleet_adapter]: Unable to compute a location on the navigation graph for robot [PK-01] being added to fleet [project1_pinky] using map [L1] and position [-234412742697243966634355039021793372157247488.000, 116135326975800279661465740044654840295456768.000, -3.056] specified in the initial_state argument. This can happen if the map in initial_state does not match any of the map names in the navigation graph supplied or if the position reported in the initial_state is far way from the navigation graph. This robot will not be added to the fleet.
[python3-12] [INFO] [1786464759.032705109] [project1_pinky_fleet_adapter]: Adding robot [PK-01] to fleet [project1_pinky].
[python3-12] [ERROR] [1786464759.032856976] [project1_pinky_fleet_adapter]: Unable to compute a location on the navigation graph for robot [PK-01] being added to fleet [project1_pinky] using map [L1] and position [-234412742697243966634355039021793372157247488.000, 116135326975800279661465740044654840295456768.000, -3.056] specified in the initial_state argument. This can happen if the map in initial_state does not match any of the map names in the navigation graph supplied or if the position reported in the initial_state is far way from the navigation graph. This robot will not be added to the fleet.
[python3-12] [INFO] [1786464759.130977319] [project1_pinky_fleet_adapter]: Adding robot [PK-01] to fleet [project1_pinky].
[python3-12] [ERROR] [1786464759.131100416] [project1_pinky_fleet_adapter]: Unable to compute a location on the navigation graph for robot [PK-01] being added to fleet [project1_pinky] using map [L1] and position [-234412742697243966634355039021793372157247488.000, 116135326975800279661465740044654840295456768.000, -3.056] specified in the initial_state argument. This can happen if the map in initial_state does not match any of the map names in the navigation graph supplied or if the position reported in the initial_state is far way from the navigation graph. This robot will not be added to the fleet.
[controller_server-4] [WARN] [1786464759.136840067] [nav2_costmap_2d]: Robot is out of bounds of the costmap
[python3-12] [INFO] [1786464759.229018721] [project1_pinky_fleet_adapter]: Adding robot [PK-01] to fleet [project1_pinky].
[python3-12] [ERROR] [1786464759.229159193] [project1_pinky_fleet_adapter]: Unable to compute a location on the navigation graph for robot [PK-01] being added to fleet [project1_pinky] using map [L1] and position [-234412742697243966634355039021793372157247488.000, 116135326975800279661465740044654840295456768.000, -3.056] specified in the initial_state argument. This can happen if the map in initial_state does not match any of the map names in the navigation graph supplied or if the position reported in the initial_state is far way from the navigation graph. This robot will not be added to the fleet.
[python3-12] [INFO] [1786464759.329487636] [project1_pinky_fleet_adapter]: Adding robot [PK-01] to fleet [project1_pinky].
[python3-12] [ERROR] [1786464759.329636301] [project1_pinky_fleet_adapter]: Unable to compute a location on the navigation graph for robot [PK-01] being added to fleet [project1_pinky] using map [L1] and position [-234412742697243966634355039021793372157247488.000, 116135326975800279661465740044654840295456768.000, -3.056] specified in the initial_state argument. This can happen if the map in initial_state does not match any of the map names in the navigation graph supplied or if the position reported in the initial_state is far way from the navigation graph. This robot will not be added to the fleet.
[python3-12] [INFO] [1786464759.424845486] [project1_pinky_fleet_adapter]: Adding robot [PK-01] to fleet [project1_pinky].
[python3-12] [ERROR] [1786464759.425059441] [project1_pinky_fleet_adapter]: Unable to compute a location on the navigation graph for robot [PK-01] being added to fleet [project1_pinky] using map [L1] and position [-234412742697243966634355039021793372157247488.000, 116135326975800279661465740044654840295456768.000, -3.056] specified in the initial_state argument. This can happen if the map in initial_state does not match any of the map names in the navigation graph supplied or if the position reported in the initial_state is far way from the navigation graph. This robot will not be added to the fleet.
[python3-12] [INFO] [1786464759.524887084] [project1_pinky_fleet_adapter]: Adding robot [PK-01] to fleet [project1_pinky].
[python3-12] [ERROR] [1786464759.525061429] [project1_pinky_fleet_adapter]: Unable to compute a location on the navigation graph for robot [PK-01] being added to fleet [project1_pinky] using map [L1] and position [-234412742697243966634355039021793372157247488.000, 116135326975800279661465740044654840295456768.000, -3.056] specified in the initial_state argument. This can happen if the map in initial_state does not match any of the map names in the navigation graph supplied or if the position reported in the initial_state is far way from the navigation graph. This robot will not be added to the fleet.
[python3-12] [INFO] [1786464759.625106308] [project1_pinky_fleet_adapter]: Adding robot [PK-01] to fleet [project1_pinky].
[python3-12] [ERROR] [1786464759.625209765] [project1_pinky_fleet_adapter]: Unable to compute a location on the navigation graph for robot [PK-01] being added to fleet [project1_pinky] using map [L1] and position [-234412742697243966634355039021793372157247488.000, 116135326975800279661465740044654840295456768.000, -3.056] specified in the initial_state argument. This can happen if the map in initial_state does not match any of the map names in the navigation graph supplied or if the position reported in the initial_state is far way from the navigation graph. This robot will not be added to the fleet.
[python3-12] [INFO] [1786464759.725416761] [project1_pinky_fleet_adapter]: Adding robot [PK-01] to fleet [project1_pinky].
[python3-12] [ERROR] [1786464759.725558471] [project1_pinky_fleet_adapter]: Unable to compute a location on the navigation graph for robot [PK-01] being added to fleet [project1_pinky] using map [L1] and position [-234412742697243966634355039021793372157247488.000, 116135326975800279661465740044654840295456768.000, -3.056] specified in the initial_state argument. This can happen if the map in initial_state does not match any of the map names in the navigation graph supplied or if the position reported in the initial_state is far way from the navigation graph. This robot will not be added to the fleet.
[python3-12] [INFO] [1786464759.825002869] [project1_pinky_fleet_adapter]: Adding robot [PK-01] to fleet [project1_pinky].
[python3-12] [ERROR] [1786464759.825158254] [project1_pinky_fleet_adapter]: Unable to compute a location on the navigation graph for robot [PK-01] being added to fleet [project1_pinky] using map [L1] and position [-234412742697243966634355039021793372157247488.000, 116135326975800279661465740044654840295456768.000, -3.056] specified in the initial_state argument. This can happen if the map in initial_state does not match any of the map names in the navigation graph supplied or if the position reported in the initial_state is far way from the navigation graph. This robot will not be added to the fleet.
[planner_server-6] [WARN] [1786464759.859233703] [nav2_costmap_2d]: Robot is out of bounds of the costmap
[planner_server-6] [WARN] [1786464759.859261316] [pinky_01.global_costmap.global_costmap]: Sensor origin at (-234412742697243966634355039021793372157247488.00, 116135326975800279661465740044654840295456768.00) is out of map bounds (-1.24, -3.24) to (3.55, 0.44). The costmap cannot raytrace for it.
[python3-12] [INFO] [1786464759.924823131] [project1_pinky_fleet_adapter]: Adding robot [PK-01] to fleet [project1_pinky].
[python3-12] [ERROR] [1786464759.924969988] [project1_pinky_fleet_adapter]: Unable to compute a location on the navigation graph for robot [PK-01] being added to fleet [project1_pinky] using map [L1] and position [-234412742697243966634355039021793372157247488.000, 116135326975800279661465740044654840295456768.000, -3.056] specified in the initial_state argument. This can happen if the map in initial_state does not match any of the map names in the navigation graph supplied or if the position reported in the initial_state is far way from the navigation graph. This robot will not be added to the fleet.
[python3-12] [INFO] [1786464760.026010070] [project1_pinky_fleet_adapter]: Adding robot [PK-01] to fleet [project1_pinky].
[python3-12] [ERROR] [1786464760.026117381] [project1_pinky_fleet_adapter]: Unable to compute a location on the navigation graph for robot [PK-01] being added to fleet [project1_pinky] using map [L1] and position [-234412742697243966634355039021793372157247488.000, 116135326975800279661465740044654840295456768.000, -3.056] specified in the initial_state argument. This can happen if the map in initial_state does not match any of the map names in the navigation graph supplied or if the position reported in the initial_state is far way from the navigation graph. This robot will not be added to the fleet.
[python3-12] [INFO] [1786464760.125266258] [project1_pinky_fleet_adapter]: Adding robot [PK-01] to fleet [project1_pinky].
[python3-12] [ERROR] [1786464760.125401641] [project1_pinky_fleet_adapter]: Unable to compute a location on the navigation graph for robot [PK-01] being added to fleet [project1_pinky] using map [L1] and position [-234412742697243966634355039021793372157247488.000, 116135326975800279661465740044654840295456768.000, -3.056] specified in the initial_state argument. This can happen if the map in initial_state does not match any of the map names in the navigation graph supplied or if the position reported in the initial_state is far way from the navigation graph. This robot will not be added to the fleet.
[python3-12] [INFO] [1786464760.224874565] [project1_pinky_fleet_adapter]: Adding robot [PK-01] to fleet [project1_pinky].
[python3-12] [ERROR] [1786464760.225133147] [project1_pinky_fleet_adapter]: Unable to compute a location on the navigation graph for robot [PK-01] being added to fleet [project1_pinky] using map [L1] and position [-234412742697243966634355039021793372157247488.000, 116135326975800279661465740044654840295456768.000, -3.056] specified in the initial_state argument. This can happen if the map in initial_state does not match any of the map names in the navigation graph supplied or if the position reported in the initial_state is far way from the navigation graph. This robot will not be added to the fleet.
[python3-12] [INFO] [1786464760.325428754] [project1_pinky_fleet_adapter]: Adding robot [PK-01] to fleet [project1_pinky].
[python3-12] [ERROR] [1786464760.325585996] [project1_pinky_fleet_adapter]: Unable to compute a location on the navigation graph for robot [PK-01] being added to fleet [project1_pinky] using map [L1] and position [-234412742697243966634355039021793372157247488.000, 116135326975800279661465740044654840295456768.000, -3.056] specified in the initial_state argument. This can happen if the map in initial_state does not match any of the map names in the navigation graph supplied or if the position reported in the initial_state is far way from the navigation graph. This robot will not be added to the fleet.
[python3-12] [INFO] [1786464760.424830213] [project1_pinky_fleet_adapter]: Adding robot [PK-01] to fleet [project1_pinky].
[python3-12] [ERROR] [1786464760.425002190] [project1_pinky_fleet_adapter]: Unable to compute a location on the navigation graph for robot [PK-01] being added to fleet [project1_pinky] using map [L1] and position [-234412742697243966634355039021793372157247488.000, 116135326975800279661465740044654840295456768.000, -3.056] specified in the initial_state argument. This can happen if the map in initial_state does not match any of the map names in the navigation graph supplied or if the position reported in the initial_state is far way from the navigation graph. This robot will not be added to the fleet.
[python3-12] [INFO] [1786464760.524877562] [project1_pinky_fleet_adapter]: Adding robot [PK-01] to fleet [project1_pinky].
[python3-12] [ERROR] [1786464760.525018621] [project1_pinky_fleet_adapter]: Unable to compute a location on the navigation graph for robot [PK-01] being added to fleet [project1_pinky] using map [L1] and position [-234412742697243966634355039021793372157247488.000, 116135326975800279661465740044654840295456768.000, -3.056] specified in the initial_state argument. This can happen if the map in initial_state does not match any of the map names in the navigation graph supplied or if the position reported in the initial_state is far way from the navigation graph. This robot will not be added to the fleet.
[python3-12] [INFO] [1786464760.624967149] [project1_pinky_fleet_adapter]: Adding robot [PK-01] to fleet [project1_pinky].
[python3-12] [ERROR] [1786464760.625129819] [project1_pinky_fleet_adapter]: Unable to compute a location on the navigation graph for robot [PK-01] being added to fleet [project1_pinky] using map [L1] and position [-234412742697243966634355039021793372157247488.000, 116135326975800279661465740044654840295456768.000, -3.056] specified in the initial_state argument. This can happen if the map in initial_state does not match any of the map names in the navigation graph supplied or if the position reported in the initial_state is far way from the navigation graph. This robot will not be added to the fleet.
[python3-12] [INFO] [1786464760.724848633] [project1_pinky_fleet_adapter]: Adding robot [PK-01] to fleet [project1_pinky].
[python3-12] [ERROR] [1786464760.725089727] [project1_pinky_fleet_adapter]: Unable to compute a location on the navigation graph for robot [PK-01] being added to fleet [project1_pinky] using map [L1] and position [-234412742697243966634355039021793372157247488.000, 116135326975800279661465740044654840295456768.000, -3.056] specified in the initial_state argument. This can happen if the map in initial_state does not match any of the map names in the navigation graph supplied or if the position reported in the initial_state is far way from the navigation graph. This robot will not be added to the fleet.
[python3-12] [INFO] [1786464760.824853268] [project1_pinky_fleet_adapter]: Adding robot [PK-01] to fleet [project1_pinky].
[python3-12] [ERROR] [1786464760.825078686] [project1_pinky_fleet_adapter]: Unable to compute a location on the navigation graph for robot [PK-01] being added to fleet [project1_pinky] using map [L1] and position [-234412742697243966634355039021793372157247488.000, 116135326975800279661465740044654840295456768.000, -3.056] specified in the initial_state argument. This can happen if the map in initial_state does not match any of the map names in the navigation graph supplied or if the position reported in the initial_state is far way from the navigation graph. This robot will not be added to the fleet.
[planner_server-6] [WARN] [1786464760.859249853] [pinky_01.global_costmap.global_costmap]: Sensor origin at (-234412742697243966634355039021793372157247488.00, 116135326975800279661465740044654840295456768.00) is out of map bounds (-1.24, -3.24) to (3.55, 0.44). The costmap cannot raytrace for it.
[python3-12] [INFO] [1786464760.925128346] [project1_pinky_fleet_adapter]: Adding robot [PK-01] to fleet [project1_pinky].
[python3-12] [ERROR] [1786464760.925253508] [project1_pinky_fleet_adapter]: Unable to compute a location on the navigation graph for robot [PK-01] being added to fleet [project1_pinky] using map [L1] and position [-234412742697243966634355039021793372157247488.000, 116135326975800279661465740044654840295456768.000, -3.056] specified in the initial_state argument. This can happen if the map in initial_state does not match any of the map names in the navigation graph supplied or if the position reported in the initial_state is far way from the navigation graph. This robot will not be added to the fleet.
[python3-12] [INFO] [1786464761.024926822] [project1_pinky_fleet_adapter]: Adding robot [PK-01] to fleet [project1_pinky].
[python3-12] [ERROR] [1786464761.025073953] [project1_pinky_fleet_adapter]: Unable to compute a location on the navigation graph for robot [PK-01] being added to fleet [project1_pinky] using map [L1] and position [-234412742697243966634355039021793372157247488.000, 116135326975800279661465740044654840295456768.000, -3.056] specified in the initial_state argument. This can happen if the map in initial_state does not match any of the map names in the navigation graph supplied or if the position reported in the initial_state is far way from the navigation graph. This robot will not be added to the fleet.
[python3-12] [INFO] [1786464761.124642720] [project1_pinky_fleet_adapter]: Adding robot [PK-01] to fleet [project1_pinky].
[python3-12] [ERROR] [1786464761.124779956] [project1_pinky_fleet_adapter]: Unable to compute a location on the navigation graph for robot [PK-01] being added to fleet [project1_pinky] using map [L1] and position [-234412742697243966634355039021793372157247488.000, 116135326975800279661465740044654840295456768.000, -3.056] specified in the initial_state argument. This can happen if the map in initial_state does not match any of the map names in the navigation graph supplied or if the position reported in the initial_state is far way from the navigation graph. This robot will not be added to the fleet.
[python3-12] [INFO] [1786464761.224667890] [project1_pinky_fleet_adapter]: Adding robot [PK-01] to fleet [project1_pinky].
[python3-12] [ERROR] [1786464761.224824796] [project1_pinky_fleet_adapter]: Unable to compute a location on the navigation graph for robot [PK-01] being added to fleet [project1_pinky] using map [L1] and position [-234412742697243966634355039021793372157247488.000, 116135326975800279661465740044654840295456768.000, -3.056] specified in the initial_state argument. This can happen if the map in initial_state does not match any of the map names in the navigation graph supplied or if the position reported in the initial_state is far way from the navigation graph. This robot will not be added to the fleet.
[python3-12] [INFO] [1786464761.324901320] [project1_pinky_fleet_adapter]: Adding robot [PK-01] to fleet [project1_pinky].
[python3-12] [ERROR] [1786464761.325074993] [project1_pinky_fleet_adapter]: Unable to compute a location on the navigation graph for robot [PK-01] being added to fleet [project1_pinky] using map [L1] and position [-234412742697243966634355039021793372157247488.000, 116135326975800279661465740044654840295456768.000, -3.056] specified in the initial_state argument. This can happen if the map in initial_state does not match any of the map names in the navigation graph supplied or if the position reported in the initial_state is far way from the navigation graph. This robot will not be added to the fleet.
[python3-12] [INFO] [1786464761.425039993] [project1_pinky_fleet_adapter]: Adding robot [PK-01] to fleet [project1_pinky].
[python3-12] [ERROR] [1786464761.425203391] [project1_pinky_fleet_adapter]: Unable to compute a location on the navigation graph for robot [PK-01] being added to fleet [project1_pinky] using map [L1] and position [-234412742697243966634355039021793372157247488.000, 116135326975800279661465740044654840295456768.000, -3.056] specified in the initial_state argument. This can happen if the map in initial_state does not match any of the map names in the navigation graph supplied or if the position reported in the initial_state is far way from the navigation graph. This robot will not be added to the fleet.
[python3-12] [INFO] [1786464761.525297607] [project1_pinky_fleet_adapter]: Adding robot [PK-01] to fleet [project1_pinky].
[python3-12] [ERROR] [1786464761.525899374] [project1_pinky_fleet_adapter]: Unable to compute a location on the navigation graph for robot [PK-01] being added to fleet [project1_pinky] using map [L1] and position [-234412742697243966634355039021793372157247488.000, 116135326975800279661465740044654840295456768.000, -3.056] specified in the initial_state argument. This can happen if the map in initial_state does not match any of the map names in the navigation graph supplied or if the position reported in the initial_state is far way from the navigation graph. This robot will not be added to the fleet.
[python3-12] [INFO] [1786464761.624847132] [project1_pinky_fleet_adapter]: Adding robot [PK-01] to fleet [project1_pinky].
[python3-12] [ERROR] [1786464761.625010116] [project1_pinky_fleet_adapter]: Unable to compute a location on the navigation graph for robot [PK-01] being added to fleet [project1_pinky] using map [L1] and position [-234412742697243966634355039021793372157247488.000, 116135326975800279661465740044654840295456768.000, -3.056] specified in the initial_state argument. This can happen if the map in initial_state does not match any of the map names in the navigation graph supplied or if the position reported in the initial_state is far way from the navigation graph. This robot will not be added to the fleet.
[python3-12] [INFO] [1786464761.729570319] [project1_pinky_fleet_adapter]: Adding robot [PK-01] to fleet [project1_pinky].
[python3-12] [ERROR] [1786464761.729726709] [project1_pinky_fleet_adapter]: Unable to compute a location on the navigation graph for robot [PK-01] being added to fleet [project1_pinky] using map [L1] and position [-234412742697243966634355039021793372157247488.000, 116135326975800279661465740044654840295456768.000, -3.056] specified in the initial_state argument. This can happen if the map in initial_state does not match any of the map names in the navigation graph supplied or if the position reported in the initial_state is far way from the navigation graph. This robot will not be added to the fleet.
[python3-12] [INFO] [1786464761.829250351] [project1_pinky_fleet_adapter]: Adding robot [PK-01] to fleet [project1_pinky].
[python3-12] [ERROR] [1786464761.829402500] [project1_pinky_fleet_adapter]: Unable to compute a location on the navigation graph for robot [PK-01] being added to fleet [project1_pinky] using map [L1] and position [-234412742697243966634355039021793372157247488.000, 116135326975800279661465740044654840295456768.000, -3.056] specified in the initial_state argument. This can happen if the map in initial_state does not match any of the map names in the navigation graph supplied or if the position reported in the initial_state is far way from the navigation graph. This robot will not be added to the fleet.
[planner_server-6] [WARN] [1786464761.859250928] [pinky_01.global_costmap.global_costmap]: Sensor origin at (-234412742697243966634355039021793372157247488.00, 116135326975800279661465740044654840295456768.00) is out of map bounds (-1.24, -3.24) to (3.55, 0.44). The costmap cannot raytrace for it.
[python3-12] [INFO] [1786464761.930411552] [project1_pinky_fleet_adapter]: Adding robot [PK-01] to fleet [project1_pinky].
[python3-12] [ERROR] [1786464761.930562323] [project1_pinky_fleet_adapter]: Unable to compute a location on the navigation graph for robot [PK-01] being added to fleet [project1_pinky] using map [L1] and position [-234412742697243966634355039021793372157247488.000, 116135326975800279661465740044654840295456768.000, -3.056] specified in the initial_state argument. This can happen if the map in initial_state does not match any of the map names in the navigation graph supplied or if the position reported in the initial_state is far way from the navigation graph. This robot will not be added to the fleet.
[python3-12] [INFO] [1786464762.030801632] [project1_pinky_fleet_adapter]: Adding robot [PK-01] to fleet [project1_pinky].
[python3-12] [ERROR] [1786464762.030911485] [project1_pinky_fleet_adapter]: Unable to compute a location on the navigation graph for robot [PK-01] being added to fleet [project1_pinky] using map [L1] and position [-234412742697243966634355039021793372157247488.000, 116135326975800279661465740044654840295456768.000, -3.056] specified in the initial_state argument. This can happen if the map in initial_state does not match any of the map names in the navigation graph supplied or if the position reported in the initial_state is far way from the navigation graph. This robot will not be added to the fleet.
[python3-12] [INFO] [1786464762.130364464] [project1_pinky_fleet_adapter]: Adding robot [PK-01] to fleet [project1_pinky].
[python3-12] [ERROR] [1786464762.130510576] [project1_pinky_fleet_adapter]: Unable to compute a location on the navigation graph for robot [PK-01] being added to fleet [project1_pinky] using map [L1] and position [-234412742697243966634355039021793372157247488.000, 116135326975800279661465740044654840295456768.000, -3.056] specified in the initial_state argument. This can happen if the map in initial_state does not match any of the map names in the navigation graph supplied or if the position reported in the initial_state is far way from the navigation graph. This robot will not be added to the fleet.
[gazebo-1] [1;31m[Err] [SimulationFeatures.cc:131] [0m[1;31mSome links in model 'pinky_01' have invalid poses. Resetting to last known poses.[0m[1;31m Also resetting velocities and accelerations to zero.[0m[1;31m[0m
[python3-12] [INFO] [1786464762.229295129] [project1_pinky_fleet_adapter]: Adding robot [PK-01] to fleet [project1_pinky].
[python3-12] [ERROR] [1786464762.229438331] [project1_pinky_fleet_adapter]: Unable to compute a location on the navigation graph for robot [PK-01] being added to fleet [project1_pinky] using map [L1] and position [-234412742697243966634355039021793372157247488.000, 116135326975800279661465740044654840295456768.000, -3.056] specified in the initial_state argument. This can happen if the map in initial_state does not match any of the map names in the navigation graph supplied or if the position reported in the initial_state is far way from the navigation graph. This robot will not be added to the fleet.
[python3-12] [INFO] [1786464762.330679658] [project1_pinky_fleet_adapter]: Adding robot [PK-01] to fleet [project1_pinky].
[python3-12] [ERROR] [1786464762.330817173] [project1_pinky_fleet_adapter]: Unable to compute a location on the navigation graph for robot [PK-01] being added to fleet [project1_pinky] using map [L1] and position [-234412742697243966634355039021793372157247488.000, 116135326975800279661465740044654840295456768.000, -3.056] specified in the initial_state argument. This can happen if the map in initial_state does not match any of the map names in the navigation graph supplied or if the position reported in the initial_state is far way from the navigation graph. This robot will not be added to the fleet.
[python3-12] [INFO] [1786464762.429788332] [project1_pinky_fleet_adapter]: Adding robot [PK-01] to fleet [project1_pinky].
[python3-12] [ERROR] [1786464762.429958670] [project1_pinky_fleet_adapter]: Unable to compute a location on the navigation graph for robot [PK-01] being added to fleet [project1_pinky] using map [L1] and position [-234412742697243966634355039021793372157247488.000, 116135326975800279661465740044654840295456768.000, -3.056] specified in the initial_state argument. This can happen if the map in initial_state does not match any of the map names in the navigation graph supplied or if the position reported in the initial_state is far way from the navigation graph. This robot will not be added to the fleet.
[python3-12] [INFO] [1786464762.529264180] [project1_pinky_fleet_adapter]: Adding robot [PK-01] to fleet [project1_pinky].
[python3-12] [ERROR] [1786464762.529388811] [project1_pinky_fleet_adapter]: Unable to compute a location on the navigation graph for robot [PK-01] being added to fleet [project1_pinky] using map [L1] and position [-234412742697243966634355039021793372157247488.000, 116135326975800279661465740044654840295456768.000, -3.056] specified in the initial_state argument. This can happen if the map in initial_state does not match any of the map names in the navigation graph supplied or if the position reported in the initial_state is far way from the navigation graph. This robot will not be added to the fleet.
[python3-12] [INFO] [1786464762.628437066] [project1_pinky_fleet_adapter]: Adding robot [PK-01] to fleet [project1_pinky].
[python3-12] [ERROR] [1786464762.628555346] [project1_pinky_fleet_adapter]: Unable to compute a location on the navigation graph for robot [PK-01] being added to fleet [project1_pinky] using map [L1] and position [-234412742697243966634355039021793372157247488.000, 116135326975800279661465740044654840295456768.000, -3.056] specified in the initial_state argument. This can happen if the map in initial_state does not match any of the map names in the navigation graph supplied or if the position reported in the initial_state is far way from the navigation graph. This robot will not be added to the fleet.
[python3-12] [INFO] [1786464762.725022434] [project1_pinky_fleet_adapter]: Adding robot [PK-01] to fleet [project1_pinky].
[python3-12] [ERROR] [1786464762.725177189] [project1_pinky_fleet_adapter]: Unable to compute a location on the navigation graph for robot [PK-01] being added to fleet [project1_pinky] using map [L1] and position [-234412742697243966634355039021793372157247488.000, 116135326975800279661465740044654840295456768.000, -3.056] specified in the initial_state argument. This can happen if the map in initial_state does not match any of the map names in the navigation graph supplied or if the position reported in the initial_state is far way from the navigation graph. This robot will not be added to the fleet.
[python3-12] [INFO] [1786464762.825273488] [project1_pinky_fleet_adapter]: Adding robot [PK-01] to fleet [project1_pinky].
[python3-12] [ERROR] [1786464762.825415734] [project1_pinky_fleet_adapter]: Unable to compute a location on the navigation graph for robot [PK-01] being added to fleet [project1_pinky] using map [L1] and position [-234412742697243966634355039021793372157247488.000, 116135326975800279661465740044654840295456768.000, -3.056] specified in the initial_state argument. This can happen if the map in initial_state does not match any of the map names in the navigation graph supplied or if the position reported in the initial_state is far way from the navigation graph. This robot will not be added to the fleet.
[planner_server-6] [WARN] [1786464762.859250266] [pinky_01.global_costmap.global_costmap]: Sensor origin at (-234412742697243966634355039021793372157247488.00, 116135326975800279661465740044654840295456768.00) is out of map bounds (-1.24, -3.24) to (3.55, 0.44). The costmap cannot raytrace for it.
[python3-12] [INFO] [1786464762.925585289] [project1_pinky_fleet_adapter]: Adding robot [PK-01] to fleet [project1_pinky].
[python3-12] [ERROR] [1786464762.925760851] [project1_pinky_fleet_adapter]: Unable to compute a location on the navigation graph for robot [PK-01] being added to fleet [project1_pinky] using map [L1] and position [-234412742697243966634355039021793372157247488.000, 116135326975800279661465740044654840295456768.000, -3.056] specified in the initial_state argument. This can happen if the map in initial_state does not match any of the map names in the navigation graph supplied or if the position reported in the initial_state is far way from the navigation graph. This robot will not be added to the fleet.
[python3-12] [INFO] [1786464763.025313055] [project1_pinky_fleet_adapter]: Adding robot [PK-01] to fleet [project1_pinky].
[python3-12] [ERROR] [1786464763.025881441] [project1_pinky_fleet_adapter]: Unable to compute a location on the navigation graph for robot [PK-01] being added to fleet [project1_pinky] using map [L1] and position [-234412742697243966634355039021793372157247488.000, 116135326975800279661465740044654840295456768.000, -3.056] specified in the initial_state argument. This can happen if the map in initial_state does not match any of the map names in the navigation graph supplied or if the position reported in the initial_state is far way from the navigation graph. This robot will not be added to the fleet.
[python3-12] [INFO] [1786464763.125235840] [project1_pinky_fleet_adapter]: Adding robot [PK-01] to fleet [project1_pinky].
[python3-12] [ERROR] [1786464763.125410942] [project1_pinky_fleet_adapter]: Unable to compute a location on the navigation graph for robot [PK-01] being added to fleet [project1_pinky] using map [L1] and position [-234412742697243966634355039021793372157247488.000, 116135326975800279661465740044654840295456768.000, -3.056] specified in the initial_state argument. This can happen if the map in initial_state does not match any of the map names in the navigation graph supplied or if the position reported in the initial_state is far way from the navigation graph. This robot will not be added to the fleet.
[python3-12] [INFO] [1786464763.225291342] [project1_pinky_fleet_adapter]: Adding robot [PK-01] to fleet [project1_pinky].
[python3-12] [ERROR] [1786464763.225423888] [project1_pinky_fleet_adapter]: Unable to compute a location on the navigation graph for robot [PK-01] being added to fleet [project1_pinky] using map [L1] and position [-234412742697243966634355039021793372157247488.000, 116135326975800279661465740044654840295456768.000, -3.056] specified in the initial_state argument. This can happen if the map in initial_state does not match any of the map names in the navigation graph supplied or if the position reported in the initial_state is far way from the navigation graph. This robot will not be added to the fleet.
[python3-12] [INFO] [1786464763.325282291] [project1_pinky_fleet_adapter]: Adding robot [PK-01] to fleet [project1_pinky].
[python3-12] [ERROR] [1786464763.325429533] [project1_pinky_fleet_adapter]: Unable to compute a location on the navigation graph for robot [PK-01] being added to fleet [project1_pinky] using map [L1] and position [-234412742697243966634355039021793372157247488.000, 116135326975800279661465740044654840295456768.000, -3.056] specified in the initial_state argument. This can happen if the map in initial_state does not match any of the map names in the navigation graph supplied or if the position reported in the initial_state is far way from the navigation graph. This robot will not be added to the fleet.
[python3-12] [INFO] [1786464763.425298348] [project1_pinky_fleet_adapter]: Adding robot [PK-01] to fleet [project1_pinky].
[python3-12] [ERROR] [1786464763.425475256] [project1_pinky_fleet_adapter]: Unable to compute a location on the navigation graph for robot [PK-01] being added to fleet [project1_pinky] using map [L1] and position [-234412742697243966634355039021793372157247488.000, 116135326975800279661465740044654840295456768.000, -3.056] specified in the initial_state argument. This can happen if the map in initial_state does not match any of the map names in the navigation graph supplied or if the position reported in the initial_state is far way from the navigation graph. This robot will not be added to the fleet.
[python3-12] [INFO] [1786464763.525761293] [project1_pinky_fleet_adapter]: Adding robot [PK-01] to fleet [project1_pinky].
[python3-12] [ERROR] [1786464763.525941502] [project1_pinky_fleet_adapter]: Unable to compute a location on the navigation graph for robot [PK-01] being added to fleet [project1_pinky] using map [L1] and position [-234412742697243966634355039021793372157247488.000, 116135326975800279661465740044654840295456768.000, -3.056] specified in the initial_state argument. This can happen if the map in initial_state does not match any of the map names in the navigation graph supplied or if the position reported in the initial_state is far way from the navigation graph. This robot will not be added to the fleet.
[python3-12] [INFO] [1786464763.624896751] [project1_pinky_fleet_adapter]: Adding robot [PK-01] to fleet [project1_pinky].
[python3-12] [ERROR] [1786464763.625054720] [project1_pinky_fleet_adapter]: Unable to compute a location on the navigation graph for robot [PK-01] being added to fleet [project1_pinky] using map [L1] and position [-234412742697243966634355039021793372157247488.000, 116135326975800279661465740044654840295456768.000, -3.056] specified in the initial_state argument. This can happen if the map in initial_state does not match any of the map names in the navigation graph supplied or if the position reported in the initial_state is far way from the navigation graph. This robot will not be added to the fleet.
[python3-12] [INFO] [1786464763.725271717] [project1_pinky_fleet_adapter]: Adding robot [PK-01] to fleet [project1_pinky].
[python3-12] [ERROR] [1786464763.725383859] [project1_pinky_fleet_adapter]: Unable to compute a location on the navigation graph for robot [PK-01] being added to fleet [project1_pinky] using map [L1] and position [-234412742697243966634355039021793372157247488.000, 116135326975800279661465740044654840295456768.000, -3.056] specified in the initial_state argument. This can happen if the map in initial_state does not match any of the map names in the navigation graph supplied or if the position reported in the initial_state is far way from the navigation graph. This robot will not be added to the fleet.
[python3-12] [INFO] [1786464763.825033590] [project1_pinky_fleet_adapter]: Adding robot [PK-01] to fleet [project1_pinky].
[python3-12] [ERROR] [1786464763.825175777] [project1_pinky_fleet_adapter]: Unable to compute a location on the navigation graph for robot [PK-01] being added to fleet [project1_pinky] using map [L1] and position [-234412742697243966634355039021793372157247488.000, 116135326975800279661465740044654840295456768.000, -3.056] specified in the initial_state argument. This can happen if the map in initial_state does not match any of the map names in the navigation graph supplied or if the position reported in the initial_state is far way from the navigation graph. This robot will not be added to the fleet.
[planner_server-6] [WARN] [1786464763.859277476] [pinky_01.global_costmap.global_costmap]: Sensor origin at (-234412742697243966634355039021793372157247488.00, 116135326975800279661465740044654840295456768.00) is out of map bounds (-1.24, -3.24) to (3.55, 0.44). The costmap cannot raytrace for it.
[python3-12] [INFO] [1786464763.925168414] [project1_pinky_fleet_adapter]: Adding robot [PK-01] to fleet [project1_pinky].
[python3-12] [ERROR] [1786464763.925303675] [project1_pinky_fleet_adapter]: Unable to compute a location on the navigation graph for robot [PK-01] being added to fleet [project1_pinky] using map [L1] and position [-234412742697243966634355039021793372157247488.000, 116135326975800279661465740044654840295456768.000, -3.056] specified in the initial_state argument. This can happen if the map in initial_state does not match any of the map names in the navigation graph supplied or if the position reported in the initial_state is far way from the navigation graph. This robot will not be added to the fleet.
[python3-12] [INFO] [1786464764.024960209] [project1_pinky_fleet_adapter]: Adding robot [PK-01] to fleet [project1_pinky].
[python3-12] [ERROR] [1786464764.025122886] [project1_pinky_fleet_adapter]: Unable to compute a location on the navigation graph for robot [PK-01] being added to fleet [project1_pinky] using map [L1] and position [-234412742697243966634355039021793372157247488.000, 116135326975800279661465740044654840295456768.000, -3.056] specified in the initial_state argument. This can happen if the map in initial_state does not match any of the map names in the navigation graph supplied or if the position reported in the initial_state is far way from the navigation graph. This robot will not be added to the fleet.
[python3-12] [INFO] [1786464764.124900783] [project1_pinky_fleet_adapter]: Adding robot [PK-01] to fleet [project1_pinky].
[python3-12] [ERROR] [1786464764.125054203] [project1_pinky_fleet_adapter]: Unable to compute a location on the navigation graph for robot [PK-01] being added to fleet [project1_pinky] using map [L1] and position [-234412742697243966634355039021793372157247488.000, 116135326975800279661465740044654840295456768.000, -3.056] specified in the initial_state argument. This can happen if the map in initial_state does not match any of the map names in the navigation graph supplied or if the position reported in the initial_state is far way from the navigation graph. This robot will not be added to the fleet.
[controller_server-4] [WARN] [1786464764.136872394] [nav2_costmap_2d]: Robot is out of bounds of the costmap
[python3-12] [INFO] [1786464764.225434905] [project1_pinky_fleet_adapter]: Adding robot [PK-01] to fleet [project1_pinky].
[python3-12] [ERROR] [1786464764.225579280] [project1_pinky_fleet_adapter]: Unable to compute a location on the navigation graph for robot [PK-01] being added to fleet [project1_pinky] using map [L1] and position [-234412742697243966634355039021793372157247488.000, 116135326975800279661465740044654840295456768.000, -3.056] specified in the initial_state argument. This can happen if the map in initial_state does not match any of the map names in the navigation graph supplied or if the position reported in the initial_state is far way from the navigation graph. This robot will not be added to the fleet.
[python3-12] [INFO] [1786464764.325465298] [project1_pinky_fleet_adapter]: Adding robot [PK-01] to fleet [project1_pinky].
[python3-12] [ERROR] [1786464764.325577998] [project1_pinky_fleet_adapter]: Unable to compute a location on the navigation graph for robot [PK-01] being added to fleet [project1_pinky] using map [L1] and position [-234412742697243966634355039021793372157247488.000, 116135326975800279661465740044654840295456768.000, -3.056] specified in the initial_state argument. This can happen if the map in initial_state does not match any of the map names in the navigation graph supplied or if the position reported in the initial_state is far way from the navigation graph. This robot will not be added to the fleet.
[python3-12] [INFO] [1786464764.425758460] [project1_pinky_fleet_adapter]: Adding robot [PK-01] to fleet [project1_pinky].
[python3-12] [ERROR] [1786464764.425960127] [project1_pinky_fleet_adapter]: Unable to compute a location on the navigation graph for robot [PK-01] being added to fleet [project1_pinky] using map [L1] and position [-234412742697243966634355039021793372157247488.000, 116135326975800279661465740044654840295456768.000, -3.056] specified in the initial_state argument. This can happen if the map in initial_state does not match any of the map names in the navigation graph supplied or if the position reported in the initial_state is far way from the navigation graph. This robot will not be added to the fleet.
[python3-12] [INFO] [1786464764.525084472] [project1_pinky_fleet_adapter]: Adding robot [PK-01] to fleet [project1_pinky].
[python3-12] [ERROR] [1786464764.525227159] [project1_pinky_fleet_adapter]: Unable to compute a location on the navigation graph for robot [PK-01] being added to fleet [project1_pinky] using map [L1] and position [-234412742697243966634355039021793372157247488.000, 116135326975800279661465740044654840295456768.000, -3.056] specified in the initial_state argument. This can happen if the map in initial_state does not match any of the map names in the navigation graph supplied or if the position reported in the initial_state is far way from the navigation graph. This robot will not be added to the fleet.
[python3-12] [INFO] [1786464764.624513236] [project1_pinky_fleet_adapter]: Adding robot [PK-01] to fleet [project1_pinky].
[python3-12] [ERROR] [1786464764.624643177] [project1_pinky_fleet_adapter]: Unable to compute a location on the navigation graph for robot [PK-01] being added to fleet [project1_pinky] using map [L1] and position [-234412742697243966634355039021793372157247488.000, 116135326975800279661465740044654840295456768.000, -3.056] specified in the initial_state argument. This can happen if the map in initial_state does not match any of the map names in the navigation graph supplied or if the position reported in the initial_state is far way from the navigation graph. This robot will not be added to the fleet.
[python3-12] [INFO] [1786464764.724809903] [project1_pinky_fleet_adapter]: Adding robot [PK-01] to fleet [project1_pinky].
[python3-12] [ERROR] [1786464764.724967933] [project1_pinky_fleet_adapter]: Unable to compute a location on the navigation graph for robot [PK-01] being added to fleet [project1_pinky] using map [L1] and position [-234412742697243966634355039021793372157247488.000, 116135326975800279661465740044654840295456768.000, -3.056] specified in the initial_state argument. This can happen if the map in initial_state does not match any of the map names in the navigation graph supplied or if the position reported in the initial_state is far way from the navigation graph. This robot will not be added to the fleet.
[python3-12] [INFO] [1786464764.824873621] [project1_pinky_fleet_adapter]: Adding robot [PK-01] to fleet [project1_pinky].
[python3-12] [ERROR] [1786464764.825025628] [project1_pinky_fleet_adapter]: Unable to compute a location on the navigation graph for robot [PK-01] being added to fleet [project1_pinky] using map [L1] and position [-234412742697243966634355039021793372157247488.000, 116135326975800279661465740044654840295456768.000, -3.056] specified in the initial_state argument. This can happen if the map in initial_state does not match any of the map names in the navigation graph supplied or if the position reported in the initial_state is far way from the navigation graph. This robot will not be added to the fleet.
[planner_server-6] [WARN] [1786464764.859255493] [nav2_costmap_2d]: Robot is out of bounds of the costmap
[planner_server-6] [WARN] [1786464764.859292045] [pinky_01.global_costmap.global_costmap]: Sensor origin at (-234412742697243966634355039021793372157247488.00, 116135326975800279661465740044654840295456768.00) is out of map bounds (-1.24, -3.24) to (3.55, 0.44). The costmap cannot raytrace for it.
[python3-12] [INFO] [1786464764.925383178] [project1_pinky_fleet_adapter]: Adding robot [PK-01] to fleet [project1_pinky].
[python3-12] [ERROR] [1786464764.925504108] [project1_pinky_fleet_adapter]: Unable to compute a location on the navigation graph for robot [PK-01] being added to fleet [project1_pinky] using map [L1] and position [-234412742697243966634355039021793372157247488.000, 116135326975800279661465740044654840295456768.000, -3.056] specified in the initial_state argument. This can happen if the map in initial_state does not match any of the map names in the navigation graph supplied or if the position reported in the initial_state is far way from the navigation graph. This robot will not be added to the fleet.
[python3-12] [INFO] [1786464765.030823169] [project1_pinky_fleet_adapter]: Adding robot [PK-01] to fleet [project1_pinky].
[python3-12] [ERROR] [1786464765.031016315] [project1_pinky_fleet_adapter]: Unable to compute a location on the navigation graph for robot [PK-01] being added to fleet [project1_pinky] using map [L1] and position [-234412742697243966634355039021793372157247488.000, 116135326975800279661465740044654840295456768.000, -3.056] specified in the initial_state argument. This can happen if the map in initial_state does not match any of the map names in the navigation graph supplied or if the position reported in the initial_state is far way from the navigation graph. This robot will not be added to the fleet.
[python3-12] [INFO] [1786464765.132004809] [project1_pinky_fleet_adapter]: Adding robot [PK-01] to fleet [project1_pinky].
[python3-12] [ERROR] [1786464765.132163632] [project1_pinky_fleet_adapter]: Unable to compute a location on the navigation graph for robot [PK-01] being added to fleet [project1_pinky] using map [L1] and position [-234412742697243966634355039021793372157247488.000, 116135326975800279661465740044654840295456768.000, -3.056] specified in the initial_state argument. This can happen if the map in initial_state does not match any of the map names in the navigation graph supplied or if the position reported in the initial_state is far way from the navigation graph. This robot will not be added to the fleet.
[python3-12] [INFO] [1786464765.228205904] [project1_pinky_fleet_adapter]: Adding robot [PK-01] to fleet [project1_pinky].
[python3-12] [ERROR] [1786464765.228315335] [project1_pinky_fleet_adapter]: Unable to compute a location on the navigation graph for robot [PK-01] being added to fleet [project1_pinky] using map [L1] and position [-234412742697243966634355039021793372157247488.000, 116135326975800279661465740044654840295456768.000, -3.056] specified in the initial_state argument. This can happen if the map in initial_state does not match any of the map names in the navigation graph supplied or if the position reported in the initial_state is far way from the navigation graph. This robot will not be added to the fleet.
[python3-12] [INFO] [1786464765.328042671] [project1_pinky_fleet_adapter]: Adding robot [PK-01] to fleet [project1_pinky].
[python3-12] [ERROR] [1786464765.328516627] [project1_pinky_fleet_adapter]: Unable to compute a location on the navigation graph for robot [PK-01] being added to fleet [project1_pinky] using map [L1] and position [-234412742697243966634355039021793372157247488.000, 116135326975800279661465740044654840295456768.000, -3.056] specified in the initial_state argument. This can happen if the map in initial_state does not match any of the map names in the navigation graph supplied or if the position reported in the initial_state is far way from the navigation graph. This robot will not be added to the fleet.
[python3-12] [INFO] [1786464765.429575826] [project1_pinky_fleet_adapter]: Adding robot [PK-01] to fleet [project1_pinky].
[python3-12] [ERROR] [1786464765.429734890] [project1_pinky_fleet_adapter]: Unable to compute a location on the navigation graph for robot [PK-01] being added to fleet [project1_pinky] using map [L1] and position [-234412742697243966634355039021793372157247488.000, 116135326975800279661465740044654840295456768.000, -3.056] specified in the initial_state argument. This can happen if the map in initial_state does not match any of the map names in the navigation graph supplied or if the position reported in the initial_state is far way from the navigation graph. This robot will not be added to the fleet.
[python3-12] [INFO] [1786464765.530903720] [project1_pinky_fleet_adapter]: Adding robot [PK-01] to fleet [project1_pinky].
[python3-12] [ERROR] [1786464765.531079789] [project1_pinky_fleet_adapter]: Unable to compute a location on the navigation graph for robot [PK-01] being added to fleet [project1_pinky] using map [L1] and position [-234412742697243966634355039021793372157247488.000, 116135326975800279661465740044654840295456768.000, -3.056] specified in the initial_state argument. This can happen if the map in initial_state does not match any of the map names in the navigation graph supplied or if the position reported in the initial_state is far way from the navigation graph. This robot will not be added to the fleet.
[python3-12] [INFO] [1786464765.627345778] [project1_pinky_fleet_adapter]: Adding robot [PK-01] to fleet [project1_pinky].
[python3-12] [ERROR] [1786464765.627488139] [project1_pinky_fleet_adapter]: Unable to compute a location on the navigation graph for robot [PK-01] being added to fleet [project1_pinky] using map [L1] and position [-234412742697243966634355039021793372157247488.000, 116135326975800279661465740044654840295456768.000, -3.056] specified in the initial_state argument. This can happen if the map in initial_state does not match any of the map names in the navigation graph supplied or if the position reported in the initial_state is far way from the navigation graph. This robot will not be added to the fleet.
[python3-12] [INFO] [1786464765.725364064] [project1_pinky_fleet_adapter]: Adding robot [PK-01] to fleet [project1_pinky].
[python3-12] [ERROR] [1786464765.725532536] [project1_pinky_fleet_adapter]: Unable to compute a location on the navigation graph for robot [PK-01] being added to fleet [project1_pinky] using map [L1] and position [-234412742697243966634355039021793372157247488.000, 116135326975800279661465740044654840295456768.000, -3.056] specified in the initial_state argument. This can happen if the map in initial_state does not match any of the map names in the navigation graph supplied or if the position reported in the initial_state is far way from the navigation graph. This robot will not be added to the fleet.
[python3-12] [INFO] [1786464765.832222007] [project1_pinky_fleet_adapter]: Adding robot [PK-01] to fleet [project1_pinky].
[python3-12] [ERROR] [1786464765.832335359] [project1_pinky_fleet_adapter]: Unable to compute a location on the navigation graph for robot [PK-01] being added to fleet [project1_pinky] using map [L1] and position [-234412742697243966634355039021793372157247488.000, 116135326975800279661465740044654840295456768.000, -3.056] specified in the initial_state argument. This can happen if the map in initial_state does not match any of the map names in the navigation graph supplied or if the position reported in the initial_state is far way from the navigation graph. This robot will not be added to the fleet.
[planner_server-6] [WARN] [1786464765.859260499] [pinky_01.global_costmap.global_costmap]: Sensor origin at (-234412742697243966634355039021793372157247488.00, 116135326975800279661465740044654840295456768.00) is out of map bounds (-1.24, -3.24) to (3.55, 0.44). The costmap cannot raytrace for it.
[gazebo-1] [1;31m[Err] [SimulationFeatures.cc:131] [0m[1;31mSome links in model 'pinky_01' have invalid poses. Resetting to last known poses.[0m[1;31m Also resetting velocities and accelerations to zero.[0m[1;31m[0m
[python3-12] [INFO] [1786464765.931072187] [project1_pinky_fleet_adapter]: Adding robot [PK-01] to fleet [project1_pinky].
[python3-12] [ERROR] [1786464765.931190942] [project1_pinky_fleet_adapter]: Unable to compute a location on the navigation graph for robot [PK-01] being added to fleet [project1_pinky] using map [L1] and position [-234412742697243966634355039021793372157247488.000, 116135326975800279661465740044654840295456768.000, -3.056] specified in the initial_state argument. This can happen if the map in initial_state does not match any of the map names in the navigation graph supplied or if the position reported in the initial_state is far way from the navigation graph. This robot will not be added to the fleet.
[python3-12] [INFO] [1786464766.024729543] [project1_pinky_fleet_adapter]: Adding robot [PK-01] to fleet [project1_pinky].
[python3-12] [ERROR] [1786464766.024859950] [project1_pinky_fleet_adapter]: Unable to compute a location on the navigation graph for robot [PK-01] being added to fleet [project1_pinky] using map [L1] and position [-234412742697243966634355039021793372157247488.000, 116135326975800279661465740044654840295456768.000, -3.056] specified in the initial_state argument. This can happen if the map in initial_state does not match any of the map names in the navigation graph supplied or if the position reported in the initial_state is far way from the navigation graph. This robot will not be added to the fleet.
[python3-12] [INFO] [1786464766.125358289] [project1_pinky_fleet_adapter]: Adding robot [PK-01] to fleet [project1_pinky].
[python3-12] [ERROR] [1786464766.125493687] [project1_pinky_fleet_adapter]: Unable to compute a location on the navigation graph for robot [PK-01] being added to fleet [project1_pinky] using map [L1] and position [-234412742697243966634355039021793372157247488.000, 116135326975800279661465740044654840295456768.000, -3.056] specified in the initial_state argument. This can happen if the map in initial_state does not match any of the map names in the navigation graph supplied or if the position reported in the initial_state is far way from the navigation graph. This robot will not be added to the fleet.
[python3-12] [INFO] [1786464766.225003744] [project1_pinky_fleet_adapter]: Adding robot [PK-01] to fleet [project1_pinky].
[python3-12] [ERROR] [1786464766.225155254] [project1_pinky_fleet_adapter]: Unable to compute a location on the navigation graph for robot [PK-01] being added to fleet [project1_pinky] using map [L1] and position [-234412742697243966634355039021793372157247488.000, 116135326975800279661465740044654840295456768.000, -3.056] specified in the initial_state argument. This can happen if the map in initial_state does not match any of the map names in the navigation graph supplied or if the position reported in the initial_state is far way from the navigation graph. This robot will not be added to the fleet.
[python3-12] [INFO] [1786464766.325051442] [project1_pinky_fleet_adapter]: Adding robot [PK-01] to fleet [project1_pinky].
[python3-12] [ERROR] [1786464766.325228723] [project1_pinky_fleet_adapter]: Unable to compute a location on the navigation graph for robot [PK-01] being added to fleet [project1_pinky] using map [L1] and position [-234412742697243966634355039021793372157247488.000, 116135326975800279661465740044654840295456768.000, -3.056] specified in the initial_state argument. This can happen if the map in initial_state does not match any of the map names in the navigation graph supplied or if the position reported in the initial_state is far way from the navigation graph. This robot will not be added to the fleet.
[python3-12] [INFO] [1786464766.424870751] [project1_pinky_fleet_adapter]: Adding robot [PK-01] to fleet [project1_pinky].
[python3-12] [ERROR] [1786464766.425010958] [project1_pinky_fleet_adapter]: Unable to compute a location on the navigation graph for robot [PK-01] being added to fleet [project1_pinky] using map [L1] and position [-234412742697243966634355039021793372157247488.000, 116135326975800279661465740044654840295456768.000, -3.056] specified in the initial_state argument. This can happen if the map in initial_state does not match any of the map names in the navigation graph supplied or if the position reported in the initial_state is far way from the navigation graph. This robot will not be added to the fleet.
[python3-12] [INFO] [1786464766.525755574] [project1_pinky_fleet_adapter]: Adding robot [PK-01] to fleet [project1_pinky].
[python3-12] [ERROR] [1786464766.525891053] [project1_pinky_fleet_adapter]: Unable to compute a location on the navigation graph for robot [PK-01] being added to fleet [project1_pinky] using map [L1] and position [-234412742697243966634355039021793372157247488.000, 116135326975800279661465740044654840295456768.000, -3.056] specified in the initial_state argument. This can happen if the map in initial_state does not match any of the map names in the navigation graph supplied or if the position reported in the initial_state is far way from the navigation graph. This robot will not be added to the fleet.
[python3-12] [INFO] [1786464766.624989993] [project1_pinky_fleet_adapter]: Adding robot [PK-01] to fleet [project1_pinky].
[python3-12] [ERROR] [1786464766.625127532] [project1_pinky_fleet_adapter]: Unable to compute a location on the navigation graph for robot [PK-01] being added to fleet [project1_pinky] using map [L1] and position [-234412742697243966634355039021793372157247488.000, 116135326975800279661465740044654840295456768.000, -3.056] specified in the initial_state argument. This can happen if the map in initial_state does not match any of the map names in the navigation graph supplied or if the position reported in the initial_state is far way from the navigation graph. This robot will not be added to the fleet.
[python3-12] [INFO] [1786464766.725182878] [project1_pinky_fleet_adapter]: Adding robot [PK-01] to fleet [project1_pinky].
[python3-12] [ERROR] [1786464766.725317610] [project1_pinky_fleet_adapter]: Unable to compute a location on the navigation graph for robot [PK-01] being added to fleet [project1_pinky] using map [L1] and position [-234412742697243966634355039021793372157247488.000, 116135326975800279661465740044654840295456768.000, -3.056] specified in the initial_state argument. This can happen if the map in initial_state does not match any of the map names in the navigation graph supplied or if the position reported in the initial_state is far way from the navigation graph. This robot will not be added to the fleet.
[python3-12] [INFO] [1786464766.825445366] [project1_pinky_fleet_adapter]: Adding robot [PK-01] to fleet [project1_pinky].
[python3-12] [ERROR] [1786464766.825565835] [project1_pinky_fleet_adapter]: Unable to compute a location on the navigation graph for robot [PK-01] being added to fleet [project1_pinky] using map [L1] and position [-234412742697243966634355039021793372157247488.000, 116135326975800279661465740044654840295456768.000, -3.056] specified in the initial_state argument. This can happen if the map in initial_state does not match any of the map names in the navigation graph supplied or if the position reported in the initial_state is far way from the navigation graph. This robot will not be added to the fleet.
[planner_server-6] [WARN] [1786464766.859245111] [pinky_01.global_costmap.global_costmap]: Sensor origin at (-234412742697243966634355039021793372157247488.00, 116135326975800279661465740044654840295456768.00) is out of map bounds (-1.24, -3.24) to (3.55, 0.44). The costmap cannot raytrace for it.
[python3-12] [INFO] [1786464766.925394279] [project1_pinky_fleet_adapter]: Adding robot [PK-01] to fleet [project1_pinky].
[python3-12] [ERROR] [1786464766.925553660] [project1_pinky_fleet_adapter]: Unable to compute a location on the navigation graph for robot [PK-01] being added to fleet [project1_pinky] using map [L1] and position [-234412742697243966634355039021793372157247488.000, 116135326975800279661465740044654840295456768.000, -3.056] specified in the initial_state argument. This can happen if the map in initial_state does not match any of the map names in the navigation graph supplied or if the position reported in the initial_state is far way from the navigation graph. This robot will not be added to the fleet.
[python3-12] [INFO] [1786464767.026151523] [project1_pinky_fleet_adapter]: Adding robot [PK-01] to fleet [project1_pinky].
[python3-12] [ERROR] [1786464767.026331735] [project1_pinky_fleet_adapter]: Unable to compute a location on the navigation graph for robot [PK-01] being added to fleet [project1_pinky] using map [L1] and position [-234412742697243966634355039021793372157247488.000, 116135326975800279661465740044654840295456768.000, -3.056] specified in the initial_state argument. This can happen if the map in initial_state does not match any of the map names in the navigation graph supplied or if the position reported in the initial_state is far way from the navigation graph. This robot will not be added to the fleet.
[python3-12] [INFO] [1786464767.125784675] [project1_pinky_fleet_adapter]: Adding robot [PK-01] to fleet [project1_pinky].
[python3-12] [ERROR] [1786464767.125954143] [project1_pinky_fleet_adapter]: Unable to compute a location on the navigation graph for robot [PK-01] being added to fleet [project1_pinky] using map [L1] and position [-234412742697243966634355039021793372157247488.000, 116135326975800279661465740044654840295456768.000, -3.056] specified in the initial_state argument. This can happen if the map in initial_state does not match any of the map names in the navigation graph supplied or if the position reported in the initial_state is far way from the navigation graph. This robot will not be added to the fleet.
[python3-12] [INFO] [1786464767.225558849] [project1_pinky_fleet_adapter]: Adding robot [PK-01] to fleet [project1_pinky].
[python3-12] [ERROR] [1786464767.225693160] [project1_pinky_fleet_adapter]: Unable to compute a location on the navigation graph for robot [PK-01] being added to fleet [project1_pinky] using map [L1] and position [-234412742697243966634355039021793372157247488.000, 116135326975800279661465740044654840295456768.000, -3.056] specified in the initial_state argument. This can happen if the map in initial_state does not match any of the map names in the navigation graph supplied or if the position reported in the initial_state is far way from the navigation graph. This robot will not be added to the fleet.
[python3-12] [INFO] [1786464767.325185873] [project1_pinky_fleet_adapter]: Adding robot [PK-01] to fleet [project1_pinky].
[python3-12] [ERROR] [1786464767.325336372] [project1_pinky_fleet_adapter]: Unable to compute a location on the navigation graph for robot [PK-01] being added to fleet [project1_pinky] using map [L1] and position [-234412742697243966634355039021793372157247488.000, 116135326975800279661465740044654840295456768.000, -3.056] specified in the initial_state argument. This can happen if the map in initial_state does not match any of the map names in the navigation graph supplied or if the position reported in the initial_state is far way from the navigation graph. This robot will not be added to the fleet.
[python3-12] [INFO] [1786464767.425474936] [project1_pinky_fleet_adapter]: Adding robot [PK-01] to fleet [project1_pinky].
[python3-12] [ERROR] [1786464767.425588919] [project1_pinky_fleet_adapter]: Unable to compute a location on the navigation graph for robot [PK-01] being added to fleet [project1_pinky] using map [L1] and position [-234412742697243966634355039021793372157247488.000, 116135326975800279661465740044654840295456768.000, -3.056] specified in the initial_state argument. This can happen if the map in initial_state does not match any of the map names in the navigation graph supplied or if the position reported in the initial_state is far way from the navigation graph. This robot will not be added to the fleet.
[python3-12] [INFO] [1786464767.525229767] [project1_pinky_fleet_adapter]: Adding robot [PK-01] to fleet [project1_pinky].
[python3-12] [ERROR] [1786464767.525381588] [project1_pinky_fleet_adapter]: Unable to compute a location on the navigation graph for robot [PK-01] being added to fleet [project1_pinky] using map [L1] and position [-234412742697243966634355039021793372157247488.000, 116135326975800279661465740044654840295456768.000, -3.056] specified in the initial_state argument. This can happen if the map in initial_state does not match any of the map names in the navigation graph supplied or if the position reported in the initial_state is far way from the navigation graph. This robot will not be added to the fleet.
[python3-12] [INFO] [1786464767.621660372] [project1_pinky_fleet_adapter]: Requesting new schedule update because update timed out
[python3-12] [INFO] [1786464767.621692082] [project1_pinky_fleet_adapter]: [rmf_traffic_ros2::MirrorManager::request_update] Requesting changes for query ID [1] since version [3]
[schedule_visualizer_node-4] [INFO] [1786464767.623651327] [schedule_data_node]: Requesting new schedule update because update timed out
[schedule_visualizer_node-4] [INFO] [1786464767.623711221] [schedule_data_node]: [rmf_traffic_ros2::MirrorManager::request_update] Requesting changes for query ID [1] since version [3]
[python3-12] [INFO] [1786464767.625005266] [project1_pinky_fleet_adapter]: Adding robot [PK-01] to fleet [project1_pinky].
[python3-12] [ERROR] [1786464767.625172595] [project1_pinky_fleet_adapter]: Unable to compute a location on the navigation graph for robot [PK-01] being added to fleet [project1_pinky] using map [L1] and position [-234412742697243966634355039021793372157247488.000, 116135326975800279661465740044654840295456768.000, -3.056] specified in the initial_state argument. This can happen if the map in initial_state does not match any of the map names in the navigation graph supplied or if the position reported in the initial_state is far way from the navigation graph. This robot will not be added to the fleet.
[python3-12] [INFO] [1786464767.724849870] [project1_pinky_fleet_adapter]: Adding robot [PK-01] to fleet [project1_pinky].
[python3-12] [ERROR] [1786464767.724989951] [project1_pinky_fleet_adapter]: Unable to compute a location on the navigation graph for robot [PK-01] being added to fleet [project1_pinky] using map [L1] and position [-234412742697243966634355039021793372157247488.000, 116135326975800279661465740044654840295456768.000, -3.056] specified in the initial_state argument. This can happen if the map in initial_state does not match any of the map names in the navigation graph supplied or if the position reported in the initial_state is far way from the navigation graph. This robot will not be added to the fleet.
[python3-12] [INFO] [1786464767.825305293] [project1_pinky_fleet_adapter]: Adding robot [PK-01] to fleet [project1_pinky].
[python3-12] [ERROR] [1786464767.825471403] [project1_pinky_fleet_adapter]: Unable to compute a location on the navigation graph for robot [PK-01] being added to fleet [project1_pinky] using map [L1] and position [-234412742697243966634355039021793372157247488.000, 116135326975800279661465740044654840295456768.000, -3.056] specified in the initial_state argument. This can happen if the map in initial_state does not match any of the map names in the navigation graph supplied or if the position reported in the initial_state is far way from the navigation graph. This robot will not be added to the fleet.
[planner_server-6] [WARN] [1786464767.859255985] [pinky_01.global_costmap.global_costmap]: Sensor origin at (-234412742697243966634355039021793372157247488.00, 116135326975800279661465740044654840295456768.00) is out of map bounds (-1.24, -3.24) to (3.55, 0.44). The costmap cannot raytrace for it.
[python3-12] [INFO] [1786464767.925164318] [project1_pinky_fleet_adapter]: Adding robot [PK-01] to fleet [project1_pinky].
[python3-12] [ERROR] [1786464767.925307716] [project1_pinky_fleet_adapter]: Unable to compute a location on the navigation graph for robot [PK-01] being added to fleet [project1_pinky] using map [L1] and position [-234412742697243966634355039021793372157247488.000, 116135326975800279661465740044654840295456768.000, -3.056] specified in the initial_state argument. This can happen if the map in initial_state does not match any of the map names in the navigation graph supplied or if the position reported in the initial_state is far way from the navigation graph. This robot will not be added to the fleet.
[python3-12] [INFO] [1786464768.024986592] [project1_pinky_fleet_adapter]: Adding robot [PK-01] to fleet [project1_pinky].
[python3-12] [ERROR] [1786464768.025103538] [project1_pinky_fleet_adapter]: Unable to compute a location on the navigation graph for robot [PK-01] being added to fleet [project1_pinky] using map [L1] and position [-234412742697243966634355039021793372157247488.000, 116135326975800279661465740044654840295456768.000, -3.056] specified in the initial_state argument. This can happen if the map in initial_state does not match any of the map names in the navigation graph supplied or if the position reported in the initial_state is far way from the navigation graph. This robot will not be added to the fleet.
[python3-12] [INFO] [1786464768.124835020] [project1_pinky_fleet_adapter]: Adding robot [PK-01] to fleet [project1_pinky].
[python3-12] [ERROR] [1786464768.125002327] [project1_pinky_fleet_adapter]: Unable to compute a location on the navigation graph for robot [PK-01] being added to fleet [project1_pinky] using map [L1] and position [-234412742697243966634355039021793372157247488.000, 116135326975800279661465740044654840295456768.000, -3.056] specified in the initial_state argument. This can happen if the map in initial_state does not match any of the map names in the navigation graph supplied or if the position reported in the initial_state is far way from the navigation graph. This robot will not be added to the fleet.
[python3-12] [INFO] [1786464768.224733260] [project1_pinky_fleet_adapter]: Adding robot [PK-01] to fleet [project1_pinky].
