[gazebo-1] [1;33mWarning [Utils.cc:132][0m [/sdf/world[@name="sim_world"]/gui/window:/home/gyi/robosapiens/rmf_maps/gwanghee/gwanghee.world:L31]: XML Element[window], child of element[gui], not defined in SDF. Copying[window] as children of [gui].
[gazebo-1] [WARN] [1786348124.125715164] [omx_01.gz_ros_control]: Waiting RM to load and initialize hardware...
[gazebo-1] [WARN] [1786348124.139399369] [omx_01.controller_manager.hardware_component.system.OMXFSystem]: Executor is not available during hardware component initialization for 'OMXFSystem'. Skipping node creation!
[gazebo-1] [WARN] [1786348124.139504957] [omx_01.controller_manager.hardware_component.system.OMXFSystem]: Could not enable FIFO RT scheduling policy. Consider setting up your user to do FIFO RT scheduling. See [https://control.ros.org/master/doc/ros2_control/controller_manager/doc/userdoc.html] for details.
[gazebo-1] [WARN] [1786348124.139636079] [omx_01.controller_manager]: Component 'OMXFSystem' does not have read or write statistics initialized, skipping registration.
[gazebo-1] [WARN] [1786348124.184242290] [omx_01.gripper_controller]: [Deprecated]: the `position_controllers/GripperActionController` and `effort_controllers::GripperActionController` controllers are replaced by 'parallel_gripper_controllers/GripperActionController' controller
[gazebo-1] [WARN] [1786348126.181428733] [omx_02.gz_ros_control]: Waiting RM to load and initialize hardware...
[gazebo-1] [WARN] [1786348126.193523304] [omx_02.controller_manager.hardware_component.system.OMXFSystem]: Executor is not available during hardware component initialization for 'OMXFSystem'. Skipping node creation!
[gazebo-1] [WARN] [1786348126.193544690] [omx_02.controller_manager.hardware_component.system.OMXFSystem]: Could not enable FIFO RT scheduling policy. Consider setting up your user to do FIFO RT scheduling. See [https://control.ros.org/master/doc/ros2_control/controller_manager/doc/userdoc.html] for details.
[gazebo-1] [WARN] [1786348126.193681196] [omx_02.controller_manager]: Component 'OMXFSystem' does not have read or write statistics initialized, skipping registration.
[gazebo-1] [1;33mWarning [Utils.cc:132][0m [/sdf/model[@name="pinky"]/link[@name="base_footprint"]/sensor[@name="pinky_01/camera"]/gz_frame_id:<urdf-string>:L0]: XML Element[gz_frame_id], child of element[sensor], not defined in SDF. Copying[gz_frame_id] as children of [sensor].
[gazebo-1] [1;33mWarning [Utils.cc:132][0m [/sdf/model[@name="pinky"]/link[@name="base_footprint"]/sensor[@name="pinky_01/imu"]/gz_frame_id:<urdf-string>:L0]: XML Element[gz_frame_id], child of element[sensor], not defined in SDF. Copying[gz_frame_id] as children of [sensor].
[gazebo-1] [1;33mWarning [Utils.cc:132][0m [/sdf/model[@name="pinky"]/link[@name="base_footprint"]/sensor[@name="pinky_01/gpu_lidar"]/gz_frame_id:<urdf-string>:L0]: XML Element[gz_frame_id], child of element[sensor], not defined in SDF. Copying[gz_frame_id] as children of [sensor].
[gazebo-1] [WARN] [1786348132.914603308] [omx_02.gripper_controller]: [Deprecated]: the `position_controllers/GripperActionController` and `effort_controllers::GripperActionController` controllers are replaced by 'parallel_gripper_controllers/GripperActionController' controller
[python3-12] [WARN] [1786348146.549811589] [gwanghee_pinky_fleet_adapter]: [FleetUpdateHandle::set_retreat_to_charger_interval] This parameter is no longer being used.
[planner_server-6] [INFO] [1786348147.772438914] [pinky_01.global_costmap.global_costmap]: Timed out waiting for transform from pinky_01/base_footprint to map to become available, tf error: Lookup would require extrapolation into the past.  Requested time 17.790000 but the earliest data is at time 18.300000, when looking up transform from frame [pinky_01/base_footprint] to frame [map]
[planner_server-6] [INFO] [1786348148.272630473] [pinky_01.global_costmap.global_costmap]: Timed out waiting for transform from pinky_01/base_footprint to map to become available, tf error: Lookup would require extrapolation into the past.  Requested time 18.290000 but the earliest data is at time 18.300000, when looking up transform from frame [pinky_01/base_footprint] to frame [map]
[controller_server-4] [WARN] [1786348150.391867452] [pinky_01.controller_server]: No goal checker was specified in parameter 'current_goal_checker'. Server will use only plugin loaded general_goal_checker . This warning will appear once.
[controller_server-4] [WARN] [1786348150.391875982] [pinky_01.controller_server]: No progress checker was specified in parameter 'current_progress_checker'. Server will use only plugin loaded progress_checker . This warning will appear once.
[controller_server-4] [ERROR] [1786348160.492141289] [pinky_01.controller_server]: Failed to make progress
[controller_server-4] [WARN] [1786348160.492351776] [pinky_01.controller_server]: [follow_path] [ActionServer] Aborting handle.
[controller_server-4] [WARN] [1786348186.521668019] [pinky_01.controller_server]: RegulatedPurePursuitController detected collision ahead!
[controller_server-4] [WARN] [1786348186.571559002] [pinky_01.controller_server]: RegulatedPurePursuitController detected collision ahead!
[controller_server-4] [WARN] [1786348186.621528560] [pinky_01.controller_server]: RegulatedPurePursuitController detected collision ahead!
[controller_server-4] [WARN] [1786348186.671488124] [pinky_01.controller_server]: RegulatedPurePursuitController detected collision ahead!
[controller_server-4] [WARN] [1786348186.721459269] [pinky_01.controller_server]: RegulatedPurePursuitController detected collision ahead!
[controller_server-4] [WARN] [1786348186.971582547] [pinky_01.controller_server]: RegulatedPurePursuitController detected collision ahead!
[controller_server-4] [WARN] [1786348187.021403831] [pinky_01.controller_server]: RegulatedPurePursuitController detected collision ahead!
[controller_server-4] [WARN] [1786348187.071465968] [pinky_01.controller_server]: RegulatedPurePursuitController detected collision ahead!
[controller_server-4] [WARN] [1786348187.121400992] [pinky_01.controller_server]: RegulatedPurePursuitController detected collision ahead!
[controller_server-4] [WARN] [1786348187.171520720] [pinky_01.controller_server]: RegulatedPurePursuitController detected collision ahead!
[controller_server-4] [WARN] [1786348187.221427064] [pinky_01.controller_server]: RegulatedPurePursuitController detected collision ahead!
[controller_server-4] [WARN] [1786348187.271554323] [pinky_01.controller_server]: RegulatedPurePursuitController detected collision ahead!
[controller_server-4] [ERROR] [1786348187.271649025] [pinky_01.controller_server]: Controller patience exceeded
[controller_server-4] [WARN] [1786348187.271769192] [pinky_01.controller_server]: [follow_path] [ActionServer] Aborting handle.
[controller_server-4] [WARN] [1786348187.351475792] [pinky_01.controller_server]: RegulatedPurePursuitController detected collision ahead!
[controller_server-4] [WARN] [1786348187.351660462] [pinky_01.controller_server]: Control loop missed its desired rate of 20.0000 Hz. Current loop rate is 16.6667 Hz.
[controller_server-4] [WARN] [1786348187.352164935] [pinky_01.controller_server]: RegulatedPurePursuitController detected collision ahead!
[controller_server-4] [WARN] [1786348187.402396557] [pinky_01.controller_server]: RegulatedPurePursuitController detected collision ahead!
[controller_server-4] [WARN] [1786348187.452356081] [pinky_01.controller_server]: RegulatedPurePursuitController detected collision ahead!
[controller_server-4] [WARN] [1786348187.502742559] [pinky_01.controller_server]: RegulatedPurePursuitController detected collision ahead!
[controller_server-4] [WARN] [1786348187.552683868] [pinky_01.controller_server]: RegulatedPurePursuitController detected collision ahead!
[controller_server-4] [WARN] [1786348187.602337028] [pinky_01.controller_server]: RegulatedPurePursuitController detected collision ahead!
[controller_server-4] [ERROR] [1786348187.602399159] [pinky_01.controller_server]: Controller patience exceeded
[controller_server-4] [WARN] [1786348187.602534265] [pinky_01.controller_server]: [follow_path] [ActionServer] Aborting handle.
[planner_server-6] [WARN] [1786348187.782005416] [pinky_01.planner_server]: Planner loop missed its desired rate of 20.0000 Hz. Current loop rate is 6.2500 Hz
[controller_server-4] [WARN] [1786348187.801299318] [pinky_01.controller_server]: RegulatedPurePursuitController detected collision ahead!
[controller_server-4] [WARN] [1786348187.851306496] [pinky_01.controller_server]: RegulatedPurePursuitController detected collision ahead!
[controller_server-4] [WARN] [1786348187.901399321] [pinky_01.controller_server]: RegulatedPurePursuitController detected collision ahead!
[controller_server-4] [WARN] [1786348187.951354670] [pinky_01.controller_server]: RegulatedPurePursuitController detected collision ahead!
[controller_server-4] [WARN] [1786348188.001365335] [pinky_01.controller_server]: RegulatedPurePursuitController detected collision ahead!
[controller_server-4] [WARN] [1786348188.051349519] [pinky_01.controller_server]: RegulatedPurePursuitController detected collision ahead!
[controller_server-4] [WARN] [1786348188.101358010] [pinky_01.controller_server]: RegulatedPurePursuitController detected collision ahead!
[controller_server-4] [WARN] [1786348188.151314973] [pinky_01.controller_server]: RegulatedPurePursuitController detected collision ahead!
[controller_server-4] [ERROR] [1786348188.151360591] [pinky_01.controller_server]: Controller patience exceeded
[controller_server-4] [WARN] [1786348188.151437423] [pinky_01.controller_server]: [follow_path] [ActionServer] Aborting handle.
[controller_server-4] [WARN] [1786348188.351834354] [pinky_01.controller_server]: RegulatedPurePursuitController detected collision ahead!
[controller_server-4] [WARN] [1786348188.352022582] [pinky_01.controller_server]: Control loop missed its desired rate of 20.0000 Hz. Current loop rate is 5.5556 Hz.
[controller_server-4] [WARN] [1786348188.352507620] [pinky_01.controller_server]: RegulatedPurePursuitController detected collision ahead!
[controller_server-4] [WARN] [1786348188.402643407] [pinky_01.controller_server]: RegulatedPurePursuitController detected collision ahead!
[controller_server-4] [WARN] [1786348188.452951547] [pinky_01.controller_server]: RegulatedPurePursuitController detected collision ahead!
[controller_server-4] [WARN] [1786348188.503139691] [pinky_01.controller_server]: RegulatedPurePursuitController detected collision ahead!
[controller_server-4] [ERROR] [1786348188.503183823] [pinky_01.controller_server]: Controller patience exceeded
[controller_server-4] [WARN] [1786348188.503276475] [pinky_01.controller_server]: [follow_path] [ActionServer] Aborting handle.
[controller_server-4] [WARN] [1786348192.811314181] [pinky_01.controller_server]: RegulatedPurePursuitController detected collision ahead!
[controller_server-4] [WARN] [1786348192.861306871] [pinky_01.controller_server]: RegulatedPurePursuitController detected collision ahead!
[controller_server-4] [WARN] [1786348192.911338159] [pinky_01.controller_server]: RegulatedPurePursuitController detected collision ahead!
[controller_server-4] [WARN] [1786348193.361289528] [pinky_01.controller_server]: RegulatedPurePursuitController detected collision ahead!
[controller_server-4] [WARN] [1786348193.411266204] [pinky_01.controller_server]: RegulatedPurePursuitController detected collision ahead!
[controller_server-4] [WARN] [1786348193.461254675] [pinky_01.controller_server]: RegulatedPurePursuitController detected collision ahead!
[controller_server-4] [WARN] [1786348193.511402566] [pinky_01.controller_server]: RegulatedPurePursuitController detected collision ahead!
[controller_server-4] [WARN] [1786348195.211335067] [pinky_01.controller_server]: RegulatedPurePursuitController detected collision ahead!
[controller_server-4] [WARN] [1786348195.261328059] [pinky_01.controller_server]: RegulatedPurePursuitController detected collision ahead!
[controller_server-4] [WARN] [1786348195.311120036] [pinky_01.controller_server]: RegulatedPurePursuitController detected collision ahead!
[controller_server-4] [WARN] [1786348195.361261750] [pinky_01.controller_server]: RegulatedPurePursuitController detected collision ahead!
[controller_server-4] [WARN] [1786348195.411239282] [pinky_01.controller_server]: RegulatedPurePursuitController detected collision ahead!
[controller_server-4] [WARN] [1786348195.461082720] [pinky_01.controller_server]: RegulatedPurePursuitController detected collision ahead!
[controller_server-4] [WARN] [1786348195.511313553] [pinky_01.controller_server]: RegulatedPurePursuitController detected collision ahead!
[controller_server-4] [ERROR] [1786348195.511362817] [pinky_01.controller_server]: Controller patience exceeded
[controller_server-4] [WARN] [1786348195.511460474] [pinky_01.controller_server]: [follow_path] [ActionServer] Aborting handle.
[controller_server-4] [WARN] [1786348195.551881639] [pinky_01.controller_server]: RegulatedPurePursuitController detected collision ahead!
[controller_server-4] [WARN] [1786348195.582155621] [pinky_01.controller_server]: RegulatedPurePursuitController detected collision ahead!
[controller_server-4] [WARN] [1786348195.631890635] [pinky_01.controller_server]: RegulatedPurePursuitController detected collision ahead!
[controller_server-4] [WARN] [1786348195.681783033] [pinky_01.controller_server]: RegulatedPurePursuitController detected collision ahead!
[controller_server-4] [WARN] [1786348195.731781786] [pinky_01.controller_server]: RegulatedPurePursuitController detected collision ahead!
[controller_server-4] [WARN] [1786348195.781774159] [pinky_01.controller_server]: RegulatedPurePursuitController detected collision ahead!
[controller_server-4] [WARN] [1786348195.831744186] [pinky_01.controller_server]: RegulatedPurePursuitController detected collision ahead!
[controller_server-4] [ERROR] [1786348195.831800798] [pinky_01.controller_server]: Controller patience exceeded
[controller_server-4] [WARN] [1786348195.831898524] [pinky_01.controller_server]: [follow_path] [ActionServer] Aborting handle.
[controller_server-4] [WARN] [1786348200.991187644] [pinky_01.controller_server]: RegulatedPurePursuitController detected collision ahead!
[controller_server-4] [WARN] [1786348201.041053712] [pinky_01.controller_server]: RegulatedPurePursuitController detected collision ahead!
[controller_server-4] [WARN] [1786348201.091109843] [pinky_01.controller_server]: RegulatedPurePursuitController detected collision ahead!
[controller_server-4] [WARN] [1786348201.141154858] [pinky_01.controller_server]: RegulatedPurePursuitController detected collision ahead!
[controller_server-4] [WARN] [1786348201.191362817] [pinky_01.controller_server]: RegulatedPurePursuitController detected collision ahead!
[controller_server-4] [WARN] [1786348201.241004491] [pinky_01.controller_server]: RegulatedPurePursuitController detected collision ahead!
[controller_server-4] [WARN] [1786348201.291332740] [pinky_01.controller_server]: RegulatedPurePursuitController detected collision ahead!
[controller_server-4] [WARN] [1786348201.341446784] [pinky_01.controller_server]: RegulatedPurePursuitController detected collision ahead!
[controller_server-4] [ERROR] [1786348201.341503098] [pinky_01.controller_server]: Controller patience exceeded
[controller_server-4] [WARN] [1786348201.341635737] [pinky_01.controller_server]: [follow_path] [ActionServer] Aborting handle.
[controller_server-4] [WARN] [1786348201.551593079] [pinky_01.controller_server]: RegulatedPurePursuitController detected collision ahead!
[controller_server-4] [WARN] [1786348201.551790624] [pinky_01.controller_server]: Control loop missed its desired rate of 20.0000 Hz. Current loop rate is 5.2632 Hz.
[controller_server-4] [WARN] [1786348201.551996122] [pinky_01.controller_server]: RegulatedPurePursuitController detected collision ahead!
[controller_server-4] [WARN] [1786348201.602075472] [pinky_01.controller_server]: RegulatedPurePursuitController detected collision ahead!
[controller_server-4] [WARN] [1786348201.652278652] [pinky_01.controller_server]: RegulatedPurePursuitController detected collision ahead!
[controller_server-4] [WARN] [1786348201.702255284] [pinky_01.controller_server]: RegulatedPurePursuitController detected collision ahead!
[controller_server-4] [ERROR] [1786348201.702300266] [pinky_01.controller_server]: Controller patience exceeded
[controller_server-4] [WARN] [1786348201.702384056] [pinky_01.controller_server]: [follow_path] [ActionServer] Aborting handle.
[behavior_server-7] [WARN] [1786348201.721002919] [pinky_01.behavior_server]: Collision Ahead - Exiting DriveOnHeading
[behavior_server-7] [WARN] [1786348201.721036911] [pinky_01.behavior_server]: backup failed
[behavior_server-7] [WARN] [1786348201.721051257] [pinky_01.behavior_server]: [backup] [ActionServer] Aborting handle.
[controller_server-4] [WARN] [1786348201.801551093] [pinky_01.controller_server]: RegulatedPurePursuitController detected collision ahead!
[controller_server-4] [WARN] [1786348201.851749426] [pinky_01.controller_server]: RegulatedPurePursuitController detected collision ahead!
[controller_server-4] [WARN] [1786348201.901599476] [pinky_01.controller_server]: RegulatedPurePursuitController detected collision ahead!
[controller_server-4] [WARN] [1786348201.951796080] [pinky_01.controller_server]: RegulatedPurePursuitController detected collision ahead!
[controller_server-4] [WARN] [1786348202.001636872] [pinky_01.controller_server]: RegulatedPurePursuitController detected collision ahead!
[controller_server-4] [WARN] [1786348202.051722150] [pinky_01.controller_server]: RegulatedPurePursuitController detected collision ahead!
[controller_server-4] [WARN] [1786348202.101626625] [pinky_01.controller_server]: RegulatedPurePursuitController detected collision ahead!
[controller_server-4] [WARN] [1786348202.151658554] [pinky_01.controller_server]: RegulatedPurePursuitController detected collision ahead!
[controller_server-4] [ERROR] [1786348202.151712424] [pinky_01.controller_server]: Controller patience exceeded
[controller_server-4] [WARN] [1786348202.151842922] [pinky_01.controller_server]: [follow_path] [ActionServer] Aborting handle.
[controller_server-4] [WARN] [1786348202.351240856] [pinky_01.controller_server]: RegulatedPurePursuitController detected collision ahead!
[controller_server-4] [WARN] [1786348202.351379339] [pinky_01.controller_server]: Control loop missed its desired rate of 20.0000 Hz. Current loop rate is 5.5556 Hz.
[controller_server-4] [WARN] [1786348202.351724054] [pinky_01.controller_server]: RegulatedPurePursuitController detected collision ahead!
[controller_server-4] [WARN] [1786348202.401696372] [pinky_01.controller_server]: RegulatedPurePursuitController detected collision ahead!
[controller_server-4] [WARN] [1786348202.451861292] [pinky_01.controller_server]: RegulatedPurePursuitController detected collision ahead!
[controller_server-4] [WARN] [1786348202.501839871] [pinky_01.controller_server]: RegulatedPurePursuitController detected collision ahead!
[controller_server-4] [ERROR] [1786348202.501893953] [pinky_01.controller_server]: Controller patience exceeded
[controller_server-4] [WARN] [1786348202.501988065] [pinky_01.controller_server]: [follow_path] [ActionServer] Aborting handle.
[behavior_server-7] [WARN] [1786348202.720906679] [pinky_01.behavior_server]: Collision Ahead - Exiting Spin
[behavior_server-7] [WARN] [1786348202.720939608] [pinky_01.behavior_server]: spin failed
[behavior_server-7] [WARN] [1786348202.720949900] [pinky_01.behavior_server]: [spin] [ActionServer] Aborting handle.
[controller_server-4] [WARN] [1786348207.880972064] [pinky_01.controller_server]: RegulatedPurePursuitController detected collision ahead!
[controller_server-4] [WARN] [1786348207.931000717] [pinky_01.controller_server]: RegulatedPurePursuitController detected collision ahead!
[controller_server-4] [WARN] [1786348207.980985640] [pinky_01.controller_server]: RegulatedPurePursuitController detected collision ahead!
[controller_server-4] [WARN] [1786348208.031044175] [pinky_01.controller_server]: RegulatedPurePursuitController detected collision ahead!
[controller_server-4] [WARN] [1786348208.081211133] [pinky_01.controller_server]: RegulatedPurePursuitController detected collision ahead!
[controller_server-4] [WARN] [1786348208.131208077] [pinky_01.controller_server]: RegulatedPurePursuitController detected collision ahead!
[controller_server-4] [WARN] [1786348208.181185741] [pinky_01.controller_server]: RegulatedPurePursuitController detected collision ahead!
[controller_server-4] [WARN] [1786348208.231195257] [pinky_01.controller_server]: RegulatedPurePursuitController detected collision ahead!
[controller_server-4] [ERROR] [1786348208.231244907] [pinky_01.controller_server]: Controller patience exceeded
[controller_server-4] [WARN] [1786348208.231342917] [pinky_01.controller_server]: [follow_path] [ActionServer] Aborting handle.
[controller_server-4] [WARN] [1786348208.351382791] [pinky_01.controller_server]: RegulatedPurePursuitController detected collision ahead!
[controller_server-4] [WARN] [1786348208.351534716] [pinky_01.controller_server]: Control loop missed its desired rate of 20.0000 Hz. Current loop rate is 10.0000 Hz.
[controller_server-4] [WARN] [1786348208.351886431] [pinky_01.controller_server]: RegulatedPurePursuitController detected collision ahead!
[controller_server-4] [WARN] [1786348208.402343913] [pinky_01.controller_server]: RegulatedPurePursuitController detected collision ahead!
[controller_server-4] [WARN] [1786348208.452003773] [pinky_01.controller_server]: RegulatedPurePursuitController detected collision ahead!
[controller_server-4] [WARN] [1786348208.502037584] [pinky_01.controller_server]: RegulatedPurePursuitController detected collision ahead!
[controller_server-4] [WARN] [1786348208.551994985] [pinky_01.controller_server]: RegulatedPurePursuitController detected collision ahead!
[controller_server-4] [WARN] [1786348208.601984966] [pinky_01.controller_server]: RegulatedPurePursuitController detected collision ahead!
[controller_server-4] [ERROR] [1786348208.602035673] [pinky_01.controller_server]: Controller patience exceeded
[controller_server-4] [WARN] [1786348208.602126363] [pinky_01.controller_server]: [follow_path] [ActionServer] Aborting handle.
[controller_server-4] [WARN] [1786348214.001531281] [pinky_01.controller_server]: RegulatedPurePursuitController detected collision ahead!
[controller_server-4] [WARN] [1786348214.051491522] [pinky_01.controller_server]: RegulatedPurePursuitController detected collision ahead!
[controller_server-4] [WARN] [1786348214.101281369] [pinky_01.controller_server]: RegulatedPurePursuitController detected collision ahead!
[controller_server-4] [WARN] [1786348214.151569667] [pinky_01.controller_server]: RegulatedPurePursuitController detected collision ahead!
[controller_server-4] [WARN] [1786348214.201492475] [pinky_01.controller_server]: RegulatedPurePursuitController detected collision ahead!
[controller_server-4] [WARN] [1786348214.251566602] [pinky_01.controller_server]: RegulatedPurePursuitController detected collision ahead!
[controller_server-4] [WARN] [1786348214.301391322] [pinky_01.controller_server]: RegulatedPurePursuitController detected collision ahead!
[controller_server-4] [ERROR] [1786348214.301432765] [pinky_01.controller_server]: Controller patience exceeded
[controller_server-4] [WARN] [1786348214.301514464] [pinky_01.controller_server]: [follow_path] [ActionServer] Aborting handle.
[controller_server-4] [WARN] [1786348214.572450840] [pinky_01.controller_server]: RegulatedPurePursuitController detected collision ahead!
[controller_server-4] [WARN] [1786348214.623721117] [pinky_01.controller_server]: RegulatedPurePursuitController detected collision ahead!
[controller_server-4] [WARN] [1786348214.672628538] [pinky_01.controller_server]: RegulatedPurePursuitController detected collision ahead!
[controller_server-4] [WARN] [1786348214.722542363] [pinky_01.controller_server]: RegulatedPurePursuitController detected collision ahead!
[controller_server-4] [WARN] [1786348214.772455081] [pinky_01.controller_server]: RegulatedPurePursuitController detected collision ahead!
[controller_server-4] [WARN] [1786348214.822461627] [pinky_01.controller_server]: RegulatedPurePursuitController detected collision ahead!
[controller_server-4] [ERROR] [1786348214.822523521] [pinky_01.controller_server]: Controller patience exceeded
[controller_server-4] [WARN] [1786348214.822605065] [pinky_01.controller_server]: [follow_path] [ActionServer] Aborting handle.
[bt_navigator-8] [WARN] [1786348214.850134820] [pinky_01.bt_navigator]: [navigate_to_pose] [ActionServer] Aborting handle.
[bt_navigator-8] [ERROR] [1786348214.850440517] [pinky_01.bt_navigator]: Goal failed
[python3-12] [ERROR] [1786348214.851792035] [gwanghee_pinky_nav2_adapter]: [PK_01] 목적지에 닿지 못했습니다 (Nav2 status 6). 도착 반경이 코스트맵 한 칸보다 촘촘하면 영영 못 맞춥니다.
[controller_server-4] [WARN] [1786348214.876779091] [pinky_01.controller_server]: RegulatedPurePursuitController detected collision ahead!
[controller_server-4] [WARN] [1786348214.926809956] [pinky_01.controller_server]: RegulatedPurePursuitController detected collision ahead!
[controller_server-4] [WARN] [1786348214.976975927] [pinky_01.controller_server]: RegulatedPurePursuitController detected collision ahead!
[controller_server-4] [WARN] [1786348215.026824123] [pinky_01.controller_server]: RegulatedPurePursuitController detected collision ahead!
[controller_server-4] [WARN] [1786348215.076879755] [pinky_01.controller_server]: RegulatedPurePursuitController detected collision ahead!
[controller_server-4] [WARN] [1786348215.126865298] [pinky_01.controller_server]: RegulatedPurePursuitController detected collision ahead!
[controller_server-4] [WARN] [1786348215.176825753] [pinky_01.controller_server]: RegulatedPurePursuitController detected collision ahead!
[controller_server-4] [WARN] [1786348215.226836428] [pinky_01.controller_server]: RegulatedPurePursuitController detected collision ahead!
[controller_server-4] [ERROR] [1786348215.226896014] [pinky_01.controller_server]: Controller patience exceeded
[controller_server-4] [WARN] [1786348215.227004265] [pinky_01.controller_server]: [follow_path] [ActionServer] Aborting handle.
[controller_server-4] [WARN] [1786348215.349954515] [pinky_01.controller_server]: RegulatedPurePursuitController detected collision ahead!
[controller_server-4] [WARN] [1786348215.350229502] [pinky_01.controller_server]: Control loop missed its desired rate of 20.0000 Hz. Current loop rate is 10.0000 Hz.
[controller_server-4] [WARN] [1786348215.351055083] [pinky_01.controller_server]: RegulatedPurePursuitController detected collision ahead!
[controller_server-4] [WARN] [1786348215.401136207] [pinky_01.controller_server]: RegulatedPurePursuitController detected collision ahead!
[controller_server-4] [WARN] [1786348215.451138929] [pinky_01.controller_server]: RegulatedPurePursuitController detected collision ahead!
[controller_server-4] [WARN] [1786348215.501036800] [pinky_01.controller_server]: RegulatedPurePursuitController detected collision ahead!
[controller_server-4] [WARN] [1786348215.552258508] [pinky_01.controller_server]: RegulatedPurePursuitController detected collision ahead!
[controller_server-4] [ERROR] [1786348215.552734507] [pinky_01.controller_server]: Controller patience exceeded
[controller_server-4] [WARN] [1786348215.554170668] [pinky_01.controller_server]: [follow_path] [ActionServer] Aborting handle.
[planner_server-6] [WARN] [1786348215.777964693] [pinky_01.planner_server]: Planner loop missed its desired rate of 20.0000 Hz. Current loop rate is 4.5455 Hz
[controller_server-4] [WARN] [1786348215.796680801] [pinky_01.controller_server]: RegulatedPurePursuitController detected collision ahead!
[controller_server-4] [WARN] [1786348215.846758101] [pinky_01.controller_server]: RegulatedPurePursuitController detected collision ahead!
[controller_server-4] [WARN] [1786348215.896678684] [pinky_01.controller_server]: RegulatedPurePursuitController detected collision ahead!
[controller_server-4] [WARN] [1786348215.946767570] [pinky_01.controller_server]: RegulatedPurePursuitController detected collision ahead!
[controller_server-4] [WARN] [1786348215.996704123] [pinky_01.controller_server]: RegulatedPurePursuitController detected collision ahead!
[controller_server-4] [WARN] [1786348216.046666292] [pinky_01.controller_server]: RegulatedPurePursuitController detected collision ahead!
[controller_server-4] [WARN] [1786348216.096785374] [pinky_01.controller_server]: RegulatedPurePursuitController detected collision ahead!
[controller_server-4] [WARN] [1786348216.146647383] [pinky_01.controller_server]: RegulatedPurePursuitController detected collision ahead!
[controller_server-4] [ERROR] [1786348216.146689365] [pinky_01.controller_server]: Controller patience exceeded
[controller_server-4] [WARN] [1786348216.146777601] [pinky_01.controller_server]: [follow_path] [ActionServer] Aborting handle.
[controller_server-4] [WARN] [1786348216.356997461] [pinky_01.controller_server]: RegulatedPurePursuitController detected collision ahead!
[controller_server-4] [WARN] [1786348216.357192215] [pinky_01.controller_server]: Control loop missed its desired rate of 20.0000 Hz. Current loop rate is 5.2632 Hz.
[controller_server-4] [WARN] [1786348216.357457611] [pinky_01.controller_server]: RegulatedPurePursuitController detected collision ahead!
[controller_server-4] [WARN] [1786348216.407749031] [pinky_01.controller_server]: RegulatedPurePursuitController detected collision ahead!
[controller_server-4] [WARN] [1786348216.457851752] [pinky_01.controller_server]: RegulatedPurePursuitController detected collision ahead!
[controller_server-4] [WARN] [1786348216.507920047] [pinky_01.controller_server]: RegulatedPurePursuitController detected collision ahead!
[controller_server-4] [ERROR] [1786348216.507969083] [pinky_01.controller_server]: Controller patience exceeded
[controller_server-4] [WARN] [1786348216.508079203] [pinky_01.controller_server]: [follow_path] [ActionServer] Aborting handle.
[controller_server-4] [WARN] [1786348219.566706498] [pinky_01.controller_server]: RegulatedPurePursuitController detected collision ahead!
[controller_server-4] [WARN] [1786348219.616386043] [pinky_01.controller_server]: RegulatedPurePursuitController detected collision ahead!
[controller_server-4] [WARN] [1786348219.666654812] [pinky_01.controller_server]: RegulatedPurePursuitController detected collision ahead!
[controller_server-4] [WARN] [1786348219.716605857] [pinky_01.controller_server]: RegulatedPurePursuitController detected collision ahead!
[controller_server-4] [WARN] [1786348220.816761085] [pinky_01.controller_server]: RegulatedPurePursuitController detected collision ahead!
[controller_server-4] [WARN] [1786348220.866480337] [pinky_01.controller_server]: RegulatedPurePursuitController detected collision ahead!
[controller_server-4] [WARN] [1786348220.916672750] [pinky_01.controller_server]: RegulatedPurePursuitController detected collision ahead!
[controller_server-4] [WARN] [1786348220.966682925] [pinky_01.controller_server]: RegulatedPurePursuitController detected collision ahead!
[controller_server-4] [WARN] [1786348221.016600545] [pinky_01.controller_server]: RegulatedPurePursuitController detected collision ahead!
[controller_server-4] [WARN] [1786348221.066665247] [pinky_01.controller_server]: RegulatedPurePursuitController detected collision ahead!
[controller_server-4] [WARN] [1786348221.116598598] [pinky_01.controller_server]: RegulatedPurePursuitController detected collision ahead!
[controller_server-4] [ERROR] [1786348221.116644055] [pinky_01.controller_server]: Controller patience exceeded
[controller_server-4] [WARN] [1786348221.116724667] [pinky_01.controller_server]: [follow_path] [ActionServer] Aborting handle.
[controller_server-4] [WARN] [1786348221.157296849] [pinky_01.controller_server]: RegulatedPurePursuitController detected collision ahead!
[controller_server-4] [WARN] [1786348221.187431287] [pinky_01.controller_server]: RegulatedPurePursuitController detected collision ahead!
[controller_server-4] [WARN] [1786348221.237182938] [pinky_01.controller_server]: RegulatedPurePursuitController detected collision ahead!
[controller_server-4] [WARN] [1786348221.287206242] [pinky_01.controller_server]: RegulatedPurePursuitController detected collision ahead!
[controller_server-4] [WARN] [1786348221.337185141] [pinky_01.controller_server]: RegulatedPurePursuitController detected collision ahead!
[controller_server-4] [WARN] [1786348221.387232684] [pinky_01.controller_server]: RegulatedPurePursuitController detected collision ahead!
[controller_server-4] [WARN] [1786348221.437166522] [pinky_01.controller_server]: RegulatedPurePursuitController detected collision ahead!
[controller_server-4] [WARN] [1786348221.487194210] [pinky_01.controller_server]: RegulatedPurePursuitController detected collision ahead!
[controller_server-4] [ERROR] [1786348221.487244196] [pinky_01.controller_server]: Controller patience exceeded
[controller_server-4] [WARN] [1786348221.487366014] [pinky_01.controller_server]: [follow_path] [ActionServer] Aborting handle.
[controller_server-4] [WARN] [1786348226.628402170] [pinky_01.controller_server]: RegulatedPurePursuitController detected collision ahead!
[controller_server-4] [WARN] [1786348226.678506911] [pinky_01.controller_server]: RegulatedPurePursuitController detected collision ahead!
[controller_server-4] [WARN] [1786348226.728517738] [pinky_01.controller_server]: RegulatedPurePursuitController detected collision ahead!
[controller_server-4] [WARN] [1786348226.778482202] [pinky_01.controller_server]: RegulatedPurePursuitController detected collision ahead!
[controller_server-4] [WARN] [1786348226.828442451] [pinky_01.controller_server]: RegulatedPurePursuitController detected collision ahead!
[controller_server-4] [WARN] [1786348226.878473808] [pinky_01.controller_server]: RegulatedPurePursuitController detected collision ahead!
[controller_server-4] [WARN] [1786348226.928363230] [pinky_01.controller_server]: RegulatedPurePursuitController detected collision ahead!
[controller_server-4] [WARN] [1786348226.978244638] [pinky_01.controller_server]: RegulatedPurePursuitController detected collision ahead!
[controller_server-4] [ERROR] [1786348226.978285158] [pinky_01.controller_server]: Controller patience exceeded
[controller_server-4] [WARN] [1786348226.978383938] [pinky_01.controller_server]: [follow_path] [ActionServer] Aborting handle.
[controller_server-4] [WARN] [1786348227.156767752] [pinky_01.controller_server]: RegulatedPurePursuitController detected collision ahead!
[controller_server-4] [WARN] [1786348227.156864512] [pinky_01.controller_server]: Control loop missed its desired rate of 20.0000 Hz. Current loop rate is 6.2500 Hz.
[controller_server-4] [WARN] [1786348227.157112828] [pinky_01.controller_server]: RegulatedPurePursuitController detected collision ahead!
[controller_server-4] [WARN] [1786348227.207286787] [pinky_01.controller_server]: RegulatedPurePursuitController detected collision ahead!
[controller_server-4] [WARN] [1786348227.257255148] [pinky_01.controller_server]: RegulatedPurePursuitController detected collision ahead!
[controller_server-4] [WARN] [1786348227.307504316] [pinky_01.controller_server]: RegulatedPurePursuitController detected collision ahead!
[controller_server-4] [ERROR] [1786348227.307567870] [pinky_01.controller_server]: Controller patience exceeded
[controller_server-4] [WARN] [1786348227.307684400] [pinky_01.controller_server]: [follow_path] [ActionServer] Aborting handle.
[controller_server-4] [WARN] [1786348233.567706253] [pinky_01.controller_server]: RegulatedPurePursuitController detected collision ahead!
[controller_server-4] [WARN] [1786348233.617903132] [pinky_01.controller_server]: RegulatedPurePursuitController detected collision ahead!
[controller_server-4] [WARN] [1786348233.667741362] [pinky_01.controller_server]: RegulatedPurePursuitController detected collision ahead!
[controller_server-4] [WARN] [1786348233.717760177] [pinky_01.controller_server]: RegulatedPurePursuitController detected collision ahead!
[controller_server-4] [WARN] [1786348233.767506649] [pinky_01.controller_server]: RegulatedPurePursuitController detected collision ahead!
[controller_server-4] [WARN] [1786348233.817816732] [pinky_01.controller_server]: RegulatedPurePursuitController detected collision ahead!
[controller_server-4] [WARN] [1786348233.867731641] [pinky_01.controller_server]: RegulatedPurePursuitController detected collision ahead!
[controller_server-4] [ERROR] [1786348233.867775529] [pinky_01.controller_server]: Controller patience exceeded
[controller_server-4] [WARN] [1786348233.867883366] [pinky_01.controller_server]: [follow_path] [ActionServer] Aborting handle.
[controller_server-4] [WARN] [1786348233.957147185] [pinky_01.controller_server]: RegulatedPurePursuitController detected collision ahead!
[controller_server-4] [WARN] [1786348233.957274460] [pinky_01.controller_server]: Control loop missed its desired rate of 20.0000 Hz. Current loop rate is 12.5000 Hz.
[controller_server-4] [WARN] [1786348233.957792002] [pinky_01.controller_server]: RegulatedPurePursuitController detected collision ahead!
[controller_server-4] [WARN] [1786348234.008003755] [pinky_01.controller_server]: RegulatedPurePursuitController detected collision ahead!
[controller_server-4] [WARN] [1786348234.057908116] [pinky_01.controller_server]: RegulatedPurePursuitController detected collision ahead!
[controller_server-4] [WARN] [1786348234.107978061] [pinky_01.controller_server]: RegulatedPurePursuitController detected collision ahead!
[controller_server-4] [WARN] [1786348234.157916611] [pinky_01.controller_server]: RegulatedPurePursuitController detected collision ahead!
[controller_server-4] [WARN] [1786348234.208265365] [pinky_01.controller_server]: RegulatedPurePursuitController detected collision ahead!
[controller_server-4] [ERROR] [1786348234.208325505] [pinky_01.controller_server]: Controller patience exceeded
[controller_server-4] [WARN] [1786348234.208440911] [pinky_01.controller_server]: [follow_path] [ActionServer] Aborting handle.
[planner_server-6] [WARN] [1786348234.777436109] [pinky_01.planner_server]: Planner loop missed its desired rate of 20.0000 Hz. Current loop rate is 1.8182 Hz
[controller_server-4] [WARN] [1786348234.796221875] [pinky_01.controller_server]: RegulatedPurePursuitController detected collision ahead!
[controller_server-4] [WARN] [1786348234.846594787] [pinky_01.controller_server]: RegulatedPurePursuitController detected collision ahead!
[controller_server-4] [WARN] [1786348234.896722752] [pinky_01.controller_server]: RegulatedPurePursuitController detected collision ahead!
[controller_server-4] [WARN] [1786348234.946620548] [pinky_01.controller_server]: RegulatedPurePursuitController detected collision ahead!
[controller_server-4] [WARN] [1786348234.996606138] [pinky_01.controller_server]: RegulatedPurePursuitController detected collision ahead!
[controller_server-4] [WARN] [1786348235.046622840] [pinky_01.controller_server]: RegulatedPurePursuitController detected collision ahead!
[controller_server-4] [WARN] [1786348235.096608661] [pinky_01.controller_server]: RegulatedPurePursuitController detected collision ahead!
[controller_server-4] [WARN] [1786348235.146586313] [pinky_01.controller_server]: RegulatedPurePursuitController detected collision ahead!
[controller_server-4] [ERROR] [1786348235.146645220] [pinky_01.controller_server]: Controller patience exceeded
[controller_server-4] [WARN] [1786348235.146743458] [pinky_01.controller_server]: [follow_path] [ActionServer] Aborting handle.
[controller_server-4] [WARN] [1786348235.357462328] [pinky_01.controller_server]: RegulatedPurePursuitController detected collision ahead!
[controller_server-4] [WARN] [1786348235.357678268] [pinky_01.controller_server]: Control loop missed its desired rate of 20.0000 Hz. Current loop rate is 5.8824 Hz.
[controller_server-4] [WARN] [1786348235.358385286] [pinky_01.controller_server]: RegulatedPurePursuitController detected collision ahead!
[controller_server-4] [WARN] [1786348235.408684330] [pinky_01.controller_server]: RegulatedPurePursuitController detected collision ahead!
[controller_server-4] [WARN] [1786348235.458434541] [pinky_01.controller_server]: RegulatedPurePursuitController detected collision ahead!
[controller_server-4] [WARN] [1786348235.508363557] [pinky_01.controller_server]: RegulatedPurePursuitController detected collision ahead!
[controller_server-4] [ERROR] [1786348235.508929310] [pinky_01.controller_server]: Controller patience exceeded
[controller_server-4] [WARN] [1786348235.509144892] [pinky_01.controller_server]: [follow_path] [ActionServer] Aborting handle.
[behavior_server-7] [WARN] [1786348236.026646390] [pinky_01.behavior_server]: Collision Ahead - Exiting Spin
[behavior_server-7] [WARN] [1786348236.026687633] [pinky_01.behavior_server]: spin failed
[behavior_server-7] [WARN] [1786348236.026698840] [pinky_01.behavior_server]: [spin] [ActionServer] Aborting handle.
[controller_server-4] [WARN] [1786348241.826775929] [pinky_01.controller_server]: RegulatedPurePursuitController detected collision ahead!
[controller_server-4] [WARN] [1786348241.876703390] [pinky_01.controller_server]: RegulatedPurePursuitController detected collision ahead!
[controller_server-4] [WARN] [1786348241.926803970] [pinky_01.controller_server]: RegulatedPurePursuitController detected collision ahead!
[controller_server-4] [WARN] [1786348241.976783432] [pinky_01.controller_server]: RegulatedPurePursuitController detected collision ahead!
[controller_server-4] [WARN] [1786348242.026751866] [pinky_01.controller_server]: RegulatedPurePursuitController detected collision ahead!
[controller_server-4] [WARN] [1786348242.076474870] [pinky_01.controller_server]: RegulatedPurePursuitController detected collision ahead!
[controller_server-4] [WARN] [1786348242.126567629] [pinky_01.controller_server]: RegulatedPurePursuitController detected collision ahead!
[controller_server-4] [ERROR] [1786348242.126620715] [pinky_01.controller_server]: Controller patience exceeded
[controller_server-4] [WARN] [1786348242.126749817] [pinky_01.controller_server]: [follow_path] [ActionServer] Aborting handle.
[controller_server-4] [WARN] [1786348242.156782726] [pinky_01.controller_server]: RegulatedPurePursuitController detected collision ahead!
[controller_server-4] [WARN] [1786348242.196795616] [pinky_01.controller_server]: RegulatedPurePursuitController detected collision ahead!
[controller_server-4] [WARN] [1786348242.247053986] [pinky_01.controller_server]: RegulatedPurePursuitController detected collision ahead!
[controller_server-4] [WARN] [1786348242.296898661] [pinky_01.controller_server]: RegulatedPurePursuitController detected collision ahead!
[controller_server-4] [WARN] [1786348242.346797372] [pinky_01.controller_server]: RegulatedPurePursuitController detected collision ahead!
[controller_server-4] [WARN] [1786348242.396766636] [pinky_01.controller_server]: RegulatedPurePursuitController detected collision ahead!
[controller_server-4] [WARN] [1786348242.446781533] [pinky_01.controller_server]: RegulatedPurePursuitController detected collision ahead!
[controller_server-4] [WARN] [1786348242.496787123] [pinky_01.controller_server]: RegulatedPurePursuitController detected collision ahead!
[controller_server-4] [ERROR] [1786348242.496839473] [pinky_01.controller_server]: Controller patience exceeded
[controller_server-4] [WARN] [1786348242.496935415] [pinky_01.controller_server]: [follow_path] [ActionServer] Aborting handle.
[bt_navigator-8] [WARN] [1786348242.525410579] [pinky_01.bt_navigator]: [navigate_to_pose] [ActionServer] Aborting handle.
[bt_navigator-8] [ERROR] [1786348242.525645685] [pinky_01.bt_navigator]: Goal failed
[python3-12] [ERROR] [1786348242.526859314] [gwanghee_pinky_nav2_adapter]: [PK_01] 목적지에 닿지 못했습니다 (Nav2 status 6). 도착 반경이 코스트맵 한 칸보다 촘촘하면 영영 못 맞춥니다.
[controller_server-4] [WARN] [1786348252.473701884] [pinky_01.controller_server]: RegulatedPurePursuitController detected collision ahead!
[controller_server-4] [WARN] [1786348252.523428111] [pinky_01.controller_server]: RegulatedPurePursuitController detected collision ahead!
[controller_server-4] [WARN] [1786348252.573512264] [pinky_01.controller_server]: RegulatedPurePursuitController detected collision ahead!
[controller_server-4] [WARN] [1786348252.823489385] [pinky_01.controller_server]: RegulatedPurePursuitController detected collision ahead!
[controller_server-4] [WARN] [1786348252.873504334] [pinky_01.controller_server]: RegulatedPurePursuitController detected collision ahead!
[controller_server-4] [WARN] [1786348252.923442846] [pinky_01.controller_server]: RegulatedPurePursuitController detected collision ahead!
[controller_server-4] [WARN] [1786348253.373255908] [pinky_01.controller_server]: RegulatedPurePursuitController detected collision ahead!
[controller_server-4] [WARN] [1786348253.423175005] [pinky_01.controller_server]: RegulatedPurePursuitController detected collision ahead!
[controller_server-4] [WARN] [1786348253.473208781] [pinky_01.controller_server]: RegulatedPurePursuitController detected collision ahead!
[controller_server-4] [WARN] [1786348253.523427115] [pinky_01.controller_server]: RegulatedPurePursuitController detected collision ahead!
[controller_server-4] [WARN] [1786348254.523352709] [pinky_01.controller_server]: RegulatedPurePursuitController detected collision ahead!
[controller_server-4] [WARN] [1786348254.773329991] [pinky_01.controller_server]: RegulatedPurePursuitController detected collision ahead!
[controller_server-4] [WARN] [1786348254.823238811] [pinky_01.controller_server]: RegulatedPurePursuitController detected collision ahead!
[controller_server-4] [WARN] [1786348254.873219802] [pinky_01.controller_server]: RegulatedPurePursuitController detected collision ahead!
[controller_server-4] [WARN] [1786348254.923333648] [pinky_01.controller_server]: RegulatedPurePursuitController detected collision ahead!
[controller_server-4] [WARN] [1786348254.973403244] [pinky_01.controller_server]: RegulatedPurePursuitController detected collision ahead!
[controller_server-4] [WARN] [1786348255.023209603] [pinky_01.controller_server]: RegulatedPurePursuitController detected collision ahead!
[controller_server-4] [WARN] [1786348255.073323402] [pinky_01.controller_server]: RegulatedPurePursuitController detected collision ahead!
[controller_server-4] [ERROR] [1786348255.073376473] [pinky_01.controller_server]: Controller patience exceeded
[controller_server-4] [WARN] [1786348255.073481247] [pinky_01.controller_server]: [follow_path] [ActionServer] Aborting handle.
[controller_server-4] [WARN] [1786348255.154111955] [pinky_01.controller_server]: RegulatedPurePursuitController detected collision ahead!
[controller_server-4] [WARN] [1786348255.154269626] [pinky_01.controller_server]: Control loop missed its desired rate of 20.0000 Hz. Current loop rate is 16.6667 Hz.
[controller_server-4] [WARN] [1786348255.154795887] [pinky_01.controller_server]: RegulatedPurePursuitController detected collision ahead!
[planner_server-6] [ERROR] [1786348255.212698671] [pinky_01.planner_server]: Failed to create a plan from potential when a legal potential was found. This shouldn't happen.
[planner_server-6] [WARN] [1786348255.212848031] [pinky_01.planner_server]: GridBased plugin failed to plan from (1.08, -0.32) to (1.55, -0.30): "Failed to create plan with tolerance of: 0.500000"
[planner_server-6] [WARN] [1786348255.212900507] [pinky_01.planner_server]: [compute_path_to_pose] [ActionServer] Aborting handle.
[controller_server-4] [WARN] [1786348255.254908721] [pinky_01.controller_server]: RegulatedPurePursuitController detected collision ahead!
[controller_server-4] [WARN] [1786348255.305550396] [pinky_01.controller_server]: RegulatedPurePursuitController detected collision ahead!
[planner_server-6] [WARN] [1786348255.783149813] [pinky_01.planner_server]: Planner loop missed its desired rate of 20.0000 Hz. Current loop rate is 1.8182 Hz
[controller_server-4] [ERROR] [1786348265.204442769] [pinky_01.controller_server]: Failed to make progress
[controller_server-4] [WARN] [1786348265.204618126] [pinky_01.controller_server]: [follow_path] [ActionServer] Aborting handle.
[planner_server-6] [WARN] [1786348265.783368157] [pinky_01.planner_server]: Planner loop missed its desired rate of 20.0000 Hz. Current loop rate is 1.8182 Hz
[controller_server-4] [WARN] [1786348275.052820698] [pinky_01.controller_server]: RegulatedPurePursuitController detected collision ahead!
[controller_server-4] [WARN] [1786348275.102725347] [pinky_01.controller_server]: RegulatedPurePursuitController detected collision ahead!
[controller_server-4] [WARN] [1786348275.152694138] [pinky_01.controller_server]: RegulatedPurePursuitController detected collision ahead!
[controller_server-4] [WARN] [1786348275.403356523] [pinky_01.controller_server]: RegulatedPurePursuitController detected collision ahead!
[controller_server-4] [WARN] [1786348275.452759855] [pinky_01.controller_server]: RegulatedPurePursuitController detected collision ahead!
[controller_server-4] [WARN] [1786348275.502744075] [pinky_01.controller_server]: RegulatedPurePursuitController detected collision ahead!
[controller_server-4] [WARN] [1786348275.752647786] [pinky_01.controller_server]: RegulatedPurePursuitController detected collision ahead!
[controller_server-4] [WARN] [1786348275.802682753] [pinky_01.controller_server]: RegulatedPurePursuitController detected collision ahead!
[controller_server-4] [ERROR] [1786348275.852585628] [pinky_01.controller_server]: Failed to make progress
[controller_server-4] [WARN] [1786348275.852681317] [pinky_01.controller_server]: [follow_path] [ActionServer] Aborting handle.
[controller_server-4] [WARN] [1786348275.952788410] [pinky_01.controller_server]: Control loop missed its desired rate of 20.0000 Hz. Current loop rate is 12.5000 Hz.
[controller_server-4] [WARN] [1786348276.752990793] [pinky_01.controller_server]: RegulatedPurePursuitController detected collision ahead!
[controller_server-4] [WARN] [1786348276.803022955] [pinky_01.controller_server]: RegulatedPurePursuitController detected collision ahead!
[controller_server-4] [WARN] [1786348276.852991567] [pinky_01.controller_server]: RegulatedPurePursuitController detected collision ahead!
[controller_server-4] [WARN] [1786348277.052992582] [pinky_01.controller_server]: RegulatedPurePursuitController detected collision ahead!
[controller_server-4] [WARN] [1786348277.103308515] [pinky_01.controller_server]: RegulatedPurePursuitController detected collision ahead!
[controller_server-4] [WARN] [1786348277.153145312] [pinky_01.controller_server]: RegulatedPurePursuitController detected collision ahead!
[controller_server-4] [WARN] [1786348277.353048408] [pinky_01.controller_server]: RegulatedPurePursuitController detected collision ahead!
[controller_server-4] [WARN] [1786348277.403139392] [pinky_01.controller_server]: RegulatedPurePursuitController detected collision ahead!
[controller_server-4] [WARN] [1786348277.453074802] [pinky_01.controller_server]: RegulatedPurePursuitController detected collision ahead!
[controller_server-4] [WARN] [1786348277.503120583] [pinky_01.controller_server]: RegulatedPurePursuitController detected collision ahead!
[controller_server-4] [WARN] [1786348277.553079375] [pinky_01.controller_server]: RegulatedPurePursuitController detected collision ahead!
[controller_server-4] [WARN] [1786348277.603121419] [pinky_01.controller_server]: RegulatedPurePursuitController detected collision ahead!
[controller_server-4] [WARN] [1786348277.653075291] [pinky_01.controller_server]: RegulatedPurePursuitController detected collision ahead!
[controller_server-4] [ERROR] [1786348277.653120106] [pinky_01.controller_server]: Controller patience exceeded
[controller_server-4] [WARN] [1786348277.653209031] [pinky_01.controller_server]: [follow_path] [ActionServer] Aborting handle.
[behavior_server-7] [WARN] [1786348278.072905852] [pinky_01.behavior_server]: Collision Ahead - Exiting Spin
[behavior_server-7] [WARN] [1786348278.072965046] [pinky_01.behavior_server]: spin failed
[behavior_server-7] [WARN] [1786348278.072979684] [pinky_01.behavior_server]: [spin] [ActionServer] Aborting handle.
[controller_server-4] [WARN] [1786348283.732571021] [pinky_01.controller_server]: RegulatedPurePursuitController detected collision ahead!
[controller_server-4] [WARN] [1786348283.882629271] [pinky_01.controller_server]: RegulatedPurePursuitController detected collision ahead!
[controller_server-4] [WARN] [1786348283.932594803] [pinky_01.controller_server]: RegulatedPurePursuitController detected collision ahead!
[controller_server-4] [WARN] [1786348283.982609846] [pinky_01.controller_server]: RegulatedPurePursuitController detected collision ahead!
[controller_server-4] [WARN] [1786348284.496776223] [pinky_01.controller_server]: RegulatedPurePursuitController detected collision ahead!
[controller_server-4] [WARN] [1786348284.546775984] [pinky_01.controller_server]: RegulatedPurePursuitController detected collision ahead!
[controller_server-4] [WARN] [1786348284.596830188] [pinky_01.controller_server]: RegulatedPurePursuitController detected collision ahead!
[controller_server-4] [WARN] [1786348284.647000620] [pinky_01.controller_server]: RegulatedPurePursuitController detected collision ahead!
[controller_server-4] [WARN] [1786348284.696917107] [pinky_01.controller_server]: RegulatedPurePursuitController detected collision ahead!
[controller_server-4] [WARN] [1786348284.746859932] [pinky_01.controller_server]: RegulatedPurePursuitController detected collision ahead!
[controller_server-4] [WARN] [1786348284.796903607] [pinky_01.controller_server]: RegulatedPurePursuitController detected collision ahead!
[controller_server-4] [ERROR] [1786348284.796954242] [pinky_01.controller_server]: Controller patience exceeded
[controller_server-4] [WARN] [1786348284.797081181] [pinky_01.controller_server]: [follow_path] [ActionServer] Aborting handle.
[controller_server-4] [WARN] [1786348284.957626030] [pinky_01.controller_server]: Control loop missed its desired rate of 20.0000 Hz. Current loop rate is 7.1429 Hz.
[controller_server-4] [WARN] [1786348285.208304955] [pinky_01.controller_server]: RegulatedPurePursuitController detected collision ahead!
[controller_server-4] [WARN] [1786348285.258652336] [pinky_01.controller_server]: RegulatedPurePursuitController detected collision ahead!
[controller_server-4] [WARN] [1786348285.308482718] [pinky_01.controller_server]: RegulatedPurePursuitController detected collision ahead!
[controller_server-4] [WARN] [1786348285.358224142] [pinky_01.controller_server]: RegulatedPurePursuitController detected collision ahead!
[controller_server-4] [WARN] [1786348285.609143628] [pinky_01.controller_server]: RegulatedPurePursuitController detected collision ahead!
[controller_server-4] [WARN] [1786348285.658374491] [pinky_01.controller_server]: RegulatedPurePursuitController detected collision ahead!
[controller_server-4] [WARN] [1786348285.708214447] [pinky_01.controller_server]: RegulatedPurePursuitController detected collision ahead!
[controller_server-4] [WARN] [1786348286.408137791] [pinky_01.controller_server]: RegulatedPurePursuitController detected collision ahead!
[controller_server-4] [WARN] [1786348286.558189329] [pinky_01.controller_server]: RegulatedPurePursuitController detected collision ahead!
[controller_server-4] [WARN] [1786348286.608090213] [pinky_01.controller_server]: RegulatedPurePursuitController detected collision ahead!
[controller_server-4] [WARN] [1786348286.658141016] [pinky_01.controller_server]: RegulatedPurePursuitController detected collision ahead!
[controller_server-4] [WARN] [1786348286.858284220] [pinky_01.controller_server]: RegulatedPurePursuitController detected collision ahead!
[controller_server-4] [WARN] [1786348286.908141138] [pinky_01.controller_server]: RegulatedPurePursuitController detected collision ahead!
[controller_server-4] [WARN] [1786348286.957978933] [pinky_01.controller_server]: RegulatedPurePursuitController detected collision ahead!
[controller_server-4] [WARN] [1786348287.158190661] [pinky_01.controller_server]: RegulatedPurePursuitController detected collision ahead!
[controller_server-4] [WARN] [1786348287.208165288] [pinky_01.controller_server]: RegulatedPurePursuitController detected collision ahead!
[controller_server-4] [WARN] [1786348287.258395240] [pinky_01.controller_server]: RegulatedPurePursuitController detected collision ahead!
[controller_server-4] [WARN] [1786348287.308094234] [pinky_01.controller_server]: RegulatedPurePursuitController detected collision ahead!
[controller_server-4] [WARN] [1786348287.358151476] [pinky_01.controller_server]: RegulatedPurePursuitController detected collision ahead!
[controller_server-4] [WARN] [1786348287.408163561] [pinky_01.controller_server]: RegulatedPurePursuitController detected collision ahead!
[controller_server-4] [WARN] [1786348287.458274696] [pinky_01.controller_server]: RegulatedPurePursuitController detected collision ahead!
[controller_server-4] [ERROR] [1786348287.458326319] [pinky_01.controller_server]: Controller patience exceeded
[controller_server-4] [WARN] [1786348287.458438468] [pinky_01.controller_server]: [follow_path] [ActionServer] Aborting handle.
[planner_server-6] [WARN] [1786348287.777225469] [pinky_01.planner_server]: Planner loop missed its desired rate of 20.0000 Hz. Current loop rate is 3.3333 Hz
[controller_server-4] [WARN] [1786348288.096771288] [pinky_01.controller_server]: RegulatedPurePursuitController detected collision ahead!
[controller_server-4] [WARN] [1786348288.146818242] [pinky_01.controller_server]: RegulatedPurePursuitController detected collision ahead!
[controller_server-4] [WARN] [1786348288.196740561] [pinky_01.controller_server]: RegulatedPurePursuitController detected collision ahead!
[controller_server-4] [WARN] [1786348288.396743911] [pinky_01.controller_server]: RegulatedPurePursuitController detected collision ahead!
[controller_server-4] [WARN] [1786348288.446773824] [pinky_01.controller_server]: RegulatedPurePursuitController detected collision ahead!
[controller_server-4] [WARN] [1786348288.646854518] [pinky_01.controller_server]: RegulatedPurePursuitController detected collision ahead!
[controller_server-4] [WARN] [1786348288.696754882] [pinky_01.controller_server]: RegulatedPurePursuitController detected collision ahead!
[controller_server-4] [WARN] [1786348288.746720025] [pinky_01.controller_server]: RegulatedPurePursuitController detected collision ahead!
[controller_server-4] [WARN] [1786348289.496653029] [pinky_01.controller_server]: RegulatedPurePursuitController detected collision ahead!
[controller_server-4] [WARN] [1786348289.596828316] [pinky_01.controller_server]: RegulatedPurePursuitController detected collision ahead!
[controller_server-4] [WARN] [1786348289.646806511] [pinky_01.controller_server]: RegulatedPurePursuitController detected collision ahead!
[controller_server-4] [ERROR] [1786348297.846488986] [pinky_01.controller_server]: Failed to make progress
[controller_server-4] [WARN] [1786348297.846618762] [pinky_01.controller_server]: [follow_path] [ActionServer] Aborting handle.
[controller_server-4] [WARN] [1786348297.957024175] [pinky_01.controller_server]: Control loop missed its desired rate of 20.0000 Hz. Current loop rate is 11.1111 Hz.
[building_map_server-3] Traceback (most recent call last):
[ERROR] [building_map_server-3]: process has died [pid 717977, exit code 1, cmd '/home/gyi/rmf_ws/install/rmf_building_map_tools/lib/rmf_building_map_tools/building_map_server /home/gyi/robosapiens/rmf_maps/gwanghee/gwanghee.building.yaml --ros-args --params-file /tmp/launch_params_hypf4j05'].
[controller_server-4] [WARN] [1786348512.352531654] [pinky_01.controller_server]: RegulatedPurePursuitController detected collision ahead!
[controller_server-4] [WARN] [1786348512.402337601] [pinky_01.controller_server]: RegulatedPurePursuitController detected collision ahead!
[controller_server-4] [WARN] [1786348512.452279603] [pinky_01.controller_server]: RegulatedPurePursuitController detected collision ahead!
[controller_server-4] [WARN] [1786348512.502419412] [pinky_01.controller_server]: RegulatedPurePursuitController detected collision ahead!
[controller_server-4] [WARN] [1786348512.752497578] [pinky_01.controller_server]: RegulatedPurePursuitController detected collision ahead!
[controller_server-4] [WARN] [1786348512.802580526] [pinky_01.controller_server]: RegulatedPurePursuitController detected collision ahead!
[controller_server-4] [WARN] [1786348512.852506127] [pinky_01.controller_server]: RegulatedPurePursuitController detected collision ahead!
[controller_server-4] [WARN] [1786348512.902519385] [pinky_01.controller_server]: RegulatedPurePursuitController detected collision ahead!
[controller_server-4] [WARN] [1786348513.502479525] [pinky_01.controller_server]: RegulatedPurePursuitController detected collision ahead!
[controller_server-4] [WARN] [1786348513.552520818] [pinky_01.controller_server]: RegulatedPurePursuitController detected collision ahead!
[controller_server-4] [WARN] [1786348513.602488439] [pinky_01.controller_server]: RegulatedPurePursuitController detected collision ahead!
[controller_server-4] [WARN] [1786348513.652505147] [pinky_01.controller_server]: RegulatedPurePursuitController detected collision ahead!
[controller_server-4] [WARN] [1786348513.702226615] [pinky_01.controller_server]: RegulatedPurePursuitController detected collision ahead!
[controller_server-4] [WARN] [1786348513.752452484] [pinky_01.controller_server]: RegulatedPurePursuitController detected collision ahead!
[controller_server-4] [WARN] [1786348513.802452973] [pinky_01.controller_server]: RegulatedPurePursuitController detected collision ahead!
[controller_server-4] [ERROR] [1786348513.802539133] [pinky_01.controller_server]: Controller patience exceeded
[controller_server-4] [WARN] [1786348513.802708769] [pinky_01.controller_server]: [follow_path] [ActionServer] Aborting handle.
[controller_server-4] [WARN] [1786348513.952696027] [pinky_01.controller_server]: RegulatedPurePursuitController detected collision ahead!
[controller_server-4] [WARN] [1786348513.952867750] [pinky_01.controller_server]: Control loop missed its desired rate of 20.0000 Hz. Current loop rate is 7.6923 Hz.
[controller_server-4] [WARN] [1786348513.953250329] [pinky_01.controller_server]: RegulatedPurePursuitController detected collision ahead!
[controller_server-4] [WARN] [1786348514.003349519] [pinky_01.controller_server]: RegulatedPurePursuitController detected collision ahead!
[controller_server-4] [WARN] [1786348514.053360395] [pinky_01.controller_server]: RegulatedPurePursuitController detected collision ahead!
[controller_server-4] [WARN] [1786348514.103489700] [pinky_01.controller_server]: RegulatedPurePursuitController detected collision ahead!
[controller_server-4] [WARN] [1786348514.153397282] [pinky_01.controller_server]: RegulatedPurePursuitController detected collision ahead!
[controller_server-4] [ERROR] [1786348514.153445247] [pinky_01.controller_server]: Controller patience exceeded
[controller_server-4] [WARN] [1786348514.153523756] [pinky_01.controller_server]: [follow_path] [ActionServer] Aborting handle.
[planner_server-6] [WARN] [1786348514.783852448] [pinky_01.planner_server]: Planner loop missed its desired rate of 20.0000 Hz. Current loop rate is 1.6667 Hz
[controller_server-4] [WARN] [1786348514.802377156] [pinky_01.controller_server]: RegulatedPurePursuitController detected collision ahead!
[controller_server-4] [WARN] [1786348514.852417231] [pinky_01.controller_server]: RegulatedPurePursuitController detected collision ahead!
[controller_server-4] [WARN] [1786348514.902351651] [pinky_01.controller_server]: RegulatedPurePursuitController detected collision ahead!
[controller_server-4] [WARN] [1786348514.952514094] [pinky_01.controller_server]: RegulatedPurePursuitController detected collision ahead!
[controller_server-4] [WARN] [1786348515.002516745] [pinky_01.controller_server]: RegulatedPurePursuitController detected collision ahead!
[controller_server-4] [WARN] [1786348515.052653314] [pinky_01.controller_server]: RegulatedPurePursuitController detected collision ahead!
[controller_server-4] [WARN] [1786348515.102564772] [pinky_01.controller_server]: RegulatedPurePursuitController detected collision ahead!
[controller_server-4] [WARN] [1786348515.152916470] [pinky_01.controller_server]: RegulatedPurePursuitController detected collision ahead!
[controller_server-4] [ERROR] [1786348515.152971097] [pinky_01.controller_server]: Controller patience exceeded
[controller_server-4] [WARN] [1786348515.153075680] [pinky_01.controller_server]: [follow_path] [ActionServer] Aborting handle.
[controller_server-4] [WARN] [1786348515.354001341] [pinky_01.controller_server]: RegulatedPurePursuitController detected collision ahead!
[controller_server-4] [WARN] [1786348515.354177537] [pinky_01.controller_server]: Control loop missed its desired rate of 20.0000 Hz. Current loop rate is 5.5556 Hz.
[controller_server-4] [WARN] [1786348515.354684872] [pinky_01.controller_server]: RegulatedPurePursuitController detected collision ahead!
[controller_server-4] [WARN] [1786348515.404887744] [pinky_01.controller_server]: RegulatedPurePursuitController detected collision ahead!
[controller_server-4] [WARN] [1786348515.454892222] [pinky_01.controller_server]: RegulatedPurePursuitController detected collision ahead!
[controller_server-4] [WARN] [1786348515.504945073] [pinky_01.controller_server]: RegulatedPurePursuitController detected collision ahead!
[controller_server-4] [ERROR] [1786348515.505008120] [pinky_01.controller_server]: Controller patience exceeded
[controller_server-4] [WARN] [1786348515.505148715] [pinky_01.controller_server]: [follow_path] [ActionServer] Aborting handle.
[controller_server-4] [WARN] [1786348519.162950261] [pinky_01.controller_server]: RegulatedPurePursuitController detected collision ahead!
[controller_server-4] [WARN] [1786348519.212897510] [pinky_01.controller_server]: RegulatedPurePursuitController detected collision ahead!
[controller_server-4] [WARN] [1786348519.262802366] [pinky_01.controller_server]: RegulatedPurePursuitController detected collision ahead!
[controller_server-4] [WARN] [1786348519.512766620] [pinky_01.controller_server]: RegulatedPurePursuitController detected collision ahead!
[controller_server-4] [WARN] [1786348519.713200040] [pinky_01.controller_server]: RegulatedPurePursuitController detected collision ahead!
[controller_server-4] [WARN] [1786348519.763088632] [pinky_01.controller_server]: RegulatedPurePursuitController detected collision ahead!
[controller_server-4] [WARN] [1786348519.813273861] [pinky_01.controller_server]: RegulatedPurePursuitController detected collision ahead!
[controller_server-4] [WARN] [1786348519.863486925] [pinky_01.controller_server]: RegulatedPurePursuitController detected collision ahead!
[controller_server-4] [WARN] [1786348519.912988767] [pinky_01.controller_server]: RegulatedPurePursuitController detected collision ahead!
[controller_server-4] [WARN] [1786348520.063057261] [pinky_01.controller_server]: RegulatedPurePursuitController detected collision ahead!
[controller_server-4] [WARN] [1786348520.112826678] [pinky_01.controller_server]: RegulatedPurePursuitController detected collision ahead!
[controller_server-4] [WARN] [1786348520.363174410] [pinky_01.controller_server]: RegulatedPurePursuitController detected collision ahead!
[controller_server-4] [WARN] [1786348520.413006194] [pinky_01.controller_server]: RegulatedPurePursuitController detected collision ahead!
[controller_server-4] [WARN] [1786348520.463778925] [pinky_01.controller_server]: RegulatedPurePursuitController detected collision ahead!
[controller_server-4] [WARN] [1786348520.512871205] [pinky_01.controller_server]: RegulatedPurePursuitController detected collision ahead!
[controller_server-4] [WARN] [1786348520.563439234] [pinky_01.controller_server]: RegulatedPurePursuitController detected collision ahead!
[controller_server-4] [WARN] [1786348520.613126840] [pinky_01.controller_server]: RegulatedPurePursuitController detected collision ahead!
[controller_server-4] [WARN] [1786348520.662954964] [pinky_01.controller_server]: RegulatedPurePursuitController detected collision ahead!
[controller_server-4] [ERROR] [1786348520.663007021] [pinky_01.controller_server]: Controller patience exceeded
[controller_server-4] [WARN] [1786348520.663102862] [pinky_01.controller_server]: [follow_path] [ActionServer] Aborting handle.
[controller_server-4] [WARN] [1786348520.752971739] [pinky_01.controller_server]: RegulatedPurePursuitController detected collision ahead!
[controller_server-4] [WARN] [1786348520.753138507] [pinky_01.controller_server]: Control loop missed its desired rate of 20.0000 Hz. Current loop rate is 14.2857 Hz.
[controller_server-4] [WARN] [1786348520.753536603] [pinky_01.controller_server]: RegulatedPurePursuitController detected collision ahead!
[controller_server-4] [WARN] [1786348520.803745076] [pinky_01.controller_server]: RegulatedPurePursuitController detected collision ahead!
[controller_server-4] [WARN] [1786348520.853678383] [pinky_01.controller_server]: RegulatedPurePursuitController detected collision ahead!
[controller_server-4] [WARN] [1786348520.903686188] [pinky_01.controller_server]: RegulatedPurePursuitController detected collision ahead!
[controller_server-4] [WARN] [1786348520.953705195] [pinky_01.controller_server]: RegulatedPurePursuitController detected collision ahead!
[controller_server-4] [WARN] [1786348521.004219576] [pinky_01.controller_server]: RegulatedPurePursuitController detected collision ahead!
[controller_server-4] [ERROR] [1786348521.004266203] [pinky_01.controller_server]: Controller patience exceeded
[controller_server-4] [WARN] [1786348521.004382804] [pinky_01.controller_server]: [follow_path] [ActionServer] Aborting handle.
[controller_server-4] [WARN] [1786348526.063138061] [pinky_01.controller_server]: RegulatedPurePursuitController detected collision ahead!
[controller_server-4] [WARN] [1786348526.113175596] [pinky_01.controller_server]: RegulatedPurePursuitController detected collision ahead!
[controller_server-4] [WARN] [1786348526.163444153] [pinky_01.controller_server]: RegulatedPurePursuitController detected collision ahead!
[controller_server-4] [WARN] [1786348526.213366907] [pinky_01.controller_server]: RegulatedPurePursuitController detected collision ahead!
[controller_server-4] [WARN] [1786348526.263346374] [pinky_01.controller_server]: RegulatedPurePursuitController detected collision ahead!
[controller_server-4] [WARN] [1786348526.313339634] [pinky_01.controller_server]: RegulatedPurePursuitController detected collision ahead!
[controller_server-4] [WARN] [1786348526.563332161] [pinky_01.controller_server]: RegulatedPurePursuitController detected collision ahead!
[controller_server-4] [WARN] [1786348526.613353809] [pinky_01.controller_server]: RegulatedPurePursuitController detected collision ahead!
[controller_server-4] [WARN] [1786348526.663369224] [pinky_01.controller_server]: RegulatedPurePursuitController detected collision ahead!
[controller_server-4] [WARN] [1786348526.713344491] [pinky_01.controller_server]: RegulatedPurePursuitController detected collision ahead!
[controller_server-4] [WARN] [1786348526.763470939] [pinky_01.controller_server]: RegulatedPurePursuitController detected collision ahead!
[controller_server-4] [WARN] [1786348526.813361507] [pinky_01.controller_server]: RegulatedPurePursuitController detected collision ahead!
[controller_server-4] [WARN] [1786348526.863400156] [pinky_01.controller_server]: RegulatedPurePursuitController detected collision ahead!
[controller_server-4] [ERROR] [1786348526.863464452] [pinky_01.controller_server]: Controller patience exceeded
[controller_server-4] [WARN] [1786348526.863583718] [pinky_01.controller_server]: [follow_path] [ActionServer] Aborting handle.
[controller_server-4] [WARN] [1786348526.952999327] [pinky_01.controller_server]: RegulatedPurePursuitController detected collision ahead!
[controller_server-4] [WARN] [1786348526.953144769] [pinky_01.controller_server]: Control loop missed its desired rate of 20.0000 Hz. Current loop rate is 14.2857 Hz.
[controller_server-4] [WARN] [1786348526.953502240] [pinky_01.controller_server]: RegulatedPurePursuitController detected collision ahead!
[controller_server-4] [WARN] [1786348527.003637238] [pinky_01.controller_server]: RegulatedPurePursuitController detected collision ahead!
[controller_server-4] [WARN] [1786348527.053647026] [pinky_01.controller_server]: RegulatedPurePursuitController detected collision ahead!
[controller_server-4] [WARN] [1786348527.104397948] [pinky_01.controller_server]: RegulatedPurePursuitController detected collision ahead!
[controller_server-4] [WARN] [1786348527.153702788] [pinky_01.controller_server]: RegulatedPurePursuitController detected collision ahead!
[controller_server-4] [WARN] [1786348527.203673528] [pinky_01.controller_server]: RegulatedPurePursuitController detected collision ahead!
[controller_server-4] [ERROR] [1786348527.203717874] [pinky_01.controller_server]: Controller patience exceeded
[controller_server-4] [WARN] [1786348527.203814662] [pinky_01.controller_server]: [follow_path] [ActionServer] Aborting handle.
[controller_server-4] [WARN] [1786348532.963410331] [pinky_01.controller_server]: RegulatedPurePursuitController detected collision ahead!
[controller_server-4] [WARN] [1786348533.013307750] [pinky_01.controller_server]: RegulatedPurePursuitController detected collision ahead!
[controller_server-4] [WARN] [1786348533.063452475] [pinky_01.controller_server]: RegulatedPurePursuitController detected collision ahead!
[controller_server-4] [WARN] [1786348533.113659008] [pinky_01.controller_server]: RegulatedPurePursuitController detected collision ahead!
[controller_server-4] [WARN] [1786348533.763479583] [pinky_01.controller_server]: RegulatedPurePursuitController detected collision ahead!
[controller_server-4] [WARN] [1786348533.813470645] [pinky_01.controller_server]: RegulatedPurePursuitController detected collision ahead!
[controller_server-4] [WARN] [1786348533.863464200] [pinky_01.controller_server]: RegulatedPurePursuitController detected collision ahead!
[controller_server-4] [WARN] [1786348533.913503165] [pinky_01.controller_server]: RegulatedPurePursuitController detected collision ahead!
[controller_server-4] [WARN] [1786348533.963453518] [pinky_01.controller_server]: RegulatedPurePursuitController detected collision ahead!
[controller_server-4] [WARN] [1786348534.013467156] [pinky_01.controller_server]: RegulatedPurePursuitController detected collision ahead!
[controller_server-4] [WARN] [1786348534.063467032] [pinky_01.controller_server]: RegulatedPurePursuitController detected collision ahead!
[controller_server-4] [ERROR] [1786348534.063519184] [pinky_01.controller_server]: Controller patience exceeded
[controller_server-4] [WARN] [1786348534.063625327] [pinky_01.controller_server]: [follow_path] [ActionServer] Aborting handle.
[controller_server-4] [WARN] [1786348534.152642588] [pinky_01.controller_server]: RegulatedPurePursuitController detected collision ahead!
[controller_server-4] [WARN] [1786348534.152767171] [pinky_01.controller_server]: Control loop missed its desired rate of 20.0000 Hz. Current loop rate is 12.5000 Hz.
[controller_server-4] [WARN] [1786348534.153056719] [pinky_01.controller_server]: RegulatedPurePursuitController detected collision ahead!
[controller_server-4] [WARN] [1786348534.203284727] [pinky_01.controller_server]: RegulatedPurePursuitController detected collision ahead!
[controller_server-4] [WARN] [1786348534.253318933] [pinky_01.controller_server]: RegulatedPurePursuitController detected collision ahead!
[controller_server-4] [WARN] [1786348534.303329847] [pinky_01.controller_server]: RegulatedPurePursuitController detected collision ahead!
[controller_server-4] [WARN] [1786348534.353403435] [pinky_01.controller_server]: RegulatedPurePursuitController detected collision ahead!
[controller_server-4] [WARN] [1786348534.403339723] [pinky_01.controller_server]: RegulatedPurePursuitController detected collision ahead!
[controller_server-4] [ERROR] [1786348534.403396386] [pinky_01.controller_server]: Controller patience exceeded
[controller_server-4] [WARN] [1786348534.403511570] [pinky_01.controller_server]: [follow_path] [ActionServer] Aborting handle.
[planner_server-6] [WARN] [1786348534.783810680] [pinky_01.planner_server]: Planner loop missed its desired rate of 20.0000 Hz. Current loop rate is 2.8571 Hz
[controller_server-4] [WARN] [1786348534.803078374] [pinky_01.controller_server]: RegulatedPurePursuitController detected collision ahead!
[controller_server-4] [WARN] [1786348534.853143802] [pinky_01.controller_server]: RegulatedPurePursuitController detected collision ahead!
[controller_server-4] [WARN] [1786348534.902902515] [pinky_01.controller_server]: RegulatedPurePursuitController detected collision ahead!
[controller_server-4] [WARN] [1786348534.953130733] [pinky_01.controller_server]: RegulatedPurePursuitController detected collision ahead!
[controller_server-4] [WARN] [1786348535.003178282] [pinky_01.controller_server]: RegulatedPurePursuitController detected collision ahead!
[controller_server-4] [WARN] [1786348535.053105268] [pinky_01.controller_server]: RegulatedPurePursuitController detected collision ahead!
[controller_server-4] [WARN] [1786348535.103163334] [pinky_01.controller_server]: RegulatedPurePursuitController detected collision ahead!
[controller_server-4] [WARN] [1786348535.153113274] [pinky_01.controller_server]: RegulatedPurePursuitController detected collision ahead!
[controller_server-4] [ERROR] [1786348535.153160916] [pinky_01.controller_server]: Controller patience exceeded
[controller_server-4] [WARN] [1786348535.153227492] [pinky_01.controller_server]: [follow_path] [ActionServer] Aborting handle.
[controller_server-4] [WARN] [1786348535.353435583] [pinky_01.controller_server]: RegulatedPurePursuitController detected collision ahead!
[controller_server-4] [WARN] [1786348535.353644211] [pinky_01.controller_server]: Control loop missed its desired rate of 20.0000 Hz. Current loop rate is 5.5556 Hz.
[controller_server-4] [WARN] [1786348535.354003400] [pinky_01.controller_server]: RegulatedPurePursuitController detected collision ahead!
[controller_server-4] [WARN] [1786348535.405498277] [pinky_01.controller_server]: RegulatedPurePursuitController detected collision ahead!
[controller_server-4] [WARN] [1786348535.454312650] [pinky_01.controller_server]: RegulatedPurePursuitController detected collision ahead!
[controller_server-4] [WARN] [1786348535.504362454] [pinky_01.controller_server]: RegulatedPurePursuitController detected collision ahead!
[controller_server-4] [ERROR] [1786348535.504436440] [pinky_01.controller_server]: Controller patience exceeded
[controller_server-4] [WARN] [1786348535.504576984] [pinky_01.controller_server]: [follow_path] [ActionServer] Aborting handle.
[controller_server-4] [WARN] [1786348538.062696841] [pinky_01.controller_server]: RegulatedPurePursuitController detected collision ahead!
[controller_server-4] [WARN] [1786348538.112665026] [pinky_01.controller_server]: RegulatedPurePursuitController detected collision ahead!
[controller_server-4] [WARN] [1786348539.762750418] [pinky_01.controller_server]: RegulatedPurePursuitController detected collision ahead!
[controller_server-4] [WARN] [1786348539.812640055] [pinky_01.controller_server]: RegulatedPurePursuitController detected collision ahead!
[controller_server-4] [WARN] [1786348539.863263733] [pinky_01.controller_server]: RegulatedPurePursuitController detected collision ahead!
[controller_server-4] [WARN] [1786348539.912651865] [pinky_01.controller_server]: RegulatedPurePursuitController detected collision ahead!
[controller_server-4] [WARN] [1786348539.962792721] [pinky_01.controller_server]: RegulatedPurePursuitController detected collision ahead!
[controller_server-4] [WARN] [1786348540.012479505] [pinky_01.controller_server]: RegulatedPurePursuitController detected collision ahead!
[controller_server-4] [WARN] [1786348540.062712243] [pinky_01.controller_server]: RegulatedPurePursuitController detected collision ahead!
[controller_server-4] [ERROR] [1786348540.062787624] [pinky_01.controller_server]: Controller patience exceeded
[controller_server-4] [WARN] [1786348540.063127087] [pinky_01.controller_server]: [follow_path] [ActionServer] Aborting handle.
[controller_server-4] [WARN] [1786348540.153019687] [pinky_01.controller_server]: RegulatedPurePursuitController detected collision ahead!
[controller_server-4] [WARN] [1786348540.153219856] [pinky_01.controller_server]: Control loop missed its desired rate of 20.0000 Hz. Current loop rate is 14.2857 Hz.
[controller_server-4] [WARN] [1786348540.153609605] [pinky_01.controller_server]: RegulatedPurePursuitController detected collision ahead!
[controller_server-4] [WARN] [1786348540.203755935] [pinky_01.controller_server]: RegulatedPurePursuitController detected collision ahead!
[controller_server-4] [WARN] [1786348540.253779578] [pinky_01.controller_server]: RegulatedPurePursuitController detected collision ahead!
[controller_server-4] [WARN] [1786348540.304103037] [pinky_01.controller_server]: RegulatedPurePursuitController detected collision ahead!
[controller_server-4] [WARN] [1786348540.353807332] [pinky_01.controller_server]: RegulatedPurePursuitController detected collision ahead!
[controller_server-4] [WARN] [1786348540.403859217] [pinky_01.controller_server]: RegulatedPurePursuitController detected collision ahead!
[controller_server-4] [ERROR] [1786348540.403921221] [pinky_01.controller_server]: Controller patience exceeded
[controller_server-4] [WARN] [1786348540.404070607] [pinky_01.controller_server]: [follow_path] [ActionServer] Aborting handle.
[bt_navigator-8] [WARN] [1786348540.431228336] [pinky_01.bt_navigator]: [navigate_to_pose] [ActionServer] Aborting handle.
[bt_navigator-8] [ERROR] [1786348540.431827609] [pinky_01.bt_navigator]: Goal failed
[python3-12] [ERROR] [1786348540.433911053] [gwanghee_pinky_nav2_adapter]: [PK_01] 목적지에 닿지 못했습니다 (Nav2 status 6). 도착 반경이 코스트맵 한 칸보다 촘촘하면 영영 못 맞춥니다.
[controller_server-4] [WARN] [1786348540.461359847] [pinky_01.controller_server]: RegulatedPurePursuitController detected collision ahead!
[controller_server-4] [WARN] [1786348540.511476713] [pinky_01.controller_server]: RegulatedPurePursuitController detected collision ahead!
[controller_server-4] [WARN] [1786348540.561563022] [pinky_01.controller_server]: RegulatedPurePursuitController detected collision ahead!
[controller_server-4] [WARN] [1786348540.611613148] [pinky_01.controller_server]: RegulatedPurePursuitController detected collision ahead!
[controller_server-4] [WARN] [1786348540.661475614] [pinky_01.controller_server]: RegulatedPurePursuitController detected collision ahead!
[controller_server-4] [WARN] [1786348540.711463714] [pinky_01.controller_server]: RegulatedPurePursuitController detected collision ahead!
[controller_server-4] [WARN] [1786348540.761406462] [pinky_01.controller_server]: RegulatedPurePursuitController detected collision ahead!
[controller_server-4] [ERROR] [1786348540.761691934] [pinky_01.controller_server]: Controller patience exceeded
[controller_server-4] [WARN] [1786348540.761818445] [pinky_01.controller_server]: [follow_path] [ActionServer] Aborting handle.
[controller_server-4] [WARN] [1786348540.950552161] [pinky_01.controller_server]: RegulatedPurePursuitController detected collision ahead!
[controller_server-4] [WARN] [1786348540.950702778] [pinky_01.controller_server]: Control loop missed its desired rate of 20.0000 Hz. Current loop rate is 5.8824 Hz.
[controller_server-4] [WARN] [1786348540.951252563] [pinky_01.controller_server]: RegulatedPurePursuitController detected collision ahead!
[controller_server-4] [WARN] [1786348541.001388514] [pinky_01.controller_server]: RegulatedPurePursuitController detected collision ahead!
[controller_server-4] [WARN] [1786348541.051447971] [pinky_01.controller_server]: RegulatedPurePursuitController detected collision ahead!
[controller_server-4] [WARN] [1786348541.101433626] [pinky_01.controller_server]: RegulatedPurePursuitController detected collision ahead!
[controller_server-4] [ERROR] [1786348541.101513355] [pinky_01.controller_server]: Controller patience exceeded
[controller_server-4] [WARN] [1786348541.101657164] [pinky_01.controller_server]: [follow_path] [ActionServer] Aborting handle.
[planner_server-6] [WARN] [1786348541.780276744] [pinky_01.planner_server]: Planner loop missed its desired rate of 20.0000 Hz. Current loop rate is 1.5152 Hz
[controller_server-4] [WARN] [1786348541.799875235] [pinky_01.controller_server]: RegulatedPurePursuitController detected collision ahead!
[controller_server-4] [WARN] [1786348541.849908737] [pinky_01.controller_server]: RegulatedPurePursuitController detected collision ahead!
[controller_server-4] [WARN] [1786348541.899932711] [pinky_01.controller_server]: RegulatedPurePursuitController detected collision ahead!
[controller_server-4] [WARN] [1786348541.949912304] [pinky_01.controller_server]: RegulatedPurePursuitController detected collision ahead!
[controller_server-4] [WARN] [1786348541.999940875] [pinky_01.controller_server]: RegulatedPurePursuitController detected collision ahead!
[controller_server-4] [WARN] [1786348542.049917121] [pinky_01.controller_server]: RegulatedPurePursuitController detected collision ahead!
[controller_server-4] [WARN] [1786348542.099938632] [pinky_01.controller_server]: RegulatedPurePursuitController detected collision ahead!
[controller_server-4] [WARN] [1786348542.149920321] [pinky_01.controller_server]: RegulatedPurePursuitController detected collision ahead!
[controller_server-4] [ERROR] [1786348542.149964895] [pinky_01.controller_server]: Controller patience exceeded
[controller_server-4] [WARN] [1786348542.150066403] [pinky_01.controller_server]: [follow_path] [ActionServer] Aborting handle.
[controller_server-4] [WARN] [1786348542.350324468] [pinky_01.controller_server]: RegulatedPurePursuitController detected collision ahead!
[controller_server-4] [WARN] [1786348542.350446254] [pinky_01.controller_server]: Control loop missed its desired rate of 20.0000 Hz. Current loop rate is 5.5556 Hz.
[controller_server-4] [WARN] [1786348542.350917355] [pinky_01.controller_server]: RegulatedPurePursuitController detected collision ahead!
[controller_server-4] [WARN] [1786348542.401089473] [pinky_01.controller_server]: RegulatedPurePursuitController detected collision ahead!
[controller_server-4] [WARN] [1786348542.451099785] [pinky_01.controller_server]: RegulatedPurePursuitController detected collision ahead!
[controller_server-4] [WARN] [1786348542.501324353] [pinky_01.controller_server]: RegulatedPurePursuitController detected collision ahead!
[controller_server-4] [ERROR] [1786348542.501377304] [pinky_01.controller_server]: Controller patience exceeded
[controller_server-4] [WARN] [1786348542.501478172] [pinky_01.controller_server]: [follow_path] [ActionServer] Aborting handle.
[behavior_server-7] [WARN] [1786348543.619531757] [pinky_01.behavior_server]: Collision Ahead - Exiting Spin
[behavior_server-7] [WARN] [1786348543.619569027] [pinky_01.behavior_server]: spin failed
[behavior_server-7] [WARN] [1786348543.619576783] [pinky_01.behavior_server]: [spin] [ActionServer] Aborting handle.
[controller_server-4] [WARN] [1786348549.380165932] [pinky_01.controller_server]: RegulatedPurePursuitController detected collision ahead!
[controller_server-4] [WARN] [1786348549.430177429] [pinky_01.controller_server]: RegulatedPurePursuitController detected collision ahead!
[controller_server-4] [WARN] [1786348549.480143567] [pinky_01.controller_server]: RegulatedPurePursuitController detected collision ahead!
[controller_server-4] [WARN] [1786348549.630241461] [pinky_01.controller_server]: RegulatedPurePursuitController detected collision ahead!
[controller_server-4] [WARN] [1786348549.680314265] [pinky_01.controller_server]: RegulatedPurePursuitController detected collision ahead!
[controller_server-4] [WARN] [1786348549.730304965] [pinky_01.controller_server]: RegulatedPurePursuitController detected collision ahead!
[controller_server-4] [WARN] [1786348549.780057588] [pinky_01.controller_server]: RegulatedPurePursuitController detected collision ahead!
[controller_server-4] [WARN] [1786348549.829851880] [pinky_01.controller_server]: RegulatedPurePursuitController detected collision ahead!
[controller_server-4] [WARN] [1786348549.880034696] [pinky_01.controller_server]: RegulatedPurePursuitController detected collision ahead!
[controller_server-4] [WARN] [1786348549.929818002] [pinky_01.controller_server]: RegulatedPurePursuitController detected collision ahead!
[controller_server-4] [ERROR] [1786348549.929860457] [pinky_01.controller_server]: Controller patience exceeded
[controller_server-4] [WARN] [1786348549.929933037] [pinky_01.controller_server]: [follow_path] [ActionServer] Aborting handle.
[controller_server-4] [WARN] [1786348550.150466394] [pinky_01.controller_server]: Control loop missed its desired rate of 20.0000 Hz. Current loop rate is 5.0000 Hz.
[controller_server-4] [WARN] [1786348550.401844913] [pinky_01.controller_server]: RegulatedPurePursuitController detected collision ahead!
[controller_server-4] [WARN] [1786348550.453875651] [pinky_01.controller_server]: RegulatedPurePursuitController detected collision ahead!
[controller_server-4] [WARN] [1786348550.501671721] [pinky_01.controller_server]: RegulatedPurePursuitController detected collision ahead!
[controller_server-4] [WARN] [1786348550.551368388] [pinky_01.controller_server]: RegulatedPurePursuitController detected collision ahead!
[controller_server-4] [WARN] [1786348550.601366521] [pinky_01.controller_server]: RegulatedPurePursuitController detected collision ahead!
[controller_server-4] [WARN] [1786348550.651284393] [pinky_01.controller_server]: RegulatedPurePursuitController detected collision ahead!
[controller_server-4] [WARN] [1786348550.701212808] [pinky_01.controller_server]: RegulatedPurePursuitController detected collision ahead!
[controller_server-4] [ERROR] [1786348550.701270740] [pinky_01.controller_server]: Controller patience exceeded
[controller_server-4] [WARN] [1786348550.701388926] [pinky_01.controller_server]: [follow_path] [ActionServer] Aborting handle.
[behavior_server-7] [WARN] [1786348550.719655532] [pinky_01.behavior_server]: Collision Ahead - Exiting DriveOnHeading
[behavior_server-7] [WARN] [1786348550.719683930] [pinky_01.behavior_server]: backup failed
[behavior_server-7] [WARN] [1786348550.719695614] [pinky_01.behavior_server]: [backup] [ActionServer] Aborting handle.
[controller_server-4] [WARN] [1786348550.799831525] [pinky_01.controller_server]: RegulatedPurePursuitController detected collision ahead!
[controller_server-4] [WARN] [1786348550.849870309] [pinky_01.controller_server]: RegulatedPurePursuitController detected collision ahead!
[controller_server-4] [WARN] [1786348550.899827168] [pinky_01.controller_server]: RegulatedPurePursuitController detected collision ahead!
[controller_server-4] [WARN] [1786348551.149864117] [pinky_01.controller_server]: RegulatedPurePursuitController detected collision ahead!
[controller_server-4] [WARN] [1786348551.199820108] [pinky_01.controller_server]: RegulatedPurePursuitController detected collision ahead!
[controller_server-4] [WARN] [1786348551.249819395] [pinky_01.controller_server]: RegulatedPurePursuitController detected collision ahead!
[controller_server-4] [WARN] [1786348551.299826801] [pinky_01.controller_server]: RegulatedPurePursuitController detected collision ahead!
[controller_server-4] [WARN] [1786348551.349764235] [pinky_01.controller_server]: RegulatedPurePursuitController detected collision ahead!
[controller_server-4] [WARN] [1786348551.399829416] [pinky_01.controller_server]: RegulatedPurePursuitController detected collision ahead!
[controller_server-4] [WARN] [1786348551.450001135] [pinky_01.controller_server]: RegulatedPurePursuitController detected collision ahead!
[controller_server-4] [ERROR] [1786348551.450133916] [pinky_01.controller_server]: Controller patience exceeded
[controller_server-4] [WARN] [1786348551.450352189] [pinky_01.controller_server]: [follow_path] [ActionServer] Aborting handle.
[controller_server-4] [WARN] [1786348551.549914035] [pinky_01.controller_server]: Control loop missed its desired rate of 20.0000 Hz. Current loop rate is 12.5000 Hz.
[controller_server-4] [WARN] [1786348551.650466852] [pinky_01.controller_server]: RegulatedPurePursuitController detected collision ahead!
[controller_server-4] [WARN] [1786348551.700328752] [pinky_01.controller_server]: RegulatedPurePursuitController detected collision ahead!
[controller_server-4] [WARN] [1786348551.750443356] [pinky_01.controller_server]: RegulatedPurePursuitController detected collision ahead!
[controller_server-4] [WARN] [1786348551.800302878] [pinky_01.controller_server]: RegulatedPurePursuitController detected collision ahead!
[controller_server-4] [WARN] [1786348551.850386297] [pinky_01.controller_server]: RegulatedPurePursuitController detected collision ahead!
[controller_server-4] [WARN] [1786348551.900359156] [pinky_01.controller_server]: RegulatedPurePursuitController detected collision ahead!
[controller_server-4] [WARN] [1786348551.950281839] [pinky_01.controller_server]: RegulatedPurePursuitController detected collision ahead!
[controller_server-4] [ERROR] [1786348551.950313057] [pinky_01.controller_server]: Controller patience exceeded
[controller_server-4] [WARN] [1786348551.950357619] [pinky_01.controller_server]: [follow_path] [ActionServer] Aborting handle.
[behavior_server-7] [WARN] [1786348553.769545735] [pinky_01.behavior_server]: Collision Ahead - Exiting Spin
[behavior_server-7] [WARN] [1786348553.769583511] [pinky_01.behavior_server]: spin failed
[behavior_server-7] [WARN] [1786348553.769595090] [pinky_01.behavior_server]: [spin] [ActionServer] Aborting handle.
[controller_server-4] [WARN] [1786348559.630426341] [pinky_01.controller_server]: RegulatedPurePursuitController detected collision ahead!
[controller_server-4] [WARN] [1786348560.129806911] [pinky_01.controller_server]: RegulatedPurePursuitController detected collision ahead!
[controller_server-4] [WARN] [1786348560.730016493] [pinky_01.controller_server]: RegulatedPurePursuitController detected collision ahead!
[controller_server-4] [WARN] [1786348560.779983539] [pinky_01.controller_server]: RegulatedPurePursuitController detected collision ahead!
[controller_server-4] [WARN] [1786348561.079878479] [pinky_01.controller_server]: RegulatedPurePursuitController detected collision ahead!
[controller_server-4] [WARN] [1786348561.129859282] [pinky_01.controller_server]: RegulatedPurePursuitController detected collision ahead!
[controller_server-4] [WARN] [1786348561.179903522] [pinky_01.controller_server]: RegulatedPurePursuitController detected collision ahead!
[controller_server-4] [WARN] [1786348561.229848222] [pinky_01.controller_server]: RegulatedPurePursuitController detected collision ahead!
[controller_server-4] [WARN] [1786348561.279907132] [pinky_01.controller_server]: RegulatedPurePursuitController detected collision ahead!
[controller_server-4] [WARN] [1786348561.329856488] [pinky_01.controller_server]: RegulatedPurePursuitController detected collision ahead!
[controller_server-4] [WARN] [1786348561.379950766] [pinky_01.controller_server]: RegulatedPurePursuitController detected collision ahead!
[controller_server-4] [ERROR] [1786348561.380023980] [pinky_01.controller_server]: Controller patience exceeded
[controller_server-4] [WARN] [1786348561.380212635] [pinky_01.controller_server]: [follow_path] [ActionServer] Aborting handle.
[controller_server-4] [WARN] [1786348561.550300302] [pinky_01.controller_server]: Control loop missed its desired rate of 20.0000 Hz. Current loop rate is 6.6667 Hz.
[controller_server-4] [WARN] [1786348561.750935326] [pinky_01.controller_server]: RegulatedPurePursuitController detected collision ahead!
[controller_server-4] [WARN] [1786348561.800912002] [pinky_01.controller_server]: RegulatedPurePursuitController detected collision ahead!
[controller_server-4] [WARN] [1786348561.851017731] [pinky_01.controller_server]: RegulatedPurePursuitController detected collision ahead!
[controller_server-4] [WARN] [1786348561.900838432] [pinky_01.controller_server]: RegulatedPurePursuitController detected collision ahead!
[controller_server-4] [WARN] [1786348561.950710974] [pinky_01.controller_server]: RegulatedPurePursuitController detected collision ahead!
[controller_server-4] [WARN] [1786348562.001061370] [pinky_01.controller_server]: RegulatedPurePursuitController detected collision ahead!
[controller_server-4] [WARN] [1786348562.050753984] [pinky_01.controller_server]: RegulatedPurePursuitController detected collision ahead!
[controller_server-4] [ERROR] [1786348562.050814665] [pinky_01.controller_server]: Controller patience exceeded
[controller_server-4] [WARN] [1786348562.050962049] [pinky_01.controller_server]: [follow_path] [ActionServer] Aborting handle.
[controller_server-4] [WARN] [1786348567.360020484] [pinky_01.controller_server]: RegulatedPurePursuitController detected collision ahead!
[controller_server-4] [WARN] [1786348567.409963094] [pinky_01.controller_server]: RegulatedPurePursuitController detected collision ahead!
[controller_server-4] [WARN] [1786348567.459974630] [pinky_01.controller_server]: RegulatedPurePursuitController detected collision ahead!
[controller_server-4] [WARN] [1786348567.509930738] [pinky_01.controller_server]: RegulatedPurePursuitController detected collision ahead!
[controller_server-4] [WARN] [1786348567.759916136] [pinky_01.controller_server]: RegulatedPurePursuitController detected collision ahead!
[controller_server-4] [WARN] [1786348567.809908129] [pinky_01.controller_server]: RegulatedPurePursuitController detected collision ahead!
[controller_server-4] [WARN] [1786348567.859691112] [pinky_01.controller_server]: RegulatedPurePursuitController detected collision ahead!
[controller_server-4] [WARN] [1786348567.910132836] [pinky_01.controller_server]: RegulatedPurePursuitController detected collision ahead!
[controller_server-4] [WARN] [1786348568.260019382] [pinky_01.controller_server]: RegulatedPurePursuitController detected collision ahead!
[controller_server-4] [WARN] [1786348568.309915243] [pinky_01.controller_server]: RegulatedPurePursuitController detected collision ahead!
[controller_server-4] [WARN] [1786348568.360130454] [pinky_01.controller_server]: RegulatedPurePursuitController detected collision ahead!
[controller_server-4] [WARN] [1786348568.409939572] [pinky_01.controller_server]: RegulatedPurePursuitController detected collision ahead!
[controller_server-4] [WARN] [1786348568.459850836] [pinky_01.controller_server]: RegulatedPurePursuitController detected collision ahead!
[controller_server-4] [WARN] [1786348568.509709626] [pinky_01.controller_server]: RegulatedPurePursuitController detected collision ahead!
[controller_server-4] [WARN] [1786348568.559898821] [pinky_01.controller_server]: RegulatedPurePursuitController detected collision ahead!
[controller_server-4] [ERROR] [1786348568.559965652] [pinky_01.controller_server]: Controller patience exceeded
[controller_server-4] [WARN] [1786348568.560147786] [pinky_01.controller_server]: [follow_path] [ActionServer] Aborting handle.
[controller_server-4] [WARN] [1786348568.750569701] [pinky_01.controller_server]: RegulatedPurePursuitController detected collision ahead!
[controller_server-4] [WARN] [1786348568.750722337] [pinky_01.controller_server]: Control loop missed its desired rate of 20.0000 Hz. Current loop rate is 5.8824 Hz.
[controller_server-4] [WARN] [1786348568.751119777] [pinky_01.controller_server]: RegulatedPurePursuitController detected collision ahead!
[controller_server-4] [WARN] [1786348568.801257031] [pinky_01.controller_server]: RegulatedPurePursuitController detected collision ahead!
[controller_server-4] [WARN] [1786348568.851445734] [pinky_01.controller_server]: RegulatedPurePursuitController detected collision ahead!
[controller_server-4] [WARN] [1786348568.901436234] [pinky_01.controller_server]: RegulatedPurePursuitController detected collision ahead!
[controller_server-4] [ERROR] [1786348568.901501778] [pinky_01.controller_server]: Controller patience exceeded
[controller_server-4] [WARN] [1786348568.901628584] [pinky_01.controller_server]: [follow_path] [ActionServer] Aborting handle.
[planner_server-6] [WARN] [1786348569.780948689] [pinky_01.planner_server]: Planner loop missed its desired rate of 20.0000 Hz. Current loop rate is 1.1765 Hz
[controller_server-4] [WARN] [1786348569.800005406] [pinky_01.controller_server]: RegulatedPurePursuitController detected collision ahead!
[controller_server-4] [WARN] [1786348569.850127993] [pinky_01.controller_server]: RegulatedPurePursuitController detected collision ahead!
[controller_server-4] [WARN] [1786348569.900208573] [pinky_01.controller_server]: RegulatedPurePursuitController detected collision ahead!
[controller_server-4] [WARN] [1786348569.950062738] [pinky_01.controller_server]: RegulatedPurePursuitController detected collision ahead!
[controller_server-4] [WARN] [1786348570.000187419] [pinky_01.controller_server]: RegulatedPurePursuitController detected collision ahead!
[controller_server-4] [WARN] [1786348570.050045997] [pinky_01.controller_server]: RegulatedPurePursuitController detected collision ahead!
[controller_server-4] [WARN] [1786348570.100108398] [pinky_01.controller_server]: RegulatedPurePursuitController detected collision ahead!
[controller_server-4] [WARN] [1786348570.150057662] [pinky_01.controller_server]: RegulatedPurePursuitController detected collision ahead!
[controller_server-4] [ERROR] [1786348570.150114770] [pinky_01.controller_server]: Controller patience exceeded
[controller_server-4] [WARN] [1786348570.150226765] [pinky_01.controller_server]: [follow_path] [ActionServer] Aborting handle.
[controller_server-4] [WARN] [1786348570.350364684] [pinky_01.controller_server]: RegulatedPurePursuitController detected collision ahead!
[controller_server-4] [WARN] [1786348570.350552002] [pinky_01.controller_server]: Control loop missed its desired rate of 20.0000 Hz. Current loop rate is 5.5556 Hz.
[controller_server-4] [WARN] [1786348570.351150959] [pinky_01.controller_server]: RegulatedPurePursuitController detected collision ahead!
[controller_server-4] [WARN] [1786348570.401350139] [pinky_01.controller_server]: RegulatedPurePursuitController detected collision ahead!
[controller_server-4] [WARN] [1786348570.453776181] [pinky_01.controller_server]: RegulatedPurePursuitController detected collision ahead!
[controller_server-4] [WARN] [1786348570.502799874] [pinky_01.controller_server]: RegulatedPurePursuitController detected collision ahead!
[controller_server-4] [ERROR] [1786348570.502875831] [pinky_01.controller_server]: Controller patience exceeded
[controller_server-4] [WARN] [1786348570.503052802] [pinky_01.controller_server]: [follow_path] [ActionServer] Aborting handle.
[bt_navigator-8] [WARN] [1786348570.528737973] [pinky_01.bt_navigator]: [navigate_to_pose] [ActionServer] Aborting handle.
[bt_navigator-8] [ERROR] [1786348570.529412034] [pinky_01.bt_navigator]: Goal failed
[python3-12] [ERROR] [1786348570.530949056] [gwanghee_pinky_nav2_adapter]: [PK_01] 목적지에 닿지 못했습니다 (Nav2 status 6). 도착 반경이 코스트맵 한 칸보다 촘촘하면 영영 못 맞춥니다.
[controller_server-4] [WARN] [1786348581.188373578] [pinky_01.controller_server]: RegulatedPurePursuitController detected collision ahead!
[controller_server-4] [WARN] [1786348581.238433097] [pinky_01.controller_server]: RegulatedPurePursuitController detected collision ahead!
[controller_server-4] [WARN] [1786348581.288397675] [pinky_01.controller_server]: RegulatedPurePursuitController detected collision ahead!
[controller_server-4] [WARN] [1786348582.988506995] [pinky_01.controller_server]: RegulatedPurePursuitController detected collision ahead!
[controller_server-4] [WARN] [1786348583.038942131] [pinky_01.controller_server]: RegulatedPurePursuitController detected collision ahead!
[controller_server-4] [WARN] [1786348583.388596929] [pinky_01.controller_server]: RegulatedPurePursuitController detected collision ahead!
[controller_server-4] [ERROR] [1786348590.238198196] [pinky_01.controller_server]: Failed to make progress
[controller_server-4] [WARN] [1786348590.238315944] [pinky_01.controller_server]: [follow_path] [ActionServer] Aborting handle.
[controller_server-4] [WARN] [1786348590.348889228] [pinky_01.controller_server]: Control loop missed its desired rate of 20.0000 Hz. Current loop rate is 11.1111 Hz.
[controller_server-4] [WARN] [1786348590.849285988] [pinky_01.controller_server]: RegulatedPurePursuitController detected collision ahead!
[controller_server-4] [WARN] [1786348590.899232344] [pinky_01.controller_server]: RegulatedPurePursuitController detected collision ahead!
[controller_server-4] [WARN] [1786348592.549221546] [pinky_01.controller_server]: RegulatedPurePursuitController detected collision ahead!
[controller_server-4] [WARN] [1786348592.599234994] [pinky_01.controller_server]: RegulatedPurePursuitController detected collision ahead!
[controller_server-4] [WARN] [1786348592.649164743] [pinky_01.controller_server]: RegulatedPurePursuitController detected collision ahead!
[controller_server-4] [WARN] [1786348592.699190134] [pinky_01.controller_server]: RegulatedPurePursuitController detected collision ahead!
[controller_server-4] [WARN] [1786348593.149131068] [pinky_01.controller_server]: RegulatedPurePursuitController detected collision ahead!
[controller_server-4] [WARN] [1786348593.199174040] [pinky_01.controller_server]: RegulatedPurePursuitController detected collision ahead!
[controller_server-4] [WARN] [1786348593.249189456] [pinky_01.controller_server]: RegulatedPurePursuitController detected collision ahead!
[controller_server-4] [WARN] [1786348593.299181581] [pinky_01.controller_server]: RegulatedPurePursuitController detected collision ahead!
[controller_server-4] [WARN] [1786348593.349167426] [pinky_01.controller_server]: RegulatedPurePursuitController detected collision ahead!
[controller_server-4] [WARN] [1786348593.399188400] [pinky_01.controller_server]: RegulatedPurePursuitController detected collision ahead!
[controller_server-4] [WARN] [1786348593.449174586] [pinky_01.controller_server]: RegulatedPurePursuitController detected collision ahead!
[controller_server-4] [ERROR] [1786348593.449216990] [pinky_01.controller_server]: Controller patience exceeded
[controller_server-4] [WARN] [1786348593.449328957] [pinky_01.controller_server]: [follow_path] [ActionServer] Aborting handle.
[planner_server-6] [WARN] [1786348593.779020443] [pinky_01.planner_server]: Planner loop missed its desired rate of 20.0000 Hz. Current loop rate is 3.2258 Hz
[controller_server-4] [WARN] [1786348594.748190913] [pinky_01.controller_server]: RegulatedPurePursuitController detected collision ahead!
[controller_server-4] [WARN] [1786348594.798206190] [pinky_01.controller_server]: RegulatedPurePursuitController detected collision ahead!
[controller_server-4] [WARN] [1786348594.848601864] [pinky_01.controller_server]: RegulatedPurePursuitController detected collision ahead!
[controller_server-4] [WARN] [1786348594.948207098] [pinky_01.controller_server]: RegulatedPurePursuitController detected collision ahead!
[controller_server-4] [WARN] [1786348594.998192915] [pinky_01.controller_server]: RegulatedPurePursuitController detected collision ahead!
[controller_server-4] [WARN] [1786348595.048265676] [pinky_01.controller_server]: RegulatedPurePursuitController detected collision ahead!
[controller_server-4] [WARN] [1786348595.098241983] [pinky_01.controller_server]: RegulatedPurePursuitController detected collision ahead!
[controller_server-4] [WARN] [1786348595.751044657] [pinky_01.controller_server]: RegulatedPurePursuitController detected collision ahead!
[controller_server-4] [WARN] [1786348595.801167156] [pinky_01.controller_server]: RegulatedPurePursuitController detected collision ahead!
[controller_server-4] [WARN] [1786348595.852068629] [pinky_01.controller_server]: RegulatedPurePursuitController detected collision ahead!
[controller_server-4] [WARN] [1786348595.901441830] [pinky_01.controller_server]: RegulatedPurePursuitController detected collision ahead!
[controller_server-4] [WARN] [1786348596.551130532] [pinky_01.controller_server]: RegulatedPurePursuitController detected collision ahead!
[controller_server-4] [WARN] [1786348596.601160359] [pinky_01.controller_server]: RegulatedPurePursuitController detected collision ahead!
[controller_server-4] [WARN] [1786348596.651166920] [pinky_01.controller_server]: RegulatedPurePursuitController detected collision ahead!
[controller_server-4] [WARN] [1786348596.701110675] [pinky_01.controller_server]: RegulatedPurePursuitController detected collision ahead!
[controller_server-4] [WARN] [1786348596.751138626] [pinky_01.controller_server]: RegulatedPurePursuitController detected collision ahead!
[controller_server-4] [WARN] [1786348596.801376047] [pinky_01.controller_server]: RegulatedPurePursuitController detected collision ahead!
[controller_server-4] [ERROR] [1786348596.801816369] [pinky_01.controller_server]: Controller patience exceeded
[controller_server-4] [WARN] [1786348596.801973047] [pinky_01.controller_server]: [follow_path] [ActionServer] Aborting handle.
[controller_server-4] [WARN] [1786348596.951526918] [pinky_01.controller_server]: Control loop missed its desired rate of 20.0000 Hz. Current loop rate is 7.6923 Hz.
[controller_server-4] [WARN] [1786348597.752099886] [pinky_01.controller_server]: RegulatedPurePursuitController detected collision ahead!
[controller_server-4] [WARN] [1786348597.801914474] [pinky_01.controller_server]: RegulatedPurePursuitController detected collision ahead!
[controller_server-4] [WARN] [1786348597.852335205] [pinky_01.controller_server]: RegulatedPurePursuitController detected collision ahead!
[controller_server-4] [WARN] [1786348597.901941987] [pinky_01.controller_server]: RegulatedPurePursuitController detected collision ahead!
[controller_server-4] [WARN] [1786348598.152045321] [pinky_01.controller_server]: RegulatedPurePursuitController detected collision ahead!
[controller_server-4] [WARN] [1786348598.202018409] [pinky_01.controller_server]: RegulatedPurePursuitController detected collision ahead!
[controller_server-4] [WARN] [1786348598.401835195] [pinky_01.controller_server]: RegulatedPurePursuitController detected collision ahead!
[controller_server-4] [WARN] [1786348598.452014227] [pinky_01.controller_server]: RegulatedPurePursuitController detected collision ahead!
[controller_server-4] [WARN] [1786348598.502100060] [pinky_01.controller_server]: RegulatedPurePursuitController detected collision ahead!
[controller_server-4] [WARN] [1786348598.952134344] [pinky_01.controller_server]: RegulatedPurePursuitController detected collision ahead!
[controller_server-4] [WARN] [1786348599.004208269] [pinky_01.controller_server]: RegulatedPurePursuitController detected collision ahead!
[controller_server-4] [WARN] [1786348599.051985545] [pinky_01.controller_server]: RegulatedPurePursuitController detected collision ahead!
[controller_server-4] [WARN] [1786348599.101864897] [pinky_01.controller_server]: RegulatedPurePursuitController detected collision ahead!
[controller_server-4] [ERROR] [1786348607.001714480] [pinky_01.controller_server]: Failed to make progress
[controller_server-4] [WARN] [1786348607.001837511] [pinky_01.controller_server]: [follow_path] [ActionServer] Aborting handle.
[planner_server-6] [WARN] [1786348607.783252730] [pinky_01.planner_server]: Planner loop missed its desired rate of 20.0000 Hz. Current loop rate is 1.3158 Hz
[controller_server-4] [WARN] [1786348628.739974174] [pinky_01.controller_server]: RegulatedPurePursuitController detected collision ahead!
[controller_server-4] [WARN] [1786348629.589986432] [pinky_01.controller_server]: RegulatedPurePursuitController detected collision ahead!
[controller_server-4] [WARN] [1786348629.639974495] [pinky_01.controller_server]: RegulatedPurePursuitController detected collision ahead!
[controller_server-4] [WARN] [1786348629.952654055] [pinky_01.controller_server]: RegulatedPurePursuitController detected collision ahead!
[controller_server-4] [WARN] [1786348630.002717913] [pinky_01.controller_server]: RegulatedPurePursuitController detected collision ahead!
[controller_server-4] [WARN] [1786348631.252596846] [pinky_01.controller_server]: RegulatedPurePursuitController detected collision ahead!
[controller_server-4] [WARN] [1786348631.302598102] [pinky_01.controller_server]: RegulatedPurePursuitController detected collision ahead!
[controller_server-4] [WARN] [1786348631.952972052] [pinky_01.controller_server]: RegulatedPurePursuitController detected collision ahead!
[controller_server-4] [WARN] [1786348632.002555883] [pinky_01.controller_server]: RegulatedPurePursuitController detected collision ahead!
[controller_server-4] [WARN] [1786348632.052685318] [pinky_01.controller_server]: RegulatedPurePursuitController detected collision ahead!
[controller_server-4] [WARN] [1786348632.102688921] [pinky_01.controller_server]: RegulatedPurePursuitController detected collision ahead!
[controller_server-4] [WARN] [1786348634.152576552] [pinky_01.controller_server]: RegulatedPurePursuitController detected collision ahead!
[controller_server-4] [WARN] [1786348634.202661938] [pinky_01.controller_server]: RegulatedPurePursuitController detected collision ahead!
[controller_server-4] [WARN] [1786348634.252607803] [pinky_01.controller_server]: RegulatedPurePursuitController detected collision ahead!
[controller_server-4] [WARN] [1786348634.302606435] [pinky_01.controller_server]: RegulatedPurePursuitController detected collision ahead!
[controller_server-4] [WARN] [1786348634.552382419] [pinky_01.controller_server]: RegulatedPurePursuitController detected collision ahead!
[controller_server-4] [WARN] [1786348634.602641676] [pinky_01.controller_server]: RegulatedPurePursuitController detected collision ahead!
[controller_server-4] [WARN] [1786348634.652598119] [pinky_01.controller_server]: RegulatedPurePursuitController detected collision ahead!
[controller_server-4] [WARN] [1786348634.702687588] [pinky_01.controller_server]: RegulatedPurePursuitController detected collision ahead!
[controller_server-4] [WARN] [1786348634.752651303] [pinky_01.controller_server]: RegulatedPurePursuitController detected collision ahead!
[controller_server-4] [WARN] [1786348634.803664628] [pinky_01.controller_server]: RegulatedPurePursuitController detected collision ahead!
[controller_server-4] [ERROR] [1786348634.803737439] [pinky_01.controller_server]: Controller patience exceeded
[controller_server-4] [WARN] [1786348634.803896296] [pinky_01.controller_server]: [follow_path] [ActionServer] Aborting handle.
[controller_server-4] [WARN] [1786348634.952319986] [pinky_01.controller_server]: RegulatedPurePursuitController detected collision ahead!
[controller_server-4] [WARN] [1786348634.952490073] [pinky_01.controller_server]: Control loop missed its desired rate of 20.0000 Hz. Current loop rate is 7.6923 Hz.
[controller_server-4] [WARN] [1786348634.953015428] [pinky_01.controller_server]: RegulatedPurePursuitController detected collision ahead!
[controller_server-4] [WARN] [1786348635.003836697] [pinky_01.controller_server]: RegulatedPurePursuitController detected collision ahead!
[controller_server-4] [WARN] [1786348635.053159139] [pinky_01.controller_server]: RegulatedPurePursuitController detected collision ahead!
[controller_server-4] [WARN] [1786348635.102912509] [pinky_01.controller_server]: RegulatedPurePursuitController detected collision ahead!
[controller_server-4] [WARN] [1786348635.153135699] [pinky_01.controller_server]: RegulatedPurePursuitController detected collision ahead!
[controller_server-4] [ERROR] [1786348635.153253600] [pinky_01.controller_server]: Controller patience exceeded
[controller_server-4] [WARN] [1786348635.153998276] [pinky_01.controller_server]: [follow_path] [ActionServer] Aborting handle.
[planner_server-6] [WARN] [1786348635.782698634] [pinky_01.planner_server]: Planner loop missed its desired rate of 20.0000 Hz. Current loop rate is 1.6393 Hz
[controller_server-4] [WARN] [1786348636.551901449] [pinky_01.controller_server]: RegulatedPurePursuitController detected collision ahead!
[controller_server-4] [WARN] [1786348636.601937718] [pinky_01.controller_server]: RegulatedPurePursuitController detected collision ahead!
[controller_server-4] [WARN] [1786348636.651925475] [pinky_01.controller_server]: RegulatedPurePursuitController detected collision ahead!
[controller_server-4] [WARN] [1786348636.701972243] [pinky_01.controller_server]: RegulatedPurePursuitController detected collision ahead!
[controller_server-4] [WARN] [1786348636.751899108] [pinky_01.controller_server]: RegulatedPurePursuitController detected collision ahead!
[controller_server-4] [WARN] [1786348636.801915499] [pinky_01.controller_server]: RegulatedPurePursuitController detected collision ahead!
[controller_server-4] [WARN] [1786348636.852079056] [pinky_01.controller_server]: RegulatedPurePursuitController detected collision ahead!
[controller_server-4] [ERROR] [1786348636.852112415] [pinky_01.controller_server]: Controller patience exceeded
[controller_server-4] [WARN] [1786348636.852181044] [pinky_01.controller_server]: [follow_path] [ActionServer] Aborting handle.
[controller_server-4] [WARN] [1786348636.952109226] [pinky_01.controller_server]: RegulatedPurePursuitController detected collision ahead!
[controller_server-4] [WARN] [1786348636.952240657] [pinky_01.controller_server]: Control loop missed its desired rate of 20.0000 Hz. Current loop rate is 14.2857 Hz.
[controller_server-4] [WARN] [1786348636.952593558] [pinky_01.controller_server]: RegulatedPurePursuitController detected collision ahead!
[controller_server-4] [WARN] [1786348637.002846627] [pinky_01.controller_server]: RegulatedPurePursuitController detected collision ahead!
[controller_server-4] [WARN] [1786348637.052750521] [pinky_01.controller_server]: RegulatedPurePursuitController detected collision ahead!
[controller_server-4] [WARN] [1786348637.102798238] [pinky_01.controller_server]: RegulatedPurePursuitController detected collision ahead!
[controller_server-4] [WARN] [1786348637.152721116] [pinky_01.controller_server]: RegulatedPurePursuitController detected collision ahead!
[controller_server-4] [WARN] [1786348637.202820222] [pinky_01.controller_server]: RegulatedPurePursuitController detected collision ahead!
[controller_server-4] [ERROR] [1786348637.202888218] [pinky_01.controller_server]: Controller patience exceeded
[controller_server-4] [WARN] [1786348637.203082537] [pinky_01.controller_server]: [follow_path] [ActionServer] Aborting handle.
[behavior_server-7] [WARN] [1786348637.821812689] [pinky_01.behavior_server]: Collision Ahead - Exiting Spin
[behavior_server-7] [WARN] [1786348637.821851827] [pinky_01.behavior_server]: spin failed
[behavior_server-7] [WARN] [1786348637.821863465] [pinky_01.behavior_server]: [spin] [ActionServer] Aborting handle.
[controller_server-4] [WARN] [1786348643.281930578] [pinky_01.controller_server]: RegulatedPurePursuitController detected collision ahead!
[controller_server-4] [WARN] [1786348643.332552528] [pinky_01.controller_server]: RegulatedPurePursuitController detected collision ahead!
[controller_server-4] [WARN] [1786348643.632012317] [pinky_01.controller_server]: RegulatedPurePursuitController detected collision ahead!
[controller_server-4] [WARN] [1786348643.681920067] [pinky_01.controller_server]: RegulatedPurePursuitController detected collision ahead!
[controller_server-4] [WARN] [1786348643.732082442] [pinky_01.controller_server]: RegulatedPurePursuitController detected collision ahead!
[controller_server-4] [WARN] [1786348643.781900151] [pinky_01.controller_server]: RegulatedPurePursuitController detected collision ahead!
[controller_server-4] [WARN] [1786348643.831954182] [pinky_01.controller_server]: RegulatedPurePursuitController detected collision ahead!
[controller_server-4] [WARN] [1786348643.881757447] [pinky_01.controller_server]: RegulatedPurePursuitController detected collision ahead!
[controller_server-4] [WARN] [1786348643.932032924] [pinky_01.controller_server]: RegulatedPurePursuitController detected collision ahead!
[controller_server-4] [ERROR] [1786348643.932105263] [pinky_01.controller_server]: Controller patience exceeded
[controller_server-4] [WARN] [1786348643.932211554] [pinky_01.controller_server]: [follow_path] [ActionServer] Aborting handle.
[controller_server-4] [WARN] [1786348644.152224588] [pinky_01.controller_server]: RegulatedPurePursuitController detected collision ahead!
[controller_server-4] [WARN] [1786348644.152282563] [pinky_01.controller_server]: Control loop missed its desired rate of 20.0000 Hz. Current loop rate is 5.0000 Hz.
[controller_server-4] [WARN] [1786348644.152424676] [pinky_01.controller_server]: RegulatedPurePursuitController detected collision ahead!
[controller_server-4] [WARN] [1786348644.202633978] [pinky_01.controller_server]: RegulatedPurePursuitController detected collision ahead!
[controller_server-4] [WARN] [1786348644.252584472] [pinky_01.controller_server]: RegulatedPurePursuitController detected collision ahead!
[controller_server-4] [WARN] [1786348644.302558996] [pinky_01.controller_server]: RegulatedPurePursuitController detected collision ahead!
[controller_server-4] [ERROR] [1786348644.302591934] [pinky_01.controller_server]: Controller patience exceeded
[controller_server-4] [WARN] [1786348644.302650396] [pinky_01.controller_server]: [follow_path] [ActionServer] Aborting handle.
[behavior_server-7] [WARN] [1786348644.321659639] [pinky_01.behavior_server]: Collision Ahead - Exiting DriveOnHeading
[behavior_server-7] [WARN] [1786348644.321670632] [pinky_01.behavior_server]: backup failed
[behavior_server-7] [WARN] [1786348644.321674997] [pinky_01.behavior_server]: [backup] [ActionServer] Aborting handle.
[planner_server-6] [WARN] [1786348644.782360977] [pinky_01.planner_server]: Planner loop missed its desired rate of 20.0000 Hz. Current loop rate is 2.2727 Hz
[controller_server-4] [WARN] [1786348644.801902049] [pinky_01.controller_server]: RegulatedPurePursuitController detected collision ahead!
[controller_server-4] [WARN] [1786348644.851949273] [pinky_01.controller_server]: RegulatedPurePursuitController detected collision ahead!
[controller_server-4] [WARN] [1786348644.901979063] [pinky_01.controller_server]: RegulatedPurePursuitController detected collision ahead!
[controller_server-4] [WARN] [1786348644.952018968] [pinky_01.controller_server]: RegulatedPurePursuitController detected collision ahead!
[controller_server-4] [WARN] [1786348645.001962820] [pinky_01.controller_server]: RegulatedPurePursuitController detected collision ahead!
[controller_server-4] [WARN] [1786348645.052066803] [pinky_01.controller_server]: RegulatedPurePursuitController detected collision ahead!
[controller_server-4] [WARN] [1786348645.101952603] [pinky_01.controller_server]: RegulatedPurePursuitController detected collision ahead!
[controller_server-4] [WARN] [1786348645.152010009] [pinky_01.controller_server]: RegulatedPurePursuitController detected collision ahead!
[controller_server-4] [ERROR] [1786348645.152088177] [pinky_01.controller_server]: Controller patience exceeded
[controller_server-4] [WARN] [1786348645.152222435] [pinky_01.controller_server]: [follow_path] [ActionServer] Aborting handle.
[controller_server-4] [WARN] [1786348645.352412494] [pinky_01.controller_server]: RegulatedPurePursuitController detected collision ahead!
[controller_server-4] [WARN] [1786348645.352597221] [pinky_01.controller_server]: Control loop missed its desired rate of 20.0000 Hz. Current loop rate is 5.5556 Hz.
[controller_server-4] [WARN] [1786348645.352989897] [pinky_01.controller_server]: RegulatedPurePursuitController detected collision ahead!
[controller_server-4] [WARN] [1786348645.403213277] [pinky_01.controller_server]: RegulatedPurePursuitController detected collision ahead!
[controller_server-4] [WARN] [1786348645.454604753] [pinky_01.controller_server]: RegulatedPurePursuitController detected collision ahead!
[controller_server-4] [WARN] [1786348645.503226195] [pinky_01.controller_server]: RegulatedPurePursuitController detected collision ahead!
[controller_server-4] [ERROR] [1786348645.503853720] [pinky_01.controller_server]: Controller patience exceeded
[controller_server-4] [WARN] [1786348645.504014663] [pinky_01.controller_server]: [follow_path] [ActionServer] Aborting handle.
[behavior_server-7] [WARN] [1786348645.922846266] [pinky_01.behavior_server]: Collision Ahead - Exiting Spin
[behavior_server-7] [WARN] [1786348645.922884821] [pinky_01.behavior_server]: spin failed
[behavior_server-7] [WARN] [1786348645.922896234] [pinky_01.behavior_server]: [spin] [ActionServer] Aborting handle.
[controller_server-4] [WARN] [1786348651.381773757] [pinky_01.controller_server]: RegulatedPurePursuitController detected collision ahead!
[controller_server-4] [WARN] [1786348651.431919904] [pinky_01.controller_server]: RegulatedPurePursuitController detected collision ahead!
[controller_server-4] [WARN] [1786348651.481955201] [pinky_01.controller_server]: RegulatedPurePursuitController detected collision ahead!
[controller_server-4] [WARN] [1786348651.681819886] [pinky_01.controller_server]: RegulatedPurePursuitController detected collision ahead!
[controller_server-4] [WARN] [1786348651.731968959] [pinky_01.controller_server]: RegulatedPurePursuitController detected collision ahead!
[controller_server-4] [WARN] [1786348651.781852115] [pinky_01.controller_server]: RegulatedPurePursuitController detected collision ahead!
[controller_server-4] [WARN] [1786348651.831840165] [pinky_01.controller_server]: RegulatedPurePursuitController detected collision ahead!
[controller_server-4] [WARN] [1786348651.881820578] [pinky_01.controller_server]: RegulatedPurePursuitController detected collision ahead!
[controller_server-4] [WARN] [1786348651.931812436] [pinky_01.controller_server]: RegulatedPurePursuitController detected collision ahead!
[controller_server-4] [WARN] [1786348651.981793846] [pinky_01.controller_server]: RegulatedPurePursuitController detected collision ahead!
[controller_server-4] [ERROR] [1786348651.981846180] [pinky_01.controller_server]: Controller patience exceeded
[controller_server-4] [WARN] [1786348651.981954630] [pinky_01.controller_server]: [follow_path] [ActionServer] Aborting handle.
[controller_server-4] [WARN] [1786348652.152052927] [pinky_01.controller_server]: RegulatedPurePursuitController detected collision ahead!
[controller_server-4] [WARN] [1786348652.152105940] [pinky_01.controller_server]: Control loop missed its desired rate of 20.0000 Hz. Current loop rate is 6.6667 Hz.
[controller_server-4] [WARN] [1786348652.152473379] [pinky_01.controller_server]: RegulatedPurePursuitController detected collision ahead!
[controller_server-4] [WARN] [1786348652.202572902] [pinky_01.controller_server]: RegulatedPurePursuitController detected collision ahead!
[controller_server-4] [WARN] [1786348652.252614385] [pinky_01.controller_server]: RegulatedPurePursuitController detected collision ahead!
[controller_server-4] [WARN] [1786348652.302582347] [pinky_01.controller_server]: RegulatedPurePursuitController detected collision ahead!
[controller_server-4] [WARN] [1786348652.352593023] [pinky_01.controller_server]: RegulatedPurePursuitController detected collision ahead!
[controller_server-4] [ERROR] [1786348652.352647590] [pinky_01.controller_server]: Controller patience exceeded
[controller_server-4] [WARN] [1786348652.352785084] [pinky_01.controller_server]: [follow_path] [ActionServer] Aborting handle.
[behavior_server-7] [WARN] [1786348652.371452085] [pinky_01.behavior_server]: Collision Ahead - Exiting DriveOnHeading
[behavior_server-7] [WARN] [1786348652.371459983] [pinky_01.behavior_server]: backup failed
[behavior_server-7] [WARN] [1786348652.371463447] [pinky_01.behavior_server]: [backup] [ActionServer] Aborting handle.
[planner_server-6] [WARN] [1786348652.782924493] [pinky_01.planner_server]: Planner loop missed its desired rate of 20.0000 Hz. Current loop rate is 2.4390 Hz
[controller_server-4] [WARN] [1786348652.801824449] [pinky_01.controller_server]: RegulatedPurePursuitController detected collision ahead!
[controller_server-4] [WARN] [1786348652.851910515] [pinky_01.controller_server]: RegulatedPurePursuitController detected collision ahead!
[controller_server-4] [WARN] [1786348652.901874401] [pinky_01.controller_server]: RegulatedPurePursuitController detected collision ahead!
[controller_server-4] [WARN] [1786348652.951923874] [pinky_01.controller_server]: RegulatedPurePursuitController detected collision ahead!
[controller_server-4] [WARN] [1786348653.001895431] [pinky_01.controller_server]: RegulatedPurePursuitController detected collision ahead!
[controller_server-4] [WARN] [1786348653.051863005] [pinky_01.controller_server]: RegulatedPurePursuitController detected collision ahead!
[controller_server-4] [WARN] [1786348653.101899563] [pinky_01.controller_server]: RegulatedPurePursuitController detected collision ahead!
[controller_server-4] [WARN] [1786348653.151946276] [pinky_01.controller_server]: RegulatedPurePursuitController detected collision ahead!
[controller_server-4] [ERROR] [1786348653.152044593] [pinky_01.controller_server]: Controller patience exceeded
[controller_server-4] [WARN] [1786348653.152260700] [pinky_01.controller_server]: [follow_path] [ActionServer] Aborting handle.
[controller_server-4] [WARN] [1786348653.352393902] [pinky_01.controller_server]: RegulatedPurePursuitController detected collision ahead!
[controller_server-4] [WARN] [1786348653.352537013] [pinky_01.controller_server]: Control loop missed its desired rate of 20.0000 Hz. Current loop rate is 5.5556 Hz.
[controller_server-4] [WARN] [1786348653.352899677] [pinky_01.controller_server]: RegulatedPurePursuitController detected collision ahead!
[controller_server-4] [WARN] [1786348653.403076645] [pinky_01.controller_server]: RegulatedPurePursuitController detected collision ahead!
[controller_server-4] [WARN] [1786348653.453053130] [pinky_01.controller_server]: RegulatedPurePursuitController detected collision ahead!
[controller_server-4] [WARN] [1786348653.503144613] [pinky_01.controller_server]: RegulatedPurePursuitController detected collision ahead!
[controller_server-4] [ERROR] [1786348653.503193607] [pinky_01.controller_server]: Controller patience exceeded
[controller_server-4] [WARN] [1786348653.503293256] [pinky_01.controller_server]: [follow_path] [ActionServer] Aborting handle.
[behavior_server-7] [WARN] [1786348654.121609731] [pinky_01.behavior_server]: Collision Ahead - Exiting Spin
[behavior_server-7] [WARN] [1786348654.121651229] [pinky_01.behavior_server]: spin failed
[behavior_server-7] [WARN] [1786348654.121662844] [pinky_01.behavior_server]: [spin] [ActionServer] Aborting handle.
[controller_server-4] [WARN] [1786348659.682067349] [pinky_01.controller_server]: RegulatedPurePursuitController detected collision ahead!
[controller_server-4] [WARN] [1786348659.732023368] [pinky_01.controller_server]: RegulatedPurePursuitController detected collision ahead!
[controller_server-4] [WARN] [1786348659.781941333] [pinky_01.controller_server]: RegulatedPurePursuitController detected collision ahead!
[controller_server-4] [WARN] [1786348659.831796735] [pinky_01.controller_server]: RegulatedPurePursuitController detected collision ahead!
[controller_server-4] [WARN] [1786348659.881949855] [pinky_01.controller_server]: RegulatedPurePursuitController detected collision ahead!
[controller_server-4] [WARN] [1786348659.932005652] [pinky_01.controller_server]: RegulatedPurePursuitController detected collision ahead!
[controller_server-4] [WARN] [1786348660.131949866] [pinky_01.controller_server]: RegulatedPurePursuitController detected collision ahead!
[controller_server-4] [WARN] [1786348660.181961142] [pinky_01.controller_server]: RegulatedPurePursuitController detected collision ahead!
[controller_server-4] [WARN] [1786348660.232377148] [pinky_01.controller_server]: RegulatedPurePursuitController detected collision ahead!
[controller_server-4] [WARN] [1786348660.532018510] [pinky_01.controller_server]: RegulatedPurePursuitController detected collision ahead!
[controller_server-4] [WARN] [1786348660.582055593] [pinky_01.controller_server]: RegulatedPurePursuitController detected collision ahead!
[controller_server-4] [WARN] [1786348660.632056816] [pinky_01.controller_server]: RegulatedPurePursuitController detected collision ahead!
[controller_server-4] [WARN] [1786348660.682179637] [pinky_01.controller_server]: RegulatedPurePursuitController detected collision ahead!
[controller_server-4] [WARN] [1786348660.732095189] [pinky_01.controller_server]: RegulatedPurePursuitController detected collision ahead!
[controller_server-4] [WARN] [1786348660.781826010] [pinky_01.controller_server]: RegulatedPurePursuitController detected collision ahead!
[controller_server-4] [WARN] [1786348660.832014045] [pinky_01.controller_server]: RegulatedPurePursuitController detected collision ahead!
[controller_server-4] [ERROR] [1786348660.832112963] [pinky_01.controller_server]: Controller patience exceeded
[controller_server-4] [WARN] [1786348660.832258686] [pinky_01.controller_server]: [follow_path] [ActionServer] Aborting handle.
[controller_server-4] [WARN] [1786348660.952177994] [pinky_01.controller_server]: RegulatedPurePursuitController detected collision ahead!
[controller_server-4] [WARN] [1786348660.952340293] [pinky_01.controller_server]: Control loop missed its desired rate of 20.0000 Hz. Current loop rate is 10.0000 Hz.
[controller_server-4] [WARN] [1786348660.952744612] [pinky_01.controller_server]: RegulatedPurePursuitController detected collision ahead!
[controller_server-4] [WARN] [1786348661.002846755] [pinky_01.controller_server]: RegulatedPurePursuitController detected collision ahead!
[controller_server-4] [WARN] [1786348661.052837627] [pinky_01.controller_server]: RegulatedPurePursuitController detected collision ahead!
[controller_server-4] [WARN] [1786348661.102878006] [pinky_01.controller_server]: RegulatedPurePursuitController detected collision ahead!
[controller_server-4] [WARN] [1786348661.152860632] [pinky_01.controller_server]: RegulatedPurePursuitController detected collision ahead!
[controller_server-4] [WARN] [1786348661.202801706] [pinky_01.controller_server]: RegulatedPurePursuitController detected collision ahead!
[controller_server-4] [ERROR] [1786348661.202847921] [pinky_01.controller_server]: Controller patience exceeded
[controller_server-4] [WARN] [1786348661.202929671] [pinky_01.controller_server]: [follow_path] [ActionServer] Aborting handle.
[bt_navigator-8] [WARN] [1786348661.230902640] [pinky_01.bt_navigator]: [navigate_to_pose] [ActionServer] Aborting handle.
[bt_navigator-8] [ERROR] [1786348661.231209801] [pinky_01.bt_navigator]: Goal failed
[python3-12] [ERROR] [1786348661.232826911] [gwanghee_pinky_nav2_adapter]: [PK_01] 목적지에 닿지 못했습니다 (Nav2 status 6). 도착 반경이 코스트맵 한 칸보다 촘촘하면 영영 못 맞춥니다.
[controller_server-4] [WARN] [1786348661.257192319] [pinky_01.controller_server]: RegulatedPurePursuitController detected collision ahead!
[controller_server-4] [WARN] [1786348661.307517079] [pinky_01.controller_server]: RegulatedPurePursuitController detected collision ahead!
[controller_server-4] [WARN] [1786348661.357510792] [pinky_01.controller_server]: RegulatedPurePursuitController detected collision ahead!
[controller_server-4] [WARN] [1786348661.407533065] [pinky_01.controller_server]: RegulatedPurePursuitController detected collision ahead!
[controller_server-4] [WARN] [1786348661.457609571] [pinky_01.controller_server]: RegulatedPurePursuitController detected collision ahead!
[controller_server-4] [WARN] [1786348661.507522863] [pinky_01.controller_server]: RegulatedPurePursuitController detected collision ahead!
[controller_server-4] [WARN] [1786348661.557632682] [pinky_01.controller_server]: RegulatedPurePursuitController detected collision ahead!
[controller_server-4] [WARN] [1786348661.607491651] [pinky_01.controller_server]: RegulatedPurePursuitController detected collision ahead!
[controller_server-4] [ERROR] [1786348661.607535407] [pinky_01.controller_server]: Controller patience exceeded
[controller_server-4] [WARN] [1786348661.607620794] [pinky_01.controller_server]: [follow_path] [ActionServer] Aborting handle.
[controller_server-4] [WARN] [1786348661.758211193] [pinky_01.controller_server]: RegulatedPurePursuitController detected collision ahead!
[controller_server-4] [WARN] [1786348661.758470599] [pinky_01.controller_server]: Control loop missed its desired rate of 20.0000 Hz. Current loop rate is 7.6923 Hz.
[controller_server-4] [WARN] [1786348661.759053157] [pinky_01.controller_server]: RegulatedPurePursuitController detected collision ahead!
[controller_server-4] [WARN] [1786348661.809009450] [pinky_01.controller_server]: RegulatedPurePursuitController detected collision ahead!
[controller_server-4] [WARN] [1786348661.859344842] [pinky_01.controller_server]: RegulatedPurePursuitController detected collision ahead!
[controller_server-4] [WARN] [1786348661.909189975] [pinky_01.controller_server]: RegulatedPurePursuitController detected collision ahead!
[controller_server-4] [WARN] [1786348661.959086384] [pinky_01.controller_server]: RegulatedPurePursuitController detected collision ahead!
[controller_server-4] [ERROR] [1786348661.959154645] [pinky_01.controller_server]: Controller patience exceeded
[controller_server-4] [WARN] [1786348661.959289543] [pinky_01.controller_server]: [follow_path] [ActionServer] Aborting handle.
[planner_server-6] [WARN] [1786348662.777328059] [pinky_01.planner_server]: Planner loop missed its desired rate of 20.0000 Hz. Current loop rate is 1.2821 Hz
[controller_server-4] [WARN] [1786348662.797181439] [pinky_01.controller_server]: RegulatedPurePursuitController detected collision ahead!
[controller_server-4] [WARN] [1786348662.847444122] [pinky_01.controller_server]: RegulatedPurePursuitController detected collision ahead!
[controller_server-4] [WARN] [1786348662.898310937] [pinky_01.controller_server]: RegulatedPurePursuitController detected collision ahead!
[controller_server-4] [WARN] [1786348662.947387066] [pinky_01.controller_server]: RegulatedPurePursuitController detected collision ahead!
[controller_server-4] [WARN] [1786348662.997516619] [pinky_01.controller_server]: RegulatedPurePursuitController detected collision ahead!
[controller_server-4] [WARN] [1786348663.047420640] [pinky_01.controller_server]: RegulatedPurePursuitController detected collision ahead!
[controller_server-4] [WARN] [1786348663.097209636] [pinky_01.controller_server]: RegulatedPurePursuitController detected collision ahead!
[controller_server-4] [WARN] [1786348663.147128668] [pinky_01.controller_server]: RegulatedPurePursuitController detected collision ahead!
[controller_server-4] [ERROR] [1786348663.147168729] [pinky_01.controller_server]: Controller patience exceeded
[controller_server-4] [WARN] [1786348663.147235459] [pinky_01.controller_server]: [follow_path] [ActionServer] Aborting handle.
[controller_server-4] [WARN] [1786348663.357755024] [pinky_01.controller_server]: RegulatedPurePursuitController detected collision ahead!
[controller_server-4] [WARN] [1786348663.358213620] [pinky_01.controller_server]: Control loop missed its desired rate of 20.0000 Hz. Current loop rate is 5.2632 Hz.
[controller_server-4] [WARN] [1786348663.358805273] [pinky_01.controller_server]: RegulatedPurePursuitController detected collision ahead!
[controller_server-4] [WARN] [1786348663.408900828] [pinky_01.controller_server]: RegulatedPurePursuitController detected collision ahead!
[controller_server-4] [WARN] [1786348663.458850767] [pinky_01.controller_server]: RegulatedPurePursuitController detected collision ahead!
[controller_server-4] [WARN] [1786348663.508827896] [pinky_01.controller_server]: RegulatedPurePursuitController detected collision ahead!
[controller_server-4] [ERROR] [1786348663.508870100] [pinky_01.controller_server]: Controller patience exceeded
[controller_server-4] [WARN] [1786348663.508950273] [pinky_01.controller_server]: [follow_path] [ActionServer] Aborting handle.
[behavior_server-7] [WARN] [1786348663.926923885] [pinky_01.behavior_server]: Collision Ahead - Exiting Spin
[behavior_server-7] [WARN] [1786348663.926954075] [pinky_01.behavior_server]: spin failed
[behavior_server-7] [WARN] [1786348663.926963496] [pinky_01.behavior_server]: [spin] [ActionServer] Aborting handle.
[controller_server-4] [WARN] [1786348669.287060801] [pinky_01.controller_server]: RegulatedPurePursuitController detected collision ahead!
[controller_server-4] [WARN] [1786348669.336944475] [pinky_01.controller_server]: RegulatedPurePursuitController detected collision ahead!
[controller_server-4] [WARN] [1786348669.587046160] [pinky_01.controller_server]: RegulatedPurePursuitController detected collision ahead!
[controller_server-4] [WARN] [1786348669.637100691] [pinky_01.controller_server]: RegulatedPurePursuitController detected collision ahead!
[controller_server-4] [WARN] [1786348669.687009230] [pinky_01.controller_server]: RegulatedPurePursuitController detected collision ahead!
[controller_server-4] [WARN] [1786348669.736809196] [pinky_01.controller_server]: RegulatedPurePursuitController detected collision ahead!
[controller_server-4] [WARN] [1786348669.787297289] [pinky_01.controller_server]: RegulatedPurePursuitController detected collision ahead!
[controller_server-4] [WARN] [1786348669.836926260] [pinky_01.controller_server]: RegulatedPurePursuitController detected collision ahead!
[controller_server-4] [WARN] [1786348669.886915824] [pinky_01.controller_server]: RegulatedPurePursuitController detected collision ahead!
[controller_server-4] [ERROR] [1786348669.886949758] [pinky_01.controller_server]: Controller patience exceeded
[controller_server-4] [WARN] [1786348669.887022657] [pinky_01.controller_server]: [follow_path] [ActionServer] Aborting handle.
[controller_server-4] [WARN] [1786348669.957543107] [pinky_01.controller_server]: RegulatedPurePursuitController detected collision ahead!
[controller_server-4] [WARN] [1786348669.957769727] [pinky_01.controller_server]: Control loop missed its desired rate of 20.0000 Hz. Current loop rate is 20.0000 Hz.
[controller_server-4] [WARN] [1786348669.958258912] [pinky_01.controller_server]: RegulatedPurePursuitController detected collision ahead!
[controller_server-4] [WARN] [1786348670.008149160] [pinky_01.controller_server]: RegulatedPurePursuitController detected collision ahead!
[controller_server-4] [WARN] [1786348670.158263326] [pinky_01.controller_server]: RegulatedPurePursuitController detected collision ahead!
[controller_server-4] [WARN] [1786348670.208396114] [pinky_01.controller_server]: RegulatedPurePursuitController detected collision ahead!
[controller_server-4] [WARN] [1786348670.258621571] [pinky_01.controller_server]: RegulatedPurePursuitController detected collision ahead!
[controller_server-4] [WARN] [1786348670.308327354] [pinky_01.controller_server]: RegulatedPurePursuitController detected collision ahead!
[controller_server-4] [WARN] [1786348670.359049520] [pinky_01.controller_server]: RegulatedPurePursuitController detected collision ahead!
[controller_server-4] [WARN] [1786348670.408959829] [pinky_01.controller_server]: RegulatedPurePursuitController detected collision ahead!
[controller_server-4] [WARN] [1786348670.458449468] [pinky_01.controller_server]: RegulatedPurePursuitController detected collision ahead!
[controller_server-4] [ERROR] [1786348670.459761758] [pinky_01.controller_server]: Controller patience exceeded
[controller_server-4] [WARN] [1786348670.460587882] [pinky_01.controller_server]: [follow_path] [ActionServer] Aborting handle.
[behavior_server-7] [WARN] [1786348670.477106412] [pinky_01.behavior_server]: Collision Ahead - Exiting DriveOnHeading
[behavior_server-7] [WARN] [1786348670.477131624] [pinky_01.behavior_server]: backup failed
[behavior_server-7] [WARN] [1786348670.477144609] [pinky_01.behavior_server]: [backup] [ActionServer] Aborting handle.
[planner_server-6] [WARN] [1786348670.778051758] [pinky_01.planner_server]: Planner loop missed its desired rate of 20.0000 Hz. Current loop rate is 3.5714 Hz
[controller_server-4] [WARN] [1786348670.797655861] [pinky_01.controller_server]: RegulatedPurePursuitController detected collision ahead!
[controller_server-4] [WARN] [1786348670.847563442] [pinky_01.controller_server]: RegulatedPurePursuitController detected collision ahead!
[controller_server-4] [WARN] [1786348670.897590574] [pinky_01.controller_server]: RegulatedPurePursuitController detected collision ahead!
[controller_server-4] [WARN] [1786348670.947556011] [pinky_01.controller_server]: RegulatedPurePursuitController detected collision ahead!
[controller_server-4] [WARN] [1786348670.997565787] [pinky_01.controller_server]: RegulatedPurePursuitController detected collision ahead!
[controller_server-4] [WARN] [1786348671.047454009] [pinky_01.controller_server]: RegulatedPurePursuitController detected collision ahead!
[controller_server-4] [WARN] [1786348671.097695893] [pinky_01.controller_server]: RegulatedPurePursuitController detected collision ahead!
[controller_server-4] [WARN] [1786348671.147572839] [pinky_01.controller_server]: RegulatedPurePursuitController detected collision ahead!
[controller_server-4] [ERROR] [1786348671.147632430] [pinky_01.controller_server]: Controller patience exceeded
[controller_server-4] [WARN] [1786348671.147717117] [pinky_01.controller_server]: [follow_path] [ActionServer] Aborting handle.
[controller_server-4] [WARN] [1786348671.358429306] [pinky_01.controller_server]: RegulatedPurePursuitController detected collision ahead!
[controller_server-4] [WARN] [1786348671.358823396] [pinky_01.controller_server]: Control loop missed its desired rate of 20.0000 Hz. Current loop rate is 5.2632 Hz.
[controller_server-4] [WARN] [1786348671.359377267] [pinky_01.controller_server]: RegulatedPurePursuitController detected collision ahead!
[controller_server-4] [WARN] [1786348671.409470701] [pinky_01.controller_server]: RegulatedPurePursuitController detected collision ahead!
[controller_server-4] [WARN] [1786348671.459523853] [pinky_01.controller_server]: RegulatedPurePursuitController detected collision ahead!
[controller_server-4] [WARN] [1786348671.509308860] [pinky_01.controller_server]: RegulatedPurePursuitController detected collision ahead!
[controller_server-4] [ERROR] [1786348671.509346250] [pinky_01.controller_server]: Controller patience exceeded
[controller_server-4] [WARN] [1786348671.509436667] [pinky_01.controller_server]: [follow_path] [ActionServer] Aborting handle.
[behavior_server-7] [WARN] [1786348672.126919060] [pinky_01.behavior_server]: Collision Ahead - Exiting Spin
[behavior_server-7] [WARN] [1786348672.126960093] [pinky_01.behavior_server]: spin failed
[behavior_server-7] [WARN] [1786348672.126970977] [pinky_01.behavior_server]: [spin] [ActionServer] Aborting handle.
[controller_server-4] [WARN] [1786348677.587175353] [pinky_01.controller_server]: RegulatedPurePursuitController detected collision ahead!
[controller_server-4] [WARN] [1786348677.637116398] [pinky_01.controller_server]: RegulatedPurePursuitController detected collision ahead!
[controller_server-4] [WARN] [1786348677.687231947] [pinky_01.controller_server]: RegulatedPurePursuitController detected collision ahead!
[controller_server-4] [WARN] [1786348677.737203532] [pinky_01.controller_server]: RegulatedPurePursuitController detected collision ahead!
[controller_server-4] [WARN] [1786348677.936969090] [pinky_01.controller_server]: RegulatedPurePursuitController detected collision ahead!
[controller_server-4] [WARN] [1786348677.986965585] [pinky_01.controller_server]: RegulatedPurePursuitController detected collision ahead!
[controller_server-4] [WARN] [1786348678.037085291] [pinky_01.controller_server]: RegulatedPurePursuitController detected collision ahead!
[controller_server-4] [WARN] [1786348678.287133290] [pinky_01.controller_server]: RegulatedPurePursuitController detected collision ahead!
[controller_server-4] [WARN] [1786348678.337088631] [pinky_01.controller_server]: RegulatedPurePursuitController detected collision ahead!
[controller_server-4] [WARN] [1786348678.387244782] [pinky_01.controller_server]: RegulatedPurePursuitController detected collision ahead!
[controller_server-4] [WARN] [1786348678.587114416] [pinky_01.controller_server]: RegulatedPurePursuitController detected collision ahead!
[controller_server-4] [WARN] [1786348678.637111208] [pinky_01.controller_server]: RegulatedPurePursuitController detected collision ahead!
[controller_server-4] [WARN] [1786348678.687157311] [pinky_01.controller_server]: RegulatedPurePursuitController detected collision ahead!
[controller_server-4] [WARN] [1786348678.737143565] [pinky_01.controller_server]: RegulatedPurePursuitController detected collision ahead!
[controller_server-4] [WARN] [1786348678.986974011] [pinky_01.controller_server]: RegulatedPurePursuitController detected collision ahead!
[controller_server-4] [WARN] [1786348679.037161729] [pinky_01.controller_server]: RegulatedPurePursuitController detected collision ahead!
[controller_server-4] [WARN] [1786348679.087478241] [pinky_01.controller_server]: RegulatedPurePursuitController detected collision ahead!
[controller_server-4] [WARN] [1786348679.137157292] [pinky_01.controller_server]: RegulatedPurePursuitController detected collision ahead!
[controller_server-4] [WARN] [1786348679.187220176] [pinky_01.controller_server]: RegulatedPurePursuitController detected collision ahead!
[controller_server-4] [WARN] [1786348679.237424221] [pinky_01.controller_server]: RegulatedPurePursuitController detected collision ahead!
[controller_server-4] [WARN] [1786348679.287206344] [pinky_01.controller_server]: RegulatedPurePursuitController detected collision ahead!
[controller_server-4] [ERROR] [1786348679.287260686] [pinky_01.controller_server]: Controller patience exceeded
[controller_server-4] [WARN] [1786348679.287364214] [pinky_01.controller_server]: [follow_path] [ActionServer] Aborting handle.
[controller_server-4] [WARN] [1786348679.357806740] [pinky_01.controller_server]: RegulatedPurePursuitController detected collision ahead!
[controller_server-4] [WARN] [1786348679.357983236] [pinky_01.controller_server]: Control loop missed its desired rate of 20.0000 Hz. Current loop rate is 20.0000 Hz.
[controller_server-4] [WARN] [1786348679.358480492] [pinky_01.controller_server]: RegulatedPurePursuitController detected collision ahead!
[controller_server-4] [WARN] [1786348679.409199739] [pinky_01.controller_server]: RegulatedPurePursuitController detected collision ahead!
[controller_server-4] [WARN] [1786348679.458760983] [pinky_01.controller_server]: RegulatedPurePursuitController detected collision ahead!
[controller_server-4] [WARN] [1786348679.508684291] [pinky_01.controller_server]: RegulatedPurePursuitController detected collision ahead!
[controller_server-4] [WARN] [1786348679.558734495] [pinky_01.controller_server]: RegulatedPurePursuitController detected collision ahead!
[controller_server-4] [WARN] [1786348679.609014016] [pinky_01.controller_server]: RegulatedPurePursuitController detected collision ahead!
[controller_server-4] [WARN] [1786348679.658706397] [pinky_01.controller_server]: RegulatedPurePursuitController detected collision ahead!
[controller_server-4] [ERROR] [1786348679.658756106] [pinky_01.controller_server]: Controller patience exceeded
[controller_server-4] [WARN] [1786348679.658853701] [pinky_01.controller_server]: [follow_path] [ActionServer] Aborting handle.
[behavior_server-7] [WARN] [1786348679.677969495] [pinky_01.behavior_server]: Collision Ahead - Exiting DriveOnHeading
[behavior_server-7] [WARN] [1786348679.678000272] [pinky_01.behavior_server]: backup failed
[behavior_server-7] [WARN] [1786348679.678007414] [pinky_01.behavior_server]: [backup] [ActionServer] Aborting handle.
[planner_server-6] [WARN] [1786348679.778668847] [pinky_01.planner_server]: Planner loop missed its desired rate of 20.0000 Hz. Current loop rate is 12.5000 Hz
[controller_server-4] [WARN] [1786348679.797329906] [pinky_01.controller_server]: RegulatedPurePursuitController detected collision ahead!
[controller_server-4] [WARN] [1786348679.847154380] [pinky_01.controller_server]: RegulatedPurePursuitController detected collision ahead!
[controller_server-4] [WARN] [1786348679.897236250] [pinky_01.controller_server]: RegulatedPurePursuitController detected collision ahead!
[controller_server-4] [WARN] [1786348679.947569187] [pinky_01.controller_server]: RegulatedPurePursuitController detected collision ahead!
[controller_server-4] [WARN] [1786348679.997535532] [pinky_01.controller_server]: RegulatedPurePursuitController detected collision ahead!
[controller_server-4] [WARN] [1786348680.047434652] [pinky_01.controller_server]: RegulatedPurePursuitController detected collision ahead!
[controller_server-4] [WARN] [1786348680.097269408] [pinky_01.controller_server]: RegulatedPurePursuitController detected collision ahead!
[controller_server-4] [WARN] [1786348680.148157982] [pinky_01.controller_server]: RegulatedPurePursuitController detected collision ahead!
[controller_server-4] [ERROR] [1786348680.148192837] [pinky_01.controller_server]: Controller patience exceeded
[controller_server-4] [WARN] [1786348680.148248623] [pinky_01.controller_server]: [follow_path] [ActionServer] Aborting handle.
[controller_server-4] [WARN] [1786348680.357698564] [pinky_01.controller_server]: RegulatedPurePursuitController detected collision ahead!
[controller_server-4] [WARN] [1786348680.357827951] [pinky_01.controller_server]: Control loop missed its desired rate of 20.0000 Hz. Current loop rate is 5.2632 Hz.
[controller_server-4] [WARN] [1786348680.358302762] [pinky_01.controller_server]: RegulatedPurePursuitController detected collision ahead!
[controller_server-4] [WARN] [1786348680.408563787] [pinky_01.controller_server]: RegulatedPurePursuitController detected collision ahead!
[controller_server-4] [WARN] [1786348680.458526460] [pinky_01.controller_server]: RegulatedPurePursuitController detected collision ahead!
[controller_server-4] [WARN] [1786348680.508658986] [pinky_01.controller_server]: RegulatedPurePursuitController detected collision ahead!
[controller_server-4] [ERROR] [1786348680.508730361] [pinky_01.controller_server]: Controller patience exceeded
[controller_server-4] [WARN] [1786348680.508858878] [pinky_01.controller_server]: [follow_path] [ActionServer] Aborting handle.
[behavior_server-7] [WARN] [1786348680.927767334] [pinky_01.behavior_server]: Collision Ahead - Exiting Spin
[behavior_server-7] [WARN] [1786348680.927816123] [pinky_01.behavior_server]: spin failed
[behavior_server-7] [WARN] [1786348680.927830606] [pinky_01.behavior_server]: [spin] [ActionServer] Aborting handle.
[controller_server-4] [WARN] [1786348686.388314170] [pinky_01.controller_server]: RegulatedPurePursuitController detected collision ahead!
[controller_server-4] [WARN] [1786348686.438349173] [pinky_01.controller_server]: RegulatedPurePursuitController detected collision ahead!
[controller_server-4] [WARN] [1786348686.488262995] [pinky_01.controller_server]: RegulatedPurePursuitController detected collision ahead!
[controller_server-4] [WARN] [1786348686.738448060] [pinky_01.controller_server]: RegulatedPurePursuitController detected collision ahead!
[controller_server-4] [WARN] [1786348686.888420558] [pinky_01.controller_server]: RegulatedPurePursuitController detected collision ahead!
[controller_server-4] [WARN] [1786348686.938402785] [pinky_01.controller_server]: RegulatedPurePursuitController detected collision ahead!
[controller_server-4] [WARN] [1786348686.988370653] [pinky_01.controller_server]: RegulatedPurePursuitController detected collision ahead!
[controller_server-4] [WARN] [1786348687.038332529] [pinky_01.controller_server]: RegulatedPurePursuitController detected collision ahead!
[controller_server-4] [WARN] [1786348687.088234903] [pinky_01.controller_server]: RegulatedPurePursuitController detected collision ahead!
[controller_server-4] [WARN] [1786348687.140706102] [pinky_01.controller_server]: RegulatedPurePursuitController detected collision ahead!
[controller_server-4] [WARN] [1786348687.188180459] [pinky_01.controller_server]: RegulatedPurePursuitController detected collision ahead!
[controller_server-4] [ERROR] [1786348687.188227033] [pinky_01.controller_server]: Controller patience exceeded
[controller_server-4] [WARN] [1786348687.188319945] [pinky_01.controller_server]: [follow_path] [ActionServer] Aborting handle.
[controller_server-4] [WARN] [1786348687.357418541] [pinky_01.controller_server]: RegulatedPurePursuitController detected collision ahead!
[controller_server-4] [WARN] [1786348687.357631874] [pinky_01.controller_server]: Control loop missed its desired rate of 20.0000 Hz. Current loop rate is 6.6667 Hz.
[controller_server-4] [WARN] [1786348687.358214425] [pinky_01.controller_server]: RegulatedPurePursuitController detected collision ahead!
[controller_server-4] [WARN] [1786348687.408428151] [pinky_01.controller_server]: RegulatedPurePursuitController detected collision ahead!
[controller_server-4] [WARN] [1786348687.458340559] [pinky_01.controller_server]: RegulatedPurePursuitController detected collision ahead!
[controller_server-4] [WARN] [1786348687.508295712] [pinky_01.controller_server]: RegulatedPurePursuitController detected collision ahead!
[controller_server-4] [WARN] [1786348687.558310663] [pinky_01.controller_server]: RegulatedPurePursuitController detected collision ahead!
[controller_server-4] [ERROR] [1786348687.558400217] [pinky_01.controller_server]: Controller patience exceeded
[controller_server-4] [WARN] [1786348687.558755847] [pinky_01.controller_server]: [follow_path] [ActionServer] Aborting handle.
[bt_navigator-8] [WARN] [1786348687.586004827] [pinky_01.bt_navigator]: [navigate_to_pose] [ActionServer] Aborting handle.
[bt_navigator-8] [ERROR] [1786348687.586250814] [pinky_01.bt_navigator]: Goal failed
[python3-12] [ERROR] [1786348687.588510802] [gwanghee_pinky_nav2_adapter]: [PK_01] 목적지에 닿지 못했습니다 (Nav2 status 6). 도착 반경이 코스트맵 한 칸보다 촘촘하면 영영 못 맞춥니다.
[controller_server-4] [WARN] [1786348697.889664110] [pinky_01.controller_server]: RegulatedPurePursuitController detected collision ahead!
[controller_server-4] [WARN] [1786348697.939630886] [pinky_01.controller_server]: RegulatedPurePursuitController detected collision ahead!
[controller_server-4] [WARN] [1786348697.989955034] [pinky_01.controller_server]: RegulatedPurePursuitController detected collision ahead!
[controller_server-4] [WARN] [1786348698.039791383] [pinky_01.controller_server]: RegulatedPurePursuitController detected collision ahead!
[controller_server-4] [WARN] [1786348698.089785923] [pinky_01.controller_server]: RegulatedPurePursuitController detected collision ahead!
[controller_server-4] [WARN] [1786348698.139679753] [pinky_01.controller_server]: RegulatedPurePursuitController detected collision ahead!
[controller_server-4] [WARN] [1786348698.389666881] [pinky_01.controller_server]: RegulatedPurePursuitController detected collision ahead!
[controller_server-4] [WARN] [1786348698.439610046] [pinky_01.controller_server]: RegulatedPurePursuitController detected collision ahead!
[controller_server-4] [WARN] [1786348698.489629862] [pinky_01.controller_server]: RegulatedPurePursuitController detected collision ahead!
[controller_server-4] [WARN] [1786348698.539617178] [pinky_01.controller_server]: RegulatedPurePursuitController detected collision ahead!
[controller_server-4] [WARN] [1786348698.589841345] [pinky_01.controller_server]: RegulatedPurePursuitController detected collision ahead!
[controller_server-4] [WARN] [1786348698.789599887] [pinky_01.controller_server]: RegulatedPurePursuitController detected collision ahead!
[controller_server-4] [WARN] [1786348698.839805504] [pinky_01.controller_server]: RegulatedPurePursuitController detected collision ahead!
[controller_server-4] [WARN] [1786348698.889786521] [pinky_01.controller_server]: RegulatedPurePursuitController detected collision ahead!
[controller_server-4] [WARN] [1786348699.139766381] [pinky_01.controller_server]: RegulatedPurePursuitController detected collision ahead!
[controller_server-4] [WARN] [1786348699.989798860] [pinky_01.controller_server]: RegulatedPurePursuitController detected collision ahead!
[controller_server-4] [WARN] [1786348700.040320245] [pinky_01.controller_server]: RegulatedPurePursuitController detected collision ahead!
[controller_server-4] [WARN] [1786348700.089912231] [pinky_01.controller_server]: RegulatedPurePursuitController detected collision ahead!
[controller_server-4] [WARN] [1786348700.139801926] [pinky_01.controller_server]: RegulatedPurePursuitController detected collision ahead!
[controller_server-4] [WARN] [1786348700.189824606] [pinky_01.controller_server]: RegulatedPurePursuitController detected collision ahead!
[controller_server-4] [WARN] [1786348700.239862896] [pinky_01.controller_server]: RegulatedPurePursuitController detected collision ahead!
[controller_server-4] [WARN] [1786348700.289797053] [pinky_01.controller_server]: RegulatedPurePursuitController detected collision ahead!
[controller_server-4] [ERROR] [1786348700.289862824] [pinky_01.controller_server]: Controller patience exceeded
[controller_server-4] [WARN] [1786348700.290007028] [pinky_01.controller_server]: [follow_path] [ActionServer] Aborting handle.
[controller_server-4] [WARN] [1786348700.710367232] [pinky_01.controller_server]: RegulatedPurePursuitController detected collision ahead!
[controller_server-4] [WARN] [1786348700.760277117] [pinky_01.controller_server]: RegulatedPurePursuitController detected collision ahead!
[controller_server-4] [WARN] [1786348700.810457218] [pinky_01.controller_server]: RegulatedPurePursuitController detected collision ahead!
[controller_server-4] [WARN] [1786348700.860452957] [pinky_01.controller_server]: RegulatedPurePursuitController detected collision ahead!
[controller_server-4] [WARN] [1786348700.910403519] [pinky_01.controller_server]: RegulatedPurePursuitController detected collision ahead!
[controller_server-4] [WARN] [1786348700.960414458] [pinky_01.controller_server]: RegulatedPurePursuitController detected collision ahead!
[controller_server-4] [WARN] [1786348701.010363694] [pinky_01.controller_server]: RegulatedPurePursuitController detected collision ahead!
[controller_server-4] [ERROR] [1786348701.010410211] [pinky_01.controller_server]: Controller patience exceeded
[controller_server-4] [WARN] [1786348701.010499096] [pinky_01.controller_server]: [follow_path] [ActionServer] Aborting handle.
[planner_server-6] [WARN] [1786348701.781262963] [pinky_01.planner_server]: Planner loop missed its desired rate of 20.0000 Hz. Current loop rate is 1.3158 Hz
[controller_server-4] [WARN] [1786348702.049805833] [pinky_01.controller_server]: RegulatedPurePursuitController detected collision ahead!
[controller_server-4] [WARN] [1786348702.349631938] [pinky_01.controller_server]: RegulatedPurePursuitController detected collision ahead!
[controller_server-4] [WARN] [1786348702.399883281] [pinky_01.controller_server]: RegulatedPurePursuitController detected collision ahead!
[controller_server-4] [WARN] [1786348702.449772916] [pinky_01.controller_server]: RegulatedPurePursuitController detected collision ahead!
[controller_server-4] [WARN] [1786348702.499880695] [pinky_01.controller_server]: RegulatedPurePursuitController detected collision ahead!
[controller_server-4] [WARN] [1786348709.550612193] [pinky_01.controller_server]: RegulatedPurePursuitController detected collision ahead!
[controller_server-4] [ERROR] [1786348711.849489923] [pinky_01.controller_server]: Failed to make progress
[controller_server-4] [WARN] [1786348711.849599873] [pinky_01.controller_server]: [follow_path] [ActionServer] Aborting handle.
[controller_server-4] [WARN] [1786348711.950103044] [pinky_01.controller_server]: Control loop missed its desired rate of 20.0000 Hz. Current loop rate is 12.5000 Hz.
[controller_server-4] [WARN] [1786348712.556288768] [pinky_01.controller_server]: RegulatedPurePursuitController detected collision ahead!
[controller_server-4] [WARN] [1786348712.606260602] [pinky_01.controller_server]: RegulatedPurePursuitController detected collision ahead!
[controller_server-4] [WARN] [1786348712.656250993] [pinky_01.controller_server]: RegulatedPurePursuitController detected collision ahead!
[controller_server-4] [WARN] [1786348712.706258957] [pinky_01.controller_server]: RegulatedPurePursuitController detected collision ahead!
[controller_server-4] [WARN] [1786348713.656110569] [pinky_01.controller_server]: RegulatedPurePursuitController detected collision ahead!
[controller_server-4] [WARN] [1786348713.706135377] [pinky_01.controller_server]: RegulatedPurePursuitController detected collision ahead!
[controller_server-4] [WARN] [1786348713.756102126] [pinky_01.controller_server]: RegulatedPurePursuitController detected collision ahead!
[controller_server-4] [WARN] [1786348713.956165500] [pinky_01.controller_server]: RegulatedPurePursuitController detected collision ahead!
[controller_server-4] [WARN] [1786348714.006143710] [pinky_01.controller_server]: RegulatedPurePursuitController detected collision ahead!
[controller_server-4] [WARN] [1786348714.356422513] [pinky_01.controller_server]: RegulatedPurePursuitController detected collision ahead!
[controller_server-4] [WARN] [1786348714.406173709] [pinky_01.controller_server]: RegulatedPurePursuitController detected collision ahead!
[controller_server-4] [WARN] [1786348714.456281804] [pinky_01.controller_server]: RegulatedPurePursuitController detected collision ahead!
[controller_server-4] [WARN] [1786348714.506248575] [pinky_01.controller_server]: RegulatedPurePursuitController detected collision ahead!
[controller_server-4] [ERROR] [1786348722.355782862] [pinky_01.controller_server]: Failed to make progress
[controller_server-4] [WARN] [1786348722.355920680] [pinky_01.controller_server]: [follow_path] [ActionServer] Aborting handle.
[controller_server-4] [WARN] [1786348722.556452130] [pinky_01.controller_server]: Control loop missed its desired rate of 20.0000 Hz. Current loop rate is 5.5556 Hz.
[controller_server-4] [WARN] [1786348726.256776474] [pinky_01.controller_server]: RegulatedPurePursuitController detected collision ahead!
[controller_server-4] [WARN] [1786348726.306687607] [pinky_01.controller_server]: RegulatedPurePursuitController detected collision ahead!
[controller_server-4] [WARN] [1786348726.356661646] [pinky_01.controller_server]: RegulatedPurePursuitController detected collision ahead!
[controller_server-4] [WARN] [1786348727.056712869] [pinky_01.controller_server]: RegulatedPurePursuitController detected collision ahead!
[controller_server-4] [WARN] [1786348727.106743242] [pinky_01.controller_server]: RegulatedPurePursuitController detected collision ahead!
[controller_server-4] [WARN] [1786348727.356694098] [pinky_01.controller_server]: RegulatedPurePursuitController detected collision ahead!
[controller_server-4] [WARN] [1786348727.406742468] [pinky_01.controller_server]: RegulatedPurePursuitController detected collision ahead!
[controller_server-4] [WARN] [1786348727.456711457] [pinky_01.controller_server]: RegulatedPurePursuitController detected collision ahead!
[controller_server-4] [WARN] [1786348727.656812626] [pinky_01.controller_server]: RegulatedPurePursuitController detected collision ahead!
[controller_server-4] [WARN] [1786348727.706728091] [pinky_01.controller_server]: RegulatedPurePursuitController detected collision ahead!
[controller_server-4] [WARN] [1786348727.756696766] [pinky_01.controller_server]: RegulatedPurePursuitController detected collision ahead!
[controller_server-4] [WARN] [1786348727.806761726] [pinky_01.controller_server]: RegulatedPurePursuitController detected collision ahead!
[controller_server-4] [WARN] [1786348727.856668675] [pinky_01.controller_server]: RegulatedPurePursuitController detected collision ahead!
[controller_server-4] [WARN] [1786348727.906725984] [pinky_01.controller_server]: RegulatedPurePursuitController detected collision ahead!
[controller_server-4] [WARN] [1786348727.956729852] [pinky_01.controller_server]: RegulatedPurePursuitController detected collision ahead!
[controller_server-4] [ERROR] [1786348727.956785262] [pinky_01.controller_server]: Controller patience exceeded
[controller_server-4] [WARN] [1786348727.956923897] [pinky_01.controller_server]: [follow_path] [ActionServer] Aborting handle.
[planner_server-6] [WARN] [1786348728.776458622] [pinky_01.planner_server]: Planner loop missed its desired rate of 20.0000 Hz. Current loop rate is 1.2500 Hz
[controller_server-4] [WARN] [1786348729.296293883] [pinky_01.controller_server]: RegulatedPurePursuitController detected collision ahead!
[controller_server-4] [WARN] [1786348729.346066069] [pinky_01.controller_server]: RegulatedPurePursuitController detected collision ahead!
[controller_server-4] [WARN] [1786348729.396088004] [pinky_01.controller_server]: RegulatedPurePursuitController detected collision ahead!
[controller_server-4] [WARN] [1786348729.446112191] [pinky_01.controller_server]: RegulatedPurePursuitController detected collision ahead!
[controller_server-4] [WARN] [1786348729.495997330] [pinky_01.controller_server]: RegulatedPurePursuitController detected collision ahead!
[controller_server-4] [WARN] [1786348729.546075280] [pinky_01.controller_server]: RegulatedPurePursuitController detected collision ahead!
[controller_server-4] [WARN] [1786348729.746086025] [pinky_01.controller_server]: RegulatedPurePursuitController detected collision ahead!
[controller_server-4] [WARN] [1786348729.796145244] [pinky_01.controller_server]: RegulatedPurePursuitController detected collision ahead!
[controller_server-4] [WARN] [1786348729.846291443] [pinky_01.controller_server]: RegulatedPurePursuitController detected collision ahead!
[controller_server-4] [WARN] [1786348730.096130155] [pinky_01.controller_server]: RegulatedPurePursuitController detected collision ahead!
[controller_server-4] [WARN] [1786348730.146077057] [pinky_01.controller_server]: RegulatedPurePursuitController detected collision ahead!
[controller_server-4] [WARN] [1786348730.196105379] [pinky_01.controller_server]: RegulatedPurePursuitController detected collision ahead!
[controller_server-4] [WARN] [1786348730.446040475] [pinky_01.controller_server]: RegulatedPurePursuitController detected collision ahead!
[controller_server-4] [WARN] [1786348730.496006928] [pinky_01.controller_server]: RegulatedPurePursuitController detected collision ahead!
[controller_server-4] [WARN] [1786348730.548229302] [pinky_01.controller_server]: RegulatedPurePursuitController detected collision ahead!
[controller_server-4] [WARN] [1786348730.696057605] [pinky_01.controller_server]: RegulatedPurePursuitController detected collision ahead!
[controller_server-4] [WARN] [1786348730.746048835] [pinky_01.controller_server]: RegulatedPurePursuitController detected collision ahead!
[controller_server-4] [WARN] [1786348730.996042941] [pinky_01.controller_server]: RegulatedPurePursuitController detected collision ahead!
[controller_server-4] [WARN] [1786348731.046076157] [pinky_01.controller_server]: RegulatedPurePursuitController detected collision ahead!
[controller_server-4] [WARN] [1786348731.096023054] [pinky_01.controller_server]: RegulatedPurePursuitController detected collision ahead!
[controller_server-4] [WARN] [1786348731.146052224] [pinky_01.controller_server]: RegulatedPurePursuitController detected collision ahead!
[controller_server-4] [WARN] [1786348731.645985075] [pinky_01.controller_server]: RegulatedPurePursuitController detected collision ahead!
[controller_server-4] [WARN] [1786348731.696047028] [pinky_01.controller_server]: RegulatedPurePursuitController detected collision ahead!
[controller_server-4] [WARN] [1786348731.746050609] [pinky_01.controller_server]: RegulatedPurePursuitController detected collision ahead!
[controller_server-4] [WARN] [1786348732.496068316] [pinky_01.controller_server]: RegulatedPurePursuitController detected collision ahead!
[controller_server-4] [WARN] [1786348732.545951515] [pinky_01.controller_server]: RegulatedPurePursuitController detected collision ahead!
[controller_server-4] [WARN] [1786348732.596088888] [pinky_01.controller_server]: RegulatedPurePursuitController detected collision ahead!
[controller_server-4] [WARN] [1786348732.796107102] [pinky_01.controller_server]: RegulatedPurePursuitController detected collision ahead!
[controller_server-4] [WARN] [1786348732.846017989] [pinky_01.controller_server]: RegulatedPurePursuitController detected collision ahead!
[controller_server-4] [WARN] [1786348732.895992915] [pinky_01.controller_server]: RegulatedPurePursuitController detected collision ahead!
[controller_server-4] [WARN] [1786348733.545936015] [pinky_01.controller_server]: RegulatedPurePursuitController detected collision ahead!
[controller_server-4] [WARN] [1786348733.795931415] [pinky_01.controller_server]: RegulatedPurePursuitController detected collision ahead!
[controller_server-4] [WARN] [1786348733.846018657] [pinky_01.controller_server]: RegulatedPurePursuitController detected collision ahead!
[controller_server-4] [WARN] [1786348733.896012538] [pinky_01.controller_server]: RegulatedPurePursuitController detected collision ahead!
[controller_server-4] [WARN] [1786348733.946096465] [pinky_01.controller_server]: RegulatedPurePursuitController detected collision ahead!
[controller_server-4] [WARN] [1786348734.195976016] [pinky_01.controller_server]: RegulatedPurePursuitController detected collision ahead!
[controller_server-4] [WARN] [1786348734.246231380] [pinky_01.controller_server]: RegulatedPurePursuitController detected collision ahead!
[controller_server-4] [WARN] [1786348734.295998437] [pinky_01.controller_server]: RegulatedPurePursuitController detected collision ahead!
[controller_server-4] [WARN] [1786348734.345947435] [pinky_01.controller_server]: RegulatedPurePursuitController detected collision ahead!
[controller_server-4] [WARN] [1786348734.595964327] [pinky_01.controller_server]: RegulatedPurePursuitController detected collision ahead!
[controller_server-4] [WARN] [1786348734.645947221] [pinky_01.controller_server]: RegulatedPurePursuitController detected collision ahead!
[controller_server-4] [WARN] [1786348734.695970100] [pinky_01.controller_server]: RegulatedPurePursuitController detected collision ahead!
[controller_server-4] [WARN] [1786348734.745986034] [pinky_01.controller_server]: RegulatedPurePursuitController detected collision ahead!
[controller_server-4] [WARN] [1786348734.795991386] [pinky_01.controller_server]: RegulatedPurePursuitController detected collision ahead!
[controller_server-4] [WARN] [1786348734.846042403] [pinky_01.controller_server]: RegulatedPurePursuitController detected collision ahead!
[controller_server-4] [WARN] [1786348734.895983061] [pinky_01.controller_server]: RegulatedPurePursuitController detected collision ahead!
[controller_server-4] [ERROR] [1786348734.896065105] [pinky_01.controller_server]: Controller patience exceeded
[controller_server-4] [WARN] [1786348734.896192033] [pinky_01.controller_server]: [follow_path] [ActionServer] Aborting handle.
[controller_server-4] [WARN] [1786348735.166642650] [pinky_01.controller_server]: RegulatedPurePursuitController detected collision ahead!
[controller_server-4] [WARN] [1786348735.216662042] [pinky_01.controller_server]: RegulatedPurePursuitController detected collision ahead!
[controller_server-4] [WARN] [1786348735.266589172] [pinky_01.controller_server]: RegulatedPurePursuitController detected collision ahead!
[controller_server-4] [WARN] [1786348735.466751489] [pinky_01.controller_server]: RegulatedPurePursuitController detected collision ahead!
[controller_server-4] [WARN] [1786348735.516686194] [pinky_01.controller_server]: RegulatedPurePursuitController detected collision ahead!
[controller_server-4] [WARN] [1786348736.066847237] [pinky_01.controller_server]: RegulatedPurePursuitController detected collision ahead!
[controller_server-4] [WARN] [1786348736.116613742] [pinky_01.controller_server]: RegulatedPurePursuitController detected collision ahead!
[controller_server-4] [WARN] [1786348736.566731520] [pinky_01.controller_server]: RegulatedPurePursuitController detected collision ahead!
[controller_server-4] [WARN] [1786348736.616089516] [pinky_01.controller_server]: RegulatedPurePursuitController detected collision ahead!
[controller_server-4] [WARN] [1786348736.666185439] [pinky_01.controller_server]: RegulatedPurePursuitController detected collision ahead!
[controller_server-4] [WARN] [1786348736.716169417] [pinky_01.controller_server]: RegulatedPurePursuitController detected collision ahead!
[controller_server-4] [WARN] [1786348737.166078904] [pinky_01.controller_server]: RegulatedPurePursuitController detected collision ahead!
[controller_server-4] [WARN] [1786348737.216062249] [pinky_01.controller_server]: RegulatedPurePursuitController detected collision ahead!
[controller_server-4] [WARN] [1786348737.266081674] [pinky_01.controller_server]: RegulatedPurePursuitController detected collision ahead!
[controller_server-4] [WARN] [1786348737.316057326] [pinky_01.controller_server]: RegulatedPurePursuitController detected collision ahead!
[controller_server-4] [WARN] [1786348737.366061762] [pinky_01.controller_server]: RegulatedPurePursuitController detected collision ahead!
[controller_server-4] [WARN] [1786348737.416127430] [pinky_01.controller_server]: RegulatedPurePursuitController detected collision ahead!
[controller_server-4] [WARN] [1786348737.466166889] [pinky_01.controller_server]: RegulatedPurePursuitController detected collision ahead!
[controller_server-4] [ERROR] [1786348737.466212620] [pinky_01.controller_server]: Controller patience exceeded
[controller_server-4] [WARN] [1786348737.466299883] [pinky_01.controller_server]: [follow_path] [ActionServer] Aborting handle.
[controller_server-4] [WARN] [1786348737.556622780] [pinky_01.controller_server]: Control loop missed its desired rate of 20.0000 Hz. Current loop rate is 14.2857 Hz.
[controller_server-4] [WARN] [1786348738.106959598] [pinky_01.controller_server]: RegulatedPurePursuitController detected collision ahead!
