=== 2026-08-14 15:56:36 project1-ver2 실행 ===
Gazebo 창: true · RViz: false · ROS_DOMAIN_ID: 22
월드에 센서 시스템을 넣었습니다: gz::sim::systems::Sensors, gz::sim::systems::Imu
월드의 충돌 검출기를 bullet 으로 바꿨습니다.
[1/3] Gazebo bringup
[INFO] [launch]: All log files can be found below /home/gyi/.ros/log/2026-08-14-15-56-38-030213-gyi-15UD50T-GX5JK-438317
[INFO] [launch]: Default logging verbosity is set to INFO
[INFO] [gazebo-1]: process started with pid [438393]
[INFO] [gazebo-2]: process started with pid [438394]
[INFO] [robot_state_publisher-3]: process started with pid [438395]
[INFO] [joint_state_publisher-4]: process started with pid [438396]
[INFO] [create-5]: process started with pid [438398]
[INFO] [robot_state_publisher-6]: process started with pid [438400]
[INFO] [create-7]: process started with pid [438401]
[INFO] [spawner-8]: process started with pid [438402]
[INFO] [spawner-9]: process started with pid [438403]
[INFO] [spawner-10]: process started with pid [438404]
[INFO] [parameter_bridge-11]: process started with pid [438405]
[robot_state_publisher-3] [INFO] [1786690599.703383643] [pinky_01.robot_state_publisher]: Robot initialized
[robot_state_publisher-6] [INFO] [1786690599.713406172] [omx_01.robot_state_publisher]: Robot initialized
[create-5] [INFO] [1786690599.721816820] [pinky_01.ros_gz_sim]: Requesting list of world names.
[create-7] [INFO] [1786690599.724668004] [omx_01.ros_gz_sim]: Requesting list of world names.
[gazebo-1] [1;33mWarning [Utils.cc:132][0m [/sdf/world[@name="sim_world"]/gui/window:/home/gyi/robosapiens/rmf_maps/project1-ver2/project1-ver2.world:L34]: XML Element[window], child of element[gui], not defined in SDF. Copying[window] as children of [gui].
[gazebo-2] inotify_add_watch(/home/gyi/.config/ibus/bus/59f08e6037ad4e6a8623017e1c5e4353-unix-wayland-0) failed: (No space left on device)
[gazebo-2] [1;33m[GUI] [Wrn] [Application.cc:908] [0m[1;33m[QT] file:///usr/lib/x86_64-linux-gnu/qt5/qml/QtQuick/Dialogs/DefaultFileDialog.qml:413:17: QML ToolButton: Binding loop detected for property "implicitHeight"[0m[1;33m[0m
[gazebo-2] [1;33m[GUI] [Wrn] [Application.cc:908] [0m[1;33m[QT] file:///usr/lib/x86_64-linux-gnu/qt5/qml/QtQuick/Dialogs/DefaultFileDialog.qml:309:21: QML Button: Binding loop detected for property "implicitHeight"[0m[1;33m[0m
  ↑ 같은 줄 1번 더
[spawner-9] [INFO] [1786690600.219098521] [omx_01.spawner_arm_controller]: waiting for service /omx_01/controller_manager/list_controllers to become available...
[gazebo-2] [1;33m[GUI] [Wrn] [Application.cc:908] [0m[1;33m[QT] file:///usr/lib/x86_64-linux-gnu/qt5/qml/QtQuick/Dialogs/DefaultFileDialog.qml:413:17: QML ToolButton: Binding loop detected for property "implicitHeight"[0m[1;33m[0m
[gazebo-2] [1;33m[GUI] [Wrn] [Application.cc:908] [0m[1;33m[QT] file:///usr/lib/x86_64-linux-gnu/qt5/qml/QtQuick/Dialogs/DefaultFileDialog.qml:309:21: QML Button: Binding loop detected for property "implicitHeight"[0m[1;33m[0m
  ↑ 같은 줄 1번 더
[joint_state_publisher-4] [INFO] [1786690600.258877866] [pinky_01.joint_state_publisher]: Waiting for robot_description to be published on the robot_description topic...
[gazebo-2] [1;33m[GUI] [Wrn] [Application.cc:908] [0m[1;33m[QT] file:///usr/lib/x86_64-linux-gnu/qt5/qml/QtQuick/Dialogs/DefaultFileDialog.qml:413:17: QML ToolButton: Binding loop detected for property "implicitHeight"[0m[1;33m[0m
[gazebo-2] [1;33m[GUI] [Wrn] [Application.cc:908] [0m[1;33m[QT] file:///usr/lib/x86_64-linux-gnu/qt5/qml/QtQuick/Dialogs/DefaultFileDialog.qml:309:21: QML Button: Binding loop detected for property "implicitHeight"[0m[1;33m[0m
  ↑ 같은 줄 1번 더
[gazebo-1] [INFO] [1786690600.316560352] [rmf_simulation_door_manager]: Loading DoorManager
[gazebo-1] [INFO] [1786690600.348120506] [rmf_simulation_lift_manager]: Starting LiftManager
[gazebo-1] [1;33m[Wrn] [SdfEntityCreator.cc:933] [0m[1;33mGazebo does not support Ogre material scripts. See [0m[1;33mhttps://gazebosim.org/api/sim/8/migrationsdf.html#:~:text=Materials [0m[1;33mfor details.[0m[1;33m[0m
[gazebo-1] [1;33m[Wrn] [SdfEntityCreator.cc:939] [0m[1;33mCustom material scripts are not supported.[0m[1;33m[0m
[gazebo-1] [1;33m[Wrn] [SdfEntityCreator.cc:933] [0m[1;33mGazebo does not support Ogre material scripts. See [0m[1;33mhttps://gazebosim.org/api/sim/8/migrationsdf.html#:~:text=Materials [0m[1;33mfor details.[0m[1;33m[0m
[gazebo-1] [1;33m[Wrn] [SdfEntityCreator.cc:939] [0m[1;33mCustom material scripts are not supported.[0m[1;33m[0m
[joint_state_publisher-4] [INFO] [1786690600.444588113] [pinky_01.joint_state_publisher]: Got description, configuring robot
[create-7] [INFO] [1786690600.482582277] [omx_01.ros_gz_sim]: Waiting messages on topic [robot_description].
[create-7] [INFO] [1786690600.581472013] [omx_01.ros_gz_sim]: Entity creation successful.
[create-5] [INFO] [1786690600.582715689] [pinky_01.ros_gz_sim]: Waiting messages on topic [/pinky_01/robot_description].
[create-5] [INFO] [1786690600.681322333] [pinky_01.ros_gz_sim]: Entity creation successful.
[INFO] [create-7]: process has finished cleanly [pid 438401]
[parameter_bridge-11] [INFO] [1786690600.767438764] [gz_bridge]: Creating GZ->ROS Bridge: [/clock (gz.msgs.Clock) -> /clock (rosgraph_msgs/msg/Clock)] (Lazy 0)
[parameter_bridge-11] [INFO] [1786690600.769331911] [gz_bridge]: Creating GZ->ROS Bridge: [/tf (gz.msgs.Pose_V) -> /tf (tf2_msgs/msg/TFMessage)] (Lazy 0)
[parameter_bridge-11] [INFO] [1786690600.772526378] [gz_bridge]: Creating GZ->ROS Bridge: [/pinky_01/odom (gz.msgs.Odometry) -> /pinky_01/odom (nav_msgs/msg/Odometry)] (Lazy 0)
[parameter_bridge-11] [INFO] [1786690600.774625780] [gz_bridge]: Creating ROS->GZ Bridge: [/pinky_01/cmd_vel_smoothed (geometry_msgs/msg/Twist) -> /pinky_01/cmd_vel (gz.msgs.Twist)] (Lazy 0)
[parameter_bridge-11] [INFO] [1786690600.775620124] [gz_bridge]: Creating GZ->ROS Bridge: [/pinky_01/scan (gz.msgs.LaserScan) -> /pinky_01/scan (sensor_msgs/msg/LaserScan)] (Lazy 0)
[parameter_bridge-11] [INFO] [1786690600.777919288] [gz_bridge]: Creating GZ->ROS Bridge: [/pinky_01/joint_states (gz.msgs.Model) -> /pinky_01/joint_states (sensor_msgs/msg/JointState)] (Lazy 0)
[parameter_bridge-11] [INFO] [1786690600.779155938] [gz_bridge]: Creating GZ->ROS Bridge: [/pinky_01/imu_raw (gz.msgs.IMU) -> /pinky_01/imu_raw (sensor_msgs/msg/Imu)] (Lazy 0)
[INFO] [create-5]: process has finished cleanly [pid 438398]
[gazebo-2] [1;33m[GUI] [Wrn] [Application.cc:908] [0m[1;33m[QT] file:///usr/lib/x86_64-linux-gnu/qt5/qml/QtQuick/Dialogs/DefaultFileDialog.qml:413:17: QML ToolButton: Binding loop detected for property "implicitHeight"[0m[1;33m[0m
[gazebo-2] [1;33m[GUI] [Wrn] [Application.cc:908] [0m[1;33m[QT] file:///usr/lib/x86_64-linux-gnu/qt5/qml/QtQuick/Dialogs/DefaultFileDialog.qml:309:21: QML Button: Binding loop detected for property "implicitHeight"[0m[1;33m[0m
  ↑ 같은 줄 1번 더
[gazebo-2] [1;33m[GUI] [Wrn] [Application.cc:908] [0m[1;33m[QT] file::/ComponentInspector/ComponentInspector.qml:251:3: QML Dialog: Binding loop detected for property "implicitHeight"[0m[1;33m[0m
[gazebo-2] [1;33m[GUI] [Wrn] [Application.cc:908] [0m[1;33m[QT] file:///usr/lib/x86_64-linux-gnu/qt5/qml/QtQuick/Dialogs/DefaultFileDialog.qml:413:17: QML ToolButton: Binding loop detected for property "implicitHeight"[0m[1;33m[0m
[gazebo-2] [1;33m[GUI] [Wrn] [Application.cc:908] [0m[1;33m[QT] file:///usr/lib/x86_64-linux-gnu/qt5/qml/QtQuick/Dialogs/DefaultFileDialog.qml:309:21: QML Button: Binding loop detected for property "implicitHeight"[0m[1;33m[0m
  ↑ 같은 줄 1번 더
[gazebo-2] [1;33m[GUI] [Wrn] [Application.cc:908] [0m[1;33m[QT] file::/toggle_floors/toggle_floors.qml:40: ReferenceError: qfloors is not defined[0m[1;33m[0m
[gazebo-2] [1;33m[GUI] [Wrn] [Application.cc:908] [0m[1;33m[QT] file::/WorldStats/WorldStats.qml:53:3: QML RowLayout: Binding loop detected for property "x"[0m[1;33m[0m
[gazebo-2] [1;33m[GUI] [Wrn] [toggle_floors.cpp:221] [0m[1;33mNode for [0m[1;33mproject1-ver2_L1[0m[1;33mwas not found[0m[1;33m[0m
[gazebo-1] [INFO] [1786690601.927035395] [omx_01.gz_ros_control]: [gz_ros2_control] Fixed joint ['world_fixed'] (Entity='38') is skipped.
[gazebo-1] [INFO] [1786690601.933437246] [omx_01.gz_ros_control]: Loading controller_manager
[gazebo-1] [INFO] [1786690601.968341364] [omx_01.controller_manager]: Using ROS clock for triggering controller manager cycles.
[gazebo-1] [INFO] [1786690601.972008213] [omx_01.controller_manager]: Subscribing to '/omx_01/robot_description' topic for robot description.
[gazebo-1] [WARN] [1786690601.974741490] [omx_01.gz_ros_control]: Waiting RM to load and initialize hardware...
[gazebo-1] [WARN] [1786690602.971467077] [omx_01.controller_manager]: Waiting for data on 'robot_description' topic to finish initialization
[gazebo-1] [INFO] [1786690603.774760077] [omx_01.controller_manager]: Received robot description from topic.
[gazebo-1] [INFO] [1786690603.774819829] [omx_01.controller_manager]: Enforcing command limits is disabled. Command limits from URDF will be ignored.
[gazebo-1] [INFO] [1786690603.781353086] [omx_01.gz_ros_control]: The position_proportional_gain has been set to: 0.1
[gazebo-1] [INFO] [1786690603.781414067] [omx_01.gz_ros_control]: Loading joint: joint1
[gazebo-1] [INFO] [1786690603.781419468] [omx_01.gz_ros_control]: 	State:
[gazebo-1] [INFO] [1786690603.781423507] [omx_01.gz_ros_control]: 		 position
[gazebo-1] [INFO] [1786690603.781426114] [omx_01.gz_ros_control]: 		 velocity
[gazebo-1] [INFO] [1786690603.781431318] [omx_01.gz_ros_control]: 		 effort
[gazebo-1] [INFO] [1786690603.781433977] [omx_01.gz_ros_control]: 	Command:
[gazebo-1] [INFO] [1786690603.781435903] [omx_01.gz_ros_control]: 		 position
[gazebo-1] [INFO] [1786690603.781445743] [omx_01.gz_ros_control]: Loading joint: joint2
[gazebo-1] [INFO] [1786690603.781447723] [omx_01.gz_ros_control]: 	State:
[gazebo-1] [INFO] [1786690603.781449566] [omx_01.gz_ros_control]: 		 position
[gazebo-1] [INFO] [1786690603.781451439] [omx_01.gz_ros_control]: 		 velocity
[gazebo-1] [INFO] [1786690603.781453764] [omx_01.gz_ros_control]: 		 effort
[gazebo-1] [INFO] [1786690603.781455689] [omx_01.gz_ros_control]: 	Command:
[gazebo-1] [INFO] [1786690603.781457472] [omx_01.gz_ros_control]: 		 position
[gazebo-1] [INFO] [1786690603.781463358] [omx_01.gz_ros_control]: Loading joint: joint3
[gazebo-1] [INFO] [1786690603.781465351] [omx_01.gz_ros_control]: 	State:
[gazebo-1] [INFO] [1786690603.781467016] [omx_01.gz_ros_control]: 		 position
[gazebo-1] [INFO] [1786690603.781468696] [omx_01.gz_ros_control]: 		 velocity
[gazebo-1] [INFO] [1786690603.781470453] [omx_01.gz_ros_control]: 		 effort
[gazebo-1] [INFO] [1786690603.781472936] [omx_01.gz_ros_control]: 	Command:
[gazebo-1] [INFO] [1786690603.781474652] [omx_01.gz_ros_control]: 		 position
[gazebo-1] [INFO] [1786690603.781480098] [omx_01.gz_ros_control]: Loading joint: joint4
[gazebo-1] [INFO] [1786690603.781482034] [omx_01.gz_ros_control]: 	State:
[gazebo-1] [INFO] [1786690603.781483791] [omx_01.gz_ros_control]: 		 position
[gazebo-1] [INFO] [1786690603.781485512] [omx_01.gz_ros_control]: 		 velocity
[gazebo-1] [INFO] [1786690603.781487318] [omx_01.gz_ros_control]: 		 effort
[gazebo-1] [INFO] [1786690603.781488981] [omx_01.gz_ros_control]: 	Command:
[gazebo-1] [INFO] [1786690603.781490639] [omx_01.gz_ros_control]: 		 position
[gazebo-1] [INFO] [1786690603.781499607] [omx_01.gz_ros_control]: Loading joint: gripper_left_joint
[gazebo-1] [INFO] [1786690603.781501852] [omx_01.gz_ros_control]: 	State:
[gazebo-1] [INFO] [1786690603.781503581] [omx_01.gz_ros_control]: 		 position
[gazebo-1] [INFO] [1786690603.781505411] [omx_01.gz_ros_control]: 		 velocity
[gazebo-1] [INFO] [1786690603.781507270] [omx_01.gz_ros_control]: 		 effort
[gazebo-1] [INFO] [1786690603.781509115] [omx_01.gz_ros_control]: 	Command:
[gazebo-1] [INFO] [1786690603.781510807] [omx_01.gz_ros_control]: 		 position
[gazebo-1] [INFO] [1786690603.781516815] [omx_01.gz_ros_control]: Loading joint: gripper_right_joint
[gazebo-1] [INFO] [1786690603.781520034] [omx_01.gz_ros_control]: Joint 'gripper_right_joint'is mimicking joint 'gripper_left_joint' with multiplier: 1 and offset: 0
[gazebo-1] [INFO] [1786690603.781522579] [omx_01.gz_ros_control]: 	State:
[gazebo-1] [INFO] [1786690603.781524462] [omx_01.gz_ros_control]: 		 position
[gazebo-1] [INFO] [1786690603.781526275] [omx_01.gz_ros_control]: 		 velocity
[gazebo-1] [INFO] [1786690603.781529241] [omx_01.gz_ros_control]: 		 effort
[gazebo-1] [INFO] [1786690603.781531183] [omx_01.gz_ros_control]: 	Command:
[gazebo-1] [INFO] [1786690603.781639817] [omx_01.controller_manager]: Initialize hardware 'OpenManipulatorXSystem' 
[gazebo-1] [WARN] [1786690603.781655013] [omx_01.controller_manager.hardware_component.system.OpenManipulatorXSystem]: Executor is not available during hardware component initialization for 'OpenManipulatorXSystem'. Skipping node creation!
[gazebo-1] [INFO] [1786690603.781710162] [omx_01.controller_manager]: Successful initialization of hardware 'OpenManipulatorXSystem'
[gazebo-1] [INFO] [1786690603.781803221] [omx_01.controller_manager]: Activating component 'OpenManipulatorXSystem'.
[gazebo-1] [INFO] [1786690603.781810586] [resource_manager]: 'configure' hardware 'OpenManipulatorXSystem' 
[gazebo-1] [INFO] [1786690603.781814095] [omx_01.gz_ros_control]: System Successfully configured!
[gazebo-1] [INFO] [1786690603.781817367] [resource_manager]: Successful 'configure' of hardware 'OpenManipulatorXSystem'
[gazebo-1] [INFO] [1786690603.781822956] [resource_manager]: 'activate' hardware 'OpenManipulatorXSystem' 
[gazebo-1] [INFO] [1786690603.781832749] [resource_manager]: Successful 'activate' of hardware 'OpenManipulatorXSystem'
[gazebo-1] [WARN] [1786690603.781886074] [omx_01.controller_manager]: Component 'OpenManipulatorXSystem' does not have read or write statistics initialized, skipping registration.
[gazebo-1] [INFO] [1786690603.781890729] [omx_01.controller_manager]: Resource Manager has been successfully initialized. Starting Controller Manager services...
[gazebo-1] [INFO] [1786690603.973350850] [omx_01.controller_manager]: Loading controller : 'arm_controller' of type 'joint_trajectory_controller/JointTrajectoryController'
[gazebo-1] [INFO] [1786690603.973403179] [omx_01.controller_manager]: Loading controller 'arm_controller'
[gazebo-1] [INFO] [1786690603.985774063] [omx_01.controller_manager]: Controller 'arm_controller' node arguments: --ros-args --params-file /home/gyi/robosapiens/robot_model/open_manipulator/install/open_manipulator_bringup/share/open_manipulator_bringup/config/open_manipulator_x/hardware_controller_manager.yaml -p use_sim_time:=true --param use_sim_time:=true 
[gazebo-1] [1;33mWarning [Utils.cc:132][0m [/sdf/model[@name="pinky"]/link[@name="base_footprint"]/sensor[@name="pinky_01/camera"]/gz_frame_id:<urdf-string>:L0]: XML Element[gz_frame_id], child of element[sensor], not defined in SDF. Copying[gz_frame_id] as children of [sensor].
[gazebo-1] [1;33mWarning [Utils.cc:132][0m [/sdf/model[@name="pinky"]/link[@name="base_footprint"]/sensor[@name="pinky_01/imu"]/gz_frame_id:<urdf-string>:L0]: XML Element[gz_frame_id], child of element[sensor], not defined in SDF. Copying[gz_frame_id] as children of [sensor].
[gazebo-1] [1;33mWarning [Utils.cc:132][0m [/sdf/model[@name="pinky"]/link[@name="base_footprint"]/sensor[@name="pinky_01/gpu_lidar"]/gz_frame_id:<urdf-string>:L0]: XML Element[gz_frame_id], child of element[sensor], not defined in SDF. Copying[gz_frame_id] as children of [sensor].
[spawner-9] [INFO] [1786690604.007282367] [omx_01.spawner_arm_controller]: Loaded arm_controller
[gazebo-1] [INFO] [1786690604.008425397] [omx_01.controller_manager]: Configuring controller: 'arm_controller'
[gazebo-1] [INFO] [1786690604.008752902] [omx_01.arm_controller]: No specific joint names are used for command interfaces. Using 'joints' parameter.
[gazebo-1] [INFO] [1786690604.008779924] [omx_01.arm_controller]: Command interfaces are [position] and state interfaces are [position velocity].
[gazebo-1] [INFO] [1786690604.008804629] [omx_01.arm_controller]: Using 'splines' interpolation method.
[gazebo-1] [INFO] [1786690604.017466785] [omx_01.arm_controller]: Goals with partial set of joints are allowed
[gazebo-1] [INFO] [1786690604.017497386] [omx_01.arm_controller]: Action status changes will be monitored at 20.00 Hz.
[gazebo-1] [INFO] [1786690604.023184467] [omx_01.arm_controller]: Setting initial scaling factor to 1.000000
[gazebo-1] [INFO] [1786690604.023216849] [omx_01.arm_controller]: No scaling interface set. This controller will not read speed scaling from the hardware.
[gazebo-1] [INFO] [1786690604.024950300] [omx_01.controller_manager]: Activating controllers: [ arm_controller ]
[gazebo-1] [1;31m[Err] [Physics.cc:1808] [0m[1;31mAttempting to create a mimic constraint for joint [[0m[1;31mgripper_right_joint[0m[1;31m] but the chosen physics engine does not support [0m[1;31mmimic constraints, so no constraint will be [0m[1;31mcreated.[0m[1;31m[0m
[gazebo-1] [1;33m[Wrn] [Component.hh:144] [0m[1;33mTrying to serialize component with data type [[0m[1;33mN2gz3sim11ChargerDataE[0m[1;33m], which doesn't have [0m[1;33m`operator<<`. Component will not be serialized.[0m[1;33m[0m
[gazebo-2] [1;33m[GUI] [Wrn] [EntityComponentManager.cc:1930] [0m[1;33mComponent type [[0m[1;33m1728988591536574887[0m[1;33m] has not been [0m[1;33mregistered in this process, so it can't be deserialized.[0m[1;33m[0m
[gazebo-1] [INFO] [1786690604.249795051] [omx_01.controller_manager]: Successfully switched controllers!
[gazebo-2] [1;33mWarning [Utils.cc:132][0m [/sdf/model[@name="pinky"]/link[@name="base_footprint"]/sensor[@name="pinky_01/camera"]/gz_frame_id:<data-string>:L122]: XML Element[gz_frame_id], child of element[sensor], not defined in SDF. Copying[gz_frame_id] as children of [sensor].
[gazebo-2] [1;33mWarning [Utils.cc:132][0m [/sdf/model[@name="pinky"]/link[@name="base_footprint"]/sensor[@name="pinky_01/imu"]/gz_frame_id:<data-string>:L131]: XML Element[gz_frame_id], child of element[sensor], not defined in SDF. Copying[gz_frame_id] as children of [sensor].
[gazebo-2] [1;33mWarning [Utils.cc:132][0m [/sdf/model[@name="pinky"]/link[@name="base_footprint"]/sensor[@name="pinky_01/gpu_lidar"]/gz_frame_id:<data-string>:L165]: XML Element[gz_frame_id], child of element[sensor], not defined in SDF. Copying[gz_frame_id] as children of [sensor].
[2/3] Open-RMF
[spawner-9] [INFO] [1786690604.394685907] [omx_01.spawner_arm_controller]: Configured and activated arm_controller
[spawner-10] [INFO] [1786690604.533531245] [omx_01.spawner_gripper_controller]: waiting for service /omx_01/controller_manager/list_controllers to become available...
[INFO] [spawner-9]: process has finished cleanly [pid 438403]
[gazebo-1] [INFO] [1786690604.785374551] [omx_01.controller_manager]: Loading controller : 'gripper_controller' of type 'position_controllers/GripperActionController'
[gazebo-1] [INFO] [1786690604.785430858] [omx_01.controller_manager]: Loading controller 'gripper_controller'
[gazebo-1] [INFO] [1786690604.789081594] [omx_01.controller_manager]: Controller 'gripper_controller' node arguments: --ros-args --params-file /home/gyi/robosapiens/robot_model/open_manipulator/install/open_manipulator_bringup/share/open_manipulator_bringup/config/open_manipulator_x/hardware_controller_manager.yaml -p use_sim_time:=true --param use_sim_time:=true 
[gazebo-1] [WARN] [1786690604.799057627] [omx_01.gripper_controller]: [Deprecated]: the `position_controllers/GripperActionController` and `effort_controllers::GripperActionController` controllers are replaced by 'parallel_gripper_controllers/GripperActionController' controller
[INFO] [launch]: All log files can be found below /home/gyi/.ros/log/2026-08-14-15-56-44-816327-gyi-15UD50T-GX5JK-438886
[INFO] [launch]: Default logging verbosity is set to INFO
[INFO] [rmf_traffic_schedule-1]: process started with pid [438939]
[INFO] [rmf_traffic_blockade-2]: process started with pid [438940]
[INFO] [building_map_server-3]: process started with pid [438941]
[INFO] [schedule_visualizer_node-4]: process started with pid [438942]
[INFO] [fleetstates_visualizer_node-5]: process started with pid [438943]
[INFO] [rmf_visualization_building_systems-6]: process started with pid [438944]
[INFO] [navgraph_visualizer_node-7]: process started with pid [438945]
[INFO] [floorplan_visualizer_node-8]: process started with pid [438946]
[INFO] [obstacle_visualizer_node-9]: process started with pid [438947]
[INFO] [door_supervisor-10]: process started with pid [438948]
[INFO] [lift_supervisor-11]: process started with pid [438949]
[INFO] [mutex_group_supervisor-12]: process started with pid [438950]
[INFO] [rmf_task_dispatcher-13]: process started with pid [438951]
[obstacle_visualizer_node-9] [INFO] [1786690605.277674641] [rmf_obstacle_visualizer]: Beginning RMF obstacle visualizer node
[rmf_traffic_schedule-1] [INFO] [1786690605.311053600] [rmf_traffic_schedule_primary]: Successfully loaded logfile .rmf_schedule_node.yaml 
[rmf_traffic_schedule-1] [INFO] [1786690605.315415249] [rmf_traffic_schedule_primary]: Set up heartbeat on /rmf_traffic/heartbeat with liveliness lease duration of 10000 ms and deadline of 10000 ms
[schedule_visualizer_node-4] [INFO] [1786690605.328479326] [schedule_visualizer_node]: Setting parameter rate to 10.000000
[schedule_visualizer_node-4] [INFO] [1786690605.328591152] [schedule_visualizer_node]: Setting parameter path_width to 0.200000
[schedule_visualizer_node-4] [INFO] [1786690605.328613575] [schedule_visualizer_node]: Setting parameter initial_map_name to L1
[schedule_visualizer_node-4] [INFO] [1786690605.328630628] [schedule_visualizer_node]: Setting parameter wait_secs to 10
[schedule_visualizer_node-4] [INFO] [1786690605.328639741] [schedule_visualizer_node]: Setting parameter port to 8006
[schedule_visualizer_node-4] [INFO] [1786690605.328648662] [schedule_visualizer_node]: Setting parameter retained_history_count to 50
[fleetstates_visualizer_node-5] [INFO] [1786690605.342167576] [fleet_states_visualizer]: Configuring fleet_states_visualizer...
[fleetstates_visualizer_node-5] [INFO] [1786690605.342993615] [fleet_states_visualizer]: Setting parameter initial_map_name to L1
[fleetstates_visualizer_node-5] [INFO] [1786690605.343051715] [fleet_states_visualizer]: Setting parameter fleet_state_nose_scale to 0.500000
[rmf_task_dispatcher-13] ~Initializing Dispatcher Node~
[fleetstates_visualizer_node-5] [INFO] [1786690605.384777108] [fleet_states_visualizer]: Running fleet_states_visualizer...
[floorplan_visualizer_node-8] [INFO] [1786690605.714605113] [floorplan_visualizer]: Configuring floorplan_visualizer...
[floorplan_visualizer_node-8] [INFO] [1786690605.714730148] [floorplan_visualizer]: Setting parameter initial_map_name to L1
[rmf_task_dispatcher-13] [INFO] [1786690605.727834265] [rmf_dispatcher_node]:  Declared Time Window Param as: 2.000000 secs
[rmf_task_dispatcher-13] [INFO] [1786690605.727992914] [rmf_dispatcher_node]:  Declared Terminated Tasks Max Size Param as: 100
[rmf_task_dispatcher-13] [INFO] [1786690605.728019662] [rmf_dispatcher_node]:  Declared publish_active_tasks_period as: 2 secs
[rmf_task_dispatcher-13] [INFO] [1786690605.728042040] [rmf_dispatcher_node]:  Use timestamp with task_id: false
[rmf_task_dispatcher-13] [INFO] [1786690605.728064464] [rmf_dispatcher_node]:  Use unique hex string with task_id: true
[rmf_task_dispatcher-13] [INFO] [1786690605.739013891] [rmf_dispatcher_node]: Starting task dispatcher node
[gazebo-1] [1;33m[Wrn] [Ogre2Camera.cc:423] [0m[1;33mOgre2Camera::SetVisibilityMask: Mask bits [0m[1;33mc0000000[0m[1;33m are set but will be ignored as they conflict with the [0m[1;33mreserved bits used internally by the ogre2 backend.[0m[1;33m[0m
[spawner-10] [INFO] [1786690605.950640505] [omx_01.spawner_gripper_controller]: Loaded gripper_controller
[gazebo-1] [INFO] [1786690605.952001303] [omx_01.controller_manager]: Configuring controller: 'gripper_controller'
[gazebo-1] [INFO] [1786690605.952109974] [omx_01.gripper_controller]: Action status changes will be monitored at 20.000000 Hz.
[gazebo-1] [INFO] [1786690605.980546403] [omx_01.controller_manager]: Activating controllers: [ gripper_controller ]
[gazebo-1] [INFO] [1786690606.013599346] [omx_01.controller_manager]: Successfully switched controllers!
[spawner-10] [INFO] [1786690606.049435970] [omx_01.spawner_gripper_controller]: Configured and activated gripper_controller
[floorplan_visualizer_node-8] [INFO] [1786690606.061204260] [floorplan_visualizer]: Running floorplan_visualizer...
[navgraph_visualizer_node-7] [INFO] [1786690606.063209837] [navgraph_visualizer]: Setting parameter initial_map_name to L1
[navgraph_visualizer_node-7] [INFO] [1786690606.064939910] [navgraph_visualizer]: Setting parameter lane_width to 0.120000
[navgraph_visualizer_node-7] [INFO] [1786690606.066903624] [navgraph_visualizer]: Setting parameter lane_transparency to 0.600000
[navgraph_visualizer_node-7] [INFO] [1786690606.067015105] [navgraph_visualizer]: Setting parameter waypoint_scale to 1.000000
[navgraph_visualizer_node-7] [INFO] [1786690606.067080160] [navgraph_visualizer]: Setting parameter text_scale to 0.600000
[rmf_traffic_blockade-2] [INFO] [1786690606.080647193] [rmf_traffic_blockade_node]: Beginning traffic blockade node
[rmf_traffic_schedule-1] [INFO] [1786690606.083313901] [rmf_traffic_schedule_primary]: Beginning traffic schedule node
[navgraph_visualizer_node-7] [INFO] [1786690606.089092143] [navgraph_visualizer]: NavGraph visualizer is running...
[rmf_visualization_building_systems-6] [INFO] [1786690606.146731279] [building_systems_visualizer]: Building systems visualizer started...
[building_map_server-3] [INFO] [1786690606.165446943] [building_map_server]: loading map path: /home/gyi/robosapiens/rmf_maps/project1-ver2/project1-ver2.building.yaml
[building_map_server-3] [INFO] [1786690606.171725184] [building_map_server]: opening: /home/gyi/robosapiens/rmf_maps/project1-ver2/gwanghee.png
[building_map_server-3] [INFO] [1786690606.172471109] [building_map_server]: read 179943 byte image
[building_map_server-3] [INFO] [1786690606.173618464] [building_map_server]: unable to generate GeoJSON for this map.
[building_map_server-3] [INFO] [1786690606.184787703] [building_map_server]: publishing map...
[building_map_server-3] [INFO] [1786690606.186487721] [building_map_server]: ready to serve map: "project1-ver2"  Ctrl+C to exit...
[spawner-8] [INFO] [1786690606.227714821] [omx_01.spawner_joint_state_broadcaster]: waiting for service /omx_01/controller_manager/list_controllers to become available...
[INFO] [spawner-10]: process has finished cleanly [pid 438404]
[rmf_traffic_schedule-1] [INFO] [1786690606.364228826] [rmf_traffic_schedule_primary]: Registered new query [1]
[schedule_visualizer_node-4] [INFO] [1786690606.367331607] [schedule_data_node]: Registering to query topic rmf_traffic/query_update_1
[schedule_visualizer_node-4] [INFO] [1786690606.377015703] [schedule_data_node]: [rmf_traffic_ros2::MirrorManager::request_update] Requesting changes for query ID [1] since beginning of recorded history
[rmf_traffic_schedule-1] [INFO] [1786690606.380824833] [rmf_traffic_schedule_primary]: [ScheduleNode::update_mirrors] Sending remedial update starting from the beginning going to 0 for query 1
[schedule_visualizer_node-4] [INFO] [1786690606.399520370] [schedule_visualizer_node]: Successfully connected to rmf_traffic_schedule node.
[schedule_visualizer_node-4] [INFO] [1786690606.400254638] [schedule_data_node]: Mirror handling new sync of 1 queries from schedule node [5f24bdee-8b28-46d8-9cfe-58a189d862c1]
[gazebo-1] [INFO] [1786690607.730969204] [omx_01.controller_manager]: Loading controller : 'joint_state_broadcaster' of type 'joint_state_broadcaster/JointStateBroadcaster'
[gazebo-1] [INFO] [1786690607.731015280] [omx_01.controller_manager]: Loading controller 'joint_state_broadcaster'
[gazebo-1] [INFO] [1786690607.734817472] [omx_01.controller_manager]: Controller 'joint_state_broadcaster' node arguments: --ros-args --params-file /home/gyi/robosapiens/robot_model/open_manipulator/install/open_manipulator_bringup/share/open_manipulator_bringup/config/open_manipulator_x/hardware_controller_manager.yaml -p use_sim_time:=true --param use_sim_time:=true 
[spawner-8] [INFO] [1786690607.777986434] [omx_01.spawner_joint_state_broadcaster]: Loaded joint_state_broadcaster
[gazebo-1] [INFO] [1786690607.780299945] [omx_01.controller_manager]: Configuring controller: 'joint_state_broadcaster'
[gazebo-1] [INFO] [1786690607.780423562] [omx_01.joint_state_broadcaster]: 'joints' or 'interfaces' parameter is empty. All available state interfaces will be published
[gazebo-1] [INFO] [1786690607.827902728] [omx_01.controller_manager]: Activating controllers: [ joint_state_broadcaster ]
[gazebo-1] [INFO] [1786690607.872711552] [omx_01.controller_manager]: Successfully switched controllers!
[spawner-8] [INFO] [1786690607.929197662] [omx_01.spawner_joint_state_broadcaster]: Configured and activated joint_state_broadcaster
[INFO] [spawner-8]: process has finished cleanly [pid 438402]
[3/3] Nav2 와 RMF 어댑터
[INFO] [launch]: All log files can be found below /home/gyi/.ros/log/2026-08-14-15-56-56-690676-gyi-15UD50T-GX5JK-439483
[INFO] [launch]: Default logging verbosity is set to INFO
[INFO] [map_server-1]: process started with pid [439524]
[INFO] [lifecycle_manager-2]: process started with pid [439525]
[INFO] [amcl-3]: process started with pid [439526]
[INFO] [controller_server-4]: process started with pid [439527]
[INFO] [smoother_server-5]: process started with pid [439528]
[INFO] [planner_server-6]: process started with pid [439529]
[INFO] [behavior_server-7]: process started with pid [439530]
[INFO] [bt_navigator-8]: process started with pid [439531]
[INFO] [waypoint_follower-9]: process started with pid [439532]
[INFO] [velocity_smoother-10]: process started with pid [439533]
[INFO] [lifecycle_manager-11]: process started with pid [439534]
[INFO] [python3-12]: process started with pid [439535]
[INFO] [python3-13]: process started with pid [439536]
[INFO] [python3-14]: process started with pid [439537]
[lifecycle_manager-11] [INFO] [1786690617.075264500] [pinky_01.lifecycle_manager_navigation]: Creating
[lifecycle_manager-2] [INFO] [1786690617.094852417] [lifecycle_manager_map]: Creating
[lifecycle_manager-2] [INFO] [1786690617.101781035] [lifecycle_manager_map]: [34m[1mCreating and initializing lifecycle service clients[0m[0m
[lifecycle_manager-11] [INFO] [1786690617.114860313] [pinky_01.lifecycle_manager_navigation]: [34m[1mCreating and initializing lifecycle service clients[0m[0m
[controller_server-4] [INFO] [1786690617.132239791] [pinky_01.controller_server]: 
[controller_server-4] 	controller_server lifecycle node launched. 
[controller_server-4] 	Waiting on external lifecycle transitions to activate
[controller_server-4] 	See https://design.ros2.org/articles/node_lifecycle.html for more information.
[waypoint_follower-9] [INFO] [1786690617.153438906] [pinky_01.waypoint_follower]: 
[waypoint_follower-9] 	waypoint_follower lifecycle node launched. 
[waypoint_follower-9] 	Waiting on external lifecycle transitions to activate
[waypoint_follower-9] 	See https://design.ros2.org/articles/node_lifecycle.html for more information.
[waypoint_follower-9] [INFO] [1786690617.156405196] [pinky_01.waypoint_follower]: Creating
[bt_navigator-8] [INFO] [1786690617.175316572] [pinky_01.bt_navigator]: 
[bt_navigator-8] 	bt_navigator lifecycle node launched. 
[bt_navigator-8] 	Waiting on external lifecycle transitions to activate
[bt_navigator-8] 	See https://design.ros2.org/articles/node_lifecycle.html for more information.
[bt_navigator-8] [INFO] [1786690617.181801834] [pinky_01.bt_navigator]: Creating
[controller_server-4] [INFO] [1786690617.190635424] [pinky_01.controller_server]: Creating controller server
[behavior_server-7] [INFO] [1786690617.211884305] [pinky_01.behavior_server]: 
[behavior_server-7] 	behavior_server lifecycle node launched. 
[behavior_server-7] 	Waiting on external lifecycle transitions to activate
[behavior_server-7] 	See https://design.ros2.org/articles/node_lifecycle.html for more information.
[controller_server-4] [INFO] [1786690617.260969930] [pinky_01.local_costmap.local_costmap]: 
[controller_server-4] 	local_costmap lifecycle node launched. 
[controller_server-4] 	Waiting on external lifecycle transitions to activate
[controller_server-4] 	See https://design.ros2.org/articles/node_lifecycle.html for more information.
[controller_server-4] [INFO] [1786690617.277719930] [pinky_01.local_costmap.local_costmap]: Creating Costmap
[map_server-1] [INFO] [1786690617.307521492] [map_server]: 
[map_server-1] 	map_server lifecycle node launched. 
[map_server-1] 	Waiting on external lifecycle transitions to activate
[map_server-1] 	See https://design.ros2.org/articles/node_lifecycle.html for more information.
[map_server-1] [INFO] [1786690617.308770000] [map_server]: Creating
[velocity_smoother-10] [INFO] [1786690617.317268085] [pinky_01.velocity_smoother]: 
[velocity_smoother-10] 	velocity_smoother lifecycle node launched. 
[velocity_smoother-10] 	Waiting on external lifecycle transitions to activate
[velocity_smoother-10] 	See https://design.ros2.org/articles/node_lifecycle.html for more information.
[amcl-3] [INFO] [1786690617.332752524] [pinky_01.amcl]: 
[amcl-3] 	amcl lifecycle node launched. 
[amcl-3] 	Waiting on external lifecycle transitions to activate
[amcl-3] 	See https://design.ros2.org/articles/node_lifecycle.html for more information.
[amcl-3] [INFO] [1786690617.340008618] [pinky_01.amcl]: Creating
[planner_server-6] [INFO] [1786690617.357660648] [pinky_01.planner_server]: 
[planner_server-6] 	planner_server lifecycle node launched. 
[planner_server-6] 	Waiting on external lifecycle transitions to activate
[planner_server-6] 	See https://design.ros2.org/articles/node_lifecycle.html for more information.
[planner_server-6] [INFO] [1786690617.377514821] [pinky_01.planner_server]: Creating
[python3-13] /opt/ros/jazzy/lib/python3.12/site-packages/rclpy/node.py:188: RuntimeWarning: Failed to fini rosout publisher: rcl node implementation is invalid, at ./src/rcl/node.c:390
[python3-13]   self.__node = _rclpy.Node(
[planner_server-6] [INFO] [1786690617.443453828] [pinky_01.global_costmap.global_costmap]: 
[planner_server-6] 	global_costmap lifecycle node launched. 
[planner_server-6] 	Waiting on external lifecycle transitions to activate
[planner_server-6] 	See https://design.ros2.org/articles/node_lifecycle.html for more information.
[planner_server-6] [INFO] [1786690617.445469625] [pinky_01.global_costmap.global_costmap]: Creating Costmap
[python3-14] /opt/ros/jazzy/lib/python3.12/site-packages/rclpy/node.py:188: RuntimeWarning: Failed to fini rosout publisher: rcl node implementation is invalid, at ./src/rcl/node.c:390
[python3-14]   self.__node = _rclpy.Node(
[python3-13] Traceback (most recent call last):
[python3-13]   File "/opt/ros/jazzy/lib/python3.12/site-packages/rclpy/node.py", line 188, in __init__
[python3-13]     self.__node = _rclpy.Node(
[python3-13]                   ^^^^^^^^^^^^
[python3-13] ValueError: invalid node name: node name must not contain characters other than alphanumerics or '_', at ./src/rcl/node.c:156
[python3-13] During handling of the above exception, another exception occurred:
[python3-13] Traceback (most recent call last):
[python3-13]   File "/home/gyi/robosapiens/rmf_maps/project1-ver2/project1-ver2_workcell.py", line 224, in <module>
[python3-13]     main()
[python3-13]   File "/home/gyi/robosapiens/rmf_maps/project1-ver2/project1-ver2_workcell.py", line 213, in main
[python3-13]     node = WorkcellAdapter()
[python3-13]            ^^^^^^^^^^^^^^^^^
[python3-13]   File "/home/gyi/robosapiens/rmf_maps/project1-ver2/project1-ver2_workcell.py", line 91, in __init__
[python3-13]     super().__init__('project1-ver2_workcell')
[python3-13]   File "/opt/ros/jazzy/lib/python3.12/site-packages/rclpy/node.py", line 198, in __init__
[python3-13]     validate_node_name(node_name)
[python3-13]   File "/opt/ros/jazzy/lib/python3.12/site-packages/rclpy/validate_node_name.py", line 36, in validate_node_name
[python3-13]     raise InvalidNodeNameException(node_name, error_msg, invalid_index)
[python3-13] rclpy.exceptions.InvalidNodeNameException: Invalid node name: node name must not contain characters other than alphanumerics or '_':
[python3-13]   'project1-ver2_workcell'
[python3-13]            ^
[python3-14] Traceback (most recent call last):
[python3-14]   File "/opt/ros/jazzy/lib/python3.12/site-packages/rclpy/node.py", line 188, in __init__
[python3-14]     self.__node = _rclpy.Node(
[python3-14]                   ^^^^^^^^^^^^
[python3-14] ValueError: invalid node name: node name must not contain characters other than alphanumerics or '_', at ./src/rcl/node.c:156
[python3-14] During handling of the above exception, another exception occurred:
[python3-14] Traceback (most recent call last):
[python3-14]   File "/home/gyi/robosapiens/rmf_maps/project1-ver2/project1-ver2_sensor_relay.py", line 158, in <module>
[python3-14]     main(sys.argv)
[python3-14]   File "/home/gyi/robosapiens/rmf_maps/project1-ver2/project1-ver2_sensor_relay.py", line 143, in main
[python3-14]     node = SensorRelay(args.out)
[python3-14]            ^^^^^^^^^^^^^^^^^^^^^
[python3-14]   File "/home/gyi/robosapiens/rmf_maps/project1-ver2/project1-ver2_sensor_relay.py", line 62, in __init__
[python3-14]     super().__init__('project1-ver2_sensor_relay')
[python3-14]   File "/opt/ros/jazzy/lib/python3.12/site-packages/rclpy/node.py", line 198, in __init__
[python3-14]     validate_node_name(node_name)
[python3-14]   File "/opt/ros/jazzy/lib/python3.12/site-packages/rclpy/validate_node_name.py", line 36, in validate_node_name
[python3-14]     raise InvalidNodeNameException(node_name, error_msg, invalid_index)
[python3-14] rclpy.exceptions.InvalidNodeNameException: Invalid node name: node name must not contain characters other than alphanumerics or '_':
[python3-14]   'project1-ver2_sensor_relay'
[python3-14]            ^
[ERROR] [python3-13]: process has died [pid 439536, exit code 1, cmd 'python3 /home/gyi/robosapiens/rmf_maps/project1-ver2/project1-ver2_workcell.py'].
[ERROR] [python3-14]: process has died [pid 439537, exit code 1, cmd 'python3 /home/gyi/robosapiens/rmf_maps/project1-ver2/project1-ver2_sensor_relay.py -o /tmp/robosapiens_sensors'].
[smoother_server-5] [INFO] [1786690617.933639398] [pinky_01.smoother_server]: 
[smoother_server-5] 	smoother_server lifecycle node launched. 
[smoother_server-5] 	Waiting on external lifecycle transitions to activate
[smoother_server-5] 	See https://design.ros2.org/articles/node_lifecycle.html for more information.
[smoother_server-5] [INFO] [1786690617.940140781] [pinky_01.smoother_server]: Creating smoother server
[python3-12] [retreat_to_charger_interval] value is not provided, default to 10 seconds
[python3-12] Default fleet finishing task set to [nothing]
[python3-12] Maximum delay is not provided, default to 10.0
RMF↔Nav2 어댑터가 떴습니다.
[lifecycle_manager-2] [INFO] [1786690618.535070825] [lifecycle_manager_map]: [34m[1mStarting managed nodes bringup...[0m[0m
[lifecycle_manager-2] [INFO] [1786690618.535123773] [lifecycle_manager_map]: [34m[1mConfiguring map_server[0m[0m
[map_server-1] [INFO] [1786690618.536649210] [map_server]: Configuring
[map_server-1] [INFO] [1786690618.536718850] [map_io]: Loading yaml file: /home/gyi/robosapiens/rmf_maps/project1-ver2/nav2_map/project1-ver2.yaml
[map_server-1] [INFO] [1786690618.537044773] [map_io]: resolution: 0.005994
[map_server-1] [INFO] [1786690618.537055661] [map_io]: origin[0]: -1.23864
[map_server-1] [INFO] [1786690618.537059200] [map_io]: origin[1]: -3.24145
[map_server-1] [INFO] [1786690618.537062068] [map_io]: origin[2]: 0
[map_server-1] [INFO] [1786690618.537064707] [map_io]: free_thresh: 0.196
[map_server-1] [INFO] [1786690618.537067327] [map_io]: occupied_thresh: 0.65
[map_server-1] [INFO] [1786690618.537071285] [map_io]: mode: trinary
[map_server-1] [INFO] [1786690618.537074752] [map_io]: negate: 0
[map_server-1] [INFO] [1786690618.537610818] [map_io]: Loading image_file: /home/gyi/robosapiens/rmf_maps/project1-ver2/nav2_map/project1-ver2.pgm
[map_server-1] [INFO] [1786690618.549748814] [map_io]: Read map /home/gyi/robosapiens/rmf_maps/project1-ver2/nav2_map/project1-ver2.pgm: 800 X 615 map @ 0.005994 m/cell
[lifecycle_manager-2] [INFO] [1786690618.559489229] [lifecycle_manager_map]: [34m[1mActivating map_server[0m[0m
[map_server-1] [INFO] [1786690618.559689224] [map_server]: Activating
[map_server-1] [INFO] [1786690618.560325941] [map_server]: Creating bond (map_server) to lifecycle manager.
[lifecycle_manager-11] [INFO] [1786690618.579944335] [pinky_01.lifecycle_manager_navigation]: [34m[1mStarting managed nodes bringup...[0m[0m
[lifecycle_manager-11] [INFO] [1786690618.579990708] [pinky_01.lifecycle_manager_navigation]: [34m[1mConfiguring amcl[0m[0m
[amcl-3] [INFO] [1786690618.580283233] [pinky_01.amcl]: Configuring
[amcl-3] [INFO] [1786690618.580344351] [pinky_01.amcl]: initTransforms
[amcl-3] [INFO] [1786690618.589706069] [pinky_01.amcl]: initPubSub
[amcl-3] [INFO] [1786690618.598453334] [pinky_01.amcl]: Subscribed to map topic.
[lifecycle_manager-11] [INFO] [1786690618.604614861] [pinky_01.lifecycle_manager_navigation]: [34m[1mConfiguring controller_server[0m[0m
[controller_server-4] [INFO] [1786690618.604870363] [pinky_01.controller_server]: Configuring controller interface
[controller_server-4] [INFO] [1786690618.604894746] [pinky_01.controller_server]: getting progress checker plugins..
[controller_server-4] [INFO] [1786690618.605105613] [pinky_01.controller_server]: getting goal checker plugins..
[controller_server-4] [INFO] [1786690618.605217873] [pinky_01.controller_server]: Controller frequency set to 20.0000Hz
[controller_server-4] [INFO] [1786690618.605267177] [pinky_01.local_costmap.local_costmap]: Configuring
[amcl-3] [INFO] [1786690618.610338591] [pinky_01.amcl]: Received a 800 X 615 map @ 0.006 m/pix
[controller_server-4] [INFO] [1786690618.616192537] [pinky_01.local_costmap.local_costmap]: Using plugin "voxel_layer"
[controller_server-4] [INFO] [1786690618.621560999] [pinky_01.local_costmap.local_costmap]: Subscribed to Topics: scan
[controller_server-4] [INFO] [1786690618.648687352] [pinky_01.local_costmap.local_costmap]: Initialized plugin "voxel_layer"
[controller_server-4] [INFO] [1786690618.648753756] [pinky_01.local_costmap.local_costmap]: Using plugin "inflation_layer"
[controller_server-4] [INFO] [1786690618.653206164] [pinky_01.local_costmap.local_costmap]: Initialized plugin "inflation_layer"
[lifecycle_manager-2] [INFO] [1786690618.668305827] [lifecycle_manager_map]: Server map_server connected with bond.
[lifecycle_manager-2] [INFO] [1786690618.668362955] [lifecycle_manager_map]: [34m[1mManaged nodes are active[0m[0m
[lifecycle_manager-2] [INFO] [1786690618.668371190] [lifecycle_manager_map]: [34m[1mCreating bond timer...[0m[0m
[controller_server-4] [INFO] [1786690618.690024992] [pinky_01.controller_server]: Created progress_checker : progress_checker of type nav2_controller::SimpleProgressChecker
[controller_server-4] [INFO] [1786690618.690298562] [pinky_01.controller_server]: Controller Server has progress_checker  progress checkers available.
[controller_server-4] [INFO] [1786690618.691208934] [pinky_01.controller_server]: Created goal checker : general_goal_checker of type nav2_controller::SimpleGoalChecker
[controller_server-4] [INFO] [1786690618.691838882] [pinky_01.controller_server]: Controller Server has general_goal_checker  goal checkers available.
[controller_server-4] [INFO] [1786690618.693370455] [pinky_01.controller_server]: Created controller : FollowPath of type nav2_regulated_pure_pursuit_controller::RegulatedPurePursuitController
[controller_server-4] [INFO] [1786690618.700611647] [pinky_01.controller_server]: Controller Server has FollowPath  controllers available.
[lifecycle_manager-11] [INFO] [1786690618.714488012] [pinky_01.lifecycle_manager_navigation]: [34m[1mConfiguring smoother_server[0m[0m
[python3-12] [INFO] [1786690618.724445386] [project1_pinky_fleet_adapter]: Parameter [discovery_timeout] set to: 60.000000
[smoother_server-5] [INFO] [1786690619.231353621] [pinky_01.smoother_server]: Configuring smoother server
[smoother_server-5] [INFO] [1786690619.255272838] [pinky_01.smoother_server]: Created smoother : simple_smoother of type nav2_smoother::SimpleSmoother
[smoother_server-5] [INFO] [1786690619.255943683] [pinky_01.smoother_server]: Smoother Server has simple_smoother  smoothers available.
[lifecycle_manager-11] [INFO] [1786690619.268829063] [pinky_01.lifecycle_manager_navigation]: [34m[1mConfiguring planner_server[0m[0m
[planner_server-6] [INFO] [1786690619.269133139] [pinky_01.planner_server]: Configuring
[planner_server-6] [INFO] [1786690619.269175519] [pinky_01.global_costmap.global_costmap]: Configuring
[planner_server-6] [INFO] [1786690619.292177772] [pinky_01.global_costmap.global_costmap]: Using plugin "static_layer"
[planner_server-6] [INFO] [1786690619.297670717] [pinky_01.global_costmap.global_costmap]: Subscribing to the map topic (/nav2_map) with transient local durability
[planner_server-6] [INFO] [1786690619.301067011] [pinky_01.global_costmap.global_costmap]: Initialized plugin "static_layer"
[planner_server-6] [INFO] [1786690619.301113909] [pinky_01.global_costmap.global_costmap]: Using plugin "obstacle_layer"
[planner_server-6] [INFO] [1786690619.302363706] [pinky_01.global_costmap.global_costmap]: Subscribed to Topics: scan
[planner_server-6] [INFO] [1786690619.311507335] [pinky_01.global_costmap.global_costmap]: Initialized plugin "obstacle_layer"
[planner_server-6] [INFO] [1786690619.311557655] [pinky_01.global_costmap.global_costmap]: Using plugin "inflation_layer"
[planner_server-6] [INFO] [1786690619.315327855] [pinky_01.global_costmap.global_costmap]: Initialized plugin "inflation_layer"
[planner_server-6] [INFO] [1786690619.362701396] [pinky_01.global_costmap.global_costmap]: StaticLayer: Resizing costmap to 800 X 615 at 0.005994 m/pix
[planner_server-6] [INFO] [1786690619.363388809] [pinky_01.planner_server]: Created global planner plugin GridBased of type nav2_navfn_planner::NavfnPlanner
[planner_server-6] [INFO] [1786690619.363429907] [pinky_01.planner_server]: Configuring plugin GridBased of type NavfnPlanner
[planner_server-6] [INFO] [1786690619.365309594] [pinky_01.planner_server]: Planner Server has GridBased  planners available.
[lifecycle_manager-11] [INFO] [1786690619.385607577] [pinky_01.lifecycle_manager_navigation]: [34m[1mConfiguring behavior_server[0m[0m
[behavior_server-7] [INFO] [1786690619.385910285] [pinky_01.behavior_server]: Configuring
[behavior_server-7] [INFO] [1786690619.393460057] [pinky_01.behavior_server]: Creating behavior plugin spin of type nav2_behaviors::Spin
[behavior_server-7] [INFO] [1786690619.395695917] [pinky_01.behavior_server]: Creating behavior plugin backup of type nav2_behaviors::BackUp
[behavior_server-7] [INFO] [1786690619.397312703] [pinky_01.behavior_server]: Creating behavior plugin drive_on_heading of type nav2_behaviors::DriveOnHeading
[behavior_server-7] [INFO] [1786690619.399264114] [pinky_01.behavior_server]: Creating behavior plugin assisted_teleop of type nav2_behaviors::AssistedTeleop
[behavior_server-7] [INFO] [1786690619.404224553] [pinky_01.behavior_server]: Creating behavior plugin wait of type nav2_behaviors::Wait
[behavior_server-7] [INFO] [1786690619.417432168] [pinky_01.behavior_server]: Configuring spin
[behavior_server-7] [INFO] [1786690619.433870758] [pinky_01.behavior_server]: Configuring backup
[behavior_server-7] [INFO] [1786690619.449635938] [pinky_01.behavior_server]: Configuring drive_on_heading
[behavior_server-7] [INFO] [1786690619.462947433] [pinky_01.behavior_server]: Configuring assisted_teleop
[behavior_server-7] [INFO] [1786690619.480465080] [pinky_01.behavior_server]: Configuring wait
[lifecycle_manager-11] [INFO] [1786690619.493326938] [pinky_01.lifecycle_manager_navigation]: [34m[1mConfiguring bt_navigator[0m[0m
[bt_navigator-8] [INFO] [1786690619.493643816] [pinky_01.bt_navigator]: Configuring
[rmf_traffic_schedule-1] [INFO] [1786690619.498122358] [rmf_traffic_schedule_primary]: A new mirror is tracking query ID [1]
[schedule_visualizer_node-4] [INFO] [1786690619.498429935] [schedule_data_node]: Mirror handling new sync of 1 queries from schedule node [5f24bdee-8b28-46d8-9cfe-58a189d862c1]
[bt_navigator-8] [INFO] [1786690619.507693787] [pinky_01.bt_navigator]: Creating navigator id navigate_to_pose of type nav2_bt_navigator::NavigateToPoseNavigator
[rmf_traffic_schedule-1] [WARN] [1786690619.598373250] [rmf_traffic_schedule_primary.rclcpp]: failed to send response to /rmf_traffic/register_query (timeout): client will not receive response, at ./src/rmw_response.cpp:153, at ./src/rcl/service.c:400
[bt_navigator-8] [INFO] [1786690619.602788587] [pinky_01.bt_navigator]: Creating navigator id navigate_through_poses of type nav2_bt_navigator::NavigateThroughPosesNavigator
[lifecycle_manager-11] [INFO] [1786690619.646219932] [pinky_01.lifecycle_manager_navigation]: [34m[1mConfiguring waypoint_follower[0m[0m
[waypoint_follower-9] [INFO] [1786690619.646521039] [pinky_01.waypoint_follower]: Configuring
[waypoint_follower-9] [INFO] [1786690619.691215938] [pinky_01.waypoint_follower]: Created waypoint_task_executor : wait_at_waypoint of type nav2_waypoint_follower::WaitAtWaypoint
[lifecycle_manager-11] [INFO] [1786690619.692521101] [pinky_01.lifecycle_manager_navigation]: [34m[1mConfiguring velocity_smoother[0m[0m
[velocity_smoother-10] [INFO] [1786690619.692834806] [pinky_01.velocity_smoother]: Configuring velocity smoother
[lifecycle_manager-11] [INFO] [1786690619.702048086] [pinky_01.lifecycle_manager_navigation]: [34m[1mActivating amcl[0m[0m
[amcl-3] [INFO] [1786690619.702299281] [pinky_01.amcl]: Activating
[amcl-3] [INFO] [1786690619.702341285] [pinky_01.amcl]: initialPoseReceived
[amcl-3] [INFO] [1786690619.702434821] [pinky_01.amcl]: Setting pose (2.720000): 1.185 -1.602 0.000
[amcl-3] [INFO] [1786690619.703036956] [pinky_01.amcl]: Creating bond (amcl) to lifecycle manager.
[lifecycle_manager-11] [INFO] [1786690619.810942187] [pinky_01.lifecycle_manager_navigation]: Server amcl connected with bond.
[lifecycle_manager-11] [INFO] [1786690619.810981896] [pinky_01.lifecycle_manager_navigation]: [34m[1mActivating controller_server[0m[0m
[controller_server-4] [INFO] [1786690619.811282893] [pinky_01.controller_server]: Activating
[controller_server-4] [INFO] [1786690619.811304146] [pinky_01.local_costmap.local_costmap]: Activating
[controller_server-4] [INFO] [1786690619.811308417] [pinky_01.local_costmap.local_costmap]: Checking transform
[controller_server-4] [INFO] [1786690619.811401834] [pinky_01.local_costmap.local_costmap]: start
[controller_server-4] [INFO] [1786690620.013347394] [pinky_01.controller_server]: Activating controller: FollowPath of type regulated_pure_pursuit_controller::RegulatedPurePursuitController
[controller_server-4] [INFO] [1786690620.013379381] [pinky_01.controller_server]: Creating bond (controller_server) to lifecycle manager.
[lifecycle_manager-11] [INFO] [1786690620.122731577] [pinky_01.lifecycle_manager_navigation]: Server controller_server connected with bond.
[lifecycle_manager-11] [INFO] [1786690620.122797852] [pinky_01.lifecycle_manager_navigation]: [34m[1mActivating smoother_server[0m[0m
[smoother_server-5] [INFO] [1786690620.123241690] [pinky_01.smoother_server]: Activating
[smoother_server-5] [INFO] [1786690620.123286290] [pinky_01.smoother_server]: Creating bond (smoother_server) to lifecycle manager.
[amcl-3] [INFO] [1786690620.197027044] [pinky_01.amcl]: createLaserObject
[lifecycle_manager-11] [INFO] [1786690620.231155512] [pinky_01.lifecycle_manager_navigation]: Server smoother_server connected with bond.
[lifecycle_manager-11] [INFO] [1786690620.231201274] [pinky_01.lifecycle_manager_navigation]: [34m[1mActivating planner_server[0m[0m
[planner_server-6] [INFO] [1786690620.231572833] [pinky_01.planner_server]: Activating
[planner_server-6] [INFO] [1786690620.231616262] [pinky_01.global_costmap.global_costmap]: Activating
[planner_server-6] [INFO] [1786690620.231628621] [pinky_01.global_costmap.global_costmap]: Checking transform
[planner_server-6] [INFO] [1786690620.231668359] [pinky_01.global_costmap.global_costmap]: Timed out waiting for transform from pinky_01/base_footprint to map to become available, tf error: Invalid frame ID "map" passed to canTransform argument target_frame - frame does not exist
[planner_server-6] [INFO] [1786690620.731779978] [pinky_01.global_costmap.global_costmap]: Timed out waiting for transform from pinky_01/base_footprint to map to become available, tf error: Lookup would require extrapolation into the past.  Requested time 2.910000 but the earliest data is at time 3.800000, when looking up transform from frame [pinky_01/base_footprint] to frame [map]
[planner_server-6] [INFO] [1786690621.231737406] [pinky_01.global_costmap.global_costmap]: Timed out waiting for transform from pinky_01/base_footprint to map to become available, tf error: Lookup would require extrapolation into the past.  Requested time 2.990000 but the earliest data is at time 3.800000, when looking up transform from frame [pinky_01/base_footprint] to frame [map]
[planner_server-6] [INFO] [1786690621.731734935] [pinky_01.global_costmap.global_costmap]: Timed out waiting for transform from pinky_01/base_footprint to map to become available, tf error: Lookup would require extrapolation into the past.  Requested time 3.090000 but the earliest data is at time 3.800000, when looking up transform from frame [pinky_01/base_footprint] to frame [map]
[planner_server-6] [INFO] [1786690622.231737206] [pinky_01.global_costmap.global_costmap]: Timed out waiting for transform from pinky_01/base_footprint to map to become available, tf error: Lookup would require extrapolation into the past.  Requested time 3.190000 but the earliest data is at time 3.800000, when looking up transform from frame [pinky_01/base_footprint] to frame [map]
[planner_server-6] [INFO] [1786690622.731737512] [pinky_01.global_costmap.global_costmap]: Timed out waiting for transform from pinky_01/base_footprint to map to become available, tf error: Lookup would require extrapolation into the past.  Requested time 3.290000 but the earliest data is at time 3.800000, when looking up transform from frame [pinky_01/base_footprint] to frame [map]
[planner_server-6] [INFO] [1786690623.231697559] [pinky_01.global_costmap.global_costmap]: Timed out waiting for transform from pinky_01/base_footprint to map to become available, tf error: Lookup would require extrapolation into the past.  Requested time 3.390000 but the earliest data is at time 3.800000, when looking up transform from frame [pinky_01/base_footprint] to frame [map]
[planner_server-6] [INFO] [1786690623.731733499] [pinky_01.global_costmap.global_costmap]: Timed out waiting for transform from pinky_01/base_footprint to map to become available, tf error: Lookup would require extrapolation into the past.  Requested time 3.470000 but the earliest data is at time 3.800000, when looking up transform from frame [pinky_01/base_footprint] to frame [map]
[planner_server-6] [INFO] [1786690624.231737658] [pinky_01.global_costmap.global_costmap]: Timed out waiting for transform from pinky_01/base_footprint to map to become available, tf error: Lookup would require extrapolation into the past.  Requested time 3.570000 but the earliest data is at time 3.800000, when looking up transform from frame [pinky_01/base_footprint] to frame [map]
[planner_server-6] [INFO] [1786690624.731732797] [pinky_01.global_costmap.global_costmap]: Timed out waiting for transform from pinky_01/base_footprint to map to become available, tf error: Lookup would require extrapolation into the past.  Requested time 3.670000 but the earliest data is at time 3.800000, when looking up transform from frame [pinky_01/base_footprint] to frame [map]
[planner_server-6] [INFO] [1786690625.231735916] [pinky_01.global_costmap.global_costmap]: Timed out waiting for transform from pinky_01/base_footprint to map to become available, tf error: Lookup would require extrapolation into the past.  Requested time 3.770000 but the earliest data is at time 3.800000, when looking up transform from frame [pinky_01/base_footprint] to frame [map]
[planner_server-6] [INFO] [1786690625.731800607] [pinky_01.global_costmap.global_costmap]: start
[schedule_visualizer_node-4] [INFO] [1786690626.401142657] [schedule_data_node]: Requesting new schedule update because update timed out
[schedule_visualizer_node-4] [INFO] [1786690626.401212282] [schedule_data_node]: [rmf_traffic_ros2::MirrorManager::request_update] Requesting changes for query ID [1] since beginning of recorded history
[rmf_traffic_schedule-1] [INFO] [1786690626.410724705] [rmf_traffic_schedule_primary]: [ScheduleNode::update_mirrors] Sending remedial update starting from the beginning going to 0 for query 1
[planner_server-6] [INFO] [1786690626.784564125] [pinky_01.planner_server]: Activating plugin GridBased of type NavfnPlanner
[planner_server-6] [INFO] [1786690626.786762920] [pinky_01.planner_server]: Creating bond (planner_server) to lifecycle manager.
[lifecycle_manager-11] [INFO] [1786690626.895807647] [pinky_01.lifecycle_manager_navigation]: Server planner_server connected with bond.
[lifecycle_manager-11] [INFO] [1786690626.895857614] [pinky_01.lifecycle_manager_navigation]: [34m[1mActivating behavior_server[0m[0m
[behavior_server-7] [INFO] [1786690626.896332729] [pinky_01.behavior_server]: Activating
[behavior_server-7] [INFO] [1786690626.896363721] [pinky_01.behavior_server]: Activating spin
[behavior_server-7] [INFO] [1786690626.896373480] [pinky_01.behavior_server]: Activating backup
[behavior_server-7] [INFO] [1786690626.896381112] [pinky_01.behavior_server]: Activating drive_on_heading
[behavior_server-7] [INFO] [1786690626.896387428] [pinky_01.behavior_server]: Activating assisted_teleop
[behavior_server-7] [INFO] [1786690626.896394257] [pinky_01.behavior_server]: Activating wait
[behavior_server-7] [INFO] [1786690626.896405488] [pinky_01.behavior_server]: Creating bond (behavior_server) to lifecycle manager.
[lifecycle_manager-11] [INFO] [1786690627.003746640] [pinky_01.lifecycle_manager_navigation]: Server behavior_server connected with bond.
[lifecycle_manager-11] [INFO] [1786690627.003800233] [pinky_01.lifecycle_manager_navigation]: [34m[1mActivating bt_navigator[0m[0m
[bt_navigator-8] [INFO] [1786690627.005184783] [pinky_01.bt_navigator]: Activating
[bt_navigator-8] [INFO] [1786690627.173266257] [pinky_01.bt_navigator]: Creating bond (bt_navigator) to lifecycle manager.
[lifecycle_manager-11] [INFO] [1786690627.280559877] [pinky_01.lifecycle_manager_navigation]: Server bt_navigator connected with bond.
[lifecycle_manager-11] [INFO] [1786690627.280604546] [pinky_01.lifecycle_manager_navigation]: [34m[1mActivating waypoint_follower[0m[0m
[waypoint_follower-9] [INFO] [1786690627.281030222] [pinky_01.waypoint_follower]: Activating
[waypoint_follower-9] [INFO] [1786690627.281066246] [pinky_01.waypoint_follower]: Creating bond (waypoint_follower) to lifecycle manager.
[lifecycle_manager-11] [INFO] [1786690627.389636917] [pinky_01.lifecycle_manager_navigation]: Server waypoint_follower connected with bond.
[lifecycle_manager-11] [INFO] [1786690627.389699703] [pinky_01.lifecycle_manager_navigation]: [34m[1mActivating velocity_smoother[0m[0m
[velocity_smoother-10] [INFO] [1786690627.390150257] [pinky_01.velocity_smoother]: Activating
[velocity_smoother-10] [INFO] [1786690627.390208726] [pinky_01.velocity_smoother]: Creating bond (velocity_smoother) to lifecycle manager.
[lifecycle_manager-11] [INFO] [1786690627.501562341] [pinky_01.lifecycle_manager_navigation]: Server velocity_smoother connected with bond.
[lifecycle_manager-11] [INFO] [1786690627.501622166] [pinky_01.lifecycle_manager_navigation]: [34m[1mManaged nodes are active[0m[0m
[lifecycle_manager-11] [INFO] [1786690627.501636338] [pinky_01.lifecycle_manager_navigation]: [34m[1mCreating bond timer...[0m[0m
[schedule_visualizer_node-4] [INFO] [1786690646.411078390] [schedule_data_node]: Requesting new schedule update because update timed out
[schedule_visualizer_node-4] [INFO] [1786690646.411188584] [schedule_data_node]: [rmf_traffic_ros2::MirrorManager::request_update] Requesting changes for query ID [1] since version [0]
[schedule_visualizer_node-4] [INFO] [1786690666.410997926] [schedule_data_node]: Requesting new schedule update because update timed out
[schedule_visualizer_node-4] [INFO] [1786690666.411069738] [schedule_data_node]: [rmf_traffic_ros2::MirrorManager::request_update] Requesting changes for query ID [1] since beginning of recorded history
[rmf_traffic_schedule-1] [INFO] [1786690666.420767540] [rmf_traffic_schedule_primary]: [ScheduleNode::update_mirrors] Sending remedial update starting from the beginning going to 1 for query 1
[python3-12] Traceback (most recent call last):
[python3-12]   File "/home/gyi/robosapiens/rmf_maps/project1-ver2/project1-ver2_nav2_adapter.py", line 426, in <module>
[python3-12]     main(sys.argv)
[python3-12]   File "/home/gyi/robosapiens/rmf_maps/project1-ver2/project1-ver2_nav2_adapter.py", line 374, in main
[python3-12]     assert adapter, (
[python3-12]            ^^^^^^^
[python3-12] AssertionError: fleet adapter 를 만들지 못했습니다. rmf_traffic_schedule_primary 가 떠 있는지 확인하세요.
[ERROR] [python3-12]: process has died [pid 439535, exit code 1, cmd 'python3 /home/gyi/robosapiens/rmf_maps/project1-ver2/project1-ver2_nav2_adapter.py -c /home/gyi/robosapiens/rmf_maps/project1-ver2/project1_pinky_config.yaml -n /home/gyi/robosapiens/rmf_maps/project1-ver2/nav_graphs/0.yaml -s'].
[INFO] [python3-12]: process started with pid [440922]
[python3-12] [retreat_to_charger_interval] value is not provided, default to 10 seconds
[python3-12] Default fleet finishing task set to [nothing]
[python3-12] Maximum delay is not provided, default to 10.0
[python3-12] [INFO] [1786690685.029548930] [project1_pinky_fleet_adapter]: Parameter [discovery_timeout] set to: 60.000000
RMF↔Nav2 어댑터가 죽었다가 다시 떴습니다.
[schedule_visualizer_node-4] [INFO] [1786690686.421137552] [schedule_data_node]: Requesting new schedule update because update timed out
[schedule_visualizer_node-4] [INFO] [1786690686.421201109] [schedule_data_node]: [rmf_traffic_ros2::MirrorManager::request_update] Requesting changes for query ID [1] since version [1]
[rmf_traffic_schedule-1] [INFO] [1786690687.543847586] [rmf_traffic_schedule_primary]: A new mirror is tracking query ID [1]
[schedule_visualizer_node-4] [INFO] [1786690687.544117310] [schedule_data_node]: Mirror handling new sync of 1 queries from schedule node [5f24bdee-8b28-46d8-9cfe-58a189d862c1]
[python3-12] [INFO] [1786690687.648762322] [project1_pinky_fleet_adapter]: Registering to query topic rmf_traffic/query_update_1
[python3-12] [INFO] [1786690687.696440817] [project1_pinky_fleet_adapter]: Mirror handling new sync of 1 queries from schedule node [5f24bdee-8b28-46d8-9cfe-58a189d862c1]
[python3-12] [WARN] [1786690688.729715885] [project1_pinky_fleet_adapter]: [FleetUpdateHandle::set_retreat_to_charger_interval] This parameter is no longer being used.
[python3-12] [INFO] [1786690688.729781357] [project1_pinky_fleet_adapter]: Fleet [project1_pinky] is configured to perform delivery tasks
[python3-12] [INFO] [1786690688.729799000] [project1_pinky_fleet_adapter]: Fleet [project1_pinky] is configured to perform patrol tasks
[python3-12] [INFO] [1786690688.729866017] [project1_pinky_fleet_adapter]: Finished configuring Easy Full Control adapter for fleet [project1_pinky]
[python3-12] [INFO] [1786690688.772663439] [project1_pinky_nav2_adapter]: project1_pinky 를 Nav2 에 이었습니다. 로봇 1대, 0.10초마다 알립니다.
[python3-12] [INFO] [1786690694.495489586] [project1_pinky_fleet_adapter]: Adding robot [pinky_01] to fleet [project1_pinky].
[python3-12] [INFO] [1786690694.496598292] [project1_pinky_nav2_adapter]: [pinky_01] RMF 에 붙었습니다.
[rmf_traffic_schedule-1] [INFO] [1786690694.498874802] [rmf_traffic_schedule_primary]: Registered participant [0] named [pinky_01] owned by [project1_pinky]
[python3-12] [INFO] [1786690694.519050145] [project1_pinky_fleet_adapter]: Added a robot named [pinky_01] with participant ID [0]
[python3-12] [INFO] [1786690694.525408664] [project1_pinky_fleet_adapter]: Successfully added robot [pinky_01] to the fleet [project1_pinky].
[python3-12] [INFO] [1786690694.525511865] [project1_pinky_fleet_adapter]: Charger waypoint for robot [project1_pinky/pinky_01] set to index [4]
[schedule_visualizer_node-4] [INFO] [1786690706.421132578] [schedule_data_node]: Requesting new schedule update because update timed out
[schedule_visualizer_node-4] [INFO] [1786690706.421176955] [schedule_data_node]: [rmf_traffic_ros2::MirrorManager::request_update] Requesting changes for query ID [1] since beginning of recorded history
[rmf_traffic_schedule-1] [INFO] [1786690706.430801206] [rmf_traffic_schedule_primary]: [ScheduleNode::update_mirrors] Sending remedial update starting from the beginning going to 2 for query 1
[schedule_visualizer_node-4] [INFO] [1786690726.431193712] [schedule_data_node]: Requesting new schedule update because update timed out
[schedule_visualizer_node-4] [INFO] [1786690726.431241547] [schedule_data_node]: [rmf_traffic_ros2::MirrorManager::request_update] Requesting changes for query ID [1] since version [2]
[python3-12] [INFO] [1786690726.431554525] [project1_pinky_fleet_adapter]: Requesting new schedule update because update timed out
[python3-12] [INFO] [1786690726.431598622] [project1_pinky_fleet_adapter]: [rmf_traffic_ros2::MirrorManager::request_update] Requesting changes for query ID [1] since version [2]
[schedule_visualizer_node-4] [INFO] [1786690746.431207647] [schedule_data_node]: Requesting new schedule update because update timed out
[schedule_visualizer_node-4] [INFO] [1786690746.431260803] [schedule_data_node]: [rmf_traffic_ros2::MirrorManager::request_update] Requesting changes for query ID [1] since beginning of recorded history
[python3-12] [INFO] [1786690746.431674855] [project1_pinky_fleet_adapter]: Requesting new schedule update because update timed out
[python3-12] [INFO] [1786690746.431726235] [project1_pinky_fleet_adapter]: [rmf_traffic_ros2::MirrorManager::request_update] Requesting changes for query ID [1] since beginning of recorded history
[rmf_traffic_schedule-1] [INFO] [1786690746.440761209] [rmf_traffic_schedule_primary]: [ScheduleNode::update_mirrors] Sending remedial update starting from the beginning going to 3 for query 1
[schedule_visualizer_node-4] [INFO] [1786690766.441075605] [schedule_data_node]: Requesting new schedule update because update timed out
[schedule_visualizer_node-4] [INFO] [1786690766.441166228] [schedule_data_node]: [rmf_traffic_ros2::MirrorManager::request_update] Requesting changes for query ID [1] since version [3]
[python3-12] [INFO] [1786690766.441898997] [project1_pinky_fleet_adapter]: Requesting new schedule update because update timed out
[python3-12] [INFO] [1786690766.441957414] [project1_pinky_fleet_adapter]: [rmf_traffic_ros2::MirrorManager::request_update] Requesting changes for query ID [1] since version [3]
[schedule_visualizer_node-4] [INFO] [1786690786.441064525] [schedule_data_node]: Requesting new schedule update because update timed out
[schedule_visualizer_node-4] [INFO] [1786690786.441121696] [schedule_data_node]: [rmf_traffic_ros2::MirrorManager::request_update] Requesting changes for query ID [1] since beginning of recorded history
[python3-12] [INFO] [1786690786.441768736] [project1_pinky_fleet_adapter]: Requesting new schedule update because update timed out
[python3-12] [INFO] [1786690786.441810794] [project1_pinky_fleet_adapter]: [rmf_traffic_ros2::MirrorManager::request_update] Requesting changes for query ID [1] since beginning of recorded history
[rmf_traffic_schedule-1] [INFO] [1786690786.450725381] [rmf_traffic_schedule_primary]: [ScheduleNode::update_mirrors] Sending remedial update starting from the beginning going to 4 for query 1
[schedule_visualizer_node-4] [INFO] [1786690806.451034030] [schedule_data_node]: Requesting new schedule update because update timed out
[schedule_visualizer_node-4] [INFO] [1786690806.451093398] [schedule_data_node]: [rmf_traffic_ros2::MirrorManager::request_update] Requesting changes for query ID [1] since version [4]
[python3-12] [INFO] [1786690806.451842488] [project1_pinky_fleet_adapter]: Requesting new schedule update because update timed out
[python3-12] [INFO] [1786690806.451897003] [project1_pinky_fleet_adapter]: [rmf_traffic_ros2::MirrorManager::request_update] Requesting changes for query ID [1] since version [4]
[schedule_visualizer_node-4] [INFO] [1786690826.451039500] [schedule_data_node]: Requesting new schedule update because update timed out
[schedule_visualizer_node-4] [INFO] [1786690826.451119695] [schedule_data_node]: [rmf_traffic_ros2::MirrorManager::request_update] Requesting changes for query ID [1] since beginning of recorded history
[python3-12] [INFO] [1786690826.452004902] [project1_pinky_fleet_adapter]: Requesting new schedule update because update timed out
[python3-12] [INFO] [1786690826.452072971] [project1_pinky_fleet_adapter]: [rmf_traffic_ros2::MirrorManager::request_update] Requesting changes for query ID [1] since beginning of recorded history
[rmf_traffic_schedule-1] [INFO] [1786690826.460730523] [rmf_traffic_schedule_primary]: [ScheduleNode::update_mirrors] Sending remedial update starting from the beginning going to 4 for query 1
[schedule_visualizer_node-4] [INFO] [1786690846.461054505] [schedule_data_node]: Requesting new schedule update because update timed out
[schedule_visualizer_node-4] [INFO] [1786690846.461132401] [schedule_data_node]: [rmf_traffic_ros2::MirrorManager::request_update] Requesting changes for query ID [1] since version [4]
[python3-12] [INFO] [1786690846.461672544] [project1_pinky_fleet_adapter]: Requesting new schedule update because update timed out
[python3-12] [INFO] [1786690846.461721143] [project1_pinky_fleet_adapter]: [rmf_traffic_ros2::MirrorManager::request_update] Requesting changes for query ID [1] since version [4]
[schedule_visualizer_node-4] [INFO] [1786690866.461048871] [schedule_data_node]: Requesting new schedule update because update timed out
[schedule_visualizer_node-4] [INFO] [1786690866.461116465] [schedule_data_node]: [rmf_traffic_ros2::MirrorManager::request_update] Requesting changes for query ID [1] since beginning of recorded history
[python3-12] [INFO] [1786690866.461609845] [project1_pinky_fleet_adapter]: Requesting new schedule update because update timed out
[python3-12] [INFO] [1786690866.461666501] [project1_pinky_fleet_adapter]: [rmf_traffic_ros2::MirrorManager::request_update] Requesting changes for query ID [1] since beginning of recorded history
[rmf_traffic_schedule-1] [INFO] [1786690866.470725920] [rmf_traffic_schedule_primary]: [ScheduleNode::update_mirrors] Sending remedial update starting from the beginning going to 5 for query 1
[python3-12] [INFO] [1786690872.062081395] [project1_pinky_fleet_adapter]: Direct request [rmf_control_ui-6dc82238] successfully queued for robot [pinky_01]
[python3-12] [INFO] [1786690872.062983035] [project1_pinky_fleet_adapter]: Beginning next task [rmf_control_ui-6dc82238] for robot [project1_pinky/pinky_01]
[python3-12] [INFO] [1786690872.064296150] [project1_pinky_fleet_adapter]: Selecting a new go_to_place location from [1] choices for robot [project1_pinky/pinky_01]
[python3-12] [INFO] [1786690872.064362704] [project1_pinky_fleet_adapter]: Got distance from [11] as 0.422339
[python3-12] [INFO] [1786690872.064511020] [project1_pinky_fleet_adapter]: Planning for [project1_pinky/pinky_01] to [픽업3] from one of these locations:
[python3-12]  -- L1 < 1.18465 -1.60222> [대기4] | on waypoint | orientation -6.04198e-11
[python3-12] [INFO] [1786690872.065463636] [project1_pinky_fleet_adapter]: Beginning new task [rmf_control_ui-6dc82238] for [project1_pinky/pinky_01]. Remaining queue size: 0
[python3-12] [INFO] [1786690872.066641046] [project1_pinky_fleet_adapter]: Executing final go_to_place [픽업3] for robot [project1_pinky/pinky_01]
[python3-12] [INFO] [1786690872.067511365] [project1_pinky_fleet_adapter]: [project1_pinky/pinky_01] Moving to [place:픽업3] via
[python3-12]  -- t=0 #7 <     1.18465     -1.60222 -1.05452e-12> yaw=-6.04198e-11 approach lanes:
[python3-12]  -- t=1.51211 #7 < 1.18465 -1.60222 -1.56504> yaw=-89.67 approach lanes:
[python3-12]  -- t=2.25445 #11 < 1.18659 -1.94009 -1.56504> yaw=-89.67 approach lanes: 23
[python3-12] [INFO] [1786690872.073325367] [project1_pinky_nav2_adapter]: [pinky_01] -> (1.187, -1.940, -90도) 지도 [L1]
[bt_navigator-8] [INFO] [1786690872.080991373] [pinky_01.bt_navigator]: Begin navigating from current location (1.18, -1.60) to (1.19, -1.94)
[controller_server-4] [INFO] [1786690872.103246810] [pinky_01.controller_server]: Received a goal, begin computing control effort.
[controller_server-4] [WARN] [1786690872.103331146] [pinky_01.controller_server]: No goal checker was specified in parameter 'current_goal_checker'. Server will use only plugin loaded general_goal_checker . This warning will appear once.
[controller_server-4] [WARN] [1786690872.103355457] [pinky_01.controller_server]: No progress checker was specified in parameter 'current_progress_checker'. Server will use only plugin loaded progress_checker . This warning will appear once.
[parameter_bridge-11] [INFO] [1786690872.142809613] [gz_bridge]: Passing message from ROS geometry_msgs/msg/Twist to Gazebo gz.msgs.Twist (showing msg only once per type)
[controller_server-4] [INFO] [1786690873.153494914] [pinky_01.controller_server]: Passing new path to controller.
  ↑ 같은 줄 13번 더
[controller_server-4] [INFO] [1786690886.753988066] [pinky_01.controller_server]: Reached the goal!
[bt_navigator-8] [INFO] [1786690886.781447867] [pinky_01.bt_navigator]: Goal succeeded
[python3-12] [INFO] [1786690886.782451394] [project1_pinky_nav2_adapter]: [pinky_01] 도착했습니다.
[python3-12] [INFO] [1786690886.784583183] [project1_pinky_nav2_adapter]: [pinky_01] 동작 [armLoad] → 워크셀 [픽업3] 요청 (pinky_01-786d2f70-d3bd-4004-ab32-1c525180656d)
[schedule_visualizer_node-4] [INFO] [1786690926.091388620] [schedule_data_node]: Requesting new schedule update because update timed out
[schedule_visualizer_node-4] [INFO] [1786690926.091449289] [schedule_data_node]: [rmf_traffic_ros2::MirrorManager::request_update] Requesting changes for query ID [1] since version [23]
[python3-12] [INFO] [1786690926.092077384] [project1_pinky_fleet_adapter]: Requesting new schedule update because update timed out
[python3-12] [INFO] [1786690926.092120002] [project1_pinky_fleet_adapter]: [rmf_traffic_ros2::MirrorManager::request_update] Requesting changes for query ID [1] since version [23]
[schedule_visualizer_node-4] [INFO] [1786690946.091400221] [schedule_data_node]: Requesting new schedule update because update timed out
[schedule_visualizer_node-4] [INFO] [1786690946.091471277] [schedule_data_node]: [rmf_traffic_ros2::MirrorManager::request_update] Requesting changes for query ID [1] since beginning of recorded history
[python3-12] [INFO] [1786690946.092246094] [project1_pinky_fleet_adapter]: Requesting new schedule update because update timed out
[python3-12] [INFO] [1786690946.092294544] [project1_pinky_fleet_adapter]: [rmf_traffic_ros2::MirrorManager::request_update] Requesting changes for query ID [1] since beginning of recorded history
[rmf_traffic_schedule-1] [INFO] [1786690946.100873593] [rmf_traffic_schedule_primary]: [ScheduleNode::update_mirrors] Sending remedial update starting from the beginning going to 23 for query 1
[schedule_visualizer_node-4] [INFO] [1786690986.091001307] [schedule_data_node]: Requesting new schedule update because update timed out
[schedule_visualizer_node-4] [INFO] [1786690986.091053026] [schedule_data_node]: [rmf_traffic_ros2::MirrorManager::request_update] Requesting changes for query ID [1] since version [24]
[python3-12] [INFO] [1786690986.091737878] [project1_pinky_fleet_adapter]: Requesting new schedule update because update timed out
[python3-12] [INFO] [1786690986.091783770] [project1_pinky_fleet_adapter]: [rmf_traffic_ros2::MirrorManager::request_update] Requesting changes for query ID [1] since version [24]
[python3-12] [INFO] [1786690988.729671880] [project1_pinky_fleet_adapter]: Cache sizes:
[python3-12]  - DifferentialDrive: 69
[python3-12]  - ShortestPath: 22
[python3-12]  - Euclidean: 0
[schedule_visualizer_node-4] [INFO] [1786691006.091000442] [schedule_data_node]: Requesting new schedule update because update timed out
[schedule_visualizer_node-4] [INFO] [1786691006.091042770] [schedule_data_node]: [rmf_traffic_ros2::MirrorManager::request_update] Requesting changes for query ID [1] since beginning of recorded history
[python3-12] [INFO] [1786691006.091547783] [project1_pinky_fleet_adapter]: Requesting new schedule update because update timed out
[python3-12] [INFO] [1786691006.091583999] [project1_pinky_fleet_adapter]: [rmf_traffic_ros2::MirrorManager::request_update] Requesting changes for query ID [1] since beginning of recorded history
[rmf_traffic_schedule-1] [INFO] [1786691006.100809414] [rmf_traffic_schedule_primary]: [ScheduleNode::update_mirrors] Sending remedial update starting from the beginning going to 24 for query 1
[schedule_visualizer_node-4] [INFO] [1786691046.091011713] [schedule_data_node]: Requesting new schedule update because update timed out
[schedule_visualizer_node-4] [INFO] [1786691046.091058305] [schedule_data_node]: [rmf_traffic_ros2::MirrorManager::request_update] Requesting changes for query ID [1] since version [25]
[python3-12] [INFO] [1786691046.091643089] [project1_pinky_fleet_adapter]: Requesting new schedule update because update timed out
[python3-12] [INFO] [1786691046.091677257] [project1_pinky_fleet_adapter]: [rmf_traffic_ros2::MirrorManager::request_update] Requesting changes for query ID [1] since version [25]
[schedule_visualizer_node-4] [INFO] [1786691066.091060247] [schedule_data_node]: Requesting new schedule update because update timed out
[schedule_visualizer_node-4] [INFO] [1786691066.091099926] [schedule_data_node]: [rmf_traffic_ros2::MirrorManager::request_update] Requesting changes for query ID [1] since beginning of recorded history
[python3-12] [INFO] [1786691066.091598244] [project1_pinky_fleet_adapter]: Requesting new schedule update because update timed out
[python3-12] [INFO] [1786691066.091646210] [project1_pinky_fleet_adapter]: [rmf_traffic_ros2::MirrorManager::request_update] Requesting changes for query ID [1] since beginning of recorded history
[rmf_traffic_schedule-1] [INFO] [1786691066.100776175] [rmf_traffic_schedule_primary]: [ScheduleNode::update_mirrors] Sending remedial update starting from the beginning going to 25 for query 1
[schedule_visualizer_node-4] [INFO] [1786691106.091024743] [schedule_data_node]: Requesting new schedule update because update timed out
[schedule_visualizer_node-4] [INFO] [1786691106.091066470] [schedule_data_node]: [rmf_traffic_ros2::MirrorManager::request_update] Requesting changes for query ID [1] since version [26]
[python3-12] [INFO] [1786691106.091635378] [project1_pinky_fleet_adapter]: Requesting new schedule update because update timed out
[python3-12] [INFO] [1786691106.091676503] [project1_pinky_fleet_adapter]: [rmf_traffic_ros2::MirrorManager::request_update] Requesting changes for query ID [1] since version [26]
[schedule_visualizer_node-4] [INFO] [1786691126.091018093] [schedule_data_node]: Requesting new schedule update because update timed out
[schedule_visualizer_node-4] [INFO] [1786691126.091059720] [schedule_data_node]: [rmf_traffic_ros2::MirrorManager::request_update] Requesting changes for query ID [1] since beginning of recorded history
[python3-12] [INFO] [1786691126.091654707] [project1_pinky_fleet_adapter]: Requesting new schedule update because update timed out
[python3-12] [INFO] [1786691126.091687222] [project1_pinky_fleet_adapter]: [rmf_traffic_ros2::MirrorManager::request_update] Requesting changes for query ID [1] since beginning of recorded history
[rmf_traffic_schedule-1] [INFO] [1786691126.100778158] [rmf_traffic_schedule_primary]: [ScheduleNode::update_mirrors] Sending remedial update starting from the beginning going to 26 for query 1
  ↑ 같은 줄 1번 더
[schedule_visualizer_node-4] [INFO] [1786691166.091016835] [schedule_data_node]: Requesting new schedule update because update timed out
[schedule_visualizer_node-4] [INFO] [1786691166.091061374] [schedule_data_node]: [rmf_traffic_ros2::MirrorManager::request_update] Requesting changes for query ID [1] since version [27]
[python3-12] [INFO] [1786691166.091581939] [project1_pinky_fleet_adapter]: Requesting new schedule update because update timed out
[python3-12] [INFO] [1786691166.091622480] [project1_pinky_fleet_adapter]: [rmf_traffic_ros2::MirrorManager::request_update] Requesting changes for query ID [1] since version [27]
[schedule_visualizer_node-4] [INFO] [1786691186.091025222] [schedule_data_node]: Requesting new schedule update because update timed out
[schedule_visualizer_node-4] [INFO] [1786691186.091069539] [schedule_data_node]: [rmf_traffic_ros2::MirrorManager::request_update] Requesting changes for query ID [1] since beginning of recorded history
[python3-12] [INFO] [1786691186.091594706] [project1_pinky_fleet_adapter]: Requesting new schedule update because update timed out
[python3-12] [INFO] [1786691186.091635740] [project1_pinky_fleet_adapter]: [rmf_traffic_ros2::MirrorManager::request_update] Requesting changes for query ID [1] since beginning of recorded history
[rmf_traffic_schedule-1] [INFO] [1786691186.100818126] [rmf_traffic_schedule_primary]: [ScheduleNode::update_mirrors] Sending remedial update starting from the beginning going to 27 for query 1
[schedule_visualizer_node-4] [INFO] [1786691226.090960356] [schedule_data_node]: Requesting new schedule update because update timed out
[schedule_visualizer_node-4] [INFO] [1786691226.091001413] [schedule_data_node]: [rmf_traffic_ros2::MirrorManager::request_update] Requesting changes for query ID [1] since version [28]
[python3-12] [INFO] [1786691226.091529007] [project1_pinky_fleet_adapter]: Requesting new schedule update because update timed out
[python3-12] [INFO] [1786691226.091574617] [project1_pinky_fleet_adapter]: [rmf_traffic_ros2::MirrorManager::request_update] Requesting changes for query ID [1] since version [28]
[schedule_visualizer_node-4] [INFO] [1786691246.090972251] [schedule_data_node]: Requesting new schedule update because update timed out
[schedule_visualizer_node-4] [INFO] [1786691246.091020437] [schedule_data_node]: [rmf_traffic_ros2::MirrorManager::request_update] Requesting changes for query ID [1] since beginning of recorded history
[python3-12] [INFO] [1786691246.091637380] [project1_pinky_fleet_adapter]: Requesting new schedule update because update timed out
[python3-12] [INFO] [1786691246.091681780] [project1_pinky_fleet_adapter]: [rmf_traffic_ros2::MirrorManager::request_update] Requesting changes for query ID [1] since beginning of recorded history
[rmf_traffic_schedule-1] [INFO] [1786691246.100760656] [rmf_traffic_schedule_primary]: [ScheduleNode::update_mirrors] Sending remedial update starting from the beginning going to 28 for query 1
[schedule_visualizer_node-4] [INFO] [1786691286.091033437] [schedule_data_node]: Requesting new schedule update because update timed out
[schedule_visualizer_node-4] [INFO] [1786691286.091073957] [schedule_data_node]: [rmf_traffic_ros2::MirrorManager::request_update] Requesting changes for query ID [1] since version [29]
[python3-12] [INFO] [1786691286.091456107] [project1_pinky_fleet_adapter]: Requesting new schedule update because update timed out
[python3-12] [INFO] [1786691286.091496884] [project1_pinky_fleet_adapter]: [rmf_traffic_ros2::MirrorManager::request_update] Requesting changes for query ID [1] since version [29]
[python3-12] [INFO] [1786691288.729753940] [project1_pinky_fleet_adapter]: Cache sizes:
[python3-12]  - DifferentialDrive: 69
[python3-12]  - ShortestPath: 22
[python3-12]  - Euclidean: 0
[schedule_visualizer_node-4] [INFO] [1786691306.090997951] [schedule_data_node]: Requesting new schedule update because update timed out
[schedule_visualizer_node-4] [INFO] [1786691306.091041945] [schedule_data_node]: [rmf_traffic_ros2::MirrorManager::request_update] Requesting changes for query ID [1] since beginning of recorded history
[python3-12] [INFO] [1786691306.091486281] [project1_pinky_fleet_adapter]: Requesting new schedule update because update timed out
[python3-12] [INFO] [1786691306.091525792] [project1_pinky_fleet_adapter]: [rmf_traffic_ros2::MirrorManager::request_update] Requesting changes for query ID [1] since beginning of recorded history
[rmf_traffic_schedule-1] [INFO] [1786691306.100796236] [rmf_traffic_schedule_primary]: [ScheduleNode::update_mirrors] Sending remedial update starting from the beginning going to 29 for query 1
[schedule_visualizer_node-4] [INFO] [1786691346.091013365] [schedule_data_node]: Requesting new schedule update because update timed out
[schedule_visualizer_node-4] [INFO] [1786691346.091056570] [schedule_data_node]: [rmf_traffic_ros2::MirrorManager::request_update] Requesting changes for query ID [1] since version [30]
[python3-12] [INFO] [1786691346.091585854] [project1_pinky_fleet_adapter]: Requesting new schedule update because update timed out
[python3-12] [INFO] [1786691346.091624890] [project1_pinky_fleet_adapter]: [rmf_traffic_ros2::MirrorManager::request_update] Requesting changes for query ID [1] since version [30]
[schedule_visualizer_node-4] [INFO] [1786691366.091022020] [schedule_data_node]: Requesting new schedule update because update timed out
[schedule_visualizer_node-4] [INFO] [1786691366.091070008] [schedule_data_node]: [rmf_traffic_ros2::MirrorManager::request_update] Requesting changes for query ID [1] since beginning of recorded history
[python3-12] [INFO] [1786691366.091569717] [project1_pinky_fleet_adapter]: Requesting new schedule update because update timed out
[python3-12] [INFO] [1786691366.091606681] [project1_pinky_fleet_adapter]: [rmf_traffic_ros2::MirrorManager::request_update] Requesting changes for query ID [1] since beginning of recorded history
[rmf_traffic_schedule-1] [INFO] [1786691366.100820210] [rmf_traffic_schedule_primary]: [ScheduleNode::update_mirrors] Sending remedial update starting from the beginning going to 30 for query 1
[schedule_visualizer_node-4] [INFO] [1786691406.090921658] [schedule_data_node]: Requesting new schedule update because update timed out
[schedule_visualizer_node-4] [INFO] [1786691406.090962268] [schedule_data_node]: [rmf_traffic_ros2::MirrorManager::request_update] Requesting changes for query ID [1] since version [31]
[python3-12] [INFO] [1786691406.091418807] [project1_pinky_fleet_adapter]: Requesting new schedule update because update timed out
[python3-12] [INFO] [1786691406.091459452] [project1_pinky_fleet_adapter]: [rmf_traffic_ros2::MirrorManager::request_update] Requesting changes for query ID [1] since version [31]
[schedule_visualizer_node-4] [INFO] [1786691426.090934175] [schedule_data_node]: Requesting new schedule update because update timed out
[schedule_visualizer_node-4] [INFO] [1786691426.090976184] [schedule_data_node]: [rmf_traffic_ros2::MirrorManager::request_update] Requesting changes for query ID [1] since beginning of recorded history
[python3-12] [INFO] [1786691426.091558667] [project1_pinky_fleet_adapter]: Requesting new schedule update because update timed out
[python3-12] [INFO] [1786691426.091596366] [project1_pinky_fleet_adapter]: [rmf_traffic_ros2::MirrorManager::request_update] Requesting changes for query ID [1] since beginning of recorded history
[rmf_traffic_schedule-1] [INFO] [1786691426.100786196] [rmf_traffic_schedule_primary]: [ScheduleNode::update_mirrors] Sending remedial update starting from the beginning going to 31 for query 1
[schedule_visualizer_node-4] [INFO] [1786691466.090992789] [schedule_data_node]: Requesting new schedule update because update timed out
[schedule_visualizer_node-4] [INFO] [1786691466.091035924] [schedule_data_node]: [rmf_traffic_ros2::MirrorManager::request_update] Requesting changes for query ID [1] since version [32]
[python3-12] [INFO] [1786691466.247654031] [project1_pinky_fleet_adapter]: Requesting new schedule update because update timed out
[python3-12] [INFO] [1786691466.247703916] [project1_pinky_fleet_adapter]: [rmf_traffic_ros2::MirrorManager::request_update] Requesting changes for query ID [1] since version [32]
[schedule_visualizer_node-4] [INFO] [1786691486.090993487] [schedule_data_node]: Requesting new schedule update because update timed out
[schedule_visualizer_node-4] [INFO] [1786691486.091038757] [schedule_data_node]: [rmf_traffic_ros2::MirrorManager::request_update] Requesting changes for query ID [1] since beginning of recorded history
[python3-12] [INFO] [1786691486.091453194] [project1_pinky_fleet_adapter]: Requesting new schedule update because update timed out
[python3-12] [INFO] [1786691486.091490627] [project1_pinky_fleet_adapter]: [rmf_traffic_ros2::MirrorManager::request_update] Requesting changes for query ID [1] since beginning of recorded history
[rmf_traffic_schedule-1] [INFO] [1786691486.100808250] [rmf_traffic_schedule_primary]: [ScheduleNode::update_mirrors] Sending remedial update starting from the beginning going to 32 for query 1
[schedule_visualizer_node-4] [INFO] [1786691526.090958143] [schedule_data_node]: Requesting new schedule update because update timed out
[schedule_visualizer_node-4] [INFO] [1786691526.091000294] [schedule_data_node]: [rmf_traffic_ros2::MirrorManager::request_update] Requesting changes for query ID [1] since version [33]
[python3-12] [INFO] [1786691526.091399893] [project1_pinky_fleet_adapter]: Requesting new schedule update because update timed out
[python3-12] [INFO] [1786691526.091440374] [project1_pinky_fleet_adapter]: [rmf_traffic_ros2::MirrorManager::request_update] Requesting changes for query ID [1] since version [33]
[schedule_visualizer_node-4] [INFO] [1786691546.091013657] [schedule_data_node]: Requesting new schedule update because update timed out
[schedule_visualizer_node-4] [INFO] [1786691546.091059960] [schedule_data_node]: [rmf_traffic_ros2::MirrorManager::request_update] Requesting changes for query ID [1] since beginning of recorded history
[python3-12] [INFO] [1786691546.091401326] [project1_pinky_fleet_adapter]: Requesting new schedule update because update timed out
[python3-12] [INFO] [1786691546.091441428] [project1_pinky_fleet_adapter]: [rmf_traffic_ros2::MirrorManager::request_update] Requesting changes for query ID [1] since beginning of recorded history
[rmf_traffic_schedule-1] [INFO] [1786691546.100763952] [rmf_traffic_schedule_primary]: [ScheduleNode::update_mirrors] Sending remedial update starting from the beginning going to 33 for query 1
[schedule_visualizer_node-4] [INFO] [1786691586.090969160] [schedule_data_node]: Requesting new schedule update because update timed out
[schedule_visualizer_node-4] [INFO] [1786691586.091014204] [schedule_data_node]: [rmf_traffic_ros2::MirrorManager::request_update] Requesting changes for query ID [1] since version [34]
[python3-12] [INFO] [1786691586.251799267] [project1_pinky_fleet_adapter]: Requesting new schedule update because update timed out
[python3-12] [INFO] [1786691586.251844787] [project1_pinky_fleet_adapter]: [rmf_traffic_ros2::MirrorManager::request_update] Requesting changes for query ID [1] since version [34]
[python3-12] [INFO] [1786691588.729739760] [project1_pinky_fleet_adapter]: Cache sizes:
[python3-12]  - DifferentialDrive: 69
[python3-12]  - ShortestPath: 22
[python3-12]  - Euclidean: 0
[schedule_visualizer_node-4] [INFO] [1786691606.090955129] [schedule_data_node]: Requesting new schedule update because update timed out
[schedule_visualizer_node-4] [INFO] [1786691606.090987641] [schedule_data_node]: [rmf_traffic_ros2::MirrorManager::request_update] Requesting changes for query ID [1] since beginning of recorded history
[python3-12] [INFO] [1786691606.091443370] [project1_pinky_fleet_adapter]: Requesting new schedule update because update timed out
[python3-12] [INFO] [1786691606.091480675] [project1_pinky_fleet_adapter]: [rmf_traffic_ros2::MirrorManager::request_update] Requesting changes for query ID [1] since beginning of recorded history
[rmf_traffic_schedule-1] [INFO] [1786691606.100758825] [rmf_traffic_schedule_primary]: [ScheduleNode::update_mirrors] Sending remedial update starting from the beginning going to 34 for query 1
[schedule_visualizer_node-4] [INFO] [1786691646.090970780] [schedule_data_node]: Requesting new schedule update because update timed out
[schedule_visualizer_node-4] [INFO] [1786691646.091014452] [schedule_data_node]: [rmf_traffic_ros2::MirrorManager::request_update] Requesting changes for query ID [1] since version [35]
[python3-12] [INFO] [1786691646.291895695] [project1_pinky_fleet_adapter]: Requesting new schedule update because update timed out
[python3-12] [INFO] [1786691646.292354618] [project1_pinky_fleet_adapter]: [rmf_traffic_ros2::MirrorManager::request_update] Requesting changes for query ID [1] since version [35]
[schedule_visualizer_node-4] [INFO] [1786691666.090963774] [schedule_data_node]: Requesting new schedule update because update timed out
[schedule_visualizer_node-4] [INFO] [1786691666.091002994] [schedule_data_node]: [rmf_traffic_ros2::MirrorManager::request_update] Requesting changes for query ID [1] since beginning of recorded history
[python3-12] [INFO] [1786691666.091688749] [project1_pinky_fleet_adapter]: Requesting new schedule update because update timed out
[python3-12] [INFO] [1786691666.091731244] [project1_pinky_fleet_adapter]: [rmf_traffic_ros2::MirrorManager::request_update] Requesting changes for query ID [1] since beginning of recorded history
[rmf_traffic_schedule-1] [INFO] [1786691666.100769136] [rmf_traffic_schedule_primary]: [ScheduleNode::update_mirrors] Sending remedial update starting from the beginning going to 35 for query 1
[schedule_visualizer_node-4] [INFO] [1786691706.091074496] [schedule_data_node]: Requesting new schedule update because update timed out
[schedule_visualizer_node-4] [INFO] [1786691706.091130472] [schedule_data_node]: [rmf_traffic_ros2::MirrorManager::request_update] Requesting changes for query ID [1] since version [36]
[python3-12] [INFO] [1786691706.091547446] [project1_pinky_fleet_adapter]: Requesting new schedule update because update timed out
[python3-12] [INFO] [1786691706.091591088] [project1_pinky_fleet_adapter]: [rmf_traffic_ros2::MirrorManager::request_update] Requesting changes for query ID [1] since version [36]
[schedule_visualizer_node-4] [INFO] [1786691726.091115992] [schedule_data_node]: Requesting new schedule update because update timed out
[schedule_visualizer_node-4] [INFO] [1786691726.091146913] [schedule_data_node]: [rmf_traffic_ros2::MirrorManager::request_update] Requesting changes for query ID [1] since beginning of recorded history
[python3-12] [INFO] [1786691726.091711646] [project1_pinky_fleet_adapter]: Requesting new schedule update because update timed out
[python3-12] [INFO] [1786691726.091750761] [project1_pinky_fleet_adapter]: [rmf_traffic_ros2::MirrorManager::request_update] Requesting changes for query ID [1] since beginning of recorded history
[rmf_traffic_schedule-1] [INFO] [1786691726.100821231] [rmf_traffic_schedule_primary]: [ScheduleNode::update_mirrors] Sending remedial update starting from the beginning going to 36 for query 1
[schedule_visualizer_node-4] [INFO] [1786691766.090913568] [schedule_data_node]: Requesting new schedule update because update timed out
[schedule_visualizer_node-4] [INFO] [1786691766.090966183] [schedule_data_node]: [rmf_traffic_ros2::MirrorManager::request_update] Requesting changes for query ID [1] since version [37]
[python3-12] [INFO] [1786691766.091512522] [project1_pinky_fleet_adapter]: Requesting new schedule update because update timed out
[python3-12] [INFO] [1786691766.091567692] [project1_pinky_fleet_adapter]: [rmf_traffic_ros2::MirrorManager::request_update] Requesting changes for query ID [1] since version [37]
[schedule_visualizer_node-4] [INFO] [1786691786.090932349] [schedule_data_node]: Requesting new schedule update because update timed out
[schedule_visualizer_node-4] [INFO] [1786691786.090980806] [schedule_data_node]: [rmf_traffic_ros2::MirrorManager::request_update] Requesting changes for query ID [1] since beginning of recorded history
[python3-12] [INFO] [1786691786.091281273] [project1_pinky_fleet_adapter]: Requesting new schedule update because update timed out
[python3-12] [INFO] [1786691786.091320603] [project1_pinky_fleet_adapter]: [rmf_traffic_ros2::MirrorManager::request_update] Requesting changes for query ID [1] since beginning of recorded history
[rmf_traffic_schedule-1] [INFO] [1786691786.100779035] [rmf_traffic_schedule_primary]: [ScheduleNode::update_mirrors] Sending remedial update starting from the beginning going to 37 for query 1
[schedule_visualizer_node-4] [INFO] [1786691826.091062532] [schedule_data_node]: Requesting new schedule update because update timed out
[schedule_visualizer_node-4] [INFO] [1786691826.091109167] [schedule_data_node]: [rmf_traffic_ros2::MirrorManager::request_update] Requesting changes for query ID [1] since version [38]
[python3-12] [INFO] [1786691826.309881321] [project1_pinky_fleet_adapter]: Requesting new schedule update because update timed out
[python3-12] [INFO] [1786691826.309922727] [project1_pinky_fleet_adapter]: [rmf_traffic_ros2::MirrorManager::request_update] Requesting changes for query ID [1] since version [38]
[schedule_visualizer_node-4] [INFO] [1786691846.091033858] [schedule_data_node]: Requesting new schedule update because update timed out
[schedule_visualizer_node-4] [INFO] [1786691846.091076730] [schedule_data_node]: [rmf_traffic_ros2::MirrorManager::request_update] Requesting changes for query ID [1] since beginning of recorded history
[python3-12] [INFO] [1786691846.091580072] [project1_pinky_fleet_adapter]: Requesting new schedule update because update timed out
[python3-12] [INFO] [1786691846.091618164] [project1_pinky_fleet_adapter]: [rmf_traffic_ros2::MirrorManager::request_update] Requesting changes for query ID [1] since beginning of recorded history
[rmf_traffic_schedule-1] [INFO] [1786691846.101105600] [rmf_traffic_schedule_primary]: [ScheduleNode::update_mirrors] Sending remedial update starting from the beginning going to 38 for query 1
[schedule_visualizer_node-4] [INFO] [1786691886.090902729] [schedule_data_node]: Requesting new schedule update because update timed out
[schedule_visualizer_node-4] [INFO] [1786691886.090941005] [schedule_data_node]: [rmf_traffic_ros2::MirrorManager::request_update] Requesting changes for query ID [1] since version [39]
[python3-12] [INFO] [1786691886.300789791] [project1_pinky_fleet_adapter]: Requesting new schedule update because update timed out
[python3-12] [INFO] [1786691886.300835789] [project1_pinky_fleet_adapter]: [rmf_traffic_ros2::MirrorManager::request_update] Requesting changes for query ID [1] since version [39]
[python3-12] [INFO] [1786691888.729696074] [project1_pinky_fleet_adapter]: Cache sizes:
[python3-12]  - DifferentialDrive: 69
[python3-12]  - ShortestPath: 22
[python3-12]  - Euclidean: 0
[schedule_visualizer_node-4] [INFO] [1786691906.090903473] [schedule_data_node]: Requesting new schedule update because update timed out
[schedule_visualizer_node-4] [INFO] [1786691906.090939371] [schedule_data_node]: [rmf_traffic_ros2::MirrorManager::request_update] Requesting changes for query ID [1] since beginning of recorded history
[python3-12] [INFO] [1786691906.091500988] [project1_pinky_fleet_adapter]: Requesting new schedule update because update timed out
[python3-12] [INFO] [1786691906.091553353] [project1_pinky_fleet_adapter]: [rmf_traffic_ros2::MirrorManager::request_update] Requesting changes for query ID [1] since beginning of recorded history
[rmf_traffic_schedule-1] [INFO] [1786691906.100744935] [rmf_traffic_schedule_primary]: [ScheduleNode::update_mirrors] Sending remedial update starting from the beginning going to 39 for query 1
[schedule_visualizer_node-4] [INFO] [1786691946.090934984] [schedule_data_node]: Requesting new schedule update because update timed out
[schedule_visualizer_node-4] [INFO] [1786691946.090981743] [schedule_data_node]: [rmf_traffic_ros2::MirrorManager::request_update] Requesting changes for query ID [1] since version [40]
[python3-12] [INFO] [1786691946.091398287] [project1_pinky_fleet_adapter]: Requesting new schedule update because update timed out
[python3-12] [INFO] [1786691946.091440790] [project1_pinky_fleet_adapter]: [rmf_traffic_ros2::MirrorManager::request_update] Requesting changes for query ID [1] since version [40]
[schedule_visualizer_node-4] [INFO] [1786691966.090950956] [schedule_data_node]: Requesting new schedule update because update timed out
[schedule_visualizer_node-4] [INFO] [1786691966.090992992] [schedule_data_node]: [rmf_traffic_ros2::MirrorManager::request_update] Requesting changes for query ID [1] since beginning of recorded history
[python3-12] [INFO] [1786691966.091396593] [project1_pinky_fleet_adapter]: Requesting new schedule update because update timed out
[python3-12] [INFO] [1786691966.091436139] [project1_pinky_fleet_adapter]: [rmf_traffic_ros2::MirrorManager::request_update] Requesting changes for query ID [1] since beginning of recorded history
[rmf_traffic_schedule-1] [INFO] [1786691966.100848094] [rmf_traffic_schedule_primary]: [ScheduleNode::update_mirrors] Sending remedial update starting from the beginning going to 40 for query 1
[schedule_visualizer_node-4] [INFO] [1786692006.090915917] [schedule_data_node]: Requesting new schedule update because update timed out
[schedule_visualizer_node-4] [INFO] [1786692006.090960235] [schedule_data_node]: [rmf_traffic_ros2::MirrorManager::request_update] Requesting changes for query ID [1] since version [41]
[python3-12] [INFO] [1786692006.232141963] [project1_pinky_fleet_adapter]: Requesting new schedule update because update timed out
[python3-12] [INFO] [1786692006.232206425] [project1_pinky_fleet_adapter]: [rmf_traffic_ros2::MirrorManager::request_update] Requesting changes for query ID [1] since version [41]
[schedule_visualizer_node-4] [INFO] [1786692026.090925738] [schedule_data_node]: Requesting new schedule update because update timed out
[schedule_visualizer_node-4] [INFO] [1786692026.090965323] [schedule_data_node]: [rmf_traffic_ros2::MirrorManager::request_update] Requesting changes for query ID [1] since beginning of recorded history
[python3-12] [INFO] [1786692026.091360724] [project1_pinky_fleet_adapter]: Requesting new schedule update because update timed out
[python3-12] [INFO] [1786692026.091399652] [project1_pinky_fleet_adapter]: [rmf_traffic_ros2::MirrorManager::request_update] Requesting changes for query ID [1] since beginning of recorded history
[rmf_traffic_schedule-1] [INFO] [1786692026.100788239] [rmf_traffic_schedule_primary]: [ScheduleNode::update_mirrors] Sending remedial update starting from the beginning going to 41 for query 1
[schedule_visualizer_node-4] [INFO] [1786692066.090938213] [schedule_data_node]: Requesting new schedule update because update timed out
[schedule_visualizer_node-4] [INFO] [1786692066.090978863] [schedule_data_node]: [rmf_traffic_ros2::MirrorManager::request_update] Requesting changes for query ID [1] since version [42]
[python3-12] [INFO] [1786692066.091355697] [project1_pinky_fleet_adapter]: Requesting new schedule update because update timed out
[python3-12] [INFO] [1786692066.091400540] [project1_pinky_fleet_adapter]: [rmf_traffic_ros2::MirrorManager::request_update] Requesting changes for query ID [1] since version [42]
[schedule_visualizer_node-4] [INFO] [1786692086.090935933] [schedule_data_node]: Requesting new schedule update because update timed out
[schedule_visualizer_node-4] [INFO] [1786692086.090975889] [schedule_data_node]: [rmf_traffic_ros2::MirrorManager::request_update] Requesting changes for query ID [1] since beginning of recorded history
[python3-12] [INFO] [1786692086.091336361] [project1_pinky_fleet_adapter]: Requesting new schedule update because update timed out
[python3-12] [INFO] [1786692086.091374509] [project1_pinky_fleet_adapter]: [rmf_traffic_ros2::MirrorManager::request_update] Requesting changes for query ID [1] since beginning of recorded history
[rmf_traffic_schedule-1] [INFO] [1786692086.100746014] [rmf_traffic_schedule_primary]: [ScheduleNode::update_mirrors] Sending remedial update starting from the beginning going to 42 for query 1
[schedule_visualizer_node-4] [INFO] [1786692126.090928415] [schedule_data_node]: Requesting new schedule update because update timed out
[schedule_visualizer_node-4] [INFO] [1786692126.090970512] [schedule_data_node]: [rmf_traffic_ros2::MirrorManager::request_update] Requesting changes for query ID [1] since version [43]
[python3-12] [INFO] [1786692126.333232040] [project1_pinky_fleet_adapter]: Requesting new schedule update because update timed out
[python3-12] [INFO] [1786692126.333277792] [project1_pinky_fleet_adapter]: [rmf_traffic_ros2::MirrorManager::request_update] Requesting changes for query ID [1] since version [43]
[schedule_visualizer_node-4] [INFO] [1786692146.090919733] [schedule_data_node]: Requesting new schedule update because update timed out
[schedule_visualizer_node-4] [INFO] [1786692146.090953667] [schedule_data_node]: [rmf_traffic_ros2::MirrorManager::request_update] Requesting changes for query ID [1] since beginning of recorded history
[python3-12] [INFO] [1786692146.091310309] [project1_pinky_fleet_adapter]: Requesting new schedule update because update timed out
[python3-12] [INFO] [1786692146.091347951] [project1_pinky_fleet_adapter]: [rmf_traffic_ros2::MirrorManager::request_update] Requesting changes for query ID [1] since beginning of recorded history
[rmf_traffic_schedule-1] [INFO] [1786692146.100804571] [rmf_traffic_schedule_primary]: [ScheduleNode::update_mirrors] Sending remedial update starting from the beginning going to 43 for query 1
[schedule_visualizer_node-4] [INFO] [1786692186.090975927] [schedule_data_node]: Requesting new schedule update because update timed out
[schedule_visualizer_node-4] [INFO] [1786692186.091022042] [schedule_data_node]: [rmf_traffic_ros2::MirrorManager::request_update] Requesting changes for query ID [1] since version [44]
[python3-12] [INFO] [1786692186.091375051] [project1_pinky_fleet_adapter]: Requesting new schedule update because update timed out
[python3-12] [INFO] [1786692186.091416080] [project1_pinky_fleet_adapter]: [rmf_traffic_ros2::MirrorManager::request_update] Requesting changes for query ID [1] since version [44]
[python3-12] [INFO] [1786692188.729734472] [project1_pinky_fleet_adapter]: Cache sizes:
[python3-12]  - DifferentialDrive: 69
[python3-12]  - ShortestPath: 22
[python3-12]  - Euclidean: 0
[schedule_visualizer_node-4] [INFO] [1786692206.090969678] [schedule_data_node]: Requesting new schedule update because update timed out
[schedule_visualizer_node-4] [INFO] [1786692206.091016222] [schedule_data_node]: [rmf_traffic_ros2::MirrorManager::request_update] Requesting changes for query ID [1] since beginning of recorded history
[python3-12] [INFO] [1786692206.091868108] [project1_pinky_fleet_adapter]: Requesting new schedule update because update timed out
[python3-12] [INFO] [1786692206.091898920] [project1_pinky_fleet_adapter]: [rmf_traffic_ros2::MirrorManager::request_update] Requesting changes for query ID [1] since beginning of recorded history
[rmf_traffic_schedule-1] [INFO] [1786692206.100816927] [rmf_traffic_schedule_primary]: [ScheduleNode::update_mirrors] Sending remedial update starting from the beginning going to 44 for query 1
[schedule_visualizer_node-4] [INFO] [1786692246.091032042] [schedule_data_node]: Requesting new schedule update because update timed out
[schedule_visualizer_node-4] [INFO] [1786692246.091081579] [schedule_data_node]: [rmf_traffic_ros2::MirrorManager::request_update] Requesting changes for query ID [1] since version [45]
[python3-12] [INFO] [1786692246.091347252] [project1_pinky_fleet_adapter]: Requesting new schedule update because update timed out
[python3-12] [INFO] [1786692246.091394115] [project1_pinky_fleet_adapter]: [rmf_traffic_ros2::MirrorManager::request_update] Requesting changes for query ID [1] since version [45]
[schedule_visualizer_node-4] [INFO] [1786692266.091005104] [schedule_data_node]: Requesting new schedule update because update timed out
[schedule_visualizer_node-4] [INFO] [1786692266.091050320] [schedule_data_node]: [rmf_traffic_ros2::MirrorManager::request_update] Requesting changes for query ID [1] since beginning of recorded history
[python3-12] [INFO] [1786692266.091877607] [project1_pinky_fleet_adapter]: Requesting new schedule update because update timed out
[python3-12] [INFO] [1786692266.091990918] [project1_pinky_fleet_adapter]: [rmf_traffic_ros2::MirrorManager::request_update] Requesting changes for query ID [1] since beginning of recorded history
[rmf_traffic_schedule-1] [INFO] [1786692266.100706563] [rmf_traffic_schedule_primary]: [ScheduleNode::update_mirrors] Sending remedial update starting from the beginning going to 45 for query 1
[schedule_visualizer_node-4] [INFO] [1786692306.090912462] [schedule_data_node]: Requesting new schedule update because update timed out
[schedule_visualizer_node-4] [INFO] [1786692306.090974481] [schedule_data_node]: [rmf_traffic_ros2::MirrorManager::request_update] Requesting changes for query ID [1] since version [46]
[python3-12] [INFO] [1786692306.091705051] [project1_pinky_fleet_adapter]: Requesting new schedule update because update timed out
[python3-12] [INFO] [1786692306.091758363] [project1_pinky_fleet_adapter]: [rmf_traffic_ros2::MirrorManager::request_update] Requesting changes for query ID [1] since version [46]
[schedule_visualizer_node-4] [INFO] [1786692326.090910367] [schedule_data_node]: Requesting new schedule update because update timed out
[schedule_visualizer_node-4] [INFO] [1786692326.090952153] [schedule_data_node]: [rmf_traffic_ros2::MirrorManager::request_update] Requesting changes for query ID [1] since beginning of recorded history
[python3-12] [INFO] [1786692326.091496602] [project1_pinky_fleet_adapter]: Requesting new schedule update because update timed out
[python3-12] [INFO] [1786692326.091542024] [project1_pinky_fleet_adapter]: [rmf_traffic_ros2::MirrorManager::request_update] Requesting changes for query ID [1] since beginning of recorded history
[rmf_traffic_schedule-1] [INFO] [1786692326.100803337] [rmf_traffic_schedule_primary]: [ScheduleNode::update_mirrors] Sending remedial update starting from the beginning going to 46 for query 1
[schedule_visualizer_node-4] [INFO] [1786692366.091027796] [schedule_data_node]: Requesting new schedule update because update timed out
[schedule_visualizer_node-4] [INFO] [1786692366.091075944] [schedule_data_node]: [rmf_traffic_ros2::MirrorManager::request_update] Requesting changes for query ID [1] since version [47]
[python3-12] [INFO] [1786692366.091690054] [project1_pinky_fleet_adapter]: Requesting new schedule update because update timed out
[python3-12] [INFO] [1786692366.091732154] [project1_pinky_fleet_adapter]: [rmf_traffic_ros2::MirrorManager::request_update] Requesting changes for query ID [1] since version [47]
[schedule_visualizer_node-4] [INFO] [1786692386.091032490] [schedule_data_node]: Requesting new schedule update because update timed out
[schedule_visualizer_node-4] [INFO] [1786692386.091073514] [schedule_data_node]: [rmf_traffic_ros2::MirrorManager::request_update] Requesting changes for query ID [1] since beginning of recorded history
[python3-12] [INFO] [1786692386.091621886] [project1_pinky_fleet_adapter]: Requesting new schedule update because update timed out
[python3-12] [INFO] [1786692386.091660225] [project1_pinky_fleet_adapter]: [rmf_traffic_ros2::MirrorManager::request_update] Requesting changes for query ID [1] since beginning of recorded history
[rmf_traffic_schedule-1] [INFO] [1786692386.100772492] [rmf_traffic_schedule_primary]: [ScheduleNode::update_mirrors] Sending remedial update starting from the beginning going to 47 for query 1
[schedule_visualizer_node-4] [INFO] [1786692426.091017843] [schedule_data_node]: Requesting new schedule update because update timed out
[schedule_visualizer_node-4] [INFO] [1786692426.091058534] [schedule_data_node]: [rmf_traffic_ros2::MirrorManager::request_update] Requesting changes for query ID [1] since version [48]
[python3-12] [INFO] [1786692426.091554718] [project1_pinky_fleet_adapter]: Requesting new schedule update because update timed out
[python3-12] [INFO] [1786692426.091590675] [project1_pinky_fleet_adapter]: [rmf_traffic_ros2::MirrorManager::request_update] Requesting changes for query ID [1] since version [48]
[schedule_visualizer_node-4] [INFO] [1786692446.091066900] [schedule_data_node]: Requesting new schedule update because update timed out
[schedule_visualizer_node-4] [INFO] [1786692446.091109598] [schedule_data_node]: [rmf_traffic_ros2::MirrorManager::request_update] Requesting changes for query ID [1] since beginning of recorded history
[python3-12] [INFO] [1786692446.091658967] [project1_pinky_fleet_adapter]: Requesting new schedule update because update timed out
[python3-12] [INFO] [1786692446.091694524] [project1_pinky_fleet_adapter]: [rmf_traffic_ros2::MirrorManager::request_update] Requesting changes for query ID [1] since beginning of recorded history
[rmf_traffic_schedule-1] [INFO] [1786692446.101001055] [rmf_traffic_schedule_primary]: [ScheduleNode::update_mirrors] Sending remedial update starting from the beginning going to 48 for query 1
[schedule_visualizer_node-4] [INFO] [1786692486.090982757] [schedule_data_node]: Requesting new schedule update because update timed out
[schedule_visualizer_node-4] [INFO] [1786692486.091025049] [schedule_data_node]: [rmf_traffic_ros2::MirrorManager::request_update] Requesting changes for query ID [1] since version [49]
[python3-12] [INFO] [1786692486.091694353] [project1_pinky_fleet_adapter]: Requesting new schedule update because update timed out
[python3-12] [INFO] [1786692486.091744874] [project1_pinky_fleet_adapter]: [rmf_traffic_ros2::MirrorManager::request_update] Requesting changes for query ID [1] since version [49]
[python3-12] [INFO] [1786692488.729720847] [project1_pinky_fleet_adapter]: Cache sizes:
[python3-12]  - DifferentialDrive: 69
[python3-12]  - ShortestPath: 22
[python3-12]  - Euclidean: 0
[schedule_visualizer_node-4] [INFO] [1786692506.090985154] [schedule_data_node]: Requesting new schedule update because update timed out
[schedule_visualizer_node-4] [INFO] [1786692506.091027469] [schedule_data_node]: [rmf_traffic_ros2::MirrorManager::request_update] Requesting changes for query ID [1] since beginning of recorded history
[python3-12] [INFO] [1786692506.091567375] [project1_pinky_fleet_adapter]: Requesting new schedule update because update timed out
[python3-12] [INFO] [1786692506.091605236] [project1_pinky_fleet_adapter]: [rmf_traffic_ros2::MirrorManager::request_update] Requesting changes for query ID [1] since beginning of recorded history
[rmf_traffic_schedule-1] [INFO] [1786692506.100766165] [rmf_traffic_schedule_primary]: [ScheduleNode::update_mirrors] Sending remedial update starting from the beginning going to 49 for query 1
[schedule_visualizer_node-4] [INFO] [1786692546.091068942] [schedule_data_node]: Requesting new schedule update because update timed out
[schedule_visualizer_node-4] [INFO] [1786692546.091132484] [schedule_data_node]: [rmf_traffic_ros2::MirrorManager::request_update] Requesting changes for query ID [1] since version [50]
[python3-12] [INFO] [1786692546.092325256] [project1_pinky_fleet_adapter]: Requesting new schedule update because update timed out
[python3-12] [INFO] [1786692546.092389317] [project1_pinky_fleet_adapter]: [rmf_traffic_ros2::MirrorManager::request_update] Requesting changes for query ID [1] since version [50]
[schedule_visualizer_node-4] [INFO] [1786692566.091048193] [schedule_data_node]: Requesting new schedule update because update timed out
[python3-12] [INFO] [1786692566.091870696] [project1_pinky_fleet_adapter]: Requesting new schedule update because update timed out
[schedule_visualizer_node-4] [INFO] [1786692566.091095299] [schedule_data_node]: [rmf_traffic_ros2::MirrorManager::request_update] Requesting changes for query ID [1] since beginning of recorded history
[python3-12] [INFO] [1786692566.091927430] [project1_pinky_fleet_adapter]: [rmf_traffic_ros2::MirrorManager::request_update] Requesting changes for query ID [1] since beginning of recorded history
[rmf_traffic_schedule-1] [INFO] [1786692566.100810626] [rmf_traffic_schedule_primary]: [ScheduleNode::update_mirrors] Sending remedial update starting from the beginning going to 50 for query 1
[schedule_visualizer_node-4] [INFO] [1786692606.091050074] [schedule_data_node]: Requesting new schedule update because update timed out
[schedule_visualizer_node-4] [INFO] [1786692606.091097221] [schedule_data_node]: [rmf_traffic_ros2::MirrorManager::request_update] Requesting changes for query ID [1] since version [51]
[python3-12] [INFO] [1786692606.091685311] [project1_pinky_fleet_adapter]: Requesting new schedule update because update timed out
[python3-12] [INFO] [1786692606.091729103] [project1_pinky_fleet_adapter]: [rmf_traffic_ros2::MirrorManager::request_update] Requesting changes for query ID [1] since version [51]
[schedule_visualizer_node-4] [INFO] [1786692626.091071067] [schedule_data_node]: Requesting new schedule update because update timed out
[schedule_visualizer_node-4] [INFO] [1786692626.091115276] [schedule_data_node]: [rmf_traffic_ros2::MirrorManager::request_update] Requesting changes for query ID [1] since beginning of recorded history
[python3-12] [INFO] [1786692626.091689337] [project1_pinky_fleet_adapter]: Requesting new schedule update because update timed out
[python3-12] [INFO] [1786692626.091725950] [project1_pinky_fleet_adapter]: [rmf_traffic_ros2::MirrorManager::request_update] Requesting changes for query ID [1] since beginning of recorded history
[rmf_traffic_schedule-1] [INFO] [1786692626.100803797] [rmf_traffic_schedule_primary]: [ScheduleNode::update_mirrors] Sending remedial update starting from the beginning going to 51 for query 1
[schedule_visualizer_node-4] [INFO] [1786692666.091189654] [schedule_data_node]: Requesting new schedule update because update timed out
[schedule_visualizer_node-4] [INFO] [1786692666.091233144] [schedule_data_node]: [rmf_traffic_ros2::MirrorManager::request_update] Requesting changes for query ID [1] since version [52]
[python3-12] [INFO] [1786692666.091870996] [project1_pinky_fleet_adapter]: Requesting new schedule update because update timed out
[python3-12] [INFO] [1786692666.091910398] [project1_pinky_fleet_adapter]: [rmf_traffic_ros2::MirrorManager::request_update] Requesting changes for query ID [1] since version [52]
[schedule_visualizer_node-4] [INFO] [1786692686.091152864] [schedule_data_node]: Requesting new schedule update because update timed out
[schedule_visualizer_node-4] [INFO] [1786692686.091198678] [schedule_data_node]: [rmf_traffic_ros2::MirrorManager::request_update] Requesting changes for query ID [1] since beginning of recorded history
[python3-12] [INFO] [1786692686.091735986] [project1_pinky_fleet_adapter]: Requesting new schedule update because update timed out
[python3-12] [INFO] [1786692686.091774400] [project1_pinky_fleet_adapter]: [rmf_traffic_ros2::MirrorManager::request_update] Requesting changes for query ID [1] since beginning of recorded history
[rmf_traffic_schedule-1] [INFO] [1786692686.100779624] [rmf_traffic_schedule_primary]: [ScheduleNode::update_mirrors] Sending remedial update starting from the beginning going to 52 for query 1
[schedule_visualizer_node-4] [INFO] [1786692726.090963032] [schedule_data_node]: Requesting new schedule update because update timed out
[schedule_visualizer_node-4] [INFO] [1786692726.091008027] [schedule_data_node]: [rmf_traffic_ros2::MirrorManager::request_update] Requesting changes for query ID [1] since version [53]
[python3-12] [INFO] [1786692726.091432786] [project1_pinky_fleet_adapter]: Requesting new schedule update because update timed out
[python3-12] [INFO] [1786692726.091473556] [project1_pinky_fleet_adapter]: [rmf_traffic_ros2::MirrorManager::request_update] Requesting changes for query ID [1] since version [53]
[schedule_visualizer_node-4] [INFO] [1786692746.091009446] [schedule_data_node]: Requesting new schedule update because update timed out
[schedule_visualizer_node-4] [INFO] [1786692746.091052648] [schedule_data_node]: [rmf_traffic_ros2::MirrorManager::request_update] Requesting changes for query ID [1] since beginning of recorded history
[python3-12] [INFO] [1786692746.091469921] [project1_pinky_fleet_adapter]: Requesting new schedule update because update timed out
[python3-12] [INFO] [1786692746.091509063] [project1_pinky_fleet_adapter]: [rmf_traffic_ros2::MirrorManager::request_update] Requesting changes for query ID [1] since beginning of recorded history
[rmf_traffic_schedule-1] [INFO] [1786692746.100785864] [rmf_traffic_schedule_primary]: [ScheduleNode::update_mirrors] Sending remedial update starting from the beginning going to 53 for query 1
[schedule_visualizer_node-4] [INFO] [1786692786.090953541] [schedule_data_node]: Requesting new schedule update because update timed out
[schedule_visualizer_node-4] [INFO] [1786692786.090994088] [schedule_data_node]: [rmf_traffic_ros2::MirrorManager::request_update] Requesting changes for query ID [1] since version [54]
[python3-12] [INFO] [1786692786.091679076] [project1_pinky_fleet_adapter]: Requesting new schedule update because update timed out
[python3-12] [INFO] [1786692786.091718604] [project1_pinky_fleet_adapter]: [rmf_traffic_ros2::MirrorManager::request_update] Requesting changes for query ID [1] since version [54]
[python3-12] [INFO] [1786692788.729894799] [project1_pinky_fleet_adapter]: Cache sizes:
[python3-12]  - DifferentialDrive: 69
[python3-12]  - ShortestPath: 22
[python3-12]  - Euclidean: 0
[schedule_visualizer_node-4] [INFO] [1786692806.091004971] [schedule_data_node]: Requesting new schedule update because update timed out
[schedule_visualizer_node-4] [INFO] [1786692806.091046517] [schedule_data_node]: [rmf_traffic_ros2::MirrorManager::request_update] Requesting changes for query ID [1] since beginning of recorded history
[python3-12] [INFO] [1786692806.091444835] [project1_pinky_fleet_adapter]: Requesting new schedule update because update timed out
[python3-12] [INFO] [1786692806.091484598] [project1_pinky_fleet_adapter]: [rmf_traffic_ros2::MirrorManager::request_update] Requesting changes for query ID [1] since beginning of recorded history
[rmf_traffic_schedule-1] [INFO] [1786692806.100745954] [rmf_traffic_schedule_primary]: [ScheduleNode::update_mirrors] Sending remedial update starting from the beginning going to 54 for query 1
[schedule_visualizer_node-4] [INFO] [1786692846.091049691] [schedule_data_node]: Requesting new schedule update because update timed out
[schedule_visualizer_node-4] [INFO] [1786692846.091112158] [schedule_data_node]: [rmf_traffic_ros2::MirrorManager::request_update] Requesting changes for query ID [1] since version [55]
[python3-12] [INFO] [1786692846.091680425] [project1_pinky_fleet_adapter]: Requesting new schedule update because update timed out
[python3-12] [INFO] [1786692846.091719132] [project1_pinky_fleet_adapter]: [rmf_traffic_ros2::MirrorManager::request_update] Requesting changes for query ID [1] since version [55]
[schedule_visualizer_node-4] [INFO] [1786692866.091067132] [schedule_data_node]: Requesting new schedule update because update timed out
[schedule_visualizer_node-4] [INFO] [1786692866.091125755] [schedule_data_node]: [rmf_traffic_ros2::MirrorManager::request_update] Requesting changes for query ID [1] since beginning of recorded history
[python3-12] [INFO] [1786692866.091777825] [project1_pinky_fleet_adapter]: Requesting new schedule update because update timed out
[python3-12] [INFO] [1786692866.091822716] [project1_pinky_fleet_adapter]: [rmf_traffic_ros2::MirrorManager::request_update] Requesting changes for query ID [1] since beginning of recorded history
[rmf_traffic_schedule-1] [INFO] [1786692866.100824104] [rmf_traffic_schedule_primary]: [ScheduleNode::update_mirrors] Sending remedial update starting from the beginning going to 55 for query 1
[schedule_visualizer_node-4] [INFO] [1786692906.090949562] [schedule_data_node]: Requesting new schedule update because update timed out
[schedule_visualizer_node-4] [INFO] [1786692906.090999499] [schedule_data_node]: [rmf_traffic_ros2::MirrorManager::request_update] Requesting changes for query ID [1] since version [56]
[python3-12] [INFO] [1786692906.091410772] [project1_pinky_fleet_adapter]: Requesting new schedule update because update timed out
[python3-12] [INFO] [1786692906.091451425] [project1_pinky_fleet_adapter]: [rmf_traffic_ros2::MirrorManager::request_update] Requesting changes for query ID [1] since version [56]
[schedule_visualizer_node-4] [INFO] [1786692926.090939051] [schedule_data_node]: Requesting new schedule update because update timed out
[schedule_visualizer_node-4] [INFO] [1786692926.090984480] [schedule_data_node]: [rmf_traffic_ros2::MirrorManager::request_update] Requesting changes for query ID [1] since beginning of recorded history
[python3-12] [INFO] [1786692926.091551008] [project1_pinky_fleet_adapter]: Requesting new schedule update because update timed out
[python3-12] [INFO] [1786692926.091587220] [project1_pinky_fleet_adapter]: [rmf_traffic_ros2::MirrorManager::request_update] Requesting changes for query ID [1] since beginning of recorded history
[rmf_traffic_schedule-1] [INFO] [1786692926.100756878] [rmf_traffic_schedule_primary]: [ScheduleNode::update_mirrors] Sending remedial update starting from the beginning going to 56 for query 1
[schedule_visualizer_node-4] [INFO] [1786692966.090965386] [schedule_data_node]: Requesting new schedule update because update timed out
[schedule_visualizer_node-4] [INFO] [1786692966.091009359] [schedule_data_node]: [rmf_traffic_ros2::MirrorManager::request_update] Requesting changes for query ID [1] since version [57]
[python3-12] [INFO] [1786692966.091488022] [project1_pinky_fleet_adapter]: Requesting new schedule update because update timed out
[python3-12] [INFO] [1786692966.091528386] [project1_pinky_fleet_adapter]: [rmf_traffic_ros2::MirrorManager::request_update] Requesting changes for query ID [1] since version [57]
[schedule_visualizer_node-4] [INFO] [1786692986.090970487] [schedule_data_node]: Requesting new schedule update because update timed out
[schedule_visualizer_node-4] [INFO] [1786692986.091012970] [schedule_data_node]: [rmf_traffic_ros2::MirrorManager::request_update] Requesting changes for query ID [1] since beginning of recorded history
[python3-12] [INFO] [1786692986.091443415] [project1_pinky_fleet_adapter]: Requesting new schedule update because update timed out
[python3-12] [INFO] [1786692986.091482675] [project1_pinky_fleet_adapter]: [rmf_traffic_ros2::MirrorManager::request_update] Requesting changes for query ID [1] since beginning of recorded history
[rmf_traffic_schedule-1] [INFO] [1786692986.100881181] [rmf_traffic_schedule_primary]: [ScheduleNode::update_mirrors] Sending remedial update starting from the beginning going to 57 for query 1
[schedule_visualizer_node-4] [INFO] [1786693026.090912622] [schedule_data_node]: Requesting new schedule update because update timed out
[schedule_visualizer_node-4] [INFO] [1786693026.090947990] [schedule_data_node]: [rmf_traffic_ros2::MirrorManager::request_update] Requesting changes for query ID [1] since version [58]
[python3-12] [INFO] [1786693026.091474141] [project1_pinky_fleet_adapter]: Requesting new schedule update because update timed out
[python3-12] [INFO] [1786693026.091515515] [project1_pinky_fleet_adapter]: [rmf_traffic_ros2::MirrorManager::request_update] Requesting changes for query ID [1] since version [58]
[schedule_visualizer_node-4] [INFO] [1786693046.090943518] [schedule_data_node]: Requesting new schedule update because update timed out
[schedule_visualizer_node-4] [INFO] [1786693046.090987412] [schedule_data_node]: [rmf_traffic_ros2::MirrorManager::request_update] Requesting changes for query ID [1] since beginning of recorded history
[python3-12] [INFO] [1786693046.091677280] [project1_pinky_fleet_adapter]: Requesting new schedule update because update timed out
[python3-12] [INFO] [1786693046.091718534] [project1_pinky_fleet_adapter]: [rmf_traffic_ros2::MirrorManager::request_update] Requesting changes for query ID [1] since beginning of recorded history
[rmf_traffic_schedule-1] [INFO] [1786693046.100816563] [rmf_traffic_schedule_primary]: [ScheduleNode::update_mirrors] Sending remedial update starting from the beginning going to 58 for query 1
[schedule_visualizer_node-4] [INFO] [1786693086.092666730] [schedule_data_node]: Requesting new schedule update because update timed out
[schedule_visualizer_node-4] [INFO] [1786693086.092715222] [schedule_data_node]: [rmf_traffic_ros2::MirrorManager::request_update] Requesting changes for query ID [1] since version [59]
[python3-12] [INFO] [1786693086.094274776] [project1_pinky_fleet_adapter]: Requesting new schedule update because update timed out
[python3-12] [INFO] [1786693086.094340951] [project1_pinky_fleet_adapter]: [rmf_traffic_ros2::MirrorManager::request_update] Requesting changes for query ID [1] since version [59]
[python3-12] [INFO] [1786693088.730175099] [project1_pinky_fleet_adapter]: Cache sizes:
[python3-12]  - DifferentialDrive: 69
[python3-12]  - ShortestPath: 22
[python3-12]  - Euclidean: 0
[schedule_visualizer_node-4] [INFO] [1786693106.092687471] [schedule_data_node]: Requesting new schedule update because update timed out
[schedule_visualizer_node-4] [INFO] [1786693106.092737586] [schedule_data_node]: [rmf_traffic_ros2::MirrorManager::request_update] Requesting changes for query ID [1] since beginning of recorded history
[python3-12] [INFO] [1786693106.094169327] [project1_pinky_fleet_adapter]: Requesting new schedule update because update timed out
[python3-12] [INFO] [1786693106.094225742] [project1_pinky_fleet_adapter]: [rmf_traffic_ros2::MirrorManager::request_update] Requesting changes for query ID [1] since beginning of recorded history
[rmf_traffic_schedule-1] [INFO] [1786693106.100819190] [rmf_traffic_schedule_primary]: [ScheduleNode::update_mirrors] Sending remedial update starting from the beginning going to 59 for query 1
[schedule_visualizer_node-4] [INFO] [1786693146.094273959] [schedule_data_node]: Requesting new schedule update because update timed out
[schedule_visualizer_node-4] [INFO] [1786693146.094313849] [schedule_data_node]: [rmf_traffic_ros2::MirrorManager::request_update] Requesting changes for query ID [1] since version [60]
[python3-12] [INFO] [1786693146.096599088] [project1_pinky_fleet_adapter]: Requesting new schedule update because update timed out
[python3-12] [INFO] [1786693146.096651117] [project1_pinky_fleet_adapter]: [rmf_traffic_ros2::MirrorManager::request_update] Requesting changes for query ID [1] since version [60]
[schedule_visualizer_node-4] [INFO] [1786693166.094289522] [schedule_data_node]: Requesting new schedule update because update timed out
[schedule_visualizer_node-4] [INFO] [1786693166.094347454] [schedule_data_node]: [rmf_traffic_ros2::MirrorManager::request_update] Requesting changes for query ID [1] since beginning of recorded history
[python3-12] [INFO] [1786693166.096680443] [project1_pinky_fleet_adapter]: Requesting new schedule update because update timed out
[python3-12] [INFO] [1786693166.096727965] [project1_pinky_fleet_adapter]: [rmf_traffic_ros2::MirrorManager::request_update] Requesting changes for query ID [1] since beginning of recorded history
[rmf_traffic_schedule-1] [INFO] [1786693166.101117960] [rmf_traffic_schedule_primary]: [ScheduleNode::update_mirrors] Sending remedial update starting from the beginning going to 60 for query 1
[schedule_visualizer_node-4] [INFO] [1786693206.091085195] [schedule_data_node]: Requesting new schedule update because update timed out
[schedule_visualizer_node-4] [INFO] [1786693206.091129992] [schedule_data_node]: [rmf_traffic_ros2::MirrorManager::request_update] Requesting changes for query ID [1] since version [61]
[python3-12] [INFO] [1786693206.091867570] [project1_pinky_fleet_adapter]: Requesting new schedule update because update timed out
[python3-12] [INFO] [1786693206.091906820] [project1_pinky_fleet_adapter]: [rmf_traffic_ros2::MirrorManager::request_update] Requesting changes for query ID [1] since version [61]
[schedule_visualizer_node-4] [INFO] [1786693226.091059863] [schedule_data_node]: Requesting new schedule update because update timed out
[schedule_visualizer_node-4] [INFO] [1786693226.091104413] [schedule_data_node]: [rmf_traffic_ros2::MirrorManager::request_update] Requesting changes for query ID [1] since beginning of recorded history
[python3-12] [INFO] [1786693226.091833008] [project1_pinky_fleet_adapter]: Requesting new schedule update because update timed out
[python3-12] [INFO] [1786693226.091875631] [project1_pinky_fleet_adapter]: [rmf_traffic_ros2::MirrorManager::request_update] Requesting changes for query ID [1] since beginning of recorded history
[rmf_traffic_schedule-1] [INFO] [1786693226.100822707] [rmf_traffic_schedule_primary]: [ScheduleNode::update_mirrors] Sending remedial update starting from the beginning going to 61 for query 1
[schedule_visualizer_node-4] [INFO] [1786693266.091019883] [schedule_data_node]: Requesting new schedule update because update timed out
[schedule_visualizer_node-4] [INFO] [1786693266.091073646] [schedule_data_node]: [rmf_traffic_ros2::MirrorManager::request_update] Requesting changes for query ID [1] since version [62]
[python3-12] [INFO] [1786693266.091682943] [project1_pinky_fleet_adapter]: Requesting new schedule update because update timed out
[python3-12] [INFO] [1786693266.091725164] [project1_pinky_fleet_adapter]: [rmf_traffic_ros2::MirrorManager::request_update] Requesting changes for query ID [1] since version [62]
[schedule_visualizer_node-4] [INFO] [1786693286.091025623] [schedule_data_node]: Requesting new schedule update because update timed out
[schedule_visualizer_node-4] [INFO] [1786693286.091069284] [schedule_data_node]: [rmf_traffic_ros2::MirrorManager::request_update] Requesting changes for query ID [1] since beginning of recorded history
[python3-12] [INFO] [1786693286.091626156] [project1_pinky_fleet_adapter]: Requesting new schedule update because update timed out
[python3-12] [INFO] [1786693286.091667391] [project1_pinky_fleet_adapter]: [rmf_traffic_ros2::MirrorManager::request_update] Requesting changes for query ID [1] since beginning of recorded history
[rmf_traffic_schedule-1] [INFO] [1786693286.100841813] [rmf_traffic_schedule_primary]: [ScheduleNode::update_mirrors] Sending remedial update starting from the beginning going to 62 for query 1
[schedule_visualizer_node-4] [INFO] [1786693326.091028378] [schedule_data_node]: Requesting new schedule update because update timed out
[schedule_visualizer_node-4] [INFO] [1786693326.091093445] [schedule_data_node]: [rmf_traffic_ros2::MirrorManager::request_update] Requesting changes for query ID [1] since version [63]
[python3-12] [INFO] [1786693326.091772212] [project1_pinky_fleet_adapter]: Requesting new schedule update because update timed out
[python3-12] [INFO] [1786693326.091820924] [project1_pinky_fleet_adapter]: [rmf_traffic_ros2::MirrorManager::request_update] Requesting changes for query ID [1] since version [63]
[schedule_visualizer_node-4] [INFO] [1786693346.091024882] [schedule_data_node]: Requesting new schedule update because update timed out
[schedule_visualizer_node-4] [INFO] [1786693346.091066986] [schedule_data_node]: [rmf_traffic_ros2::MirrorManager::request_update] Requesting changes for query ID [1] since beginning of recorded history
[python3-12] [INFO] [1786693346.091619042] [project1_pinky_fleet_adapter]: Requesting new schedule update because update timed out
[python3-12] [INFO] [1786693346.091658254] [project1_pinky_fleet_adapter]: [rmf_traffic_ros2::MirrorManager::request_update] Requesting changes for query ID [1] since beginning of recorded history
[rmf_traffic_schedule-1] [INFO] [1786693346.100765626] [rmf_traffic_schedule_primary]: [ScheduleNode::update_mirrors] Sending remedial update starting from the beginning going to 63 for query 1
[schedule_visualizer_node-4] [INFO] [1786693386.091056994] [schedule_data_node]: Requesting new schedule update because update timed out
[schedule_visualizer_node-4] [INFO] [1786693386.091146440] [schedule_data_node]: [rmf_traffic_ros2::MirrorManager::request_update] Requesting changes for query ID [1] since version [64]
[python3-12] [INFO] [1786693386.091729018] [project1_pinky_fleet_adapter]: Requesting new schedule update because update timed out
[python3-12] [INFO] [1786693386.091778584] [project1_pinky_fleet_adapter]: [rmf_traffic_ros2::MirrorManager::request_update] Requesting changes for query ID [1] since version [64]
[python3-12] [INFO] [1786693388.729874768] [project1_pinky_fleet_adapter]: Cache sizes:
[python3-12]  - DifferentialDrive: 69
[python3-12]  - ShortestPath: 22
[python3-12]  - Euclidean: 0
[schedule_visualizer_node-4] [INFO] [1786693406.091077455] [schedule_data_node]: Requesting new schedule update because update timed out
[schedule_visualizer_node-4] [INFO] [1786693406.091119776] [schedule_data_node]: [rmf_traffic_ros2::MirrorManager::request_update] Requesting changes for query ID [1] since beginning of recorded history
[python3-12] [INFO] [1786693406.091570004] [project1_pinky_fleet_adapter]: Requesting new schedule update because update timed out
[python3-12] [INFO] [1786693406.091612283] [project1_pinky_fleet_adapter]: [rmf_traffic_ros2::MirrorManager::request_update] Requesting changes for query ID [1] since beginning of recorded history
[rmf_traffic_schedule-1] [INFO] [1786693406.100887371] [rmf_traffic_schedule_primary]: [ScheduleNode::update_mirrors] Sending remedial update starting from the beginning going to 64 for query 1
[schedule_visualizer_node-4] [INFO] [1786693446.090922279] [schedule_data_node]: Requesting new schedule update because update timed out
[schedule_visualizer_node-4] [INFO] [1786693446.090957375] [schedule_data_node]: [rmf_traffic_ros2::MirrorManager::request_update] Requesting changes for query ID [1] since version [65]
[python3-12] [INFO] [1786693446.091575211] [project1_pinky_fleet_adapter]: Requesting new schedule update because update timed out
[python3-12] [INFO] [1786693446.091613538] [project1_pinky_fleet_adapter]: [rmf_traffic_ros2::MirrorManager::request_update] Requesting changes for query ID [1] since version [65]
[schedule_visualizer_node-4] [INFO] [1786693466.090958982] [schedule_data_node]: Requesting new schedule update because update timed out
[schedule_visualizer_node-4] [INFO] [1786693466.091004928] [schedule_data_node]: [rmf_traffic_ros2::MirrorManager::request_update] Requesting changes for query ID [1] since beginning of recorded history
[python3-12] [INFO] [1786693466.091605769] [project1_pinky_fleet_adapter]: Requesting new schedule update because update timed out
[python3-12] [INFO] [1786693466.091644130] [project1_pinky_fleet_adapter]: [rmf_traffic_ros2::MirrorManager::request_update] Requesting changes for query ID [1] since beginning of recorded history
[rmf_traffic_schedule-1] [INFO] [1786693466.100758808] [rmf_traffic_schedule_primary]: [ScheduleNode::update_mirrors] Sending remedial update starting from the beginning going to 65 for query 1
[schedule_visualizer_node-4] [INFO] [1786693506.091031662] [schedule_data_node]: Requesting new schedule update because update timed out
[schedule_visualizer_node-4] [INFO] [1786693506.091084403] [schedule_data_node]: [rmf_traffic_ros2::MirrorManager::request_update] Requesting changes for query ID [1] since version [66]
[python3-12] [INFO] [1786693506.091390242] [project1_pinky_fleet_adapter]: Requesting new schedule update because update timed out
[python3-12] [INFO] [1786693506.091424648] [project1_pinky_fleet_adapter]: [rmf_traffic_ros2::MirrorManager::request_update] Requesting changes for query ID [1] since version [66]
[schedule_visualizer_node-4] [INFO] [1786693526.091014725] [schedule_data_node]: Requesting new schedule update because update timed out
[schedule_visualizer_node-4] [INFO] [1786693526.091049742] [schedule_data_node]: [rmf_traffic_ros2::MirrorManager::request_update] Requesting changes for query ID [1] since beginning of recorded history
[python3-12] [INFO] [1786693526.091525943] [project1_pinky_fleet_adapter]: Requesting new schedule update because update timed out
[python3-12] [INFO] [1786693526.091571788] [project1_pinky_fleet_adapter]: [rmf_traffic_ros2::MirrorManager::request_update] Requesting changes for query ID [1] since beginning of recorded history
[rmf_traffic_schedule-1] [INFO] [1786693526.100791621] [rmf_traffic_schedule_primary]: [ScheduleNode::update_mirrors] Sending remedial update starting from the beginning going to 66 for query 1
[schedule_visualizer_node-4] [INFO] [1786693566.091024354] [schedule_data_node]: Requesting new schedule update because update timed out
[schedule_visualizer_node-4] [INFO] [1786693566.091060554] [schedule_data_node]: [rmf_traffic_ros2::MirrorManager::request_update] Requesting changes for query ID [1] since version [67]
[python3-12] [INFO] [1786693566.091575449] [project1_pinky_fleet_adapter]: Requesting new schedule update because update timed out
[python3-12] [INFO] [1786693566.091615504] [project1_pinky_fleet_adapter]: [rmf_traffic_ros2::MirrorManager::request_update] Requesting changes for query ID [1] since version [67]
[schedule_visualizer_node-4] [INFO] [1786693586.090999863] [schedule_data_node]: Requesting new schedule update because update timed out
[schedule_visualizer_node-4] [INFO] [1786693586.091050800] [schedule_data_node]: [rmf_traffic_ros2::MirrorManager::request_update] Requesting changes for query ID [1] since beginning of recorded history
[python3-12] [INFO] [1786693586.091612624] [project1_pinky_fleet_adapter]: Requesting new schedule update because update timed out
[python3-12] [INFO] [1786693586.091650820] [project1_pinky_fleet_adapter]: [rmf_traffic_ros2::MirrorManager::request_update] Requesting changes for query ID [1] since beginning of recorded history
[rmf_traffic_schedule-1] [INFO] [1786693586.100830011] [rmf_traffic_schedule_primary]: [ScheduleNode::update_mirrors] Sending remedial update starting from the beginning going to 67 for query 1
[schedule_visualizer_node-4] [INFO] [1786693626.090956130] [schedule_data_node]: Requesting new schedule update because update timed out
[schedule_visualizer_node-4] [INFO] [1786693626.090997492] [schedule_data_node]: [rmf_traffic_ros2::MirrorManager::request_update] Requesting changes for query ID [1] since version [68]
[python3-12] [INFO] [1786693626.091543137] [project1_pinky_fleet_adapter]: Requesting new schedule update because update timed out
[python3-12] [INFO] [1786693626.091579423] [project1_pinky_fleet_adapter]: [rmf_traffic_ros2::MirrorManager::request_update] Requesting changes for query ID [1] since version [68]
[schedule_visualizer_node-4] [INFO] [1786693646.090992444] [schedule_data_node]: Requesting new schedule update because update timed out
[schedule_visualizer_node-4] [INFO] [1786693646.091035701] [schedule_data_node]: [rmf_traffic_ros2::MirrorManager::request_update] Requesting changes for query ID [1] since beginning of recorded history
[python3-12] [INFO] [1786693646.091515146] [project1_pinky_fleet_adapter]: Requesting new schedule update because update timed out
[python3-12] [INFO] [1786693646.091551675] [project1_pinky_fleet_adapter]: [rmf_traffic_ros2::MirrorManager::request_update] Requesting changes for query ID [1] since beginning of recorded history
[rmf_traffic_schedule-1] [INFO] [1786693646.100786443] [rmf_traffic_schedule_primary]: [ScheduleNode::update_mirrors] Sending remedial update starting from the beginning going to 68 for query 1
[schedule_visualizer_node-4] [INFO] [1786693686.090967782] [schedule_data_node]: Requesting new schedule update because update timed out
[schedule_visualizer_node-4] [INFO] [1786693686.091024019] [schedule_data_node]: [rmf_traffic_ros2::MirrorManager::request_update] Requesting changes for query ID [1] since version [69]
[python3-12] [INFO] [1786693686.091656589] [project1_pinky_fleet_adapter]: Requesting new schedule update because update timed out
[python3-12] [INFO] [1786693686.091709237] [project1_pinky_fleet_adapter]: [rmf_traffic_ros2::MirrorManager::request_update] Requesting changes for query ID [1] since version [69]
[python3-12] [INFO] [1786693688.729746692] [project1_pinky_fleet_adapter]: Cache sizes:
[python3-12]  - DifferentialDrive: 69
[python3-12]  - ShortestPath: 22
[python3-12]  - Euclidean: 0
[schedule_visualizer_node-4] [INFO] [1786693706.090968473] [schedule_data_node]: Requesting new schedule update because update timed out
[schedule_visualizer_node-4] [INFO] [1786693706.091013829] [schedule_data_node]: [rmf_traffic_ros2::MirrorManager::request_update] Requesting changes for query ID [1] since beginning of recorded history
[python3-12] [INFO] [1786693706.091621641] [project1_pinky_fleet_adapter]: Requesting new schedule update because update timed out
[python3-12] [INFO] [1786693706.091662070] [project1_pinky_fleet_adapter]: [rmf_traffic_ros2::MirrorManager::request_update] Requesting changes for query ID [1] since beginning of recorded history
[rmf_traffic_schedule-1] [INFO] [1786693706.100807679] [rmf_traffic_schedule_primary]: [ScheduleNode::update_mirrors] Sending remedial update starting from the beginning going to 69 for query 1
[schedule_visualizer_node-4] [INFO] [1786693746.090983617] [schedule_data_node]: Requesting new schedule update because update timed out
[schedule_visualizer_node-4] [INFO] [1786693746.091020278] [schedule_data_node]: [rmf_traffic_ros2::MirrorManager::request_update] Requesting changes for query ID [1] since version [70]
[python3-12] [INFO] [1786693746.091527788] [project1_pinky_fleet_adapter]: Requesting new schedule update because update timed out
[python3-12] [INFO] [1786693746.091570118] [project1_pinky_fleet_adapter]: [rmf_traffic_ros2::MirrorManager::request_update] Requesting changes for query ID [1] since version [70]
[schedule_visualizer_node-4] [INFO] [1786693766.090978649] [schedule_data_node]: Requesting new schedule update because update timed out
[schedule_visualizer_node-4] [INFO] [1786693766.091012324] [schedule_data_node]: [rmf_traffic_ros2::MirrorManager::request_update] Requesting changes for query ID [1] since beginning of recorded history
[python3-12] [INFO] [1786693766.091524920] [project1_pinky_fleet_adapter]: Requesting new schedule update because update timed out
[python3-12] [INFO] [1786693766.091567530] [project1_pinky_fleet_adapter]: [rmf_traffic_ros2::MirrorManager::request_update] Requesting changes for query ID [1] since beginning of recorded history
[rmf_traffic_schedule-1] [INFO] [1786693766.100805460] [rmf_traffic_schedule_primary]: [ScheduleNode::update_mirrors] Sending remedial update starting from the beginning going to 70 for query 1
[schedule_visualizer_node-4] [INFO] [1786693806.090906386] [schedule_data_node]: Requesting new schedule update because update timed out
[schedule_visualizer_node-4] [INFO] [1786693806.090950773] [schedule_data_node]: [rmf_traffic_ros2::MirrorManager::request_update] Requesting changes for query ID [1] since version [71]
[python3-12] [INFO] [1786693806.091443537] [project1_pinky_fleet_adapter]: Requesting new schedule update because update timed out
[python3-12] [INFO] [1786693806.091481331] [project1_pinky_fleet_adapter]: [rmf_traffic_ros2::MirrorManager::request_update] Requesting changes for query ID [1] since version [71]
[schedule_visualizer_node-4] [INFO] [1786693826.090903442] [schedule_data_node]: Requesting new schedule update because update timed out
[schedule_visualizer_node-4] [INFO] [1786693826.090940063] [schedule_data_node]: [rmf_traffic_ros2::MirrorManager::request_update] Requesting changes for query ID [1] since beginning of recorded history
[python3-12] [INFO] [1786693826.091493182] [project1_pinky_fleet_adapter]: Requesting new schedule update because update timed out
[python3-12] [INFO] [1786693826.091531881] [project1_pinky_fleet_adapter]: [rmf_traffic_ros2::MirrorManager::request_update] Requesting changes for query ID [1] since beginning of recorded history
[rmf_traffic_schedule-1] [INFO] [1786693826.100796157] [rmf_traffic_schedule_primary]: [ScheduleNode::update_mirrors] Sending remedial update starting from the beginning going to 71 for query 1
[schedule_visualizer_node-4] [INFO] [1786693866.090984121] [schedule_data_node]: Requesting new schedule update because update timed out
[schedule_visualizer_node-4] [INFO] [1786693866.091026387] [schedule_data_node]: [rmf_traffic_ros2::MirrorManager::request_update] Requesting changes for query ID [1] since version [72]
[python3-12] [INFO] [1786693866.091476517] [project1_pinky_fleet_adapter]: Requesting new schedule update because update timed out
[python3-12] [INFO] [1786693866.091521820] [project1_pinky_fleet_adapter]: [rmf_traffic_ros2::MirrorManager::request_update] Requesting changes for query ID [1] since version [72]
[schedule_visualizer_node-4] [INFO] [1786693886.090945085] [schedule_data_node]: Requesting new schedule update because update timed out
[schedule_visualizer_node-4] [INFO] [1786693886.090988093] [schedule_data_node]: [rmf_traffic_ros2::MirrorManager::request_update] Requesting changes for query ID [1] since beginning of recorded history
[python3-12] [INFO] [1786693886.091469104] [project1_pinky_fleet_adapter]: Requesting new schedule update because update timed out
[python3-12] [INFO] [1786693886.091512688] [project1_pinky_fleet_adapter]: [rmf_traffic_ros2::MirrorManager::request_update] Requesting changes for query ID [1] since beginning of recorded history
[rmf_traffic_schedule-1] [INFO] [1786693886.100801438] [rmf_traffic_schedule_primary]: [ScheduleNode::update_mirrors] Sending remedial update starting from the beginning going to 72 for query 1
[schedule_visualizer_node-4] [INFO] [1786693926.091073880] [schedule_data_node]: Requesting new schedule update because update timed out
[schedule_visualizer_node-4] [INFO] [1786693926.091129144] [schedule_data_node]: [rmf_traffic_ros2::MirrorManager::request_update] Requesting changes for query ID [1] since version [73]
[python3-12] [INFO] [1786693926.092064532] [project1_pinky_fleet_adapter]: Requesting new schedule update because update timed out
[python3-12] [INFO] [1786693926.092110756] [project1_pinky_fleet_adapter]: [rmf_traffic_ros2::MirrorManager::request_update] Requesting changes for query ID [1] since version [73]
[schedule_visualizer_node-4] [INFO] [1786693946.091061484] [schedule_data_node]: Requesting new schedule update because update timed out
[schedule_visualizer_node-4] [INFO] [1786693946.091103351] [schedule_data_node]: [rmf_traffic_ros2::MirrorManager::request_update] Requesting changes for query ID [1] since beginning of recorded history
[python3-12] [INFO] [1786693946.091672777] [project1_pinky_fleet_adapter]: Requesting new schedule update because update timed out
[python3-12] [INFO] [1786693946.091707931] [project1_pinky_fleet_adapter]: [rmf_traffic_ros2::MirrorManager::request_update] Requesting changes for query ID [1] since beginning of recorded history
[rmf_traffic_schedule-1] [INFO] [1786693946.100798983] [rmf_traffic_schedule_primary]: [ScheduleNode::update_mirrors] Sending remedial update starting from the beginning going to 73 for query 1
[schedule_visualizer_node-4] [INFO] [1786693986.091019134] [schedule_data_node]: Requesting new schedule update because update timed out
[schedule_visualizer_node-4] [INFO] [1786693986.091063890] [schedule_data_node]: [rmf_traffic_ros2::MirrorManager::request_update] Requesting changes for query ID [1] since version [74]
[python3-12] [INFO] [1786693986.091515114] [project1_pinky_fleet_adapter]: Requesting new schedule update because update timed out
[python3-12] [INFO] [1786693986.091563428] [project1_pinky_fleet_adapter]: [rmf_traffic_ros2::MirrorManager::request_update] Requesting changes for query ID [1] since version [74]
[python3-12] [INFO] [1786693988.729736324] [project1_pinky_fleet_adapter]: Cache sizes:
[python3-12]  - DifferentialDrive: 69
[python3-12]  - ShortestPath: 22
[python3-12]  - Euclidean: 0
[schedule_visualizer_node-4] [INFO] [1786694006.091025481] [schedule_data_node]: Requesting new schedule update because update timed out
[schedule_visualizer_node-4] [INFO] [1786694006.091087912] [schedule_data_node]: [rmf_traffic_ros2::MirrorManager::request_update] Requesting changes for query ID [1] since beginning of recorded history
[python3-12] [INFO] [1786694006.091589623] [project1_pinky_fleet_adapter]: Requesting new schedule update because update timed out
[python3-12] [INFO] [1786694006.091630158] [project1_pinky_fleet_adapter]: [rmf_traffic_ros2::MirrorManager::request_update] Requesting changes for query ID [1] since beginning of recorded history
[rmf_traffic_schedule-1] [INFO] [1786694006.100863790] [rmf_traffic_schedule_primary]: [ScheduleNode::update_mirrors] Sending remedial update starting from the beginning going to 74 for query 1
[schedule_visualizer_node-4] [INFO] [1786694046.091208846] [schedule_data_node]: Requesting new schedule update because update timed out
[schedule_visualizer_node-4] [INFO] [1786694046.091256838] [schedule_data_node]: [rmf_traffic_ros2::MirrorManager::request_update] Requesting changes for query ID [1] since version [75]
[python3-12] [INFO] [1786694046.091821442] [project1_pinky_fleet_adapter]: Requesting new schedule update because update timed out
[python3-12] [INFO] [1786694046.091862446] [project1_pinky_fleet_adapter]: [rmf_traffic_ros2::MirrorManager::request_update] Requesting changes for query ID [1] since version [75]
[schedule_visualizer_node-4] [INFO] [1786694066.091197606] [schedule_data_node]: Requesting new schedule update because update timed out
[schedule_visualizer_node-4] [INFO] [1786694066.091237093] [schedule_data_node]: [rmf_traffic_ros2::MirrorManager::request_update] Requesting changes for query ID [1] since beginning of recorded history
[python3-12] [INFO] [1786694066.091751116] [project1_pinky_fleet_adapter]: Requesting new schedule update because update timed out
[python3-12] [INFO] [1786694066.091789724] [project1_pinky_fleet_adapter]: [rmf_traffic_ros2::MirrorManager::request_update] Requesting changes for query ID [1] since beginning of recorded history
[rmf_traffic_schedule-1] [INFO] [1786694066.100772584] [rmf_traffic_schedule_primary]: [ScheduleNode::update_mirrors] Sending remedial update starting from the beginning going to 75 for query 1
[schedule_visualizer_node-4] [INFO] [1786694106.091082459] [schedule_data_node]: Requesting new schedule update because update timed out
[schedule_visualizer_node-4] [INFO] [1786694106.091133661] [schedule_data_node]: [rmf_traffic_ros2::MirrorManager::request_update] Requesting changes for query ID [1] since version [76]
[python3-12] [INFO] [1786694106.091649432] [project1_pinky_fleet_adapter]: Requesting new schedule update because update timed out
[python3-12] [INFO] [1786694106.091680024] [project1_pinky_fleet_adapter]: [rmf_traffic_ros2::MirrorManager::request_update] Requesting changes for query ID [1] since version [76]
[schedule_visualizer_node-4] [INFO] [1786694126.091090381] [schedule_data_node]: Requesting new schedule update because update timed out
[schedule_visualizer_node-4] [INFO] [1786694126.091135186] [schedule_data_node]: [rmf_traffic_ros2::MirrorManager::request_update] Requesting changes for query ID [1] since beginning of recorded history
[python3-12] [INFO] [1786694126.091679863] [project1_pinky_fleet_adapter]: Requesting new schedule update because update timed out
[python3-12] [INFO] [1786694126.091718324] [project1_pinky_fleet_adapter]: [rmf_traffic_ros2::MirrorManager::request_update] Requesting changes for query ID [1] since beginning of recorded history
[rmf_traffic_schedule-1] [INFO] [1786694126.100833041] [rmf_traffic_schedule_primary]: [ScheduleNode::update_mirrors] Sending remedial update starting from the beginning going to 76 for query 1
[schedule_visualizer_node-4] [INFO] [1786694166.091093852] [schedule_data_node]: Requesting new schedule update because update timed out
[schedule_visualizer_node-4] [INFO] [1786694166.091135324] [schedule_data_node]: [rmf_traffic_ros2::MirrorManager::request_update] Requesting changes for query ID [1] since version [77]
[python3-12] [INFO] [1786694166.091697597] [project1_pinky_fleet_adapter]: Requesting new schedule update because update timed out
[python3-12] [INFO] [1786694166.091736686] [project1_pinky_fleet_adapter]: [rmf_traffic_ros2::MirrorManager::request_update] Requesting changes for query ID [1] since version [77]
[schedule_visualizer_node-4] [INFO] [1786694186.091082496] [schedule_data_node]: Requesting new schedule update because update timed out
[schedule_visualizer_node-4] [INFO] [1786694186.091125586] [schedule_data_node]: [rmf_traffic_ros2::MirrorManager::request_update] Requesting changes for query ID [1] since beginning of recorded history
[python3-12] [INFO] [1786694186.091582515] [project1_pinky_fleet_adapter]: Requesting new schedule update because update timed out
[python3-12] [INFO] [1786694186.091622669] [project1_pinky_fleet_adapter]: [rmf_traffic_ros2::MirrorManager::request_update] Requesting changes for query ID [1] since beginning of recorded history
[rmf_traffic_schedule-1] [INFO] [1786694186.100763375] [rmf_traffic_schedule_primary]: [ScheduleNode::update_mirrors] Sending remedial update starting from the beginning going to 77 for query 1
[schedule_visualizer_node-4] [INFO] [1786694226.090960915] [schedule_data_node]: Requesting new schedule update because update timed out
[schedule_visualizer_node-4] [INFO] [1786694226.091002443] [schedule_data_node]: [rmf_traffic_ros2::MirrorManager::request_update] Requesting changes for query ID [1] since version [78]
[python3-12] [INFO] [1786694226.091567873] [project1_pinky_fleet_adapter]: Requesting new schedule update because update timed out
[python3-12] [INFO] [1786694226.091606865] [project1_pinky_fleet_adapter]: [rmf_traffic_ros2::MirrorManager::request_update] Requesting changes for query ID [1] since version [78]
[schedule_visualizer_node-4] [INFO] [1786694246.091563092] [schedule_data_node]: Requesting new schedule update because update timed out
[schedule_visualizer_node-4] [INFO] [1786694246.091624132] [schedule_data_node]: [rmf_traffic_ros2::MirrorManager::request_update] Requesting changes for query ID [1] since beginning of recorded history
[python3-12] [INFO] [1786694246.091860529] [project1_pinky_fleet_adapter]: Requesting new schedule update because update timed out
[python3-12] [INFO] [1786694246.091919064] [project1_pinky_fleet_adapter]: [rmf_traffic_ros2::MirrorManager::request_update] Requesting changes for query ID [1] since beginning of recorded history
[rmf_traffic_schedule-1] [INFO] [1786694246.100816702] [rmf_traffic_schedule_primary]: [ScheduleNode::update_mirrors] Sending remedial update starting from the beginning going to 78 for query 1
[schedule_visualizer_node-4] [INFO] [1786694286.091087979] [schedule_data_node]: Requesting new schedule update because update timed out
[schedule_visualizer_node-4] [INFO] [1786694286.091138892] [schedule_data_node]: [rmf_traffic_ros2::MirrorManager::request_update] Requesting changes for query ID [1] since version [79]
[python3-12] [INFO] [1786694286.091712153] [project1_pinky_fleet_adapter]: Requesting new schedule update because update timed out
[python3-12] [INFO] [1786694286.091751834] [project1_pinky_fleet_adapter]: [rmf_traffic_ros2::MirrorManager::request_update] Requesting changes for query ID [1] since version [79]
[python3-12] [INFO] [1786694288.730141103] [project1_pinky_fleet_adapter]: Cache sizes:
[python3-12]  - DifferentialDrive: 69
[python3-12]  - ShortestPath: 22
[python3-12]  - Euclidean: 0
[schedule_visualizer_node-4] [INFO] [1786694306.091107814] [schedule_data_node]: Requesting new schedule update because update timed out
[schedule_visualizer_node-4] [INFO] [1786694306.091157445] [schedule_data_node]: [rmf_traffic_ros2::MirrorManager::request_update] Requesting changes for query ID [1] since beginning of recorded history
[python3-12] [INFO] [1786694306.091526185] [project1_pinky_fleet_adapter]: Requesting new schedule update because update timed out
[python3-12] [INFO] [1786694306.091580669] [project1_pinky_fleet_adapter]: [rmf_traffic_ros2::MirrorManager::request_update] Requesting changes for query ID [1] since beginning of recorded history
[rmf_traffic_schedule-1] [INFO] [1786694306.100770357] [rmf_traffic_schedule_primary]: [ScheduleNode::update_mirrors] Sending remedial update starting from the beginning going to 79 for query 1
[python3-12] [INFO] [1786694346.091598924] [project1_pinky_fleet_adapter]: Requesting new schedule update because update timed out
[python3-12] [INFO] [1786694346.091638557] [project1_pinky_fleet_adapter]: [rmf_traffic_ros2::MirrorManager::request_update] Requesting changes for query ID [1] since version [80]
=== 2026-08-14 17:37:38 project1-ver2 실행 ===
Gazebo 창: true · RViz: false · ROS_DOMAIN_ID: 22
월드에 센서 시스템이 이미 있습니다.
월드에 충돌 검출기가 이미 지정돼 있습니다.
[1/3] Gazebo bringup
[INFO] [launch]: All log files can be found below /home/gyi/.ros/log/2026-08-14-17-37-40-205502-gyi-15UD50T-GX5JK-586347
[INFO] [launch]: Default logging verbosity is set to INFO
[INFO] [gazebo-1]: process started with pid [586393]
[INFO] [gazebo-2]: process started with pid [586394]
[INFO] [robot_state_publisher-3]: process started with pid [586395]
[INFO] [joint_state_publisher-4]: process started with pid [586398]
[INFO] [create-5]: process started with pid [586399]
[INFO] [robot_state_publisher-6]: process started with pid [586400]
[INFO] [create-7]: process started with pid [586401]
[INFO] [spawner-8]: process started with pid [586402]
[INFO] [spawner-9]: process started with pid [586403]
[INFO] [spawner-10]: process started with pid [586404]
[INFO] [parameter_bridge-11]: process started with pid [586405]
[create-7] [INFO] [1786696661.881286884] [omx_01.ros_gz_sim]: Requesting list of world names.
[robot_state_publisher-3] [INFO] [1786696661.886179870] [pinky_01.robot_state_publisher]: Robot initialized
[robot_state_publisher-6] [INFO] [1786696661.888699667] [omx_01.robot_state_publisher]: Robot initialized
[create-5] [INFO] [1786696661.892274931] [pinky_01.ros_gz_sim]: Requesting list of world names.
[gazebo-1] [1;33mWarning [Utils.cc:132][0m [/sdf/world[@name="sim_world"]/gui/window:/home/gyi/robosapiens/rmf_maps/project1-ver2/project1-ver2.world:L34]: XML Element[window], child of element[gui], not defined in SDF. Copying[window] as children of [gui].
[gazebo-2] inotify_add_watch(/home/gyi/.config/ibus/bus/59f08e6037ad4e6a8623017e1c5e4353-unix-wayland-0) failed: (No space left on device)
[spawner-10] [INFO] [1786696662.305980410] [omx_01.spawner_gripper_controller]: waiting for service /omx_01/controller_manager/list_controllers to become available...
[joint_state_publisher-4] [INFO] [1786696662.385571937] [pinky_01.joint_state_publisher]: Waiting for robot_description to be published on the robot_description topic...
[gazebo-2] [1;33m[GUI] [Wrn] [Application.cc:908] [0m[1;33m[QT] file:///usr/lib/x86_64-linux-gnu/qt5/qml/QtQuick/Dialogs/DefaultFileDialog.qml:413:17: QML ToolButton: Binding loop detected for property "implicitHeight"[0m[1;33m[0m
[gazebo-2] [1;33m[GUI] [Wrn] [Application.cc:908] [0m[1;33m[QT] file:///usr/lib/x86_64-linux-gnu/qt5/qml/QtQuick/Dialogs/DefaultFileDialog.qml:309:21: QML Button: Binding loop detected for property "implicitHeight"[0m[1;33m[0m
  ↑ 같은 줄 1번 더
[gazebo-2] [1;33m[GUI] [Wrn] [Application.cc:908] [0m[1;33m[QT] file:///usr/lib/x86_64-linux-gnu/qt5/qml/QtQuick/Dialogs/DefaultFileDialog.qml:413:17: QML ToolButton: Binding loop detected for property "implicitHeight"[0m[1;33m[0m
[gazebo-2] [1;33m[GUI] [Wrn] [Application.cc:908] [0m[1;33m[QT] file:///usr/lib/x86_64-linux-gnu/qt5/qml/QtQuick/Dialogs/DefaultFileDialog.qml:309:21: QML Button: Binding loop detected for property "implicitHeight"[0m[1;33m[0m
  ↑ 같은 줄 1번 더
[gazebo-1] [INFO] [1786696662.490861940] [rmf_simulation_door_manager]: Loading DoorManager
[gazebo-1] [INFO] [1786696662.517334008] [rmf_simulation_lift_manager]: Starting LiftManager
[gazebo-1] [1;33m[Wrn] [SdfEntityCreator.cc:933] [0m[1;33mGazebo does not support Ogre material scripts. See [0m[1;33mhttps://gazebosim.org/api/sim/8/migrationsdf.html#:~:text=Materials [0m[1;33mfor details.[0m[1;33m[0m
[gazebo-1] [1;33m[Wrn] [SdfEntityCreator.cc:939] [0m[1;33mCustom material scripts are not supported.[0m[1;33m[0m
[gazebo-1] [1;33m[Wrn] [SdfEntityCreator.cc:933] [0m[1;33mGazebo does not support Ogre material scripts. See [0m[1;33mhttps://gazebosim.org/api/sim/8/migrationsdf.html#:~:text=Materials [0m[1;33mfor details.[0m[1;33m[0m
[gazebo-1] [1;33m[Wrn] [SdfEntityCreator.cc:939] [0m[1;33mCustom material scripts are not supported.[0m[1;33m[0m
[gazebo-2] [1;33m[GUI] [Wrn] [Application.cc:908] [0m[1;33m[QT] file:///usr/lib/x86_64-linux-gnu/qt5/qml/QtQuick/Dialogs/DefaultFileDialog.qml:413:17: QML ToolButton: Binding loop detected for property "implicitHeight"[0m[1;33m[0m
[gazebo-2] [1;33m[GUI] [Wrn] [Application.cc:908] [0m[1;33m[QT] file:///usr/lib/x86_64-linux-gnu/qt5/qml/QtQuick/Dialogs/DefaultFileDialog.qml:309:21: QML Button: Binding loop detected for property "implicitHeight"[0m[1;33m[0m
  ↑ 같은 줄 1번 더
[joint_state_publisher-4] [INFO] [1786696662.618733044] [pinky_01.joint_state_publisher]: Got description, configuring robot
[create-5] [INFO] [1786696662.633854523] [pinky_01.ros_gz_sim]: Waiting messages on topic [/pinky_01/robot_description].
[create-5] [INFO] [1786696662.833187380] [pinky_01.ros_gz_sim]: Entity creation successful.
[create-7] [INFO] [1786696662.834482595] [omx_01.ros_gz_sim]: Waiting messages on topic [robot_description].
[create-7] [INFO] [1786696662.846190792] [omx_01.ros_gz_sim]: Entity creation successful.
[parameter_bridge-11] [INFO] [1786696662.918889980] [gz_bridge]: Creating GZ->ROS Bridge: [/clock (gz.msgs.Clock) -> /clock (rosgraph_msgs/msg/Clock)] (Lazy 0)
[parameter_bridge-11] [INFO] [1786696662.920714240] [gz_bridge]: Creating GZ->ROS Bridge: [/tf (gz.msgs.Pose_V) -> /tf (tf2_msgs/msg/TFMessage)] (Lazy 0)
[parameter_bridge-11] [INFO] [1786696662.924390904] [gz_bridge]: Creating GZ->ROS Bridge: [/pinky_01/odom (gz.msgs.Odometry) -> /pinky_01/odom (nav_msgs/msg/Odometry)] (Lazy 0)
[parameter_bridge-11] [INFO] [1786696662.928840265] [gz_bridge]: Creating ROS->GZ Bridge: [/pinky_01/cmd_vel_smoothed (geometry_msgs/msg/Twist) -> /pinky_01/cmd_vel (gz.msgs.Twist)] (Lazy 0)
[parameter_bridge-11] [INFO] [1786696662.929755920] [gz_bridge]: Creating GZ->ROS Bridge: [/pinky_01/scan (gz.msgs.LaserScan) -> /pinky_01/scan (sensor_msgs/msg/LaserScan)] (Lazy 0)
[parameter_bridge-11] [INFO] [1786696662.932066184] [gz_bridge]: Creating GZ->ROS Bridge: [/pinky_01/joint_states (gz.msgs.Model) -> /pinky_01/joint_states (sensor_msgs/msg/JointState)] (Lazy 0)
[parameter_bridge-11] [INFO] [1786696662.933050766] [gz_bridge]: Creating GZ->ROS Bridge: [/pinky_01/imu_raw (gz.msgs.IMU) -> /pinky_01/imu_raw (sensor_msgs/msg/Imu)] (Lazy 0)
[INFO] [create-5]: process has finished cleanly [pid 586399]
[INFO] [create-7]: process has finished cleanly [pid 586401]
[gazebo-2] [1;33m[GUI] [Wrn] [Application.cc:908] [0m[1;33m[QT] file:///usr/lib/x86_64-linux-gnu/qt5/qml/QtQuick/Dialogs/DefaultFileDialog.qml:413:17: QML ToolButton: Binding loop detected for property "implicitHeight"[0m[1;33m[0m
[gazebo-2] [1;33m[GUI] [Wrn] [Application.cc:908] [0m[1;33m[QT] file:///usr/lib/x86_64-linux-gnu/qt5/qml/QtQuick/Dialogs/DefaultFileDialog.qml:309:21: QML Button: Binding loop detected for property "implicitHeight"[0m[1;33m[0m
  ↑ 같은 줄 1번 더
[gazebo-2] [1;33m[GUI] [Wrn] [Application.cc:908] [0m[1;33m[QT] file::/ComponentInspector/ComponentInspector.qml:251:3: QML Dialog: Binding loop detected for property "implicitHeight"[0m[1;33m[0m
[gazebo-2] [1;33m[GUI] [Wrn] [Application.cc:908] [0m[1;33m[QT] file:///usr/lib/x86_64-linux-gnu/qt5/qml/QtQuick/Dialogs/DefaultFileDialog.qml:413:17: QML ToolButton: Binding loop detected for property "implicitHeight"[0m[1;33m[0m
[gazebo-2] [1;33m[GUI] [Wrn] [Application.cc:908] [0m[1;33m[QT] file:///usr/lib/x86_64-linux-gnu/qt5/qml/QtQuick/Dialogs/DefaultFileDialog.qml:309:21: QML Button: Binding loop detected for property "implicitHeight"[0m[1;33m[0m
  ↑ 같은 줄 1번 더
[gazebo-2] [1;33m[GUI] [Wrn] [Application.cc:908] [0m[1;33m[QT] file::/toggle_floors/toggle_floors.qml:40: ReferenceError: qfloors is not defined[0m[1;33m[0m
[gazebo-2] [1;33m[GUI] [Wrn] [Application.cc:908] [0m[1;33m[QT] file::/WorldStats/WorldStats.qml:53:3: QML RowLayout: Binding loop detected for property "x"[0m[1;33m[0m
[gazebo-2] [1;33m[GUI] [Wrn] [toggle_floors.cpp:221] [0m[1;33mNode for [0m[1;33mproject1-ver2_L1[0m[1;33mwas not found[0m[1;33m[0m
[gazebo-1] [1;33mWarning [Utils.cc:132][0m [/sdf/model[@name="pinky"]/link[@name="base_footprint"]/sensor[@name="pinky_01/camera"]/gz_frame_id:<urdf-string>:L0]: XML Element[gz_frame_id], child of element[sensor], not defined in SDF. Copying[gz_frame_id] as children of [sensor].
[gazebo-1] [1;33mWarning [Utils.cc:132][0m [/sdf/model[@name="pinky"]/link[@name="base_footprint"]/sensor[@name="pinky_01/imu"]/gz_frame_id:<urdf-string>:L0]: XML Element[gz_frame_id], child of element[sensor], not defined in SDF. Copying[gz_frame_id] as children of [sensor].
[gazebo-1] [1;33mWarning [Utils.cc:132][0m [/sdf/model[@name="pinky"]/link[@name="base_footprint"]/sensor[@name="pinky_01/gpu_lidar"]/gz_frame_id:<urdf-string>:L0]: XML Element[gz_frame_id], child of element[sensor], not defined in SDF. Copying[gz_frame_id] as children of [sensor].
[gazebo-1] [INFO] [1786696664.175102617] [omx_01.gz_ros_control]: [gz_ros2_control] Fixed joint ['world_fixed'] (Entity='73') is skipped.
[gazebo-1] [INFO] [1786696664.179279744] [omx_01.gz_ros_control]: Loading controller_manager
[gazebo-1] [INFO] [1786696664.205728267] [omx_01.controller_manager]: Using ROS clock for triggering controller manager cycles.
[gazebo-1] [INFO] [1786696664.213636255] [omx_01.controller_manager]: Subscribing to '/omx_01/robot_description' topic for robot description.
[gazebo-1] [WARN] [1786696664.217630088] [omx_01.gz_ros_control]: Waiting RM to load and initialize hardware...
[gazebo-1] [INFO] [1786696664.224050781] [omx_01.controller_manager]: Received robot description from topic.
[gazebo-1] [INFO] [1786696664.224117242] [omx_01.controller_manager]: Enforcing command limits is disabled. Command limits from URDF will be ignored.
[gazebo-1] [INFO] [1786696664.230945381] [omx_01.gz_ros_control]: The position_proportional_gain has been set to: 0.1
[gazebo-1] [INFO] [1786696664.231017045] [omx_01.gz_ros_control]: Loading joint: joint1
[gazebo-1] [INFO] [1786696664.231022156] [omx_01.gz_ros_control]: 	State:
[gazebo-1] [INFO] [1786696664.231026125] [omx_01.gz_ros_control]: 		 position
[gazebo-1] [INFO] [1786696664.231028864] [omx_01.gz_ros_control]: 		 velocity
[gazebo-1] [INFO] [1786696664.231033292] [omx_01.gz_ros_control]: 		 effort
[gazebo-1] [INFO] [1786696664.231036053] [omx_01.gz_ros_control]: 	Command:
[gazebo-1] [INFO] [1786696664.231037885] [omx_01.gz_ros_control]: 		 position
[gazebo-1] [INFO] [1786696664.231047438] [omx_01.gz_ros_control]: Loading joint: joint2
[gazebo-1] [INFO] [1786696664.231049540] [omx_01.gz_ros_control]: 	State:
[gazebo-1] [INFO] [1786696664.231051288] [omx_01.gz_ros_control]: 		 position
[gazebo-1] [INFO] [1786696664.231053288] [omx_01.gz_ros_control]: 		 velocity
[gazebo-1] [INFO] [1786696664.231055685] [omx_01.gz_ros_control]: 		 effort
[gazebo-1] [INFO] [1786696664.231057476] [omx_01.gz_ros_control]: 	Command:
[gazebo-1] [INFO] [1786696664.231059201] [omx_01.gz_ros_control]: 		 position
[gazebo-1] [INFO] [1786696664.231065782] [omx_01.gz_ros_control]: Loading joint: joint3
[gazebo-1] [INFO] [1786696664.231067708] [omx_01.gz_ros_control]: 	State:
[gazebo-1] [INFO] [1786696664.231069402] [omx_01.gz_ros_control]: 		 position
[gazebo-1] [INFO] [1786696664.231071145] [omx_01.gz_ros_control]: 		 velocity
[gazebo-1] [INFO] [1786696664.231072876] [omx_01.gz_ros_control]: 		 effort
[gazebo-1] [INFO] [1786696664.231075319] [omx_01.gz_ros_control]: 	Command:
[gazebo-1] [INFO] [1786696664.231077005] [omx_01.gz_ros_control]: 		 position
[gazebo-1] [INFO] [1786696664.231082479] [omx_01.gz_ros_control]: Loading joint: joint4
[gazebo-1] [INFO] [1786696664.231084357] [omx_01.gz_ros_control]: 	State:
[gazebo-1] [INFO] [1786696664.231086099] [omx_01.gz_ros_control]: 		 position
[gazebo-1] [INFO] [1786696664.231087749] [omx_01.gz_ros_control]: 		 velocity
[gazebo-1] [INFO] [1786696664.231089440] [omx_01.gz_ros_control]: 		 effort
[gazebo-1] [INFO] [1786696664.231091088] [omx_01.gz_ros_control]: 	Command:
[gazebo-1] [INFO] [1786696664.231092912] [omx_01.gz_ros_control]: 		 position
[gazebo-1] [INFO] [1786696664.231098313] [omx_01.gz_ros_control]: Loading joint: gripper_left_joint
[gazebo-1] [INFO] [1786696664.231100555] [omx_01.gz_ros_control]: 	State:
[gazebo-1] [INFO] [1786696664.231102323] [omx_01.gz_ros_control]: 		 position
[gazebo-1] [INFO] [1786696664.231104266] [omx_01.gz_ros_control]: 		 velocity
[gazebo-1] [INFO] [1786696664.231106006] [omx_01.gz_ros_control]: 		 effort
[gazebo-1] [INFO] [1786696664.231107959] [omx_01.gz_ros_control]: 	Command:
[gazebo-1] [INFO] [1786696664.231109627] [omx_01.gz_ros_control]: 		 position
[gazebo-1] [INFO] [1786696664.231116145] [omx_01.gz_ros_control]: Loading joint: gripper_right_joint
[gazebo-1] [INFO] [1786696664.231119306] [omx_01.gz_ros_control]: Joint 'gripper_right_joint'is mimicking joint 'gripper_left_joint' with multiplier: 1 and offset: 0
[gazebo-1] [INFO] [1786696664.231121897] [omx_01.gz_ros_control]: 	State:
[gazebo-1] [INFO] [1786696664.231126127] [omx_01.gz_ros_control]: 		 position
[gazebo-1] [INFO] [1786696664.231127948] [omx_01.gz_ros_control]: 		 velocity
[gazebo-1] [INFO] [1786696664.231130904] [omx_01.gz_ros_control]: 		 effort
[gazebo-1] [INFO] [1786696664.231132766] [omx_01.gz_ros_control]: 	Command:
[gazebo-1] [INFO] [1786696664.231166713] [omx_01.gz_ros_control]: Loading sensor: pinky_01/imu
[gazebo-1] [INFO] [1786696664.231170383] [omx_01.gz_ros_control]: 	State:
[gazebo-1] [WARN] [1786696664.231193366] [omx_01.gz_ros_control]: IMU sensor 'pinky_01/imu' not found in hardware_info, skipping.
[gazebo-1] [INFO] [1786696664.231261448] [omx_01.controller_manager]: Initialize hardware 'OpenManipulatorXSystem' 
[gazebo-1] [WARN] [1786696664.231274185] [omx_01.controller_manager.hardware_component.system.OpenManipulatorXSystem]: Executor is not available during hardware component initialization for 'OpenManipulatorXSystem'. Skipping node creation!
[gazebo-1] [INFO] [1786696664.231329521] [omx_01.controller_manager]: Successful initialization of hardware 'OpenManipulatorXSystem'
[gazebo-1] [INFO] [1786696664.231426092] [omx_01.controller_manager]: Activating component 'OpenManipulatorXSystem'.
[gazebo-1] [INFO] [1786696664.231433251] [resource_manager]: 'configure' hardware 'OpenManipulatorXSystem' 
[gazebo-1] [INFO] [1786696664.231436254] [omx_01.gz_ros_control]: System Successfully configured!
[gazebo-1] [INFO] [1786696664.231439074] [resource_manager]: Successful 'configure' of hardware 'OpenManipulatorXSystem'
[gazebo-1] [INFO] [1786696664.231444327] [resource_manager]: 'activate' hardware 'OpenManipulatorXSystem' 
[gazebo-1] [INFO] [1786696664.231453509] [resource_manager]: Successful 'activate' of hardware 'OpenManipulatorXSystem'
[gazebo-1] [WARN] [1786696664.231505536] [omx_01.controller_manager]: Component 'OpenManipulatorXSystem' does not have read or write statistics initialized, skipping registration.
[gazebo-1] [INFO] [1786696664.231510520] [omx_01.controller_manager]: Resource Manager has been successfully initialized. Starting Controller Manager services...
[gazebo-1] [INFO] [1786696664.309257603] [omx_01.controller_manager]: Loading controller : 'gripper_controller' of type 'position_controllers/GripperActionController'
[gazebo-1] [INFO] [1786696664.309301492] [omx_01.controller_manager]: Loading controller 'gripper_controller'
[gazebo-1] [INFO] [1786696664.317523514] [omx_01.controller_manager]: Controller 'gripper_controller' node arguments: --ros-args --params-file /home/gyi/robosapiens/robot_model/open_manipulator/install/open_manipulator_bringup/share/open_manipulator_bringup/config/open_manipulator_x/hardware_controller_manager.yaml -p use_sim_time:=true --param use_sim_time:=true 
[gazebo-1] [WARN] [1786696664.327765217] [omx_01.gripper_controller]: [Deprecated]: the `position_controllers/GripperActionController` and `effort_controllers::GripperActionController` controllers are replaced by 'parallel_gripper_controllers/GripperActionController' controller
[spawner-10] [INFO] [1786696664.328902119] [omx_01.spawner_gripper_controller]: Loaded gripper_controller
[gazebo-1] [INFO] [1786696664.329602827] [omx_01.controller_manager]: Configuring controller: 'gripper_controller'
[gazebo-1] [INFO] [1786696664.329879952] [omx_01.gripper_controller]: Action status changes will be monitored at 20.000000 Hz.
[gazebo-1] [INFO] [1786696664.330798455] [omx_01.controller_manager]: Activating controllers: [ gripper_controller ]
[gazebo-1] [1;31m[Err] [Physics.cc:1808] [0m[1;31mAttempting to create a mimic constraint for joint [[0m[1;31mgripper_right_joint[0m[1;31m] but the chosen physics engine does not support [0m[1;31mmimic constraints, so no constraint will be [0m[1;31mcreated.[0m[1;31m[0m
[gazebo-1] [1;33m[Wrn] [Component.hh:144] [0m[1;33mTrying to serialize component with data type [[0m[1;33mN2gz3sim11ChargerDataE[0m[1;33m], which doesn't have [0m[1;33m`operator<<`. Component will not be serialized.[0m[1;33m[0m
[gazebo-1] [INFO] [1786696666.458413918] [omx_01.controller_manager]: Successfully switched controllers!
[gazebo-2] [1;33mWarning [Utils.cc:132][0m [/sdf/model[@name="pinky"]/link[@name="base_footprint"]/sensor[@name="pinky_01/camera"]/gz_frame_id:<data-string>:L122]: XML Element[gz_frame_id], child of element[sensor], not defined in SDF. Copying[gz_frame_id] as children of [sensor].
[gazebo-2] [1;33mWarning [Utils.cc:132][0m [/sdf/model[@name="pinky"]/link[@name="base_footprint"]/sensor[@name="pinky_01/imu"]/gz_frame_id:<data-string>:L131]: XML Element[gz_frame_id], child of element[sensor], not defined in SDF. Copying[gz_frame_id] as children of [sensor].
[gazebo-2] [1;33mWarning [Utils.cc:132][0m [/sdf/model[@name="pinky"]/link[@name="base_footprint"]/sensor[@name="pinky_01/gpu_lidar"]/gz_frame_id:<data-string>:L165]: XML Element[gz_frame_id], child of element[sensor], not defined in SDF. Copying[gz_frame_id] as children of [sensor].
[gazebo-2] [1;33m[GUI] [Wrn] [EntityComponentManager.cc:1930] [0m[1;33mComponent type [[0m[1;33m1728988591536574887[0m[1;33m] has not been [0m[1;33mregistered in this process, so it can't be deserialized.[0m[1;33m[0m
[2/3] Open-RMF
[spawner-10] [INFO] [1786696666.622344761] [omx_01.spawner_gripper_controller]: Configured and activated gripper_controller
[spawner-9] [INFO] [1786696666.750570999] [omx_01.spawner_arm_controller]: waiting for service /omx_01/controller_manager/list_controllers to become available...
[INFO] [spawner-10]: process has finished cleanly [pid 586404]
[INFO] [launch]: All log files can be found below /home/gyi/.ros/log/2026-08-14-17-37-46-994956-gyi-15UD50T-GX5JK-586916
[INFO] [launch]: Default logging verbosity is set to INFO
[INFO] [rmf_traffic_schedule-1]: process started with pid [586957]
[INFO] [rmf_traffic_blockade-2]: process started with pid [586958]
[INFO] [building_map_server-3]: process started with pid [586959]
[INFO] [schedule_visualizer_node-4]: process started with pid [586960]
[INFO] [fleetstates_visualizer_node-5]: process started with pid [586961]
[INFO] [rmf_visualization_building_systems-6]: process started with pid [586962]
[INFO] [navgraph_visualizer_node-7]: process started with pid [586963]
[INFO] [floorplan_visualizer_node-8]: process started with pid [586964]
[INFO] [obstacle_visualizer_node-9]: process started with pid [586965]
[INFO] [door_supervisor-10]: process started with pid [586966]
[INFO] [lift_supervisor-11]: process started with pid [586967]
[INFO] [mutex_group_supervisor-12]: process started with pid [586968]
[INFO] [rmf_task_dispatcher-13]: process started with pid [586969]
[obstacle_visualizer_node-9] [INFO] [1786696667.421814605] [rmf_obstacle_visualizer]: Beginning RMF obstacle visualizer node
[fleetstates_visualizer_node-5] [INFO] [1786696667.449349402] [fleet_states_visualizer]: Configuring fleet_states_visualizer...
[fleetstates_visualizer_node-5] [INFO] [1786696667.449593386] [fleet_states_visualizer]: Setting parameter initial_map_name to L1
[fleetstates_visualizer_node-5] [INFO] [1786696667.453351241] [fleet_states_visualizer]: Setting parameter fleet_state_nose_scale to 0.500000
[rmf_task_dispatcher-13] ~Initializing Dispatcher Node~
[rmf_traffic_schedule-1] [INFO] [1786696667.462062406] [rmf_traffic_schedule_primary]: Successfully loaded logfile .rmf_schedule_node.yaml 
[rmf_traffic_schedule-1] [INFO] [1786696667.465715780] [rmf_traffic_schedule_primary]: Set up heartbeat on /rmf_traffic/heartbeat with liveliness lease duration of 10000 ms and deadline of 10000 ms
[navgraph_visualizer_node-7] [INFO] [1786696667.472961036] [navgraph_visualizer]: Setting parameter initial_map_name to L1
[navgraph_visualizer_node-7] [INFO] [1786696667.473092804] [navgraph_visualizer]: Setting parameter lane_width to 0.120000
[navgraph_visualizer_node-7] [INFO] [1786696667.473121963] [navgraph_visualizer]: Setting parameter lane_transparency to 0.600000
[navgraph_visualizer_node-7] [INFO] [1786696667.473132791] [navgraph_visualizer]: Setting parameter waypoint_scale to 1.000000
[navgraph_visualizer_node-7] [INFO] [1786696667.473144902] [navgraph_visualizer]: Setting parameter text_scale to 0.600000
[rmf_traffic_blockade-2] [INFO] [1786696667.477813029] [rmf_traffic_blockade_node]: Beginning traffic blockade node
[fleetstates_visualizer_node-5] [INFO] [1786696667.480023141] [fleet_states_visualizer]: Running fleet_states_visualizer...
[navgraph_visualizer_node-7] [INFO] [1786696667.486388540] [navgraph_visualizer]: NavGraph visualizer is running...
[rmf_task_dispatcher-13] [INFO] [1786696667.488298767] [rmf_dispatcher_node]:  Declared Time Window Param as: 2.000000 secs
[rmf_task_dispatcher-13] [INFO] [1786696667.488871085] [rmf_dispatcher_node]:  Declared Terminated Tasks Max Size Param as: 100
[rmf_task_dispatcher-13] [INFO] [1786696667.488909829] [rmf_dispatcher_node]:  Declared publish_active_tasks_period as: 2 secs
[rmf_task_dispatcher-13] [INFO] [1786696667.488946976] [rmf_dispatcher_node]:  Use timestamp with task_id: false
[rmf_task_dispatcher-13] [INFO] [1786696667.488972512] [rmf_dispatcher_node]:  Use unique hex string with task_id: true
[rmf_traffic_schedule-1] [INFO] [1786696667.498583887] [rmf_traffic_schedule_primary]: Beginning traffic schedule node
[rmf_task_dispatcher-13] [INFO] [1786696667.510744574] [rmf_dispatcher_node]: Starting task dispatcher node
[schedule_visualizer_node-4] [INFO] [1786696667.519065976] [schedule_visualizer_node]: Setting parameter rate to 10.000000
[schedule_visualizer_node-4] [INFO] [1786696667.519141668] [schedule_visualizer_node]: Setting parameter path_width to 0.200000
[schedule_visualizer_node-4] [INFO] [1786696667.519161677] [schedule_visualizer_node]: Setting parameter initial_map_name to L1
[schedule_visualizer_node-4] [INFO] [1786696667.519175743] [schedule_visualizer_node]: Setting parameter wait_secs to 10
[schedule_visualizer_node-4] [INFO] [1786696667.519184009] [schedule_visualizer_node]: Setting parameter port to 8006
[schedule_visualizer_node-4] [INFO] [1786696667.519192547] [schedule_visualizer_node]: Setting parameter retained_history_count to 50
[gazebo-1] [1;33m[Wrn] [Ogre2Camera.cc:423] [0m[1;33mOgre2Camera::SetVisibilityMask: Mask bits [0m[1;33mc0000000[0m[1;33m are set but will be ignored as they conflict with the [0m[1;33mreserved bits used internally by the ogre2 backend.[0m[1;33m[0m
[rmf_visualization_building_systems-6] [INFO] [1786696667.956763753] [building_systems_visualizer]: Building systems visualizer started...
[building_map_server-3] [INFO] [1786696668.077345693] [building_map_server]: loading map path: /home/gyi/robosapiens/rmf_maps/project1-ver2/project1-ver2.building.yaml
[building_map_server-3] [INFO] [1786696668.082132271] [building_map_server]: opening: /home/gyi/robosapiens/rmf_maps/project1-ver2/gwanghee.png
[building_map_server-3] [INFO] [1786696668.082801684] [building_map_server]: read 179943 byte image
[building_map_server-3] [INFO] [1786696668.083686413] [building_map_server]: unable to generate GeoJSON for this map.
[building_map_server-3] [INFO] [1786696668.090430066] [building_map_server]: publishing map...
[building_map_server-3] [INFO] [1786696668.091643345] [building_map_server]: ready to serve map: "project1-ver2"  Ctrl+C to exit...
[floorplan_visualizer_node-8] [INFO] [1786696668.210358960] [floorplan_visualizer]: Configuring floorplan_visualizer...
[floorplan_visualizer_node-8] [INFO] [1786696668.210587127] [floorplan_visualizer]: Setting parameter initial_map_name to L1
[floorplan_visualizer_node-8] [INFO] [1786696668.223037632] [floorplan_visualizer]: Running floorplan_visualizer...
[rmf_traffic_schedule-1] [INFO] [1786696668.881835007] [rmf_traffic_schedule_primary]: Registered new query [1]
[schedule_visualizer_node-4] [INFO] [1786696668.884777571] [schedule_data_node]: Registering to query topic rmf_traffic/query_update_1
[schedule_visualizer_node-4] [INFO] [1786696668.891516596] [schedule_data_node]: [rmf_traffic_ros2::MirrorManager::request_update] Requesting changes for query ID [1] since beginning of recorded history
[rmf_traffic_schedule-1] [INFO] [1786696668.900147007] [rmf_traffic_schedule_primary]: [ScheduleNode::update_mirrors] Sending remedial update starting from the beginning going to 1 for query 1
[schedule_visualizer_node-4] [INFO] [1786696668.905469795] [schedule_visualizer_node]: Successfully connected to rmf_traffic_schedule node.
[schedule_visualizer_node-4] [INFO] [1786696668.906112676] [schedule_data_node]: Mirror handling new sync of 1 queries from schedule node [abeb2bc9-3c9c-4809-94fd-62b13261cc28]
[gazebo-1] [INFO] [1786696669.257566265] [omx_01.controller_manager]: Loading controller : 'arm_controller' of type 'joint_trajectory_controller/JointTrajectoryController'
[gazebo-1] [INFO] [1786696669.257621438] [omx_01.controller_manager]: Loading controller 'arm_controller'
[gazebo-1] [INFO] [1786696669.264167148] [omx_01.controller_manager]: Controller 'arm_controller' node arguments: --ros-args --params-file /home/gyi/robosapiens/robot_model/open_manipulator/install/open_manipulator_bringup/share/open_manipulator_bringup/config/open_manipulator_x/hardware_controller_manager.yaml -p use_sim_time:=true --param use_sim_time:=true 
[spawner-9] [INFO] [1786696669.308404663] [omx_01.spawner_arm_controller]: Loaded arm_controller
[gazebo-1] [INFO] [1786696669.310653469] [omx_01.controller_manager]: Configuring controller: 'arm_controller'
[gazebo-1] [INFO] [1786696669.310828817] [omx_01.arm_controller]: No specific joint names are used for command interfaces. Using 'joints' parameter.
[gazebo-1] [INFO] [1786696669.310848903] [omx_01.arm_controller]: Command interfaces are [position] and state interfaces are [position velocity].
[gazebo-1] [INFO] [1786696669.310871192] [omx_01.arm_controller]: Using 'splines' interpolation method.
[gazebo-1] [INFO] [1786696669.315741594] [omx_01.arm_controller]: Goals with partial set of joints are allowed
[gazebo-1] [INFO] [1786696669.315789458] [omx_01.arm_controller]: Action status changes will be monitored at 20.00 Hz.
[gazebo-1] [INFO] [1786696669.330532383] [omx_01.arm_controller]: Setting initial scaling factor to 1.000000
[gazebo-1] [INFO] [1786696669.330608486] [omx_01.arm_controller]: No scaling interface set. This controller will not read speed scaling from the hardware.
[gazebo-1] [INFO] [1786696669.367394861] [omx_01.controller_manager]: Activating controllers: [ arm_controller ]
[gazebo-1] [INFO] [1786696669.411954080] [omx_01.controller_manager]: Successfully switched controllers!
[spawner-9] [INFO] [1786696669.459982739] [omx_01.spawner_arm_controller]: Configured and activated arm_controller
[spawner-8] [INFO] [1786696669.553022161] [omx_01.spawner_joint_state_broadcaster]: waiting for service /omx_01/controller_manager/list_controllers to become available...
[INFO] [spawner-9]: process has finished cleanly [pid 586403]
[gazebo-1] [INFO] [1786696672.306685611] [omx_01.controller_manager]: Loading controller : 'joint_state_broadcaster' of type 'joint_state_broadcaster/JointStateBroadcaster'
[gazebo-1] [INFO] [1786696672.306725503] [omx_01.controller_manager]: Loading controller 'joint_state_broadcaster'
[gazebo-1] [INFO] [1786696672.310584067] [omx_01.controller_manager]: Controller 'joint_state_broadcaster' node arguments: --ros-args --params-file /home/gyi/robosapiens/robot_model/open_manipulator/install/open_manipulator_bringup/share/open_manipulator_bringup/config/open_manipulator_x/hardware_controller_manager.yaml -p use_sim_time:=true --param use_sim_time:=true 
[spawner-8] [INFO] [1786696672.365070331] [omx_01.spawner_joint_state_broadcaster]: Loaded joint_state_broadcaster
[gazebo-1] [INFO] [1786696672.367320698] [omx_01.controller_manager]: Configuring controller: 'joint_state_broadcaster'
[gazebo-1] [INFO] [1786696672.367474858] [omx_01.joint_state_broadcaster]: 'joints' or 'interfaces' parameter is empty. All available state interfaces will be published
[gazebo-1] [INFO] [1786696672.425070243] [omx_01.controller_manager]: Activating controllers: [ joint_state_broadcaster ]
[gazebo-1] [INFO] [1786696672.467023201] [omx_01.controller_manager]: Successfully switched controllers!
[spawner-8] [INFO] [1786696672.512965954] [omx_01.spawner_joint_state_broadcaster]: Configured and activated joint_state_broadcaster
[INFO] [spawner-8]: process has finished cleanly [pid 586402]
[3/3] Nav2 와 RMF 어댑터
[INFO] [launch]: All log files can be found below /home/gyi/.ros/log/2026-08-14-17-37-58-846994-gyi-15UD50T-GX5JK-587471
[INFO] [launch]: Default logging verbosity is set to INFO
[INFO] [map_server-1]: process started with pid [587498]
[INFO] [lifecycle_manager-2]: process started with pid [587499]
[INFO] [amcl-3]: process started with pid [587500]
[INFO] [controller_server-4]: process started with pid [587501]
[INFO] [smoother_server-5]: process started with pid [587502]
[INFO] [planner_server-6]: process started with pid [587503]
[INFO] [behavior_server-7]: process started with pid [587504]
[INFO] [bt_navigator-8]: process started with pid [587505]
[INFO] [waypoint_follower-9]: process started with pid [587506]
[INFO] [velocity_smoother-10]: process started with pid [587507]
[INFO] [lifecycle_manager-11]: process started with pid [587508]
[INFO] [python3-12]: process started with pid [587509]
[INFO] [python3-13]: process started with pid [587510]
[INFO] [python3-14]: process started with pid [587511]
[bt_navigator-8] [INFO] [1786696679.192773092] [pinky_01.bt_navigator]: 
[bt_navigator-8] 	bt_navigator lifecycle node launched. 
[bt_navigator-8] 	Waiting on external lifecycle transitions to activate
[bt_navigator-8] 	See https://design.ros2.org/articles/node_lifecycle.html for more information.
[bt_navigator-8] [INFO] [1786696679.209215635] [pinky_01.bt_navigator]: Creating
[waypoint_follower-9] [INFO] [1786696679.214808819] [pinky_01.waypoint_follower]: 
[waypoint_follower-9] 	waypoint_follower lifecycle node launched. 
[waypoint_follower-9] 	Waiting on external lifecycle transitions to activate
[waypoint_follower-9] 	See https://design.ros2.org/articles/node_lifecycle.html for more information.
[waypoint_follower-9] [INFO] [1786696679.227710365] [pinky_01.waypoint_follower]: Creating
[lifecycle_manager-2] [INFO] [1786696679.237445196] [lifecycle_manager_map]: Creating
[lifecycle_manager-2] [INFO] [1786696679.269490407] [lifecycle_manager_map]: [34m[1mCreating and initializing lifecycle service clients[0m[0m
[map_server-1] [INFO] [1786696679.283209590] [map_server]: 
[map_server-1] 	map_server lifecycle node launched. 
[map_server-1] 	Waiting on external lifecycle transitions to activate
[map_server-1] 	See https://design.ros2.org/articles/node_lifecycle.html for more information.
[map_server-1] [INFO] [1786696679.283331473] [map_server]: Creating
[lifecycle_manager-11] [INFO] [1786696679.318971441] [pinky_01.lifecycle_manager_navigation]: Creating
[planner_server-6] [INFO] [1786696679.321798084] [pinky_01.planner_server]: 
[planner_server-6] 	planner_server lifecycle node launched. 
[planner_server-6] 	Waiting on external lifecycle transitions to activate
[planner_server-6] 	See https://design.ros2.org/articles/node_lifecycle.html for more information.
[behavior_server-7] [INFO] [1786696679.325273330] [pinky_01.behavior_server]: 
[behavior_server-7] 	behavior_server lifecycle node launched. 
[behavior_server-7] 	Waiting on external lifecycle transitions to activate
[behavior_server-7] 	See https://design.ros2.org/articles/node_lifecycle.html for more information.
[planner_server-6] [INFO] [1786696679.333137258] [pinky_01.planner_server]: Creating
[lifecycle_manager-11] [INFO] [1786696679.336016778] [pinky_01.lifecycle_manager_navigation]: [34m[1mCreating and initializing lifecycle service clients[0m[0m
[amcl-3] [INFO] [1786696679.343718850] [pinky_01.amcl]: 
[amcl-3] 	amcl lifecycle node launched. 
[amcl-3] 	Waiting on external lifecycle transitions to activate
[amcl-3] 	See https://design.ros2.org/articles/node_lifecycle.html for more information.
[amcl-3] [INFO] [1786696679.346455656] [pinky_01.amcl]: Creating
[planner_server-6] [INFO] [1786696679.366015703] [pinky_01.global_costmap.global_costmap]: 
[planner_server-6] 	global_costmap lifecycle node launched. 
[planner_server-6] 	Waiting on external lifecycle transitions to activate
[planner_server-6] 	See https://design.ros2.org/articles/node_lifecycle.html for more information.
[planner_server-6] [INFO] [1786696679.369830382] [pinky_01.global_costmap.global_costmap]: Creating Costmap
[velocity_smoother-10] [INFO] [1786696679.639430411] [pinky_01.velocity_smoother]: 
[velocity_smoother-10] 	velocity_smoother lifecycle node launched. 
[velocity_smoother-10] 	Waiting on external lifecycle transitions to activate
[velocity_smoother-10] 	See https://design.ros2.org/articles/node_lifecycle.html for more information.
[smoother_server-5] [INFO] [1786696679.682913372] [pinky_01.smoother_server]: 
[smoother_server-5] 	smoother_server lifecycle node launched. 
[smoother_server-5] 	Waiting on external lifecycle transitions to activate
[smoother_server-5] 	See https://design.ros2.org/articles/node_lifecycle.html for more information.
[smoother_server-5] [INFO] [1786696679.693339428] [pinky_01.smoother_server]: Creating smoother server
[controller_server-4] [INFO] [1786696679.695379785] [pinky_01.controller_server]: 
[controller_server-4] 	controller_server lifecycle node launched. 
[controller_server-4] 	Waiting on external lifecycle transitions to activate
[controller_server-4] 	See https://design.ros2.org/articles/node_lifecycle.html for more information.
[controller_server-4] [INFO] [1786696679.712956303] [pinky_01.controller_server]: Creating controller server
[controller_server-4] [INFO] [1786696679.740887816] [pinky_01.local_costmap.local_costmap]: 
[controller_server-4] 	local_costmap lifecycle node launched. 
[controller_server-4] 	Waiting on external lifecycle transitions to activate
[controller_server-4] 	See https://design.ros2.org/articles/node_lifecycle.html for more information.
[controller_server-4] [INFO] [1786696679.743827886] [pinky_01.local_costmap.local_costmap]: Creating Costmap
[lifecycle_manager-2] [INFO] [1786696679.895223878] [lifecycle_manager_map]: [34m[1mStarting managed nodes bringup...[0m[0m
[lifecycle_manager-2] [INFO] [1786696679.895735489] [lifecycle_manager_map]: [34m[1mConfiguring map_server[0m[0m
[python3-13] [INFO] [1786696679.915979309] [project1_ver2_workcell]: 워크셀 1대, 맡은 자리 1곳을 RMF 에 이었습니다.
[python3-14] [INFO] [1786696679.978463804] [project1_ver2_sensor_relay]: [pinky_01] /pinky_01 를 봅니다.
[map_server-1] [INFO] [1786696680.257934245] [map_server]: Configuring
[map_server-1] [INFO] [1786696680.258067848] [map_io]: Loading yaml file: /home/gyi/robosapiens/rmf_maps/project1-ver2/nav2_map/project1-ver2.yaml
[map_server-1] [INFO] [1786696680.258434861] [map_io]: resolution: 0.005994
[map_server-1] [INFO] [1786696680.258449749] [map_io]: origin[0]: -1.23864
[map_server-1] [INFO] [1786696680.258465520] [map_io]: origin[1]: -3.24145
[map_server-1] [INFO] [1786696680.258470980] [map_io]: origin[2]: 0
[map_server-1] [INFO] [1786696680.258476065] [map_io]: free_thresh: 0.196
[map_server-1] [INFO] [1786696680.258480602] [map_io]: occupied_thresh: 0.65
[map_server-1] [INFO] [1786696680.258486167] [map_io]: mode: trinary
[map_server-1] [INFO] [1786696680.258491380] [map_io]: negate: 0
[map_server-1] [INFO] [1786696680.259924328] [map_io]: Loading image_file: /home/gyi/robosapiens/rmf_maps/project1-ver2/nav2_map/project1-ver2.pgm
[map_server-1] [INFO] [1786696680.279231094] [map_io]: Read map /home/gyi/robosapiens/rmf_maps/project1-ver2/nav2_map/project1-ver2.pgm: 800 X 615 map @ 0.005994 m/cell
[lifecycle_manager-11] [INFO] [1786696680.293075702] [pinky_01.lifecycle_manager_navigation]: [34m[1mStarting managed nodes bringup...[0m[0m
[lifecycle_manager-11] [INFO] [1786696680.293119399] [pinky_01.lifecycle_manager_navigation]: [34m[1mConfiguring amcl[0m[0m
[amcl-3] [INFO] [1786696680.293972733] [pinky_01.amcl]: Configuring
[amcl-3] [INFO] [1786696680.294840556] [pinky_01.amcl]: initTransforms
[lifecycle_manager-2] [INFO] [1786696680.302331398] [lifecycle_manager_map]: [34m[1mActivating map_server[0m[0m
[map_server-1] [INFO] [1786696680.302580941] [map_server]: Activating
[map_server-1] [INFO] [1786696680.303414977] [map_server]: Creating bond (map_server) to lifecycle manager.
[amcl-3] [INFO] [1786696680.310094777] [pinky_01.amcl]: initPubSub
[amcl-3] [INFO] [1786696680.332679156] [pinky_01.amcl]: Subscribed to map topic.
[amcl-3] [INFO] [1786696680.344965653] [pinky_01.amcl]: Received a 800 X 615 map @ 0.006 m/pix
[lifecycle_manager-11] [INFO] [1786696680.347971996] [pinky_01.lifecycle_manager_navigation]: [34m[1mConfiguring controller_server[0m[0m
[controller_server-4] [INFO] [1786696680.348512711] [pinky_01.controller_server]: Configuring controller interface
[controller_server-4] [INFO] [1786696680.348559886] [pinky_01.controller_server]: getting progress checker plugins..
[controller_server-4] [INFO] [1786696680.348876811] [pinky_01.controller_server]: getting goal checker plugins..
[controller_server-4] [INFO] [1786696680.348991347] [pinky_01.controller_server]: Controller frequency set to 20.0000Hz
[controller_server-4] [INFO] [1786696680.349032139] [pinky_01.local_costmap.local_costmap]: Configuring
[controller_server-4] [INFO] [1786696680.364848349] [pinky_01.local_costmap.local_costmap]: Using plugin "voxel_layer"
[controller_server-4] [INFO] [1786696680.374834944] [pinky_01.local_costmap.local_costmap]: Subscribed to Topics: scan
[python3-12] [retreat_to_charger_interval] value is not provided, default to 10 seconds
[python3-12] Default fleet finishing task set to [nothing]
[python3-12] Maximum delay is not provided, default to 10.0
[controller_server-4] [INFO] [1786696680.399220154] [pinky_01.local_costmap.local_costmap]: Initialized plugin "voxel_layer"
[controller_server-4] [INFO] [1786696680.399278778] [pinky_01.local_costmap.local_costmap]: Using plugin "inflation_layer"
[controller_server-4] [INFO] [1786696680.400387876] [pinky_01.local_costmap.local_costmap]: Initialized plugin "inflation_layer"
[lifecycle_manager-2] [INFO] [1786696680.417810939] [lifecycle_manager_map]: Server map_server connected with bond.
[lifecycle_manager-2] [INFO] [1786696680.417869628] [lifecycle_manager_map]: [34m[1mManaged nodes are active[0m[0m
[lifecycle_manager-2] [INFO] [1786696680.417877793] [lifecycle_manager_map]: [34m[1mCreating bond timer...[0m[0m
[controller_server-4] [INFO] [1786696680.446253897] [pinky_01.controller_server]: Created progress_checker : progress_checker of type nav2_controller::SimpleProgressChecker
[controller_server-4] [INFO] [1786696680.447234099] [pinky_01.controller_server]: Controller Server has progress_checker  progress checkers available.
[controller_server-4] [INFO] [1786696680.448645581] [pinky_01.controller_server]: Created goal checker : general_goal_checker of type nav2_controller::SimpleGoalChecker
[controller_server-4] [INFO] [1786696680.449264772] [pinky_01.controller_server]: Controller Server has general_goal_checker  goal checkers available.
[controller_server-4] [INFO] [1786696680.452307588] [pinky_01.controller_server]: Created controller : FollowPath of type nav2_regulated_pure_pursuit_controller::RegulatedPurePursuitController
[controller_server-4] [INFO] [1786696680.468007178] [pinky_01.controller_server]: Controller Server has FollowPath  controllers available.
[lifecycle_manager-11] [INFO] [1786696680.490317881] [pinky_01.lifecycle_manager_navigation]: [34m[1mConfiguring smoother_server[0m[0m
[smoother_server-5] [INFO] [1786696680.490880178] [pinky_01.smoother_server]: Configuring smoother server
[smoother_server-5] [INFO] [1786696680.527745277] [pinky_01.smoother_server]: Created smoother : simple_smoother of type nav2_smoother::SimpleSmoother
[smoother_server-5] [INFO] [1786696680.528728569] [pinky_01.smoother_server]: Smoother Server has simple_smoother  smoothers available.
[lifecycle_manager-11] [INFO] [1786696680.540522556] [pinky_01.lifecycle_manager_navigation]: [34m[1mConfiguring planner_server[0m[0m
[planner_server-6] [INFO] [1786696680.540936760] [pinky_01.planner_server]: Configuring
[planner_server-6] [INFO] [1786696680.540977332] [pinky_01.global_costmap.global_costmap]: Configuring
[planner_server-6] [INFO] [1786696680.552611364] [pinky_01.global_costmap.global_costmap]: Using plugin "static_layer"
[python3-12] [INFO] [1786696680.553977624] [project1_pinky_fleet_adapter]: Parameter [discovery_timeout] set to: 60.000000
[planner_server-6] [INFO] [1786696680.556600088] [pinky_01.global_costmap.global_costmap]: Subscribing to the map topic (/nav2_map) with transient local durability
[planner_server-6] [INFO] [1786696680.563517309] [pinky_01.global_costmap.global_costmap]: Initialized plugin "static_layer"
[planner_server-6] [INFO] [1786696680.563567769] [pinky_01.global_costmap.global_costmap]: Using plugin "obstacle_layer"
[planner_server-6] [INFO] [1786696680.564220406] [pinky_01.global_costmap.global_costmap]: Subscribed to Topics: scan
[planner_server-6] [INFO] [1786696680.568911989] [pinky_01.global_costmap.global_costmap]: Initialized plugin "obstacle_layer"
[planner_server-6] [INFO] [1786696680.568943283] [pinky_01.global_costmap.global_costmap]: Using plugin "inflation_layer"
[planner_server-6] [INFO] [1786696680.569318526] [pinky_01.global_costmap.global_costmap]: Initialized plugin "inflation_layer"
[planner_server-6] [INFO] [1786696680.615920301] [pinky_01.global_costmap.global_costmap]: StaticLayer: Resizing costmap to 800 X 615 at 0.005994 m/pix
[planner_server-6] [INFO] [1786696680.618056124] [pinky_01.planner_server]: Created global planner plugin GridBased of type nav2_navfn_planner::NavfnPlanner
[planner_server-6] [INFO] [1786696680.618107235] [pinky_01.planner_server]: Configuring plugin GridBased of type NavfnPlanner
[planner_server-6] [INFO] [1786696680.622612563] [pinky_01.planner_server]: Planner Server has GridBased  planners available.
RMF↔Nav2 어댑터가 떴습니다.
[lifecycle_manager-11] [INFO] [1786696680.651240911] [pinky_01.lifecycle_manager_navigation]: [34m[1mConfiguring behavior_server[0m[0m
[behavior_server-7] [INFO] [1786696680.651611658] [pinky_01.behavior_server]: Configuring
[behavior_server-7] [INFO] [1786696680.658915962] [pinky_01.behavior_server]: Creating behavior plugin spin of type nav2_behaviors::Spin
[behavior_server-7] [INFO] [1786696680.661524221] [pinky_01.behavior_server]: Creating behavior plugin backup of type nav2_behaviors::BackUp
[behavior_server-7] [INFO] [1786696680.664368996] [pinky_01.behavior_server]: Creating behavior plugin drive_on_heading of type nav2_behaviors::DriveOnHeading
[behavior_server-7] [INFO] [1786696680.667259382] [pinky_01.behavior_server]: Creating behavior plugin assisted_teleop of type nav2_behaviors::AssistedTeleop
[behavior_server-7] [INFO] [1786696680.673503662] [pinky_01.behavior_server]: Creating behavior plugin wait of type nav2_behaviors::Wait
[behavior_server-7] [INFO] [1786696680.682771639] [pinky_01.behavior_server]: Configuring spin
[behavior_server-7] [INFO] [1786696680.691987440] [pinky_01.behavior_server]: Configuring backup
[behavior_server-7] [INFO] [1786696680.699575763] [pinky_01.behavior_server]: Configuring drive_on_heading
[behavior_server-7] [INFO] [1786696680.707533693] [pinky_01.behavior_server]: Configuring assisted_teleop
[behavior_server-7] [INFO] [1786696680.719373598] [pinky_01.behavior_server]: Configuring wait
[lifecycle_manager-11] [INFO] [1786696680.725522129] [pinky_01.lifecycle_manager_navigation]: [34m[1mConfiguring bt_navigator[0m[0m
[bt_navigator-8] [INFO] [1786696680.725881456] [pinky_01.bt_navigator]: Configuring
[bt_navigator-8] [INFO] [1786696680.734943460] [pinky_01.bt_navigator]: Creating navigator id navigate_to_pose of type nav2_bt_navigator::NavigateToPoseNavigator
[rmf_traffic_schedule-1] [INFO] [1786696680.770895301] [rmf_traffic_schedule_primary]: A new mirror is tracking query ID [1]
[schedule_visualizer_node-4] [INFO] [1786696680.772275061] [schedule_data_node]: Mirror handling new sync of 1 queries from schedule node [abeb2bc9-3c9c-4809-94fd-62b13261cc28]
[python3-12] [INFO] [1786696680.841616348] [project1_pinky_fleet_adapter]: Registering to query topic rmf_traffic/query_update_1
[bt_navigator-8] [INFO] [1786696680.871160691] [pinky_01.bt_navigator]: Creating navigator id navigate_through_poses of type nav2_bt_navigator::NavigateThroughPosesNavigator
[python3-12] [INFO] [1786696680.877140141] [project1_pinky_fleet_adapter]: Mirror handling new sync of 1 queries from schedule node [abeb2bc9-3c9c-4809-94fd-62b13261cc28]
[lifecycle_manager-11] [INFO] [1786696680.931941295] [pinky_01.lifecycle_manager_navigation]: [34m[1mConfiguring waypoint_follower[0m[0m
[waypoint_follower-9] [INFO] [1786696680.932197044] [pinky_01.waypoint_follower]: Configuring
[waypoint_follower-9] [INFO] [1786696680.971115129] [pinky_01.waypoint_follower]: Created waypoint_task_executor : wait_at_waypoint of type nav2_waypoint_follower::WaitAtWaypoint
[lifecycle_manager-11] [INFO] [1786696680.972077997] [pinky_01.lifecycle_manager_navigation]: [34m[1mConfiguring velocity_smoother[0m[0m
[velocity_smoother-10] [INFO] [1786696680.972346726] [pinky_01.velocity_smoother]: Configuring velocity smoother
[lifecycle_manager-11] [INFO] [1786696680.977306865] [pinky_01.lifecycle_manager_navigation]: [34m[1mActivating amcl[0m[0m
[amcl-3] [INFO] [1786696680.977513951] [pinky_01.amcl]: Activating
[amcl-3] [INFO] [1786696680.977560106] [pinky_01.amcl]: initialPoseReceived
[amcl-3] [INFO] [1786696680.978163475] [pinky_01.amcl]: Setting pose (0.000000): 1.185 -1.602 0.000
[amcl-3] [INFO] [1786696680.978873975] [pinky_01.amcl]: Creating bond (amcl) to lifecycle manager.
[lifecycle_manager-11] [INFO] [1786696681.087147207] [pinky_01.lifecycle_manager_navigation]: Server amcl connected with bond.
[lifecycle_manager-11] [INFO] [1786696681.087196975] [pinky_01.lifecycle_manager_navigation]: [34m[1mActivating controller_server[0m[0m
[controller_server-4] [INFO] [1786696681.087572643] [pinky_01.controller_server]: Activating
[controller_server-4] [INFO] [1786696681.087609387] [pinky_01.local_costmap.local_costmap]: Activating
[controller_server-4] [INFO] [1786696681.087624465] [pinky_01.local_costmap.local_costmap]: Checking transform
[controller_server-4] [INFO] [1786696681.087755843] [pinky_01.local_costmap.local_costmap]: start
[controller_server-4] [INFO] [1786696681.289052490] [pinky_01.controller_server]: Activating controller: FollowPath of type regulated_pure_pursuit_controller::RegulatedPurePursuitController
[controller_server-4] [INFO] [1786696681.289098298] [pinky_01.controller_server]: Creating bond (controller_server) to lifecycle manager.
[lifecycle_manager-11] [INFO] [1786696681.396753950] [pinky_01.lifecycle_manager_navigation]: Server controller_server connected with bond.
[lifecycle_manager-11] [INFO] [1786696681.396819865] [pinky_01.lifecycle_manager_navigation]: [34m[1mActivating smoother_server[0m[0m
[smoother_server-5] [INFO] [1786696681.397281716] [pinky_01.smoother_server]: Activating
[smoother_server-5] [INFO] [1786696681.397316238] [pinky_01.smoother_server]: Creating bond (smoother_server) to lifecycle manager.
[lifecycle_manager-11] [INFO] [1786696681.505807190] [pinky_01.lifecycle_manager_navigation]: Server smoother_server connected with bond.
[lifecycle_manager-11] [INFO] [1786696681.505844337] [pinky_01.lifecycle_manager_navigation]: [34m[1mActivating planner_server[0m[0m
[planner_server-6] [INFO] [1786696681.506206861] [pinky_01.planner_server]: Activating
[planner_server-6] [INFO] [1786696681.506245858] [pinky_01.global_costmap.global_costmap]: Activating
[planner_server-6] [INFO] [1786696681.506256140] [pinky_01.global_costmap.global_costmap]: Checking transform
[planner_server-6] [INFO] [1786696681.506294518] [pinky_01.global_costmap.global_costmap]: Timed out waiting for transform from pinky_01/base_footprint to map to become available, tf error: Invalid frame ID "map" passed to canTransform argument target_frame - frame does not exist
[amcl-3] [INFO] [1786696681.518847654] [pinky_01.amcl]: createLaserObject
[python3-12] [WARN] [1786696681.904589220] [project1_pinky_fleet_adapter]: [FleetUpdateHandle::set_retreat_to_charger_interval] This parameter is no longer being used.
[python3-12] [INFO] [1786696681.904630331] [project1_pinky_fleet_adapter]: Fleet [project1_pinky] is configured to perform delivery tasks
[python3-12] [INFO] [1786696681.904636020] [project1_pinky_fleet_adapter]: Fleet [project1_pinky] is configured to perform patrol tasks
[python3-12] [INFO] [1786696681.904697490] [project1_pinky_fleet_adapter]: Finished configuring Easy Full Control adapter for fleet [project1_pinky]
[python3-12] [INFO] [1786696681.947726232] [project1_pinky_nav2_adapter]: project1_pinky 를 Nav2 에 이었습니다. 로봇 1대, 0.10초마다 알립니다.
[planner_server-6] [INFO] [1786696682.006429450] [pinky_01.global_costmap.global_costmap]: Timed out waiting for transform from pinky_01/base_footprint to map to become available, tf error: Lookup would require extrapolation at time 2.790000, but only time 3.700000 is in the buffer, when looking up transform from frame [pinky_01/base_footprint] to frame [map]
[planner_server-6] [INFO] [1786696682.506376628] [pinky_01.global_costmap.global_costmap]: Timed out waiting for transform from pinky_01/base_footprint to map to become available, tf error: Lookup would require extrapolation into the past.  Requested time 2.890000 but the earliest data is at time 3.700000, when looking up transform from frame [pinky_01/base_footprint] to frame [map]
[planner_server-6] [INFO] [1786696683.006391944] [pinky_01.global_costmap.global_costmap]: Timed out waiting for transform from pinky_01/base_footprint to map to become available, tf error: Lookup would require extrapolation into the past.  Requested time 2.990000 but the earliest data is at time 3.700000, when looking up transform from frame [pinky_01/base_footprint] to frame [map]
[planner_server-6] [INFO] [1786696683.506349830] [pinky_01.global_costmap.global_costmap]: Timed out waiting for transform from pinky_01/base_footprint to map to become available, tf error: Lookup would require extrapolation into the past.  Requested time 3.070000 but the earliest data is at time 3.700000, when looking up transform from frame [pinky_01/base_footprint] to frame [map]
[planner_server-6] [INFO] [1786696684.006363064] [pinky_01.global_costmap.global_costmap]: Timed out waiting for transform from pinky_01/base_footprint to map to become available, tf error: Lookup would require extrapolation into the past.  Requested time 3.170000 but the earliest data is at time 3.700000, when looking up transform from frame [pinky_01/base_footprint] to frame [map]
[planner_server-6] [INFO] [1786696684.506370250] [pinky_01.global_costmap.global_costmap]: Timed out waiting for transform from pinky_01/base_footprint to map to become available, tf error: Lookup would require extrapolation into the past.  Requested time 3.270000 but the earliest data is at time 3.700000, when looking up transform from frame [pinky_01/base_footprint] to frame [map]
[planner_server-6] [INFO] [1786696685.006364155] [pinky_01.global_costmap.global_costmap]: Timed out waiting for transform from pinky_01/base_footprint to map to become available, tf error: Lookup would require extrapolation into the past.  Requested time 3.370000 but the earliest data is at time 3.700000, when looking up transform from frame [pinky_01/base_footprint] to frame [map]
[planner_server-6] [INFO] [1786696685.506363778] [pinky_01.global_costmap.global_costmap]: Timed out waiting for transform from pinky_01/base_footprint to map to become available, tf error: Lookup would require extrapolation into the past.  Requested time 3.450000 but the earliest data is at time 3.700000, when looking up transform from frame [pinky_01/base_footprint] to frame [map]
[planner_server-6] [INFO] [1786696686.006353796] [pinky_01.global_costmap.global_costmap]: Timed out waiting for transform from pinky_01/base_footprint to map to become available, tf error: Lookup would require extrapolation into the past.  Requested time 3.550000 but the earliest data is at time 3.700000, when looking up transform from frame [pinky_01/base_footprint] to frame [map]
[planner_server-6] [INFO] [1786696686.506366684] [pinky_01.global_costmap.global_costmap]: Timed out waiting for transform from pinky_01/base_footprint to map to become available, tf error: Lookup would require extrapolation into the past.  Requested time 3.630000 but the earliest data is at time 3.700000, when looking up transform from frame [pinky_01/base_footprint] to frame [map]
[planner_server-6] [INFO] [1786696687.006436442] [pinky_01.global_costmap.global_costmap]: start
[planner_server-6] [INFO] [1786696688.058813713] [pinky_01.planner_server]: Activating plugin GridBased of type NavfnPlanner
[planner_server-6] [INFO] [1786696688.060878820] [pinky_01.planner_server]: Creating bond (planner_server) to lifecycle manager.
[lifecycle_manager-11] [INFO] [1786696688.169140282] [pinky_01.lifecycle_manager_navigation]: Server planner_server connected with bond.
[lifecycle_manager-11] [INFO] [1786696688.169195623] [pinky_01.lifecycle_manager_navigation]: [34m[1mActivating behavior_server[0m[0m
[behavior_server-7] [INFO] [1786696688.169641194] [pinky_01.behavior_server]: Activating
[behavior_server-7] [INFO] [1786696688.169672667] [pinky_01.behavior_server]: Activating spin
[behavior_server-7] [INFO] [1786696688.169687847] [pinky_01.behavior_server]: Activating backup
[behavior_server-7] [INFO] [1786696688.169699217] [pinky_01.behavior_server]: Activating drive_on_heading
[behavior_server-7] [INFO] [1786696688.169709684] [pinky_01.behavior_server]: Activating assisted_teleop
[behavior_server-7] [INFO] [1786696688.169719696] [pinky_01.behavior_server]: Activating wait
[behavior_server-7] [INFO] [1786696688.169734860] [pinky_01.behavior_server]: Creating bond (behavior_server) to lifecycle manager.
[lifecycle_manager-11] [INFO] [1786696688.277313437] [pinky_01.lifecycle_manager_navigation]: Server behavior_server connected with bond.
[lifecycle_manager-11] [INFO] [1786696688.277376205] [pinky_01.lifecycle_manager_navigation]: [34m[1mActivating bt_navigator[0m[0m
[bt_navigator-8] [INFO] [1786696688.277818771] [pinky_01.bt_navigator]: Activating
[bt_navigator-8] [INFO] [1786696688.406281768] [pinky_01.bt_navigator]: Creating bond (bt_navigator) to lifecycle manager.
[lifecycle_manager-11] [INFO] [1786696688.516994727] [pinky_01.lifecycle_manager_navigation]: Server bt_navigator connected with bond.
[lifecycle_manager-11] [INFO] [1786696688.517038085] [pinky_01.lifecycle_manager_navigation]: [34m[1mActivating waypoint_follower[0m[0m
[waypoint_follower-9] [INFO] [1786696688.517460212] [pinky_01.waypoint_follower]: Activating
[waypoint_follower-9] [INFO] [1786696688.517494112] [pinky_01.waypoint_follower]: Creating bond (waypoint_follower) to lifecycle manager.
[lifecycle_manager-11] [INFO] [1786696688.625022308] [pinky_01.lifecycle_manager_navigation]: Server waypoint_follower connected with bond.
[lifecycle_manager-11] [INFO] [1786696688.625064228] [pinky_01.lifecycle_manager_navigation]: [34m[1mActivating velocity_smoother[0m[0m
[velocity_smoother-10] [INFO] [1786696688.625506154] [pinky_01.velocity_smoother]: Activating
[velocity_smoother-10] [INFO] [1786696688.625576866] [pinky_01.velocity_smoother]: Creating bond (velocity_smoother) to lifecycle manager.
[python3-12] [INFO] [1786696688.725832079] [project1_pinky_fleet_adapter]: Adding robot [pinky_01] to fleet [project1_pinky].
[python3-12] [INFO] [1786696688.726484663] [project1_pinky_nav2_adapter]: [pinky_01] RMF 에 붙었습니다.
[rmf_traffic_schedule-1] [INFO] [1786696688.726980864] [rmf_traffic_schedule_primary]: Registered participant [0] named [pinky_01] owned by [project1_pinky]
[lifecycle_manager-11] [INFO] [1786696688.734880860] [pinky_01.lifecycle_manager_navigation]: Server velocity_smoother connected with bond.
[lifecycle_manager-11] [INFO] [1786696688.734935943] [pinky_01.lifecycle_manager_navigation]: [34m[1mManaged nodes are active[0m[0m
[lifecycle_manager-11] [INFO] [1786696688.734951967] [pinky_01.lifecycle_manager_navigation]: [34m[1mCreating bond timer...[0m[0m
[python3-12] [INFO] [1786696688.747930290] [project1_pinky_fleet_adapter]: Added a robot named [pinky_01] with participant ID [0]
[python3-12] [INFO] [1786696688.759291547] [project1_pinky_fleet_adapter]: Successfully added robot [pinky_01] to the fleet [project1_pinky].
[python3-12] [INFO] [1786696688.759430185] [project1_pinky_fleet_adapter]: Charger waypoint for robot [project1_pinky/pinky_01] set to index [4]
[schedule_visualizer_node-4] [INFO] [1786696688.906639902] [schedule_data_node]: Requesting new schedule update because update timed out
[schedule_visualizer_node-4] [INFO] [1786696688.906693977] [schedule_data_node]: [rmf_traffic_ros2::MirrorManager::request_update] Requesting changes for query ID [1] since beginning of recorded history
[rmf_traffic_schedule-1] [INFO] [1786696688.910069122] [rmf_traffic_schedule_primary]: [ScheduleNode::update_mirrors] Sending remedial update starting from the beginning going to 1 for query 1
[python3-12] [INFO] [1786696708.547290227] [project1_pinky_fleet_adapter]: Direct request [rmf_control_ui-54df75de] successfully queued for robot [pinky_01]
[python3-12] [INFO] [1786696708.548439178] [project1_pinky_fleet_adapter]: Beginning next task [rmf_control_ui-54df75de] for robot [project1_pinky/pinky_01]
[python3-12] [INFO] [1786696708.551687019] [project1_pinky_fleet_adapter]: Selecting a new go_to_place location from [1] choices for robot [project1_pinky/pinky_01]
[python3-12] [INFO] [1786696708.551791583] [project1_pinky_fleet_adapter]: Got distance from [11] as 0.422339
[python3-12] [INFO] [1786696708.551987997] [project1_pinky_fleet_adapter]: Planning for [project1_pinky/pinky_01] to [픽업3] from one of these locations:
[python3-12]  -- L1 < 1.18465 -1.60222> [대기4] | on waypoint | orientation -6.2505e-12
[python3-12] [INFO] [1786696708.552772137] [project1_pinky_fleet_adapter]: Beginning new task [rmf_control_ui-54df75de] for [project1_pinky/pinky_01]. Remaining queue size: 0
[python3-12] [INFO] [1786696708.555689070] [project1_pinky_fleet_adapter]: Executing final go_to_place [픽업3] for robot [project1_pinky/pinky_01]
[python3-12] [INFO] [1786696708.556406963] [project1_pinky_fleet_adapter]: [project1_pinky/pinky_01] Moving to [place:픽업3] via
[python3-12]  -- t=0 #7 <     1.18465     -1.60222 -1.09092e-13> yaw=-6.2505e-12 approach lanes:
[python3-12]  -- t=1.51211 #7 < 1.18465 -1.60222 -1.56504> yaw=-89.67 approach lanes:
[python3-12]  -- t=2.25445 #11 < 1.18659 -1.94009 -1.56504> yaw=-89.67 approach lanes: 23
[python3-12] [INFO] [1786696708.559215600] [project1_pinky_nav2_adapter]: [pinky_01] -> (1.187, -1.940, -90도) 지도 [L1]
[bt_navigator-8] [INFO] [1786696708.563959614] [pinky_01.bt_navigator]: Begin navigating from current location (1.18, -1.60) to (1.19, -1.94)
[controller_server-4] [INFO] [1786696708.585229205] [pinky_01.controller_server]: Received a goal, begin computing control effort.
[controller_server-4] [WARN] [1786696708.585284057] [pinky_01.controller_server]: No goal checker was specified in parameter 'current_goal_checker'. Server will use only plugin loaded general_goal_checker . This warning will appear once.
[controller_server-4] [WARN] [1786696708.585303803] [pinky_01.controller_server]: No progress checker was specified in parameter 'current_progress_checker'. Server will use only plugin loaded progress_checker . This warning will appear once.
[parameter_bridge-11] [INFO] [1786696708.626928841] [gz_bridge]: Passing message from ROS geometry_msgs/msg/Twist to Gazebo gz.msgs.Twist (showing msg only once per type)
[controller_server-4] [INFO] [1786696709.635408881] [pinky_01.controller_server]: Passing new path to controller.
  ↑ 같은 줄 12번 더
[controller_server-4] [INFO] [1786696722.385786355] [pinky_01.controller_server]: Reached the goal!
[bt_navigator-8] [INFO] [1786696722.414508315] [pinky_01.bt_navigator]: Goal succeeded
[python3-12] [INFO] [1786696722.415232430] [project1_pinky_nav2_adapter]: [pinky_01] 도착했습니다.
[python3-12] [INFO] [1786696722.416912588] [project1_pinky_nav2_adapter]: [pinky_01] 동작 [armLoad] → 워크셀 [픽업3] 요청 (pinky_01-6f0ea5c9-e818-493a-a612-b57506e3bb09)
[python3-13] [INFO] [1786696722.418019718] [project1_ver2_workcell]: [omx_01] 픽업3 요청 받음 (pinky_01-6f0ea5c9-e818-493a-a612-b57506e3bb09)
[python3-13] [INFO] [1786696722.418463084] [project1_ver2_workcell]: [omx_01] 물품 [policy_1] 가상 policy 실행
[python3-12] [INFO] [1786696722.418704046] [project1_pinky_nav2_adapter]: [pinky_01] 워크셀 [픽업3]이 요청을 받았습니다.
[python3-13] [INFO] [1786696726.419210590] [project1_ver2_workcell]: [omx_01] 픽업3 끝.
[python3-12] [INFO] [1786696726.420223282] [project1_pinky_nav2_adapter]: [pinky_01] 워크셀 [픽업3] 동작 완료.
[python3-12] [INFO] [1786696726.420897574] [project1_pinky_fleet_adapter]: Selecting a new go_to_place location from [1] choices for robot [project1_pinky/pinky_01]
[python3-12] [INFO] [1786696726.420941843] [project1_pinky_fleet_adapter]: Got distance from [7] as 0.295789
[python3-12] [INFO] [1786696726.421123455] [project1_pinky_fleet_adapter]: Planning for [project1_pinky/pinky_01] to [대기4] from one of these locations:
[python3-12]  -- L1 < 1.18465 -1.60222> [대기4] | location < 1.18519 -1.83885> | orientation -94.1415
[python3-12]  -- lane 22: { L1 < 1.18659 -1.94009> [픽업3] } -> { L1 < 1.18465 -1.60222> [대기4] } | location < 1.18519 -1.83885> | orientation -94.1415
[python3-12]  -- lane 23: { L1 < 1.18465 -1.60222> [대기4] } -> { L1 < 1.18659 -1.94009> [픽업3] } | location < 1.18519 -1.83885> | orientation -94.1415
[python3-12] [INFO] [1786696726.422521276] [project1_pinky_fleet_adapter]: Executing final go_to_place [대기4] for robot [project1_pinky/pinky_01]
[python3-12] [INFO] [1786696726.423109100] [project1_pinky_fleet_adapter]: [project1_pinky/pinky_01] Moving to [place:대기4] via
[python3-12]  -- t=0 < 1.18519 -1.83885 -1.64308> yaw=-94.1415 approach lanes:
[python3-12]  -- t=2.51341 < 1.18519 -1.83885  1.57311> yaw=90.1326 approach lanes:
[python3-12]  -- t=3.12873 #7 < 1.18465 -1.60222  1.57311> yaw=90.1326 approach lanes:
[python3-12] [INFO] [1786696726.424876349] [project1_pinky_nav2_adapter]: [pinky_01] -> (1.185, -1.602, 90도) 지도 [L1]
[bt_navigator-8] [INFO] [1786696726.426521459] [pinky_01.bt_navigator]: Begin navigating from current location (1.19, -1.84) to (1.18, -1.60)
[controller_server-4] [INFO] [1786696726.447316279] [pinky_01.controller_server]: Received a goal, begin computing control effort.
[controller_server-4] [INFO] [1786696727.497494791] [pinky_01.controller_server]: Passing new path to controller.
  ↑ 같은 줄 38번 더
[controller_server-4] [WARN] [1786696767.294198653] [pinky_01.controller_server]: Control loop missed its desired rate of 20.0000 Hz. Current loop rate is inf Hz.
[controller_server-4] [INFO] [1786696767.494325464] [pinky_01.controller_server]: Passing new path to controller.
  ↑ 같은 줄 2번 더
[controller_server-4] [INFO] [1786696769.694613808] [pinky_01.controller_server]: Reached the goal!
[bt_navigator-8] [INFO] [1786696769.719760649] [pinky_01.bt_navigator]: Goal succeeded
[python3-12] [INFO] [1786696769.721079331] [project1_pinky_nav2_adapter]: [pinky_01] 도착했습니다.
[schedule_visualizer_node-4] [INFO] [1786696807.500362943] [schedule_data_node]: Requesting new schedule update because update timed out
[schedule_visualizer_node-4] [INFO] [1786696807.500458883] [schedule_data_node]: [rmf_traffic_ros2::MirrorManager::request_update] Requesting changes for query ID [1] since version [39]
[python3-12] [INFO] [1786696807.501230908] [project1_pinky_fleet_adapter]: Requesting new schedule update because update timed out
[python3-12] [INFO] [1786696807.501286918] [project1_pinky_fleet_adapter]: [rmf_traffic_ros2::MirrorManager::request_update] Requesting changes for query ID [1] since version [39]
[schedule_visualizer_node-4] [INFO] [1786696827.500312739] [schedule_data_node]: Requesting new schedule update because update timed out
[schedule_visualizer_node-4] [INFO] [1786696827.500380570] [schedule_data_node]: [rmf_traffic_ros2::MirrorManager::request_update] Requesting changes for query ID [1] since beginning of recorded history
[python3-12] [INFO] [1786696827.501133167] [project1_pinky_fleet_adapter]: Requesting new schedule update because update timed out
[python3-12] [INFO] [1786696827.501181482] [project1_pinky_fleet_adapter]: [rmf_traffic_ros2::MirrorManager::request_update] Requesting changes for query ID [1] since beginning of recorded history
[rmf_traffic_schedule-1] [INFO] [1786696827.510375451] [rmf_traffic_schedule_primary]: [ScheduleNode::update_mirrors] Sending remedial update starting from the beginning going to 39 for query 1
[schedule_visualizer_node-4] [INFO] [1786696867.500398845] [schedule_data_node]: Requesting new schedule update because update timed out
[schedule_visualizer_node-4] [INFO] [1786696867.500447814] [schedule_data_node]: [rmf_traffic_ros2::MirrorManager::request_update] Requesting changes for query ID [1] since version [40]
[python3-12] [INFO] [1786696867.501038291] [project1_pinky_fleet_adapter]: Requesting new schedule update because update timed out
[python3-12] [INFO] [1786696867.501070599] [project1_pinky_fleet_adapter]: [rmf_traffic_ros2::MirrorManager::request_update] Requesting changes for query ID [1] since version [40]
[schedule_visualizer_node-4] [INFO] [1786696887.500397501] [schedule_data_node]: Requesting new schedule update because update timed out
[schedule_visualizer_node-4] [INFO] [1786696887.500460955] [schedule_data_node]: [rmf_traffic_ros2::MirrorManager::request_update] Requesting changes for query ID [1] since beginning of recorded history
[python3-12] [INFO] [1786696887.501369980] [project1_pinky_fleet_adapter]: Requesting new schedule update because update timed out
[python3-12] [INFO] [1786696887.501422863] [project1_pinky_fleet_adapter]: [rmf_traffic_ros2::MirrorManager::request_update] Requesting changes for query ID [1] since beginning of recorded history
[rmf_traffic_schedule-1] [INFO] [1786696887.510169545] [rmf_traffic_schedule_primary]: [ScheduleNode::update_mirrors] Sending remedial update starting from the beginning going to 40 for query 1
[schedule_visualizer_node-4] [INFO] [1786696927.500295224] [schedule_data_node]: Requesting new schedule update because update timed out
[schedule_visualizer_node-4] [INFO] [1786696927.500356794] [schedule_data_node]: [rmf_traffic_ros2::MirrorManager::request_update] Requesting changes for query ID [1] since version [41]
[python3-12] [INFO] [1786696927.501127155] [project1_pinky_fleet_adapter]: Requesting new schedule update because update timed out
[python3-12] [INFO] [1786696927.501197262] [project1_pinky_fleet_adapter]: [rmf_traffic_ros2::MirrorManager::request_update] Requesting changes for query ID [1] since version [41]
[schedule_visualizer_node-4] [INFO] [1786696947.500316025] [schedule_data_node]: Requesting new schedule update because update timed out
[schedule_visualizer_node-4] [INFO] [1786696947.500383299] [schedule_data_node]: [rmf_traffic_ros2::MirrorManager::request_update] Requesting changes for query ID [1] since beginning of recorded history
[python3-12] [INFO] [1786696947.501153552] [project1_pinky_fleet_adapter]: Requesting new schedule update because update timed out
[python3-12] [INFO] [1786696947.501219533] [project1_pinky_fleet_adapter]: [rmf_traffic_ros2::MirrorManager::request_update] Requesting changes for query ID [1] since beginning of recorded history
[rmf_traffic_schedule-1] [INFO] [1786696947.510150995] [rmf_traffic_schedule_primary]: [ScheduleNode::update_mirrors] Sending remedial update starting from the beginning going to 41 for query 1
[python3-12] [INFO] [1786696981.905071618] [project1_pinky_fleet_adapter]: Cache sizes:
[python3-12]  - DifferentialDrive: 75
[python3-12]  - ShortestPath: 24
[python3-12]  - Euclidean: 0
[schedule_visualizer_node-4] [INFO] [1786696987.500410915] [schedule_data_node]: Requesting new schedule update because update timed out
[schedule_visualizer_node-4] [INFO] [1786696987.500478449] [schedule_data_node]: [rmf_traffic_ros2::MirrorManager::request_update] Requesting changes for query ID [1] since version [42]
[python3-12] [INFO] [1786696987.501325991] [project1_pinky_fleet_adapter]: Requesting new schedule update because update timed out
[python3-12] [INFO] [1786696987.501375389] [project1_pinky_fleet_adapter]: [rmf_traffic_ros2::MirrorManager::request_update] Requesting changes for query ID [1] since version [42]
[schedule_visualizer_node-4] [INFO] [1786697007.500408453] [schedule_data_node]: Requesting new schedule update because update timed out
[schedule_visualizer_node-4] [INFO] [1786697007.500474260] [schedule_data_node]: [rmf_traffic_ros2::MirrorManager::request_update] Requesting changes for query ID [1] since beginning of recorded history
[python3-12] [INFO] [1786697007.501360920] [project1_pinky_fleet_adapter]: Requesting new schedule update because update timed out
[python3-12] [INFO] [1786697007.501426029] [project1_pinky_fleet_adapter]: [rmf_traffic_ros2::MirrorManager::request_update] Requesting changes for query ID [1] since beginning of recorded history
[rmf_traffic_schedule-1] [INFO] [1786697007.510049889] [rmf_traffic_schedule_primary]: [ScheduleNode::update_mirrors] Sending remedial update starting from the beginning going to 42 for query 1
[schedule_visualizer_node-4] [INFO] [1786697047.500259889] [schedule_data_node]: Requesting new schedule update because update timed out
[schedule_visualizer_node-4] [INFO] [1786697047.500307016] [schedule_data_node]: [rmf_traffic_ros2::MirrorManager::request_update] Requesting changes for query ID [1] since version [43]
[python3-12] [INFO] [1786697047.501041479] [project1_pinky_fleet_adapter]: Requesting new schedule update because update timed out
[python3-12] [INFO] [1786697047.501102264] [project1_pinky_fleet_adapter]: [rmf_traffic_ros2::MirrorManager::request_update] Requesting changes for query ID [1] since version [43]
[schedule_visualizer_node-4] [INFO] [1786697067.500914321] [schedule_data_node]: Requesting new schedule update because update timed out
[schedule_visualizer_node-4] [INFO] [1786697067.500970834] [schedule_data_node]: [rmf_traffic_ros2::MirrorManager::request_update] Requesting changes for query ID [1] since beginning of recorded history
[python3-12] [INFO] [1786697067.503447459] [project1_pinky_fleet_adapter]: Requesting new schedule update because update timed out
[python3-12] [INFO] [1786697067.504211253] [project1_pinky_fleet_adapter]: [rmf_traffic_ros2::MirrorManager::request_update] Requesting changes for query ID [1] since beginning of recorded history
[rmf_traffic_schedule-1] [INFO] [1786697067.512607785] [rmf_traffic_schedule_primary]: [ScheduleNode::update_mirrors] Sending remedial update starting from the beginning going to 43 for query 1
[python3-12] [WARN] [1786697087.500554610] [project1_pinky_fleet_adapter]: Failed to update using patch for DB version 44 (mirror version: none, patch base: 43); requesting new update
[python3-12] [INFO] [1786697087.500626722] [project1_pinky_fleet_adapter]: [rmf_traffic_ros2::MirrorManager::request_update] Requesting changes for query ID [1] since beginning of recorded history
[rmf_traffic_schedule-1] [INFO] [1786697087.510129726] [rmf_traffic_schedule_primary]: [ScheduleNode::update_mirrors] Sending remedial update starting from the beginning going to 44 for query 1
[schedule_visualizer_node-4] [INFO] [1786697107.510448467] [schedule_data_node]: Requesting new schedule update because update timed out
[schedule_visualizer_node-4] [INFO] [1786697107.510524149] [schedule_data_node]: [rmf_traffic_ros2::MirrorManager::request_update] Requesting changes for query ID [1] since version [44]
[python3-12] [INFO] [1786697107.511131083] [project1_pinky_fleet_adapter]: Requesting new schedule update because update timed out
[python3-12] [INFO] [1786697107.511193722] [project1_pinky_fleet_adapter]: [rmf_traffic_ros2::MirrorManager::request_update] Requesting changes for query ID [1] since version [44]
[schedule_visualizer_node-4] [INFO] [1786697127.510418216] [schedule_data_node]: Requesting new schedule update because update timed out
[schedule_visualizer_node-4] [INFO] [1786697127.510486728] [schedule_data_node]: [rmf_traffic_ros2::MirrorManager::request_update] Requesting changes for query ID [1] since beginning of recorded history
[python3-12] [INFO] [1786697127.511086555] [project1_pinky_fleet_adapter]: Requesting new schedule update because update timed out
[python3-12] [INFO] [1786697127.511151879] [project1_pinky_fleet_adapter]: [rmf_traffic_ros2::MirrorManager::request_update] Requesting changes for query ID [1] since beginning of recorded history
[rmf_traffic_schedule-1] [INFO] [1786697127.520104898] [rmf_traffic_schedule_primary]: [ScheduleNode::update_mirrors] Sending remedial update starting from the beginning going to 44 for query 1
[schedule_visualizer_node-4] [INFO] [1786697167.500255957] [schedule_data_node]: Requesting new schedule update because update timed out
[schedule_visualizer_node-4] [INFO] [1786697167.500322374] [schedule_data_node]: [rmf_traffic_ros2::MirrorManager::request_update] Requesting changes for query ID [1] since version [45]
[python3-12] [INFO] [1786697167.501001495] [project1_pinky_fleet_adapter]: Requesting new schedule update because update timed out
[python3-12] [INFO] [1786697167.501060500] [project1_pinky_fleet_adapter]: [rmf_traffic_ros2::MirrorManager::request_update] Requesting changes for query ID [1] since version [45]
[schedule_visualizer_node-4] [INFO] [1786697187.500251559] [schedule_data_node]: Requesting new schedule update because update timed out
[schedule_visualizer_node-4] [INFO] [1786697187.500298424] [schedule_data_node]: [rmf_traffic_ros2::MirrorManager::request_update] Requesting changes for query ID [1] since beginning of recorded history
[python3-12] [INFO] [1786697187.500897869] [project1_pinky_fleet_adapter]: Requesting new schedule update because update timed out
[python3-12] [INFO] [1786697187.500939397] [project1_pinky_fleet_adapter]: [rmf_traffic_ros2::MirrorManager::request_update] Requesting changes for query ID [1] since beginning of recorded history
[rmf_traffic_schedule-1] [INFO] [1786697187.510151523] [rmf_traffic_schedule_primary]: [ScheduleNode::update_mirrors] Sending remedial update starting from the beginning going to 45 for query 1
[schedule_visualizer_node-4] [INFO] [1786697227.500413996] [schedule_data_node]: Requesting new schedule update because update timed out
[schedule_visualizer_node-4] [INFO] [1786697227.500468977] [schedule_data_node]: [rmf_traffic_ros2::MirrorManager::request_update] Requesting changes for query ID [1] since version [46]
[python3-12] [INFO] [1786697227.501081468] [project1_pinky_fleet_adapter]: Requesting new schedule update because update timed out
[python3-12] [INFO] [1786697227.501124294] [project1_pinky_fleet_adapter]: [rmf_traffic_ros2::MirrorManager::request_update] Requesting changes for query ID [1] since version [46]
[schedule_visualizer_node-4] [INFO] [1786697247.500401330] [schedule_data_node]: Requesting new schedule update because update timed out
[schedule_visualizer_node-4] [INFO] [1786697247.500471714] [schedule_data_node]: [rmf_traffic_ros2::MirrorManager::request_update] Requesting changes for query ID [1] since beginning of recorded history
[python3-12] [INFO] [1786697247.501350548] [project1_pinky_fleet_adapter]: Requesting new schedule update because update timed out
[python3-12] [INFO] [1786697247.501423130] [project1_pinky_fleet_adapter]: [rmf_traffic_ros2::MirrorManager::request_update] Requesting changes for query ID [1] since beginning of recorded history
[rmf_traffic_schedule-1] [INFO] [1786697247.510150063] [rmf_traffic_schedule_primary]: [ScheduleNode::update_mirrors] Sending remedial update starting from the beginning going to 46 for query 1
[python3-12] [INFO] [1786697281.905035330] [project1_pinky_fleet_adapter]: Cache sizes:
[python3-12]  - DifferentialDrive: 75
[python3-12]  - ShortestPath: 24
[python3-12]  - Euclidean: 0
[schedule_visualizer_node-4] [INFO] [1786697287.500284617] [schedule_data_node]: Requesting new schedule update because update timed out
[schedule_visualizer_node-4] [INFO] [1786697287.500322313] [schedule_data_node]: [rmf_traffic_ros2::MirrorManager::request_update] Requesting changes for query ID [1] since version [47]
[python3-12] [INFO] [1786697287.501088770] [project1_pinky_fleet_adapter]: Requesting new schedule update because update timed out
[python3-12] [INFO] [1786697287.501140493] [project1_pinky_fleet_adapter]: [rmf_traffic_ros2::MirrorManager::request_update] Requesting changes for query ID [1] since version [47]
[schedule_visualizer_node-4] [INFO] [1786697307.500337338] [schedule_data_node]: Requesting new schedule update because update timed out
[schedule_visualizer_node-4] [INFO] [1786697307.500395244] [schedule_data_node]: [rmf_traffic_ros2::MirrorManager::request_update] Requesting changes for query ID [1] since beginning of recorded history
[python3-12] [INFO] [1786697307.501129488] [project1_pinky_fleet_adapter]: Requesting new schedule update because update timed out
[python3-12] [INFO] [1786697307.501171682] [project1_pinky_fleet_adapter]: [rmf_traffic_ros2::MirrorManager::request_update] Requesting changes for query ID [1] since beginning of recorded history
[rmf_traffic_schedule-1] [INFO] [1786697307.510113124] [rmf_traffic_schedule_primary]: [ScheduleNode::update_mirrors] Sending remedial update starting from the beginning going to 47 for query 1
[schedule_visualizer_node-4] [INFO] [1786697347.500409464] [schedule_data_node]: Requesting new schedule update because update timed out
[schedule_visualizer_node-4] [INFO] [1786697347.500465093] [schedule_data_node]: [rmf_traffic_ros2::MirrorManager::request_update] Requesting changes for query ID [1] since version [48]
[python3-12] [INFO] [1786697347.501125726] [project1_pinky_fleet_adapter]: Requesting new schedule update because update timed out
[python3-12] [INFO] [1786697347.501170310] [project1_pinky_fleet_adapter]: [rmf_traffic_ros2::MirrorManager::request_update] Requesting changes for query ID [1] since version [48]
[schedule_visualizer_node-4] [INFO] [1786697367.500375789] [schedule_data_node]: Requesting new schedule update because update timed out
[schedule_visualizer_node-4] [INFO] [1786697367.500432312] [schedule_data_node]: [rmf_traffic_ros2::MirrorManager::request_update] Requesting changes for query ID [1] since beginning of recorded history
[python3-12] [INFO] [1786697367.501208296] [project1_pinky_fleet_adapter]: Requesting new schedule update because update timed out
[python3-12] [INFO] [1786697367.501256101] [project1_pinky_fleet_adapter]: [rmf_traffic_ros2::MirrorManager::request_update] Requesting changes for query ID [1] since beginning of recorded history
[rmf_traffic_schedule-1] [INFO] [1786697367.510139140] [rmf_traffic_schedule_primary]: [ScheduleNode::update_mirrors] Sending remedial update starting from the beginning going to 48 for query 1
[schedule_visualizer_node-4] [INFO] [1786697407.500401273] [schedule_data_node]: Requesting new schedule update because update timed out
[schedule_visualizer_node-4] [INFO] [1786697407.500445073] [schedule_data_node]: [rmf_traffic_ros2::MirrorManager::request_update] Requesting changes for query ID [1] since version [49]
[python3-12] [INFO] [1786697407.501018917] [project1_pinky_fleet_adapter]: Requesting new schedule update because update timed out
[python3-12] [INFO] [1786697407.501079116] [project1_pinky_fleet_adapter]: [rmf_traffic_ros2::MirrorManager::request_update] Requesting changes for query ID [1] since version [49]
[schedule_visualizer_node-4] [INFO] [1786697427.500400270] [schedule_data_node]: Requesting new schedule update because update timed out
[schedule_visualizer_node-4] [INFO] [1786697427.500453706] [schedule_data_node]: [rmf_traffic_ros2::MirrorManager::request_update] Requesting changes for query ID [1] since beginning of recorded history
[python3-12] [INFO] [1786697427.501077875] [project1_pinky_fleet_adapter]: Requesting new schedule update because update timed out
[python3-12] [INFO] [1786697427.501138389] [project1_pinky_fleet_adapter]: [rmf_traffic_ros2::MirrorManager::request_update] Requesting changes for query ID [1] since beginning of recorded history
[rmf_traffic_schedule-1] [INFO] [1786697427.510150564] [rmf_traffic_schedule_primary]: [ScheduleNode::update_mirrors] Sending remedial update starting from the beginning going to 49 for query 1
[schedule_visualizer_node-4] [INFO] [1786697467.500251133] [schedule_data_node]: Requesting new schedule update because update timed out
[schedule_visualizer_node-4] [INFO] [1786697467.500307394] [schedule_data_node]: [rmf_traffic_ros2::MirrorManager::request_update] Requesting changes for query ID [1] since version [50]
[python3-12] [INFO] [1786697467.500996485] [project1_pinky_fleet_adapter]: Requesting new schedule update because update timed out
[python3-12] [INFO] [1786697467.501040808] [project1_pinky_fleet_adapter]: [rmf_traffic_ros2::MirrorManager::request_update] Requesting changes for query ID [1] since version [50]
[schedule_visualizer_node-4] [INFO] [1786697487.500304144] [schedule_data_node]: Requesting new schedule update because update timed out
[schedule_visualizer_node-4] [INFO] [1786697487.500366736] [schedule_data_node]: [rmf_traffic_ros2::MirrorManager::request_update] Requesting changes for query ID [1] since beginning of recorded history
[python3-12] [INFO] [1786697487.501115359] [project1_pinky_fleet_adapter]: Requesting new schedule update because update timed out
[python3-12] [INFO] [1786697487.501161825] [project1_pinky_fleet_adapter]: [rmf_traffic_ros2::MirrorManager::request_update] Requesting changes for query ID [1] since beginning of recorded history
[rmf_traffic_schedule-1] [INFO] [1786697487.510169858] [rmf_traffic_schedule_primary]: [ScheduleNode::update_mirrors] Sending remedial update starting from the beginning going to 50 for query 1
[schedule_visualizer_node-4] [INFO] [1786697527.500305082] [schedule_data_node]: Requesting new schedule update because update timed out
[schedule_visualizer_node-4] [INFO] [1786697527.500380444] [schedule_data_node]: [rmf_traffic_ros2::MirrorManager::request_update] Requesting changes for query ID [1] since version [51]
[python3-12] [INFO] [1786697527.501086999] [project1_pinky_fleet_adapter]: Requesting new schedule update because update timed out
[python3-12] [INFO] [1786697527.501144516] [project1_pinky_fleet_adapter]: [rmf_traffic_ros2::MirrorManager::request_update] Requesting changes for query ID [1] since version [51]
[schedule_visualizer_node-4] [INFO] [1786697547.500334864] [schedule_data_node]: Requesting new schedule update because update timed out
[schedule_visualizer_node-4] [INFO] [1786697547.500407110] [schedule_data_node]: [rmf_traffic_ros2::MirrorManager::request_update] Requesting changes for query ID [1] since beginning of recorded history
[python3-12] [INFO] [1786697547.501093323] [project1_pinky_fleet_adapter]: Requesting new schedule update because update timed out
[python3-12] [INFO] [1786697547.501140947] [project1_pinky_fleet_adapter]: [rmf_traffic_ros2::MirrorManager::request_update] Requesting changes for query ID [1] since beginning of recorded history
[rmf_traffic_schedule-1] [INFO] [1786697547.510132676] [rmf_traffic_schedule_primary]: [ScheduleNode::update_mirrors] Sending remedial update starting from the beginning going to 51 for query 1
[python3-12] [INFO] [1786697581.905088081] [project1_pinky_fleet_adapter]: Cache sizes:
[python3-12]  - DifferentialDrive: 75
[python3-12]  - ShortestPath: 24
[python3-12]  - Euclidean: 0
[schedule_visualizer_node-4] [INFO] [1786697587.500415455] [schedule_data_node]: Requesting new schedule update because update timed out
[schedule_visualizer_node-4] [INFO] [1786697587.500503026] [schedule_data_node]: [rmf_traffic_ros2::MirrorManager::request_update] Requesting changes for query ID [1] since version [52]
[python3-12] [INFO] [1786697587.501055555] [project1_pinky_fleet_adapter]: Requesting new schedule update because update timed out
[python3-12] [INFO] [1786697587.501114688] [project1_pinky_fleet_adapter]: [rmf_traffic_ros2::MirrorManager::request_update] Requesting changes for query ID [1] since version [52]
[schedule_visualizer_node-4] [INFO] [1786697607.500408129] [schedule_data_node]: Requesting new schedule update because update timed out
[schedule_visualizer_node-4] [INFO] [1786697607.500451762] [schedule_data_node]: [rmf_traffic_ros2::MirrorManager::request_update] Requesting changes for query ID [1] since beginning of recorded history
[python3-12] [INFO] [1786697607.500926724] [project1_pinky_fleet_adapter]: Requesting new schedule update because update timed out
[python3-12] [INFO] [1786697607.500958679] [project1_pinky_fleet_adapter]: [rmf_traffic_ros2::MirrorManager::request_update] Requesting changes for query ID [1] since beginning of recorded history
[rmf_traffic_schedule-1] [INFO] [1786697607.510170478] [rmf_traffic_schedule_primary]: [ScheduleNode::update_mirrors] Sending remedial update starting from the beginning going to 52 for query 1
[schedule_visualizer_node-4] [INFO] [1786697647.500302448] [schedule_data_node]: Requesting new schedule update because update timed out
[schedule_visualizer_node-4] [INFO] [1786697647.500373748] [schedule_data_node]: [rmf_traffic_ros2::MirrorManager::request_update] Requesting changes for query ID [1] since version [53]
[python3-12] [INFO] [1786697647.501285324] [project1_pinky_fleet_adapter]: Requesting new schedule update because update timed out
[python3-12] [INFO] [1786697647.501366429] [project1_pinky_fleet_adapter]: [rmf_traffic_ros2::MirrorManager::request_update] Requesting changes for query ID [1] since version [53]
[schedule_visualizer_node-4] [INFO] [1786697667.500311867] [schedule_data_node]: Requesting new schedule update because update timed out
[schedule_visualizer_node-4] [INFO] [1786697667.500356981] [schedule_data_node]: [rmf_traffic_ros2::MirrorManager::request_update] Requesting changes for query ID [1] since beginning of recorded history
[python3-12] [INFO] [1786697667.500880011] [project1_pinky_fleet_adapter]: Requesting new schedule update because update timed out
[python3-12] [INFO] [1786697667.500918279] [project1_pinky_fleet_adapter]: [rmf_traffic_ros2::MirrorManager::request_update] Requesting changes for query ID [1] since beginning of recorded history
[rmf_traffic_schedule-1] [INFO] [1786697667.510183110] [rmf_traffic_schedule_primary]: [ScheduleNode::update_mirrors] Sending remedial update starting from the beginning going to 53 for query 1
[schedule_visualizer_node-4] [INFO] [1786697707.500605168] [schedule_data_node]: Requesting new schedule update because update timed out
[schedule_visualizer_node-4] [INFO] [1786697707.500660261] [schedule_data_node]: [rmf_traffic_ros2::MirrorManager::request_update] Requesting changes for query ID [1] since version [54]
[python3-12] [INFO] [1786697707.502043935] [project1_pinky_fleet_adapter]: Requesting new schedule update because update timed out
[python3-12] [INFO] [1786697707.502103629] [project1_pinky_fleet_adapter]: [rmf_traffic_ros2::MirrorManager::request_update] Requesting changes for query ID [1] since version [54]
[lifecycle_manager-2] [INFO] [1786697723.217981190] [lifecycle_manager_map]: [34m[1mHave not received a heartbeat from map_server.[0m[0m
[lifecycle_manager-2] [ERROR] [1786697723.218033377] [lifecycle_manager_map]: CRITICAL FAILURE: SERVER map_server IS DOWN after not receiving a heartbeat for 4000 ms. Shutting down related nodes.
[lifecycle_manager-2] [INFO] [1786697723.218076931] [lifecycle_manager_map]: [34m[1mTerminating bond timer...[0m[0m
[lifecycle_manager-2] [INFO] [1786697723.218086450] [lifecycle_manager_map]: [34m[1mResetting managed nodes...[0m[0m
[lifecycle_manager-2] [INFO] [1786697723.218094250] [lifecycle_manager_map]: [34m[1mDeactivating map_server[0m[0m
[map_server-1] [INFO] [1786697723.218608608] [map_server]: Deactivating
[map_server-1] [INFO] [1786697723.218658597] [map_server]: Destroying bond (map_server) to lifecycle manager.
[schedule_visualizer_node-4] [INFO] [1786697727.500601020] [schedule_data_node]: Requesting new schedule update because update timed out
[schedule_visualizer_node-4] [INFO] [1786697727.500646351] [schedule_data_node]: [rmf_traffic_ros2::MirrorManager::request_update] Requesting changes for query ID [1] since beginning of recorded history
[python3-12] [INFO] [1786697727.501654159] [project1_pinky_fleet_adapter]: Requesting new schedule update because update timed out
[python3-12] [INFO] [1786697727.501696181] [project1_pinky_fleet_adapter]: [rmf_traffic_ros2::MirrorManager::request_update] Requesting changes for query ID [1] since beginning of recorded history
[rmf_traffic_schedule-1] [INFO] [1786697727.510272443] [rmf_traffic_schedule_primary]: [ScheduleNode::update_mirrors] Sending remedial update starting from the beginning going to 54 for query 1
[schedule_visualizer_node-4] [INFO] [1786697767.500383546] [schedule_data_node]: Requesting new schedule update because update timed out
[schedule_visualizer_node-4] [INFO] [1786697767.500435894] [schedule_data_node]: [rmf_traffic_ros2::MirrorManager::request_update] Requesting changes for query ID [1] since version [55]
[python3-12] [INFO] [1786697767.501026376] [project1_pinky_fleet_adapter]: Requesting new schedule update because update timed out
[python3-12] [INFO] [1786697767.501070555] [project1_pinky_fleet_adapter]: [rmf_traffic_ros2::MirrorManager::request_update] Requesting changes for query ID [1] since version [55]
[schedule_visualizer_node-4] [INFO] [1786697787.500614896] [schedule_data_node]: Requesting new schedule update because update timed out
[schedule_visualizer_node-4] [INFO] [1786697787.501771965] [schedule_data_node]: [rmf_traffic_ros2::MirrorManager::request_update] Requesting changes for query ID [1] since beginning of recorded history
[python3-12] [INFO] [1786697787.502458390] [project1_pinky_fleet_adapter]: Requesting new schedule update because update timed out
[python3-12] [INFO] [1786697787.503071971] [project1_pinky_fleet_adapter]: [rmf_traffic_ros2::MirrorManager::request_update] Requesting changes for query ID [1] since beginning of recorded history
[rmf_traffic_schedule-1] [INFO] [1786697787.510129617] [rmf_traffic_schedule_primary]: [ScheduleNode::update_mirrors] Sending remedial update starting from the beginning going to 55 for query 1
[schedule_visualizer_node-4] [INFO] [1786697827.500277065] [schedule_data_node]: Requesting new schedule update because update timed out
[schedule_visualizer_node-4] [INFO] [1786697827.500328630] [schedule_data_node]: [rmf_traffic_ros2::MirrorManager::request_update] Requesting changes for query ID [1] since version [56]
[python3-12] [INFO] [1786697827.501002831] [project1_pinky_fleet_adapter]: Requesting new schedule update because update timed out
[python3-12] [INFO] [1786697827.501054288] [project1_pinky_fleet_adapter]: [rmf_traffic_ros2::MirrorManager::request_update] Requesting changes for query ID [1] since version [56]
[INFO] [gazebo-2]: process has finished cleanly [pid 586394]
[python3-12] [INFO] [1786697847.500983503] [project1_pinky_fleet_adapter]: Requesting new schedule update because update timed out
[python3-12] [INFO] [1786697847.501033721] [project1_pinky_fleet_adapter]: [rmf_traffic_ros2::MirrorManager::request_update] Requesting changes for query ID [1] since beginning of recorded history
