=== 2026-08-10 17:25:51 gwanghee 실행 ===
월드에 센서 시스템이 이미 있습니다.
[1/2] Gazebo bringup
[INFO] [launch]: All log files can be found below /home/gyi/.ros/log/2026-08-10-17-25-52-462567-gyi-15UD50T-GX5JK-773111
[INFO] [launch]: Default logging verbosity is set to INFO
[INFO] [gazebo-1]: process started with pid [773226]
[INFO] [robot_state_publisher-2]: process started with pid [773227]
[INFO] [create-3]: process started with pid [773228]
[INFO] [spawner-4]: process started with pid [773230]
[INFO] [spawner-5]: process started with pid [773231]
[INFO] [spawner-6]: process started with pid [773232]
[INFO] [robot_state_publisher-7]: process started with pid [773233]
[INFO] [create-8]: process started with pid [773234]
[INFO] [spawner-9]: process started with pid [773235]
[INFO] [spawner-10]: process started with pid [773236]
[INFO] [spawner-11]: process started with pid [773237]
[INFO] [parameter_bridge-12]: process started with pid [773240]
[robot_state_publisher-7] [INFO] [1786350353.594902404] [omx_02.robot_state_publisher]: Robot initialized
[create-8] [INFO] [1786350353.605723772] [omx_02.ros_gz_sim]: Requesting list of world names.
[robot_state_publisher-2] [INFO] [1786350353.607392828] [omx_01.robot_state_publisher]: Robot initialized
[create-3] [INFO] [1786350353.624816116] [omx_01.ros_gz_sim]: Requesting list of world names.
[gazebo-1] [1;33mWarning [Utils.cc:132][0m [/sdf/world[@name="sim_world"]/gui/window:/home/gyi/robosapiens/rmf_maps/gwanghee/gwanghee.world:L31]: XML Element[window], child of element[gui], not defined in SDF. Copying[window] as children of [gui].
[spawner-6] [INFO] [1786350353.989798002] [omx_01.spawner_gripper_controller]: waiting for service /omx_01/controller_manager/list_controllers to become available...
[gazebo-1] [INFO] [1786350354.082878744] [rmf_simulation_door_manager]: Loading DoorManager
[gazebo-1] [INFO] [1786350354.101201243] [rmf_simulation_lift_manager]: Starting LiftManager
[gazebo-1] [1;33m[Wrn] [SdfEntityCreator.cc:933] [0m[1;33mGazebo does not support Ogre material scripts. See [0m[1;33mhttps://gazebosim.org/api/sim/8/migrationsdf.html#:~:text=Materials [0m[1;33mfor details.[0m[1;33m[0m
[gazebo-1] [1;33m[Wrn] [SdfEntityCreator.cc:939] [0m[1;33mCustom material scripts are not supported.[0m[1;33m[0m
[gazebo-1] [1;33m[Wrn] [SdfEntityCreator.cc:933] [0m[1;33mGazebo does not support Ogre material scripts. See [0m[1;33mhttps://gazebosim.org/api/sim/8/migrationsdf.html#:~:text=Materials [0m[1;33mfor details.[0m[1;33m[0m
[gazebo-1] [1;33m[Wrn] [SdfEntityCreator.cc:939] [0m[1;33mCustom material scripts are not supported.[0m[1;33m[0m
[create-8] [INFO] [1786350354.212604786] [omx_02.ros_gz_sim]: Waiting messages on topic [robot_description].
[create-8] [INFO] [1786350354.311561537] [omx_02.ros_gz_sim]: Entity creation successful.
[create-3] [INFO] [1786350354.312659418] [omx_01.ros_gz_sim]: Waiting messages on topic [robot_description].
[create-3] [INFO] [1786350354.323889984] [omx_01.ros_gz_sim]: Entity creation successful.
[INFO] [create-8]: process has finished cleanly [pid 773234]
[INFO] [create-3]: process has finished cleanly [pid 773228]
[parameter_bridge-12] [INFO] [1786350354.656079775] [gz_bridge]: Creating GZ->ROS Bridge: [/clock (gz.msgs.Clock) -> /clock (rosgraph_msgs/msg/Clock)] (Lazy 0)
[parameter_bridge-12] [INFO] [1786350354.657777502] [gz_bridge]: Creating GZ->ROS Bridge: [/tf (gz.msgs.Pose_V) -> /tf (tf2_msgs/msg/TFMessage)] (Lazy 0)
[parameter_bridge-12] [INFO] [1786350354.660785879] [gz_bridge]: Creating GZ->ROS Bridge: [/omx_01/joint_states (gz.msgs.Model) -> /omx_01/joint_states (sensor_msgs/msg/JointState)] (Lazy 0)
[parameter_bridge-12] [INFO] [1786350354.662450138] [gz_bridge]: Creating GZ->ROS Bridge: [/omx_02/joint_states (gz.msgs.Model) -> /omx_02/joint_states (sensor_msgs/msg/JointState)] (Lazy 0)
[gazebo-1] [INFO] [1786350355.771513050] [omx_02.gz_ros_control]: [gz_ros2_control] Fixed joint ['world_fixed'] (Entity='40') is skipped.
[gazebo-1] [INFO] [1786350355.774186747] [omx_02.gz_ros_control]: Loading controller_manager
[gazebo-1] [INFO] [1786350355.792513889] [omx_02.controller_manager]: Using ROS clock for triggering controller manager cycles.
[gazebo-1] [INFO] [1786350355.795160381] [omx_02.controller_manager]: Subscribing to '/omx_02/robot_description' topic for robot description.
[gazebo-1] [WARN] [1786350355.796972358] [omx_02.gz_ros_control]: Waiting RM to load and initialize hardware...
[gazebo-1] [INFO] [1786350355.805672527] [omx_02.controller_manager]: Received robot description from topic.
[gazebo-1] [INFO] [1786350355.805694863] [omx_02.controller_manager]: Enforcing command limits is disabled. Command limits from URDF will be ignored.
[gazebo-1] [INFO] [1786350355.809436933] [omx_02.gz_ros_control]: The position_proportional_gain has been set to: 0.1
[gazebo-1] [INFO] [1786350355.809467216] [omx_02.gz_ros_control]: Loading joint: joint1
[gazebo-1] [INFO] [1786350355.809471433] [omx_02.gz_ros_control]: 	State:
[gazebo-1] [INFO] [1786350355.809474972] [omx_02.gz_ros_control]: 		 position
[gazebo-1] [INFO] [1786350355.809477397] [omx_02.gz_ros_control]: 		 velocity
[gazebo-1] [INFO] [1786350355.809481567] [omx_02.gz_ros_control]: 	Command:
[gazebo-1] [INFO] [1786350355.809483555] [omx_02.gz_ros_control]: 		 position
[gazebo-1] [INFO] [1786350355.809491842] [omx_02.gz_ros_control]: Loading joint: joint2
[gazebo-1] [INFO] [1786350355.809493892] [omx_02.gz_ros_control]: 	State:
[gazebo-1] [INFO] [1786350355.809495641] [omx_02.gz_ros_control]: 		 position
[gazebo-1] [INFO] [1786350355.809500611] [omx_02.gz_ros_control]: 		 velocity
[gazebo-1] [INFO] [1786350355.809503735] [omx_02.gz_ros_control]: 	Command:
[gazebo-1] [INFO] [1786350355.809505411] [omx_02.gz_ros_control]: 		 position
[gazebo-1] [INFO] [1786350355.809510935] [omx_02.gz_ros_control]: Loading joint: joint3
[gazebo-1] [INFO] [1786350355.809513187] [omx_02.gz_ros_control]: 	State:
[gazebo-1] [INFO] [1786350355.809516767] [omx_02.gz_ros_control]: 		 position
[gazebo-1] [INFO] [1786350355.809518936] [omx_02.gz_ros_control]: 		 velocity
[gazebo-1] [INFO] [1786350355.809520595] [omx_02.gz_ros_control]: 	Command:
[gazebo-1] [INFO] [1786350355.809522143] [omx_02.gz_ros_control]: 		 position
[gazebo-1] [INFO] [1786350355.809527175] [omx_02.gz_ros_control]: Loading joint: joint4
[gazebo-1] [INFO] [1786350355.809528960] [omx_02.gz_ros_control]: 	State:
[gazebo-1] [INFO] [1786350355.809530645] [omx_02.gz_ros_control]: 		 position
[gazebo-1] [INFO] [1786350355.809532418] [omx_02.gz_ros_control]: 		 velocity
[gazebo-1] [INFO] [1786350355.809534035] [omx_02.gz_ros_control]: 	Command:
[gazebo-1] [INFO] [1786350355.809535623] [omx_02.gz_ros_control]: 		 position
[gazebo-1] [INFO] [1786350355.809539983] [omx_02.gz_ros_control]: Loading joint: joint5
[gazebo-1] [INFO] [1786350355.809541713] [omx_02.gz_ros_control]: 	State:
[gazebo-1] [INFO] [1786350355.809543338] [omx_02.gz_ros_control]: 		 position
[gazebo-1] [INFO] [1786350355.809545642] [omx_02.gz_ros_control]: 		 velocity
[gazebo-1] [INFO] [1786350355.809547310] [omx_02.gz_ros_control]: 	Command:
[gazebo-1] [INFO] [1786350355.809548881] [omx_02.gz_ros_control]: 		 position
[gazebo-1] [INFO] [1786350355.809553763] [omx_02.gz_ros_control]: Loading joint: gripper_joint_1
[gazebo-1] [INFO] [1786350355.809555971] [omx_02.gz_ros_control]: 	State:
[gazebo-1] [INFO] [1786350355.809557628] [omx_02.gz_ros_control]: 		 position
[gazebo-1] [INFO] [1786350355.809559503] [omx_02.gz_ros_control]: 		 velocity
[gazebo-1] [INFO] [1786350355.809561217] [omx_02.gz_ros_control]: 	Command:
[gazebo-1] [INFO] [1786350355.809562775] [omx_02.gz_ros_control]: 		 position
[gazebo-1] [INFO] [1786350355.809567583] [omx_02.gz_ros_control]: Loading joint: gripper_joint_2
[gazebo-1] [INFO] [1786350355.809570752] [omx_02.gz_ros_control]: Joint 'gripper_joint_2'is mimicking joint 'gripper_joint_1' with multiplier: -1 and offset: 0
[gazebo-1] [INFO] [1786350355.809573149] [omx_02.gz_ros_control]: 	State:
[gazebo-1] [INFO] [1786350355.809574817] [omx_02.gz_ros_control]: 		 position
[gazebo-1] [INFO] [1786350355.809577367] [omx_02.gz_ros_control]: 		 velocity
[gazebo-1] [INFO] [1786350355.809579116] [omx_02.gz_ros_control]: 		 effort
[gazebo-1] [INFO] [1786350355.809580866] [omx_02.gz_ros_control]: 	Command:
[gazebo-1] [INFO] [1786350355.809649082] [omx_02.controller_manager]: Initialize hardware 'OMXFSystem' 
[gazebo-1] [INFO] [1786350355.809678005] [omx_02.controller_manager.hardware_component.system.OMXFSystem]: Starting async handler with scheduler priority: 50 and policy : synchronized
[gazebo-1] [WARN] [1786350355.809714326] [omx_02.controller_manager.hardware_component.system.OMXFSystem]: Executor is not available during hardware component initialization for 'OMXFSystem'. Skipping node creation!
[gazebo-1] [INFO] [1786350355.809759166] [omx_02.controller_manager]: Successful initialization of hardware 'OMXFSystem'
[gazebo-1] [WARN] [1786350355.809800358] [omx_02.controller_manager.hardware_component.system.OMXFSystem]: Could not enable FIFO RT scheduling policy. Consider setting up your user to do FIFO RT scheduling. See [https://control.ros.org/master/doc/ros2_control/controller_manager/doc/userdoc.html] for details.
[gazebo-1] [INFO] [1786350355.809854612] [omx_02.controller_manager]: Activating component 'OMXFSystem'.
[gazebo-1] [INFO] [1786350355.809860739] [resource_manager]: 'configure' hardware 'OMXFSystem' 
[gazebo-1] [INFO] [1786350355.809863808] [omx_02.gz_ros_control]: System Successfully configured!
[gazebo-1] [INFO] [1786350355.809866704] [resource_manager]: Successful 'configure' of hardware 'OMXFSystem'
[gazebo-1] [INFO] [1786350355.809871547] [resource_manager]: 'activate' hardware 'OMXFSystem' 
[gazebo-1] [INFO] [1786350355.809880463] [resource_manager]: Successful 'activate' of hardware 'OMXFSystem'
[gazebo-1] [WARN] [1786350355.809925247] [omx_02.controller_manager]: Component 'OMXFSystem' does not have read or write statistics initialized, skipping registration.
[gazebo-1] [INFO] [1786350355.809929314] [omx_02.controller_manager]: Resource Manager has been successfully initialized. Starting Controller Manager services...
[gazebo-1] [INFO] [1786350357.826152980] [omx_01.gz_ros_control]: [gz_ros2_control] Fixed joint ['world_fixed'] (Entity='74') is skipped.
[gazebo-1] [INFO] [1786350357.829163404] [omx_01.gz_ros_control]: Loading controller_manager
[gazebo-1] [INFO] [1786350357.842469563] [omx_01.controller_manager]: Using ROS clock for triggering controller manager cycles.
[gazebo-1] [INFO] [1786350357.842941764] [omx_01.controller_manager]: Subscribing to '/omx_01/robot_description' topic for robot description.
[gazebo-1] [WARN] [1786350357.843576611] [omx_01.gz_ros_control]: Waiting RM to load and initialize hardware...
[gazebo-1] [INFO] [1786350357.853299130] [omx_01.controller_manager]: Received robot description from topic.
[gazebo-1] [INFO] [1786350357.853317704] [omx_01.controller_manager]: Enforcing command limits is disabled. Command limits from URDF will be ignored.
[gazebo-1] [INFO] [1786350357.855273333] [omx_01.gz_ros_control]: The position_proportional_gain has been set to: 0.1
[gazebo-1] [INFO] [1786350357.855300233] [omx_01.gz_ros_control]: Loading joint: joint1
[gazebo-1] [INFO] [1786350357.855303770] [omx_01.gz_ros_control]: 	State:
[gazebo-1] [INFO] [1786350357.855306600] [omx_01.gz_ros_control]: 		 position
[gazebo-1] [INFO] [1786350357.855309192] [omx_01.gz_ros_control]: 		 velocity
[gazebo-1] [INFO] [1786350357.855312673] [omx_01.gz_ros_control]: 	Command:
[gazebo-1] [INFO] [1786350357.855314890] [omx_01.gz_ros_control]: 		 position
[gazebo-1] [INFO] [1786350357.855323824] [omx_01.gz_ros_control]: Loading joint: joint2
[gazebo-1] [INFO] [1786350357.855325911] [omx_01.gz_ros_control]: 	State:
[gazebo-1] [INFO] [1786350357.855327792] [omx_01.gz_ros_control]: 		 position
[gazebo-1] [INFO] [1786350357.855330088] [omx_01.gz_ros_control]: 		 velocity
[gazebo-1] [INFO] [1786350357.855332057] [omx_01.gz_ros_control]: 	Command:
[gazebo-1] [INFO] [1786350357.855333900] [omx_01.gz_ros_control]: 		 position
[gazebo-1] [INFO] [1786350357.855340218] [omx_01.gz_ros_control]: Loading joint: joint3
[gazebo-1] [INFO] [1786350357.855342238] [omx_01.gz_ros_control]: 	State:
[gazebo-1] [INFO] [1786350357.855343983] [omx_01.gz_ros_control]: 		 position
[gazebo-1] [INFO] [1786350357.855346293] [omx_01.gz_ros_control]: 		 velocity
[gazebo-1] [INFO] [1786350357.855348022] [omx_01.gz_ros_control]: 	Command:
[gazebo-1] [INFO] [1786350357.855349710] [omx_01.gz_ros_control]: 		 position
[gazebo-1] [INFO] [1786350357.855355756] [omx_01.gz_ros_control]: Loading joint: joint4
[gazebo-1] [INFO] [1786350357.855357814] [omx_01.gz_ros_control]: 	State:
[gazebo-1] [INFO] [1786350357.855359882] [omx_01.gz_ros_control]: 		 position
[gazebo-1] [INFO] [1786350357.855361758] [omx_01.gz_ros_control]: 		 velocity
[gazebo-1] [INFO] [1786350357.855377052] [omx_01.gz_ros_control]: 	Command:
[gazebo-1] [INFO] [1786350357.855378887] [omx_01.gz_ros_control]: 		 position
[gazebo-1] [INFO] [1786350357.855384561] [omx_01.gz_ros_control]: Loading joint: joint5
[gazebo-1] [INFO] [1786350357.855386555] [omx_01.gz_ros_control]: 	State:
[gazebo-1] [INFO] [1786350357.855388580] [omx_01.gz_ros_control]: 		 position
[gazebo-1] [INFO] [1786350357.855390961] [omx_01.gz_ros_control]: 		 velocity
[gazebo-1] [INFO] [1786350357.855392798] [omx_01.gz_ros_control]: 	Command:
[gazebo-1] [INFO] [1786350357.855394583] [omx_01.gz_ros_control]: 		 position
[gazebo-1] [INFO] [1786350357.855400955] [omx_01.gz_ros_control]: Loading joint: gripper_joint_1
[gazebo-1] [INFO] [1786350357.855403197] [omx_01.gz_ros_control]: 	State:
[gazebo-1] [INFO] [1786350357.855405045] [omx_01.gz_ros_control]: 		 position
[gazebo-1] [INFO] [1786350357.855406924] [omx_01.gz_ros_control]: 		 velocity
[gazebo-1] [INFO] [1786350357.855408813] [omx_01.gz_ros_control]: 	Command:
[gazebo-1] [INFO] [1786350357.855410645] [omx_01.gz_ros_control]: 		 position
[gazebo-1] [INFO] [1786350357.855417603] [omx_01.gz_ros_control]: Loading joint: gripper_joint_2
[gazebo-1] [INFO] [1786350357.855421360] [omx_01.gz_ros_control]: Joint 'gripper_joint_2'is mimicking joint 'gripper_joint_1' with multiplier: -1 and offset: 0
[gazebo-1] [INFO] [1786350357.855423920] [omx_01.gz_ros_control]: 	State:
[gazebo-1] [INFO] [1786350357.855427175] [omx_01.gz_ros_control]: 		 position
[gazebo-1] [INFO] [1786350357.855429115] [omx_01.gz_ros_control]: 		 velocity
[gazebo-1] [INFO] [1786350357.855431068] [omx_01.gz_ros_control]: 		 effort
[gazebo-1] [INFO] [1786350357.855433007] [omx_01.gz_ros_control]: 	Command:
[gazebo-1] [INFO] [1786350357.855464376] [omx_01.controller_manager]: Initialize hardware 'OMXFSystem' 
[gazebo-1] [INFO] [1786350357.855474386] [omx_01.controller_manager.hardware_component.system.OMXFSystem]: Starting async handler with scheduler priority: 50 and policy : synchronized
[gazebo-1] [WARN] [1786350357.855513975] [omx_01.controller_manager.hardware_component.system.OMXFSystem]: Executor is not available during hardware component initialization for 'OMXFSystem'. Skipping node creation!
[gazebo-1] [INFO] [1786350357.855543813] [omx_01.controller_manager]: Successful initialization of hardware 'OMXFSystem'
[gazebo-1] [WARN] [1786350357.855588573] [omx_01.controller_manager.hardware_component.system.OMXFSystem]: Could not enable FIFO RT scheduling policy. Consider setting up your user to do FIFO RT scheduling. See [https://control.ros.org/master/doc/ros2_control/controller_manager/doc/userdoc.html] for details.
[gazebo-1] [INFO] [1786350357.855604835] [omx_01.controller_manager]: Activating component 'OMXFSystem'.
[gazebo-1] [INFO] [1786350357.855650517] [resource_manager]: 'configure' hardware 'OMXFSystem' 
[gazebo-1] [INFO] [1786350357.855652577] [omx_01.gz_ros_control]: System Successfully configured!
[gazebo-1] [INFO] [1786350357.855655194] [resource_manager]: Successful 'configure' of hardware 'OMXFSystem'
[gazebo-1] [INFO] [1786350357.855658144] [resource_manager]: 'activate' hardware 'OMXFSystem' 
[gazebo-1] [INFO] [1786350357.855660759] [resource_manager]: Successful 'activate' of hardware 'OMXFSystem'
[gazebo-1] [WARN] [1786350357.855672167] [omx_01.controller_manager]: Component 'OMXFSystem' does not have read or write statistics initialized, skipping registration.
[gazebo-1] [INFO] [1786350357.855675876] [omx_01.controller_manager]: Resource Manager has been successfully initialized. Starting Controller Manager services...
[gazebo-1] [INFO] [1786350357.994668936] [omx_01.controller_manager]: Loading controller : 'gripper_controller' of type 'position_controllers/GripperActionController'
[gazebo-1] [INFO] [1786350357.994708092] [omx_01.controller_manager]: Loading controller 'gripper_controller'
[gazebo-1] [INFO] [1786350358.000040766] [omx_01.controller_manager]: Controller 'gripper_controller' node arguments: --ros-args --params-file /home/gyi/robosapiens/open_manipulator/install/open_manipulator_bringup/share/open_manipulator_bringup/config/omx_f/hardware_controller_manager.yaml -p use_sim_time:=true --param use_sim_time:=true 
[gazebo-1] [WARN] [1786350358.009620297] [omx_01.gripper_controller]: [Deprecated]: the `position_controllers/GripperActionController` and `effort_controllers::GripperActionController` controllers are replaced by 'parallel_gripper_controllers/GripperActionController' controller
[spawner-6] [INFO] [1786350358.011127542] [omx_01.spawner_gripper_controller]: Loaded gripper_controller
[gazebo-1] [INFO] [1786350358.011878452] [omx_01.controller_manager]: Configuring controller: 'gripper_controller'
[gazebo-1] [INFO] [1786350358.012054127] [omx_01.gripper_controller]: Action status changes will be monitored at 20.000000 Hz.
[gazebo-1] [INFO] [1786350358.012849283] [omx_01.controller_manager]: Activating controllers: [ gripper_controller ]
[gazebo-1] [1;31m[Err] [Physics.cc:1808] [0m[1;31mAttempting to create a mimic constraint for joint [[0m[1;31mgripper_joint_2[0m[1;31m] but the chosen physics engine does not support [0m[1;31mmimic constraints, so no constraint will be [0m[1;31mcreated.[0m[1;31m[0m
[gazebo-1] ODE Message 2: Trimesh-trimesh contach hash table bucket overflow - close contacts might not be culled in AddContactToNode() [collision_trimesh_trimesh.cpp:224]
  ↑ 같은 줄 9번 더
[gazebo-1] [INFO] [1786350360.049277409] [omx_01.controller_manager]: Successfully switched controllers!
[gazebo-1] ODE Message 2: Trimesh-trimesh contach hash table bucket overflow - close contacts might not be culled in AddContactToNode() [collision_trimesh_trimesh.cpp:224]
  ↑ 같은 줄 4번 더
[spawner-6] [INFO] [1786350360.052007972] [omx_01.spawner_gripper_controller]: Configured and activated gripper_controller
[gazebo-1] ODE Message 2: Trimesh-trimesh contach hash table bucket overflow - close contacts might not be culled in AddContactToNode() [collision_trimesh_trimesh.cpp:224]
  ↑ 같은 줄 44번 더
[spawner-9] [INFO] [1786350360.137000677] [omx_02.spawner_joint_state_broadcaster]: waiting for service /omx_02/controller_manager/list_controllers to become available...
[gazebo-1] ODE Message 2: Trimesh-trimesh contach hash table bucket overflow - close contacts might not be culled in AddContactToNode() [collision_trimesh_trimesh.cpp:224]
  ↑ 같은 줄 24번 더
[INFO] [spawner-6]: process has finished cleanly [pid 773232]
[gazebo-1] ODE Message 2: Trimesh-trimesh contach hash table bucket overflow - close contacts might not be culled in AddContactToNode() [collision_trimesh_trimesh.cpp:224]
  ↑ 같은 줄 139번 더
[gazebo-1] [INFO] [1786350360.469727730] [omx_02.controller_manager]: Loading controller : 'joint_state_broadcaster' of type 'joint_state_broadcaster/JointStateBroadcaster'
[gazebo-1] [INFO] [1786350360.469774870] [omx_02.controller_manager]: Loading controller 'joint_state_broadcaster'
[gazebo-1] [INFO] [1786350360.473716484] [omx_02.controller_manager]: Controller 'joint_state_broadcaster' node arguments: --ros-args --params-file /home/gyi/robosapiens/open_manipulator/install/open_manipulator_bringup/share/open_manipulator_bringup/config/omx_f/hardware_controller_manager.yaml -p use_sim_time:=true --param use_sim_time:=true 
[gazebo-1] ODE Message 2: Trimesh-trimesh contach hash table bucket overflow - close contacts might not be culled in AddContactToNode() [collision_trimesh_trimesh.cpp:224]
  ↑ 같은 줄 9번 더
[spawner-9] [INFO] [1786350360.489841531] [omx_02.spawner_joint_state_broadcaster]: Loaded joint_state_broadcaster
[gazebo-1] [INFO] [1786350360.490917371] [omx_02.controller_manager]: Configuring controller: 'joint_state_broadcaster'
[gazebo-1] [INFO] [1786350360.491016961] [omx_02.joint_state_broadcaster]: 'joints' or 'interfaces' parameter is empty. All available state interfaces will be published
[gazebo-1] ODE Message 2: Trimesh-trimesh contach hash table bucket overflow - close contacts might not be culled in AddContactToNode() [collision_trimesh_trimesh.cpp:224]
  ↑ 같은 줄 44번 더
[gazebo-1] [INFO] [1786350360.579979243] [omx_02.controller_manager]: Activating controllers: [ joint_state_broadcaster ]
[gazebo-1] ODE Message 2: Trimesh-trimesh contach hash table bucket overflow - close contacts might not be culled in AddContactToNode() [collision_trimesh_trimesh.cpp:224]
  ↑ 같은 줄 4번 더
[gazebo-1] [INFO] [1786350360.587441226] [omx_02.controller_manager]: Successfully switched controllers!
[gazebo-1] ODE Message 2: Trimesh-trimesh contach hash table bucket overflow - close contacts might not be culled in AddContactToNode() [collision_trimesh_trimesh.cpp:224]
  ↑ 같은 줄 4번 더
[spawner-9] [INFO] [1786350360.598318844] [omx_02.spawner_joint_state_broadcaster]: Configured and activated joint_state_broadcaster
[gazebo-1] ODE Message 2: Trimesh-trimesh contach hash table bucket overflow - close contacts might not be culled in AddContactToNode() [collision_trimesh_trimesh.cpp:224]
  ↑ 같은 줄 49번 더
[spawner-10] [INFO] [1786350360.697745893] [omx_02.spawner_arm_controller]: waiting for service /omx_02/controller_manager/list_controllers to become available...
[gazebo-1] ODE Message 2: Trimesh-trimesh contach hash table bucket overflow - close contacts might not be culled in AddContactToNode() [collision_trimesh_trimesh.cpp:224]
  ↑ 같은 줄 14번 더
[INFO] [spawner-9]: process has finished cleanly [pid 773235]
[gazebo-1] ODE Message 2: Trimesh-trimesh contach hash table bucket overflow - close contacts might not be culled in AddContactToNode() [collision_trimesh_trimesh.cpp:224]
  ↑ 같은 줄 109번 더
[gazebo-1] [INFO] [1786350360.949239612] [omx_02.controller_manager]: Loading controller : 'arm_controller' of type 'joint_trajectory_controller/JointTrajectoryController'
[gazebo-1] [INFO] [1786350360.949280084] [omx_02.controller_manager]: Loading controller 'arm_controller'
[gazebo-1] [INFO] [1786350360.954277551] [omx_02.controller_manager]: Controller 'arm_controller' node arguments: --ros-args --params-file /home/gyi/robosapiens/open_manipulator/install/open_manipulator_bringup/share/open_manipulator_bringup/config/omx_f/hardware_controller_manager.yaml -p use_sim_time:=true --param use_sim_time:=true 
[gazebo-1] ODE Message 2: Trimesh-trimesh contach hash table bucket overflow - close contacts might not be culled in AddContactToNode() [collision_trimesh_trimesh.cpp:224]
  ↑ 같은 줄 14번 더
[spawner-10] [INFO] [1786350360.978422579] [omx_02.spawner_arm_controller]: Loaded arm_controller
[gazebo-1] [INFO] [1786350360.979159254] [omx_02.controller_manager]: Configuring controller: 'arm_controller'
[gazebo-1] [INFO] [1786350360.979409759] [omx_02.arm_controller]: No specific joint names are used for command interfaces. Using 'joints' parameter.
[gazebo-1] [INFO] [1786350360.979446468] [omx_02.arm_controller]: Command interfaces are [position] and state interfaces are [position velocity].
[gazebo-1] [INFO] [1786350360.979480333] [omx_02.arm_controller]: Using 'splines' interpolation method.
[gazebo-1] [INFO] [1786350360.982596304] [omx_02.arm_controller]: Goals with partial set of joints are allowed
[gazebo-1] [INFO] [1786350360.982618441] [omx_02.arm_controller]: Action status changes will be monitored at 20.00 Hz.
[gazebo-1] ODE Message 2: Trimesh-trimesh contach hash table bucket overflow - close contacts might not be culled in AddContactToNode() [collision_trimesh_trimesh.cpp:224]
  ↑ 같은 줄 4번 더
[gazebo-1] [INFO] [1786350360.988452262] [omx_02.arm_controller]: Setting initial scaling factor to 1.000000
[gazebo-1] [INFO] [1786350360.988491382] [omx_02.arm_controller]: No scaling interface set. This controller will not read speed scaling from the hardware.
[gazebo-1] ODE Message 2: Trimesh-trimesh contach hash table bucket overflow - close contacts might not be culled in AddContactToNode() [collision_trimesh_trimesh.cpp:224]
  ↑ 같은 줄 4번 더
[gazebo-1] [INFO] [1786350360.999866158] [omx_02.controller_manager]: Activating controllers: [ arm_controller ]
[gazebo-1] ODE Message 2: Trimesh-trimesh contach hash table bucket overflow - close contacts might not be culled in AddContactToNode() [collision_trimesh_trimesh.cpp:224]
  ↑ 같은 줄 4번 더
[gazebo-1] [INFO] [1786350361.007801415] [omx_02.controller_manager]: Successfully switched controllers!
[gazebo-1] ODE Message 2: Trimesh-trimesh contach hash table bucket overflow - close contacts might not be culled in AddContactToNode() [collision_trimesh_trimesh.cpp:224]
  ↑ 같은 줄 4번 더
[spawner-10] [INFO] [1786350361.018345569] [omx_02.spawner_arm_controller]: Configured and activated arm_controller
[gazebo-1] ODE Message 2: Trimesh-trimesh contach hash table bucket overflow - close contacts might not be culled in AddContactToNode() [collision_trimesh_trimesh.cpp:224]
  ↑ 같은 줄 39번 더
[spawner-5] [INFO] [1786350361.101548663] [omx_01.spawner_arm_controller]: waiting for service /omx_01/controller_manager/list_controllers to become available...
[gazebo-1] ODE Message 2: Trimesh-trimesh contach hash table bucket overflow - close contacts might not be culled in AddContactToNode() [collision_trimesh_trimesh.cpp:224]
  ↑ 같은 줄 29번 더
[INFO] [spawner-10]: process has finished cleanly [pid 773236]
[gazebo-1] ODE Message 2: Trimesh-trimesh contach hash table bucket overflow - close contacts might not be culled in AddContactToNode() [collision_trimesh_trimesh.cpp:224]
  ↑ 같은 줄 594번 더
[gazebo-1] [INFO] [1786350362.354166341] [omx_01.controller_manager]: Loading controller : 'arm_controller' of type 'joint_trajectory_controller/JointTrajectoryController'
[gazebo-1] [INFO] [1786350362.354198476] [omx_01.controller_manager]: Loading controller 'arm_controller'
[gazebo-1] [INFO] [1786350362.354841901] [omx_01.controller_manager]: Controller 'arm_controller' node arguments: --ros-args --params-file /home/gyi/robosapiens/open_manipulator/install/open_manipulator_bringup/share/open_manipulator_bringup/config/omx_f/hardware_controller_manager.yaml -p use_sim_time:=true --param use_sim_time:=true 
[gazebo-1] ODE Message 2: Trimesh-trimesh contach hash table bucket overflow - close contacts might not be culled in AddContactToNode() [collision_trimesh_trimesh.cpp:224]
  ↑ 같은 줄 9번 더
[spawner-5] [INFO] [1786350362.369566064] [omx_01.spawner_arm_controller]: Loaded arm_controller
[gazebo-1] [INFO] [1786350362.370697869] [omx_01.controller_manager]: Configuring controller: 'arm_controller'
[gazebo-1] [INFO] [1786350362.370904840] [omx_01.arm_controller]: No specific joint names are used for command interfaces. Using 'joints' parameter.
[gazebo-1] [INFO] [1786350362.370919171] [omx_01.arm_controller]: Command interfaces are [position] and state interfaces are [position velocity].
[gazebo-1] [INFO] [1786350362.370926078] [omx_01.arm_controller]: Using 'splines' interpolation method.
[gazebo-1] [INFO] [1786350362.372040073] [omx_01.arm_controller]: Goals with partial set of joints are allowed
[gazebo-1] [INFO] [1786350362.372077102] [omx_01.arm_controller]: Action status changes will be monitored at 20.00 Hz.
[gazebo-1] [INFO] [1786350362.374550460] [omx_01.arm_controller]: Setting initial scaling factor to 1.000000
[gazebo-1] [INFO] [1786350362.374591475] [omx_01.arm_controller]: No scaling interface set. This controller will not read speed scaling from the hardware.
[gazebo-1] ODE Message 2: Trimesh-trimesh contach hash table bucket overflow - close contacts might not be culled in AddContactToNode() [collision_trimesh_trimesh.cpp:224]
  ↑ 같은 줄 4번 더
[gazebo-1] [INFO] [1786350362.379049072] [omx_01.controller_manager]: Activating controllers: [ arm_controller ]
[gazebo-1] ODE Message 2: Trimesh-trimesh contach hash table bucket overflow - close contacts might not be culled in AddContactToNode() [collision_trimesh_trimesh.cpp:224]
  ↑ 같은 줄 4번 더
[gazebo-1] [INFO] [1786350362.387966832] [omx_01.controller_manager]: Successfully switched controllers!
[gazebo-1] ODE Message 2: Trimesh-trimesh contach hash table bucket overflow - close contacts might not be culled in AddContactToNode() [collision_trimesh_trimesh.cpp:224]
  ↑ 같은 줄 4번 더
[spawner-5] [INFO] [1786350362.398426185] [omx_01.spawner_arm_controller]: Configured and activated arm_controller
[gazebo-1] ODE Message 2: Trimesh-trimesh contach hash table bucket overflow - close contacts might not be culled in AddContactToNode() [collision_trimesh_trimesh.cpp:224]
  ↑ 같은 줄 29번 더
[spawner-11] [INFO] [1786350362.466455388] [omx_02.spawner_gripper_controller]: waiting for service /omx_02/controller_manager/list_controllers to become available...
[gazebo-1] ODE Message 2: Trimesh-trimesh contach hash table bucket overflow - close contacts might not be culled in AddContactToNode() [collision_trimesh_trimesh.cpp:224]
  ↑ 같은 줄 39번 더
[INFO] [spawner-5]: process has finished cleanly [pid 773231]
[gazebo-1] ODE Message 2: Trimesh-trimesh contach hash table bucket overflow - close contacts might not be culled in AddContactToNode() [collision_trimesh_trimesh.cpp:224]
  ↑ 같은 줄 89번 더
[gazebo-1] [INFO] [1786350362.718238282] [omx_02.controller_manager]: Loading controller : 'gripper_controller' of type 'position_controllers/GripperActionController'
[gazebo-1] [INFO] [1786350362.718283021] [omx_02.controller_manager]: Loading controller 'gripper_controller'
[gazebo-1] [INFO] [1786350362.718762977] [omx_02.controller_manager]: Controller 'gripper_controller' node arguments: --ros-args --params-file /home/gyi/robosapiens/open_manipulator/install/open_manipulator_bringup/share/open_manipulator_bringup/config/omx_f/hardware_controller_manager.yaml -p use_sim_time:=true --param use_sim_time:=true 
[gazebo-1] [WARN] [1786350362.726046788] [omx_02.gripper_controller]: [Deprecated]: the `position_controllers/GripperActionController` and `effort_controllers::GripperActionController` controllers are replaced by 'parallel_gripper_controllers/GripperActionController' controller
[gazebo-1] ODE Message 2: Trimesh-trimesh contach hash table bucket overflow - close contacts might not be culled in AddContactToNode() [collision_trimesh_trimesh.cpp:224]
  ↑ 같은 줄 4번 더
[spawner-11] [INFO] [1786350362.728716271] [omx_02.spawner_gripper_controller]: Loaded gripper_controller
[gazebo-1] [INFO] [1786350362.729395596] [omx_02.controller_manager]: Configuring controller: 'gripper_controller'
[gazebo-1] [INFO] [1786350362.729437386] [omx_02.gripper_controller]: Action status changes will be monitored at 20.000000 Hz.
[gazebo-1] ODE Message 2: Trimesh-trimesh contach hash table bucket overflow - close contacts might not be culled in AddContactToNode() [collision_trimesh_trimesh.cpp:224]
  ↑ 같은 줄 4번 더
[gazebo-1] [INFO] [1786350362.738986050] [omx_02.controller_manager]: Activating controllers: [ gripper_controller ]
[gazebo-1] ODE Message 2: Trimesh-trimesh contach hash table bucket overflow - close contacts might not be culled in AddContactToNode() [collision_trimesh_trimesh.cpp:224]
  ↑ 같은 줄 4번 더
[gazebo-1] [INFO] [1786350362.750017087] [omx_02.controller_manager]: Successfully switched controllers!
[gazebo-1] ODE Message 2: Trimesh-trimesh contach hash table bucket overflow - close contacts might not be culled in AddContactToNode() [collision_trimesh_trimesh.cpp:224]
  ↑ 같은 줄 4번 더
[spawner-11] [INFO] [1786350362.759410510] [omx_02.spawner_gripper_controller]: Configured and activated gripper_controller
[gazebo-1] ODE Message 2: Trimesh-trimesh contach hash table bucket overflow - close contacts might not be culled in AddContactToNode() [collision_trimesh_trimesh.cpp:224]
  ↑ 같은 줄 44번 더
[spawner-4] [INFO] [1786350362.853363760] [omx_01.spawner_joint_state_broadcaster]: waiting for service /omx_01/controller_manager/list_controllers to become available...
[gazebo-1] ODE Message 2: Trimesh-trimesh contach hash table bucket overflow - close contacts might not be culled in AddContactToNode() [collision_trimesh_trimesh.cpp:224]
  ↑ 같은 줄 19번 더
[INFO] [spawner-11]: process has finished cleanly [pid 773237]
[gazebo-1] ODE Message 2: Trimesh-trimesh contach hash table bucket overflow - close contacts might not be culled in AddContactToNode() [collision_trimesh_trimesh.cpp:224]
  ↑ 같은 줄 104번 더
[gazebo-1] [INFO] [1786350363.105570062] [omx_01.controller_manager]: Loading controller : 'joint_state_broadcaster' of type 'joint_state_broadcaster/JointStateBroadcaster'
[gazebo-1] [INFO] [1786350363.105616956] [omx_01.controller_manager]: Loading controller 'joint_state_broadcaster'
[gazebo-1] ODE Message 2: Trimesh-trimesh contach hash table bucket overflow - close contacts might not be culled in AddContactToNode() [collision_trimesh_trimesh.cpp:224]
  ↑ 같은 줄 4번 더
[gazebo-1] [INFO] [1786350363.108113653] [omx_01.controller_manager]: Controller 'joint_state_broadcaster' node arguments: --ros-args --params-file /home/gyi/robosapiens/open_manipulator/install/open_manipulator_bringup/share/open_manipulator_bringup/config/omx_f/hardware_controller_manager.yaml -p use_sim_time:=true --param use_sim_time:=true 
[gazebo-1] ODE Message 2: Trimesh-trimesh contach hash table bucket overflow - close contacts might not be culled in AddContactToNode() [collision_trimesh_trimesh.cpp:224]
  ↑ 같은 줄 4번 더
[spawner-4] [INFO] [1786350363.119769689] [omx_01.spawner_joint_state_broadcaster]: Loaded joint_state_broadcaster
[gazebo-1] [INFO] [1786350363.120923556] [omx_01.controller_manager]: Configuring controller: 'joint_state_broadcaster'
[gazebo-1] [INFO] [1786350363.120993809] [omx_01.joint_state_broadcaster]: 'joints' or 'interfaces' parameter is empty. All available state interfaces will be published
[gazebo-1] ODE Message 2: Trimesh-trimesh contach hash table bucket overflow - close contacts might not be culled in AddContactToNode() [collision_trimesh_trimesh.cpp:224]
  ↑ 같은 줄 4번 더
[gazebo-1] [INFO] [1786350363.129687244] [omx_01.controller_manager]: Activating controllers: [ joint_state_broadcaster ]
[gazebo-1] ODE Message 2: Trimesh-trimesh contach hash table bucket overflow - close contacts might not be culled in AddContactToNode() [collision_trimesh_trimesh.cpp:224]
  ↑ 같은 줄 4번 더
[gazebo-1] [INFO] [1786350363.138467999] [omx_01.controller_manager]: Successfully switched controllers!
[gazebo-1] ODE Message 2: Trimesh-trimesh contach hash table bucket overflow - close contacts might not be culled in AddContactToNode() [collision_trimesh_trimesh.cpp:224]
  ↑ 같은 줄 4번 더
[spawner-4] [INFO] [1786350363.149674186] [omx_01.spawner_joint_state_broadcaster]: Configured and activated joint_state_broadcaster
[gazebo-1] ODE Message 2: Trimesh-trimesh contach hash table bucket overflow - close contacts might not be culled in AddContactToNode() [collision_trimesh_trimesh.cpp:224]
  ↑ 같은 줄 79번 더
[INFO] [spawner-4]: process has finished cleanly [pid 773230]
[gazebo-1] ODE Message 2: Trimesh-trimesh contach hash table bucket overflow - close contacts might not be culled in AddContactToNode() [collision_trimesh_trimesh.cpp:224]
  ↑ 같은 줄 474번 더
[2/2] Open-RMF
[gazebo-1] ODE Message 2: Trimesh-trimesh contach hash table bucket overflow - close contacts might not be culled in AddContactToNode() [collision_trimesh_trimesh.cpp:224]
  ↑ 같은 줄 119번 더
[INFO] [launch]: All log files can be found below /home/gyi/.ros/log/2026-08-10-17-26-04-501020-gyi-15UD50T-GX5JK-773896
[INFO] [launch]: Default logging verbosity is set to INFO
[gazebo-1] ODE Message 2: Trimesh-trimesh contach hash table bucket overflow - close contacts might not be culled in AddContactToNode() [collision_trimesh_trimesh.cpp:224]
  ↑ 같은 줄 139번 더
[INFO] [rmf_traffic_schedule-1]: process started with pid [773899]
[INFO] [rmf_traffic_blockade-2]: process started with pid [773900]
[INFO] [building_map_server-3]: process started with pid [773901]
[INFO] [schedule_visualizer_node-4]: process started with pid [773902]
[INFO] [fleetstates_visualizer_node-5]: process started with pid [773903]
[INFO] [rmf_visualization_building_systems-6]: process started with pid [773904]
[INFO] [navgraph_visualizer_node-7]: process started with pid [773905]
[INFO] [floorplan_visualizer_node-8]: process started with pid [773906]
[INFO] [obstacle_visualizer_node-9]: process started with pid [773907]
[INFO] [door_supervisor-10]: process started with pid [773908]
[INFO] [lift_supervisor-11]: process started with pid [773909]
[INFO] [rmf_task_dispatcher-12]: process started with pid [773910]
[INFO] [mutex_group_supervisor-13]: process started with pid [773911]
[INFO] [fleet_manager-14]: process started with pid [773912]
[INFO] [fleet_adapter-15]: process started with pid [773921]
[gazebo-1] ODE Message 2: Trimesh-trimesh contach hash table bucket overflow - close contacts might not be culled in AddContactToNode() [collision_trimesh_trimesh.cpp:224]
  ↑ 같은 줄 29번 더
[fleetstates_visualizer_node-5] [INFO] [1786350364.847693880] [fleet_states_visualizer]: Configuring fleet_states_visualizer...
[fleetstates_visualizer_node-5] [INFO] [1786350364.847925124] [fleet_states_visualizer]: Setting parameter initial_map_name to L1
[fleetstates_visualizer_node-5] [INFO] [1786350364.847975539] [fleet_states_visualizer]: Setting parameter fleet_state_nose_scale to 0.500000
[schedule_visualizer_node-4] [INFO] [1786350364.847876471] [schedule_visualizer_node]: Setting parameter rate to 10.000000
[schedule_visualizer_node-4] [INFO] [1786350364.848138373] [schedule_visualizer_node]: Setting parameter path_width to 0.200000
[gazebo-1] ODE Message 2: Trimesh-trimesh contach hash table bucket overflow - close contacts might not be culled in AddContactToNode() [collision_trimesh_trimesh.cpp:224]
[schedule_visualizer_node-4] [INFO] [1786350364.848187006] [schedule_visualizer_node]: Setting parameter initial_map_name to L1
[gazebo-1] ODE Message 2: Trimesh-trimesh contach hash table bucket overflow - close contacts might not be culled in AddContactToNode() [collision_trimesh_trimesh.cpp:224]
  ↑ 같은 줄 1번 더
[schedule_visualizer_node-4] [INFO] [1786350364.848205201] [schedule_visualizer_node]: Setting parameter wait_secs to 10
[gazebo-1] ODE Message 2: Trimesh-trimesh contach hash table bucket overflow - close contacts might not be culled in AddContactToNode() [collision_trimesh_trimesh.cpp:224]
  ↑ 같은 줄 1번 더
[schedule_visualizer_node-4] [INFO] [1786350364.848217825] [schedule_visualizer_node]: Setting parameter port to 8006
[schedule_visualizer_node-4] [INFO] [1786350364.848227650] [schedule_visualizer_node]: Setting parameter retained_history_count to 50
[gazebo-1] ODE Message 2: Trimesh-trimesh contach hash table bucket overflow - close contacts might not be culled in AddContactToNode() [collision_trimesh_trimesh.cpp:224]
  ↑ 같은 줄 9번 더
[rmf_traffic_schedule-1] [INFO] [1786350364.878319585] [rmf_traffic_schedule_primary]: Successfully loaded logfile .rmf_schedule_node.yaml 
[gazebo-1] ODE Message 2: Trimesh-trimesh contach hash table bucket overflow - close contacts might not be culled in AddContactToNode() [collision_trimesh_trimesh.cpp:224]
  ↑ 같은 줄 4번 더
[fleetstates_visualizer_node-5] [INFO] [1786350364.882888551] [fleet_states_visualizer]: Running fleet_states_visualizer...
[rmf_traffic_schedule-1] [INFO] [1786350364.887918005] [rmf_traffic_schedule_primary]: Set up heartbeat on /rmf_traffic/heartbeat with liveliness lease duration of 10000 ms and deadline of 10000 ms
[gazebo-1] ODE Message 2: Trimesh-trimesh contach hash table bucket overflow - close contacts might not be culled in AddContactToNode() [collision_trimesh_trimesh.cpp:224]
  ↑ 같은 줄 9번 더
[obstacle_visualizer_node-9] [INFO] [1786350364.903846364] [rmf_obstacle_visualizer]: Beginning RMF obstacle visualizer node
[gazebo-1] ODE Message 2: Trimesh-trimesh contach hash table bucket overflow - close contacts might not be culled in AddContactToNode() [collision_trimesh_trimesh.cpp:224]
  ↑ 같은 줄 4번 더
[rmf_task_dispatcher-12] ~Initializing Dispatcher Node~
[rmf_traffic_blockade-2] [INFO] [1786350364.923481529] [rmf_traffic_blockade_node]: Beginning traffic blockade node
[gazebo-1] ODE Message 2: Trimesh-trimesh contach hash table bucket overflow - close contacts might not be culled in AddContactToNode() [collision_trimesh_trimesh.cpp:224]
  ↑ 같은 줄 4번 더
[floorplan_visualizer_node-8] [INFO] [1786350364.928477243] [floorplan_visualizer]: Configuring floorplan_visualizer...
[floorplan_visualizer_node-8] [INFO] [1786350364.928624651] [floorplan_visualizer]: Setting parameter initial_map_name to L1
[gazebo-1] ODE Message 2: Trimesh-trimesh contach hash table bucket overflow - close contacts might not be culled in AddContactToNode() [collision_trimesh_trimesh.cpp:224]
  ↑ 같은 줄 4번 더
[navgraph_visualizer_node-7] [INFO] [1786350364.930659782] [navgraph_visualizer]: Setting parameter initial_map_name to L1
[navgraph_visualizer_node-7] [INFO] [1786350364.933192625] [navgraph_visualizer]: Setting parameter lane_width to 0.500000
[navgraph_visualizer_node-7] [INFO] [1786350364.933236830] [navgraph_visualizer]: Setting parameter lane_transparency to 0.600000
[navgraph_visualizer_node-7] [INFO] [1786350364.933262901] [navgraph_visualizer]: Setting parameter waypoint_scale to 1.300000
[navgraph_visualizer_node-7] [INFO] [1786350364.933285902] [navgraph_visualizer]: Setting parameter text_scale to 0.700000
[gazebo-1] ODE Message 2: Trimesh-trimesh contach hash table bucket overflow - close contacts might not be culled in AddContactToNode() [collision_trimesh_trimesh.cpp:224]
  ↑ 같은 줄 14번 더
[floorplan_visualizer_node-8] [INFO] [1786350364.964534870] [floorplan_visualizer]: Running floorplan_visualizer...
[gazebo-1] ODE Message 2: Trimesh-trimesh contach hash table bucket overflow - close contacts might not be culled in AddContactToNode() [collision_trimesh_trimesh.cpp:224]
  ↑ 같은 줄 1번 더
[navgraph_visualizer_node-7] [INFO] [1786350364.972047888] [navgraph_visualizer]: NavGraph visualizer is running...
[gazebo-1] ODE Message 2: Trimesh-trimesh contach hash table bucket overflow - close contacts might not be culled in AddContactToNode() [collision_trimesh_trimesh.cpp:224]
  ↑ 같은 줄 7번 더
[rmf_traffic_schedule-1] [INFO] [1786350364.980687527] [rmf_traffic_schedule_primary]: Beginning traffic schedule node
[gazebo-1] ODE Message 2: Trimesh-trimesh contach hash table bucket overflow - close contacts might not be culled in AddContactToNode() [collision_trimesh_trimesh.cpp:224]
  ↑ 같은 줄 4번 더
[rmf_task_dispatcher-12] [INFO] [1786350364.993144244] [rmf_dispatcher_node]:  Declared Time Window Param as: 2.000000 secs
[rmf_task_dispatcher-12] [INFO] [1786350364.993421154] [rmf_dispatcher_node]:  Declared Terminated Tasks Max Size Param as: 100
[rmf_task_dispatcher-12] [INFO] [1786350364.994152053] [rmf_dispatcher_node]:  Declared publish_active_tasks_period as: 2 secs
[rmf_task_dispatcher-12] [INFO] [1786350364.994263404] [rmf_dispatcher_node]:  Use timestamp with task_id: false
[rmf_task_dispatcher-12] [INFO] [1786350364.994311951] [rmf_dispatcher_node]:  Use unique hex string with task_id: true
[gazebo-1] ODE Message 2: Trimesh-trimesh contach hash table bucket overflow - close contacts might not be culled in AddContactToNode() [collision_trimesh_trimesh.cpp:224]
  ↑ 같은 줄 9번 더
[rmf_task_dispatcher-12] [INFO] [1786350365.011080933] [rmf_dispatcher_node]: Starting task dispatcher node
[gazebo-1] ODE Message 2: Trimesh-trimesh contach hash table bucket overflow - close contacts might not be culled in AddContactToNode() [collision_trimesh_trimesh.cpp:224]
  ↑ 같은 줄 119번 더
[rmf_traffic_schedule-1] [INFO] [1786350365.261632393] [rmf_traffic_schedule_primary]: Registered new query [1]
[gazebo-1] ODE Message 2: Trimesh-trimesh contach hash table bucket overflow - close contacts might not be culled in AddContactToNode() [collision_trimesh_trimesh.cpp:224]
  ↑ 같은 줄 4번 더
[schedule_visualizer_node-4] [INFO] [1786350365.272428184] [schedule_data_node]: Registering to query topic rmf_traffic/query_update_1
[gazebo-1] ODE Message 2: Trimesh-trimesh contach hash table bucket overflow - close contacts might not be culled in AddContactToNode() [collision_trimesh_trimesh.cpp:224]
  ↑ 같은 줄 7번 더
[schedule_visualizer_node-4] [INFO] [1786350365.290152795] [schedule_data_node]: [rmf_traffic_ros2::MirrorManager::request_update] Requesting changes for query ID [1] since beginning of recorded history
[gazebo-1] ODE Message 2: Trimesh-trimesh contach hash table bucket overflow - close contacts might not be culled in AddContactToNode() [collision_trimesh_trimesh.cpp:224]
  ↑ 같은 줄 1번 더
[rmf_traffic_schedule-1] [INFO] [1786350365.298274005] [rmf_traffic_schedule_primary]: [ScheduleNode::update_mirrors] Sending remedial update starting from the beginning going to 0 for query 1
[gazebo-1] ODE Message 2: Trimesh-trimesh contach hash table bucket overflow - close contacts might not be culled in AddContactToNode() [collision_trimesh_trimesh.cpp:224]
  ↑ 같은 줄 9번 더
[schedule_visualizer_node-4] [INFO] [1786350365.311334800] [schedule_visualizer_node]: Successfully connected to rmf_traffic_schedule node.
[schedule_visualizer_node-4] [INFO] [1786350365.312116480] [schedule_data_node]: Mirror handling new sync of 1 queries from schedule node [7f9cf887-5550-4cf2-9d29-8b0685d36f03]
[gazebo-1] ODE Message 2: Trimesh-trimesh contach hash table bucket overflow - close contacts might not be culled in AddContactToNode() [collision_trimesh_trimesh.cpp:224]
  ↑ 같은 줄 39번 더
[rmf_visualization_building_systems-6] [INFO] [1786350365.393052086] [building_systems_visualizer]: Building systems visualizer started...
[gazebo-1] ODE Message 2: Trimesh-trimesh contach hash table bucket overflow - close contacts might not be culled in AddContactToNode() [collision_trimesh_trimesh.cpp:224]
  ↑ 같은 줄 64번 더
[building_map_server-3] [INFO] [1786350365.519949889] [building_map_server]: loading map path: /home/gyi/robosapiens/rmf_maps/gwanghee/gwanghee.building.yaml
[building_map_server-3] [INFO] [1786350365.524603022] [building_map_server]: opening: /home/gyi/robosapiens/rmf_maps/gwanghee/gwanghee.png
[building_map_server-3] [INFO] [1786350365.525205821] [building_map_server]: read 183562 byte image
[building_map_server-3] [INFO] [1786350365.525948760] [building_map_server]: unable to generate GeoJSON for this map.
[gazebo-1] ODE Message 2: Trimesh-trimesh contach hash table bucket overflow - close contacts might not be culled in AddContactToNode() [collision_trimesh_trimesh.cpp:224]
  ↑ 같은 줄 4번 더
[building_map_server-3] [INFO] [1786350365.531268622] [building_map_server]: publishing map...
[building_map_server-3] [INFO] [1786350365.532367546] [building_map_server]: ready to serve map: "gwanghee"  Ctrl+C to exit...
[gazebo-1] ODE Message 2: Trimesh-trimesh contach hash table bucket overflow - close contacts might not be culled in AddContactToNode() [collision_trimesh_trimesh.cpp:224]
  ↑ 같은 줄 24번 더
[fleet_adapter-15] [retreat_to_charger_interval] value is not provided, default to 10 seconds
[fleet_adapter-15] Default fleet finishing task set to [park]
[fleet_adapter-15] Maximum delay is not provided, default to 10.0
[gazebo-1] ODE Message 2: Trimesh-trimesh contach hash table bucket overflow - close contacts might not be culled in AddContactToNode() [collision_trimesh_trimesh.cpp:224]
  ↑ 같은 줄 34번 더
[fleet_adapter-15] [INFO] [1786350365.652628864] [gwanghee_pinky_fleet_adapter]: Parameter [discovery_timeout] set to: 60.000000
[gazebo-1] ODE Message 2: Trimesh-trimesh contach hash table bucket overflow - close contacts might not be culled in AddContactToNode() [collision_trimesh_trimesh.cpp:224]
  ↑ 같은 줄 24번 더
[fleet_manager-14] Starting fleet manager...
[gazebo-1] ODE Message 2: Trimesh-trimesh contach hash table bucket overflow - close contacts might not be culled in AddContactToNode() [collision_trimesh_trimesh.cpp:224]
  ↑ 같은 줄 14번 더
[fleet_manager-14] Traceback (most recent call last):
[fleet_manager-14]   File "/home/gyi/rmf_ws/install/rmf_demos_fleet_adapter/lib/rmf_demos_fleet_adapter/fleet_manager", line 33, in <module>
[fleet_manager-14]     sys.exit(load_entry_point('rmf-demos-fleet-adapter==2.9.0', 'console_scripts', 'fleet_manager')())
[fleet_manager-14]              ^^^^^^^^^^^^^^^^^^^^^^^^^^^^^^^^^^^^^^^^^^^^^^^^^^^^^^^^^^^^^^^^^^^^^^^^^^^^^^^^^^^^^^^^
[fleet_manager-14]   File "/home/gyi/rmf_ws/install/rmf_demos_fleet_adapter/lib/python3.12/site-packages/rmf_demos_fleet_adapter/fleet_manager.py", line 581, in main
[fleet_manager-14]     fleet_manager = FleetManager(config)
[fleet_manager-14]                     ^^^^^^^^^^^^^^^^^^^^
[fleet_manager-14]   File "/home/gyi/rmf_ws/install/rmf_demos_fleet_adapter/lib/python3.12/site-packages/rmf_demos_fleet_adapter/fleet_manager.py", line 122, in __init__
[fleet_manager-14]     assert len(self.robots) > 0
[fleet_manager-14]            ^^^^^^^^^^^^^^^^^^^^
[fleet_manager-14] AssertionError
[gazebo-1] ODE Message 2: Trimesh-trimesh contach hash table bucket overflow - close contacts might not be culled in AddContactToNode() [collision_trimesh_trimesh.cpp:224]
  ↑ 같은 줄 99번 더
[ERROR] [fleet_manager-14]: process has died [pid 773912, exit code 1, cmd '/home/gyi/rmf_ws/install/rmf_demos_fleet_adapter/lib/rmf_demos_fleet_adapter/fleet_manager --config_file /home/gyi/robosapiens/rmf_maps/gwanghee/gwanghee_pinky_config.yaml --ros-args --params-file /tmp/launch_params_pl1l4ckt'].
[gazebo-1] ODE Message 2: Trimesh-trimesh contach hash table bucket overflow - close contacts might not be culled in AddContactToNode() [collision_trimesh_trimesh.cpp:224]
  ↑ 같은 줄 1294번 더
[rmf_traffic_schedule-1] [INFO] [1786350368.526911515] [rmf_traffic_schedule_primary]: A new mirror is tracking query ID [1]
[schedule_visualizer_node-4] [INFO] [1786350368.527239239] [schedule_data_node]: Mirror handling new sync of 1 queries from schedule node [7f9cf887-5550-4cf2-9d29-8b0685d36f03]
[gazebo-1] ODE Message 2: Trimesh-trimesh contach hash table bucket overflow - close contacts might not be culled in AddContactToNode() [collision_trimesh_trimesh.cpp:224]
  ↑ 같은 줄 34번 더
[fleet_adapter-15] [INFO] [1786350368.595160122] [gwanghee_pinky_fleet_adapter]: Registering to query topic rmf_traffic/query_update_1
[gazebo-1] ODE Message 2: Trimesh-trimesh contach hash table bucket overflow - close contacts might not be culled in AddContactToNode() [collision_trimesh_trimesh.cpp:224]
  ↑ 같은 줄 19번 더
[fleet_adapter-15] [INFO] [1786350368.632393321] [gwanghee_pinky_fleet_adapter]: Mirror handling new sync of 1 queries from schedule node [7f9cf887-5550-4cf2-9d29-8b0685d36f03]
[gazebo-1] ODE Message 2: Trimesh-trimesh contach hash table bucket overflow - close contacts might not be culled in AddContactToNode() [collision_trimesh_trimesh.cpp:224]
  ↑ 같은 줄 509번 더
[fleet_adapter-15] [WARN] [1786350369.651531883] [gwanghee_pinky_fleet_adapter]: [FleetUpdateHandle::set_retreat_to_charger_interval] This parameter is no longer being used.
[fleet_adapter-15] [INFO] [1786350369.651585516] [gwanghee_pinky_fleet_adapter]: Fleet [gwanghee_pinky] is configured to perform delivery tasks
[fleet_adapter-15] [INFO] [1786350369.651600899] [gwanghee_pinky_fleet_adapter]: Fleet [gwanghee_pinky] is configured to perform patrol tasks
[fleet_adapter-15] [INFO] [1786350369.651654015] [gwanghee_pinky_fleet_adapter]: Finished configuring Easy Full Control adapter for fleet [gwanghee_pinky]
[fleet_adapter-15] Starting fleet adapter...
[fleet_adapter-15] [INFO] [1786350369.651946778] [gwanghee_pinky_fleet_adapter]: Setting planner_cache_reset_size to [2500]
[gazebo-1] ODE Message 2: Trimesh-trimesh contach hash table bucket overflow - close contacts might not be culled in AddContactToNode() [collision_trimesh_trimesh.cpp:224]
  ↑ 같은 줄 9번 더
[fleet_adapter-15] Traceback (most recent call last):
[fleet_adapter-15]   File "/home/gyi/rmf_ws/install/rmf_demos_fleet_adapter/lib/rmf_demos_fleet_adapter/fleet_adapter", line 33, in <module>
[fleet_adapter-15]     sys.exit(load_entry_point('rmf-demos-fleet-adapter==2.9.0', 'console_scripts', 'fleet_adapter')())
[fleet_adapter-15]              ^^^^^^^^^^^^^^^^^^^^^^^^^^^^^^^^^^^^^^^^^^^^^^^^^^^^^^^^^^^^^^^^^^^^^^^^^^^^^^^^^^^^^^^^
[fleet_adapter-15]   File "/home/gyi/rmf_ws/install/rmf_demos_fleet_adapter/lib/python3.12/site-packages/rmf_demos_fleet_adapter/fleet_adapter.py", line 134, in main
[fleet_adapter-15]     api_prefix, fleet_mgr_yaml['user'], fleet_mgr_yaml['password']
[fleet_adapter-15]                 ~~~~~~~~~~~~~~^^^^^^^^
[fleet_adapter-15] KeyError: 'user'
[gazebo-1] ODE Message 2: Trimesh-trimesh contach hash table bucket overflow - close contacts might not be culled in AddContactToNode() [collision_trimesh_trimesh.cpp:224]
  ↑ 같은 줄 14번 더
[fleet_adapter-15] terminate called after throwing an instance of 'std::system_error'
[fleet_adapter-15]   what():  Resource deadlock avoided
[fleet_adapter-15] Fatal Python error: Aborted
[fleet_adapter-15] Thread 0x00007999383d2740 (most recent call first):
[fleet_adapter-15]   <no Python frame>
[gazebo-1] ODE Message 2: Trimesh-trimesh contach hash table bucket overflow - close contacts might not be culled in AddContactToNode() [collision_trimesh_trimesh.cpp:224]
  ↑ 같은 줄 564번 더
[ERROR] [fleet_adapter-15]: process has died [pid 773921, exit code -6, cmd '/home/gyi/rmf_ws/install/rmf_demos_fleet_adapter/lib/rmf_demos_fleet_adapter/fleet_adapter -c /home/gyi/robosapiens/rmf_maps/gwanghee/gwanghee_pinky_config.yaml -n /home/gyi/robosapiens/rmf_maps/gwanghee/nav_graphs/0.yaml -sim --ros-args --params-file /tmp/launch_params_t_p4gyvw --params-file /tmp/launch_params_eomdao6_'].
[gazebo-1] ODE Message 2: Trimesh-trimesh contach hash table bucket overflow - close contacts might not be culled in AddContactToNode() [collision_trimesh_trimesh.cpp:224]
  ↑ 같은 줄 7239번 더
[schedule_visualizer_node-4] [INFO] [1786350385.312779160] [schedule_data_node]: Requesting new schedule update because update timed out
[schedule_visualizer_node-4] [INFO] [1786350385.312817564] [schedule_data_node]: [rmf_traffic_ros2::MirrorManager::request_update] Requesting changes for query ID [1] since beginning of recorded history
[rmf_traffic_schedule-1] [INFO] [1786350385.318529058] [rmf_traffic_schedule_primary]: [ScheduleNode::update_mirrors] Sending remedial update starting from the beginning going to 0 for query 1
[gazebo-1] ODE Message 2: Trimesh-trimesh contach hash table bucket overflow - close contacts might not be culled in AddContactToNode() [collision_trimesh_trimesh.cpp:224]
  ↑ 같은 줄 9999번 더
[schedule_visualizer_node-4] [INFO] [1786350405.318406915] [schedule_data_node]: Requesting new schedule update because update timed out
[schedule_visualizer_node-4] [INFO] [1786350405.318469295] [schedule_data_node]: [rmf_traffic_ros2::MirrorManager::request_update] Requesting changes for query ID [1] since version [0]
[gazebo-1] ODE Message 2: Trimesh-trimesh contach hash table bucket overflow - close contacts might not be culled in AddContactToNode() [collision_trimesh_trimesh.cpp:224]
  ↑ 같은 줄 9999번 더
[schedule_visualizer_node-4] [INFO] [1786350425.318384971] [schedule_data_node]: Requesting new schedule update because update timed out
[schedule_visualizer_node-4] [INFO] [1786350425.318419102] [schedule_data_node]: [rmf_traffic_ros2::MirrorManager::request_update] Requesting changes for query ID [1] since beginning of recorded history
[gazebo-1] ODE Message 2: Trimesh-trimesh contach hash table bucket overflow - close contacts might not be culled in AddContactToNode() [collision_trimesh_trimesh.cpp:224]
  ↑ 같은 줄 4번 더
[rmf_traffic_schedule-1] [INFO] [1786350425.328083400] [rmf_traffic_schedule_primary]: [ScheduleNode::update_mirrors] Sending remedial update starting from the beginning going to 1 for query 1
[gazebo-1] ODE Message 2: Trimesh-trimesh contach hash table bucket overflow - close contacts might not be culled in AddContactToNode() [collision_trimesh_trimesh.cpp:224]
  ↑ 같은 줄 9999번 더
[schedule_visualizer_node-4] [INFO] [1786350445.328449471] [schedule_data_node]: Requesting new schedule update because update timed out
[schedule_visualizer_node-4] [INFO] [1786350445.328498636] [schedule_data_node]: [rmf_traffic_ros2::MirrorManager::request_update] Requesting changes for query ID [1] since version [1]
[gazebo-1] ODE Message 2: Trimesh-trimesh contach hash table bucket overflow - close contacts might not be culled in AddContactToNode() [collision_trimesh_trimesh.cpp:224]
  ↑ 같은 줄 9999번 더
[schedule_visualizer_node-4] [INFO] [1786350465.328401912] [schedule_data_node]: Requesting new schedule update because update timed out
[gazebo-1] ODE Message 2: Trimesh-trimesh contach hash table bucket overflow - close contacts might not be culled in AddContactToNode() [collision_trimesh_trimesh.cpp:224]
  ↑ 같은 줄 4번 더
[schedule_visualizer_node-4] [INFO] [1786350465.328448360] [schedule_data_node]: [rmf_traffic_ros2::MirrorManager::request_update] Requesting changes for query ID [1] since beginning of recorded history
[rmf_traffic_schedule-1] [INFO] [1786350465.338071772] [rmf_traffic_schedule_primary]: [ScheduleNode::update_mirrors] Sending remedial update starting from the beginning going to 1 for query 1
[gazebo-1] ODE Message 2: Trimesh-trimesh contach hash table bucket overflow - close contacts might not be culled in AddContactToNode() [collision_trimesh_trimesh.cpp:224]
  ↑ 같은 줄 9999번 더
[schedule_visualizer_node-4] [INFO] [1786350485.338326635] [schedule_data_node]: Requesting new schedule update because update timed out
[schedule_visualizer_node-4] [INFO] [1786350485.338365553] [schedule_data_node]: [rmf_traffic_ros2::MirrorManager::request_update] Requesting changes for query ID [1] since version [1]
[gazebo-1] ODE Message 2: Trimesh-trimesh contach hash table bucket overflow - close contacts might not be culled in AddContactToNode() [collision_trimesh_trimesh.cpp:224]
  ↑ 같은 줄 9999번 더
[schedule_visualizer_node-4] [INFO] [1786350505.338346709] [schedule_data_node]: Requesting new schedule update because update timed out
[schedule_visualizer_node-4] [INFO] [1786350505.338389955] [schedule_data_node]: [rmf_traffic_ros2::MirrorManager::request_update] Requesting changes for query ID [1] since beginning of recorded history
[gazebo-1] ODE Message 2: Trimesh-trimesh contach hash table bucket overflow - close contacts might not be culled in AddContactToNode() [collision_trimesh_trimesh.cpp:224]
  ↑ 같은 줄 4번 더
[rmf_traffic_schedule-1] [INFO] [1786350505.348090988] [rmf_traffic_schedule_primary]: [ScheduleNode::update_mirrors] Sending remedial update starting from the beginning going to 2 for query 1
[gazebo-1] ODE Message 2: Trimesh-trimesh contach hash table bucket overflow - close contacts might not be culled in AddContactToNode() [collision_trimesh_trimesh.cpp:224]
  ↑ 같은 줄 9999번 더
[schedule_visualizer_node-4] [INFO] [1786350525.348471103] [schedule_data_node]: Requesting new schedule update because update timed out
[schedule_visualizer_node-4] [INFO] [1786350525.348512989] [schedule_data_node]: [rmf_traffic_ros2::MirrorManager::request_update] Requesting changes for query ID [1] since version [2]
[gazebo-1] ODE Message 2: Trimesh-trimesh contach hash table bucket overflow - close contacts might not be culled in AddContactToNode() [collision_trimesh_trimesh.cpp:224]
  ↑ 같은 줄 9999번 더
[schedule_visualizer_node-4] [INFO] [1786350545.348404533] [schedule_data_node]: Requesting new schedule update because update timed out
[schedule_visualizer_node-4] [INFO] [1786350545.348435148] [schedule_data_node]: [rmf_traffic_ros2::MirrorManager::request_update] Requesting changes for query ID [1] since beginning of recorded history
[gazebo-1] ODE Message 2: Trimesh-trimesh contach hash table bucket overflow - close contacts might not be culled in AddContactToNode() [collision_trimesh_trimesh.cpp:224]
  ↑ 같은 줄 4번 더
[rmf_traffic_schedule-1] [INFO] [1786350545.358076708] [rmf_traffic_schedule_primary]: [ScheduleNode::update_mirrors] Sending remedial update starting from the beginning going to 3 for query 1
[gazebo-1] ODE Message 2: Trimesh-trimesh contach hash table bucket overflow - close contacts might not be culled in AddContactToNode() [collision_trimesh_trimesh.cpp:224]
  ↑ 같은 줄 9999번 더
[schedule_visualizer_node-4] [INFO] [1786350565.358340880] [schedule_data_node]: Requesting new schedule update because update timed out
[schedule_visualizer_node-4] [INFO] [1786350565.358383604] [schedule_data_node]: [rmf_traffic_ros2::MirrorManager::request_update] Requesting changes for query ID [1] since version [3]
[gazebo-1] ODE Message 2: Trimesh-trimesh contach hash table bucket overflow - close contacts might not be culled in AddContactToNode() [collision_trimesh_trimesh.cpp:224]
  ↑ 같은 줄 9999번 더
[schedule_visualizer_node-4] [INFO] [1786350585.358413151] [schedule_data_node]: Requesting new schedule update because update timed out
[gazebo-1] ODE Message 2: Trimesh-trimesh contach hash table bucket overflow - close contacts might not be culled in AddContactToNode() [collision_trimesh_trimesh.cpp:224]
  ↑ 같은 줄 1번 더
[schedule_visualizer_node-4] [INFO] [1786350585.358464619] [schedule_data_node]: [rmf_traffic_ros2::MirrorManager::request_update] Requesting changes for query ID [1] since beginning of recorded history
[gazebo-1] ODE Message 2: Trimesh-trimesh contach hash table bucket overflow - close contacts might not be culled in AddContactToNode() [collision_trimesh_trimesh.cpp:224]
  ↑ 같은 줄 2번 더
[rmf_traffic_schedule-1] [INFO] [1786350585.368080185] [rmf_traffic_schedule_primary]: [ScheduleNode::update_mirrors] Sending remedial update starting from the beginning going to 3 for query 1
[gazebo-1] ODE Message 2: Trimesh-trimesh contach hash table bucket overflow - close contacts might not be culled in AddContactToNode() [collision_trimesh_trimesh.cpp:224]
  ↑ 같은 줄 9999번 더
[schedule_visualizer_node-4] [INFO] [1786350605.368302090] [schedule_data_node]: Requesting new schedule update because update timed out
[schedule_visualizer_node-4] [INFO] [1786350605.368385319] [schedule_data_node]: [rmf_traffic_ros2::MirrorManager::request_update] Requesting changes for query ID [1] since version [3]
[gazebo-1] ODE Message 2: Trimesh-trimesh contach hash table bucket overflow - close contacts might not be culled in AddContactToNode() [collision_trimesh_trimesh.cpp:224]
  ↑ 같은 줄 9999번 더
[schedule_visualizer_node-4] [INFO] [1786350625.368291261] [schedule_data_node]: Requesting new schedule update because update timed out
[schedule_visualizer_node-4] [INFO] [1786350625.368335756] [schedule_data_node]: [rmf_traffic_ros2::MirrorManager::request_update] Requesting changes for query ID [1] since beginning of recorded history
[gazebo-1] ODE Message 2: Trimesh-trimesh contach hash table bucket overflow - close contacts might not be culled in AddContactToNode() [collision_trimesh_trimesh.cpp:224]
  ↑ 같은 줄 4번 더
[rmf_traffic_schedule-1] [INFO] [1786350625.378122179] [rmf_traffic_schedule_primary]: [ScheduleNode::update_mirrors] Sending remedial update starting from the beginning going to 4 for query 1
[gazebo-1] ODE Message 2: Trimesh-trimesh contach hash table bucket overflow - close contacts might not be culled in AddContactToNode() [collision_trimesh_trimesh.cpp:224]
  ↑ 같은 줄 9999번 더
[schedule_visualizer_node-4] [INFO] [1786350645.378387293] [schedule_data_node]: Requesting new schedule update because update timed out
[gazebo-1] ODE Message 2: Trimesh-trimesh contach hash table bucket overflow - close contacts might not be culled in AddContactToNode() [collision_trimesh_trimesh.cpp:224]
  ↑ 같은 줄 4번 더
[schedule_visualizer_node-4] [INFO] [1786350645.378425413] [schedule_data_node]: [rmf_traffic_ros2::MirrorManager::request_update] Requesting changes for query ID [1] since version [4]
[gazebo-1] ODE Message 2: Trimesh-trimesh contach hash table bucket overflow - close contacts might not be culled in AddContactToNode() [collision_trimesh_trimesh.cpp:224]
  ↑ 같은 줄 9994번 더
[schedule_visualizer_node-4] [INFO] [1786350665.378382714] [schedule_data_node]: Requesting new schedule update because update timed out
[schedule_visualizer_node-4] [INFO] [1786350665.378422764] [schedule_data_node]: [rmf_traffic_ros2::MirrorManager::request_update] Requesting changes for query ID [1] since beginning of recorded history
[gazebo-1] ODE Message 2: Trimesh-trimesh contach hash table bucket overflow - close contacts might not be culled in AddContactToNode() [collision_trimesh_trimesh.cpp:224]
  ↑ 같은 줄 4번 더
[rmf_traffic_schedule-1] [INFO] [1786350665.388069913] [rmf_traffic_schedule_primary]: [ScheduleNode::update_mirrors] Sending remedial update starting from the beginning going to 5 for query 1
[gazebo-1] ODE Message 2: Trimesh-trimesh contach hash table bucket overflow - close contacts might not be culled in AddContactToNode() [collision_trimesh_trimesh.cpp:224]
  ↑ 같은 줄 9999번 더
[schedule_visualizer_node-4] [INFO] [1786350685.388430111] [schedule_data_node]: Requesting new schedule update because update timed out
[schedule_visualizer_node-4] [INFO] [1786350685.388467098] [schedule_data_node]: [rmf_traffic_ros2::MirrorManager::request_update] Requesting changes for query ID [1] since version [5]
[gazebo-1] ODE Message 2: Trimesh-trimesh contach hash table bucket overflow - close contacts might not be culled in AddContactToNode() [collision_trimesh_trimesh.cpp:224]
  ↑ 같은 줄 9999번 더
[schedule_visualizer_node-4] [INFO] [1786350705.388438105] [schedule_data_node]: Requesting new schedule update because update timed out
[schedule_visualizer_node-4] [INFO] [1786350705.388476373] [schedule_data_node]: [rmf_traffic_ros2::MirrorManager::request_update] Requesting changes for query ID [1] since beginning of recorded history
[gazebo-1] ODE Message 2: Trimesh-trimesh contach hash table bucket overflow - close contacts might not be culled in AddContactToNode() [collision_trimesh_trimesh.cpp:224]
  ↑ 같은 줄 4번 더
[rmf_traffic_schedule-1] [INFO] [1786350705.398117476] [rmf_traffic_schedule_primary]: [ScheduleNode::update_mirrors] Sending remedial update starting from the beginning going to 5 for query 1
[gazebo-1] ODE Message 2: Trimesh-trimesh contach hash table bucket overflow - close contacts might not be culled in AddContactToNode() [collision_trimesh_trimesh.cpp:224]
  ↑ 같은 줄 9999번 더
[schedule_visualizer_node-4] [INFO] [1786350725.398390006] [schedule_data_node]: Requesting new schedule update because update timed out
[gazebo-1] ODE Message 2: Trimesh-trimesh contach hash table bucket overflow - close contacts might not be culled in AddContactToNode() [collision_trimesh_trimesh.cpp:224]
[schedule_visualizer_node-4] [INFO] [1786350725.398427740] [schedule_data_node]: [rmf_traffic_ros2::MirrorManager::request_update] Requesting changes for query ID [1] since version [5]
[gazebo-1] ODE Message 2: Trimesh-trimesh contach hash table bucket overflow - close contacts might not be culled in AddContactToNode() [collision_trimesh_trimesh.cpp:224]
  ↑ 같은 줄 9998번 더
[schedule_visualizer_node-4] [INFO] [1786350745.398394515] [schedule_data_node]: Requesting new schedule update because update timed out
[gazebo-1] ODE Message 2: Trimesh-trimesh contach hash table bucket overflow - close contacts might not be culled in AddContactToNode() [collision_trimesh_trimesh.cpp:224]
[schedule_visualizer_node-4] [INFO] [1786350745.398446504] [schedule_data_node]: [rmf_traffic_ros2::MirrorManager::request_update] Requesting changes for query ID [1] since beginning of recorded history
[gazebo-1] ODE Message 2: Trimesh-trimesh contach hash table bucket overflow - close contacts might not be culled in AddContactToNode() [collision_trimesh_trimesh.cpp:224]
  ↑ 같은 줄 3번 더
[rmf_traffic_schedule-1] [INFO] [1786350745.408074793] [rmf_traffic_schedule_primary]: [ScheduleNode::update_mirrors] Sending remedial update starting from the beginning going to 6 for query 1
[gazebo-1] ODE Message 2: Trimesh-trimesh contach hash table bucket overflow - close contacts might not be culled in AddContactToNode() [collision_trimesh_trimesh.cpp:224]
  ↑ 같은 줄 9999번 더
[schedule_visualizer_node-4] [INFO] [1786350765.408456782] [schedule_data_node]: Requesting new schedule update because update timed out
[schedule_visualizer_node-4] [INFO] [1786350765.408511337] [schedule_data_node]: [rmf_traffic_ros2::MirrorManager::request_update] Requesting changes for query ID [1] since version [6]
[gazebo-1] ODE Message 2: Trimesh-trimesh contach hash table bucket overflow - close contacts might not be culled in AddContactToNode() [collision_trimesh_trimesh.cpp:224]
  ↑ 같은 줄 9999번 더
[schedule_visualizer_node-4] [INFO] [1786350785.408283908] [schedule_data_node]: Requesting new schedule update because update timed out
[schedule_visualizer_node-4] [INFO] [1786350785.408316279] [schedule_data_node]: [rmf_traffic_ros2::MirrorManager::request_update] Requesting changes for query ID [1] since beginning of recorded history
[gazebo-1] ODE Message 2: Trimesh-trimesh contach hash table bucket overflow - close contacts might not be culled in AddContactToNode() [collision_trimesh_trimesh.cpp:224]
  ↑ 같은 줄 4번 더
[rmf_traffic_schedule-1] [INFO] [1786350785.418146047] [rmf_traffic_schedule_primary]: [ScheduleNode::update_mirrors] Sending remedial update starting from the beginning going to 7 for query 1
[gazebo-1] ODE Message 2: Trimesh-trimesh contach hash table bucket overflow - close contacts might not be culled in AddContactToNode() [collision_trimesh_trimesh.cpp:224]
  ↑ 같은 줄 9999번 더
[schedule_visualizer_node-4] [INFO] [1786350805.418413046] [schedule_data_node]: Requesting new schedule update because update timed out
[schedule_visualizer_node-4] [INFO] [1786350805.418447716] [schedule_data_node]: [rmf_traffic_ros2::MirrorManager::request_update] Requesting changes for query ID [1] since version [7]
[gazebo-1] ODE Message 2: Trimesh-trimesh contach hash table bucket overflow - close contacts might not be culled in AddContactToNode() [collision_trimesh_trimesh.cpp:224]
  ↑ 같은 줄 9999번 더
[schedule_visualizer_node-4] [INFO] [1786350825.418400998] [schedule_data_node]: Requesting new schedule update because update timed out
[gazebo-1] ODE Message 2: Trimesh-trimesh contach hash table bucket overflow - close contacts might not be culled in AddContactToNode() [collision_trimesh_trimesh.cpp:224]
[schedule_visualizer_node-4] [INFO] [1786350825.418436844] [schedule_data_node]: [rmf_traffic_ros2::MirrorManager::request_update] Requesting changes for query ID [1] since beginning of recorded history
[gazebo-1] ODE Message 2: Trimesh-trimesh contach hash table bucket overflow - close contacts might not be culled in AddContactToNode() [collision_trimesh_trimesh.cpp:224]
  ↑ 같은 줄 3번 더
[rmf_traffic_schedule-1] [INFO] [1786350825.428104615] [rmf_traffic_schedule_primary]: [ScheduleNode::update_mirrors] Sending remedial update starting from the beginning going to 7 for query 1
[gazebo-1] ODE Message 2: Trimesh-trimesh contach hash table bucket overflow - close contacts might not be culled in AddContactToNode() [collision_trimesh_trimesh.cpp:224]
  ↑ 같은 줄 9999번 더
[schedule_visualizer_node-4] [INFO] [1786350845.428377055] [schedule_data_node]: Requesting new schedule update because update timed out
[gazebo-1] ODE Message 2: Trimesh-trimesh contach hash table bucket overflow - close contacts might not be culled in AddContactToNode() [collision_trimesh_trimesh.cpp:224]
  ↑ 같은 줄 2번 더
[schedule_visualizer_node-4] [INFO] [1786350845.428414758] [schedule_data_node]: [rmf_traffic_ros2::MirrorManager::request_update] Requesting changes for query ID [1] since version [7]
[gazebo-1] ODE Message 2: Trimesh-trimesh contach hash table bucket overflow - close contacts might not be culled in AddContactToNode() [collision_trimesh_trimesh.cpp:224]
  ↑ 같은 줄 9996번 더
[schedule_visualizer_node-4] [INFO] [1786350865.428410039] [schedule_data_node]: Requesting new schedule update because update timed out
[schedule_visualizer_node-4] [INFO] [1786350865.428454734] [schedule_data_node]: [rmf_traffic_ros2::MirrorManager::request_update] Requesting changes for query ID [1] since beginning of recorded history
[gazebo-1] ODE Message 2: Trimesh-trimesh contach hash table bucket overflow - close contacts might not be culled in AddContactToNode() [collision_trimesh_trimesh.cpp:224]
  ↑ 같은 줄 4번 더
[rmf_traffic_schedule-1] [INFO] [1786350865.438076019] [rmf_traffic_schedule_primary]: [ScheduleNode::update_mirrors] Sending remedial update starting from the beginning going to 8 for query 1
[gazebo-1] ODE Message 2: Trimesh-trimesh contach hash table bucket overflow - close contacts might not be culled in AddContactToNode() [collision_trimesh_trimesh.cpp:224]
  ↑ 같은 줄 9999번 더
[schedule_visualizer_node-4] [INFO] [1786350885.438424718] [schedule_data_node]: Requesting new schedule update because update timed out
[schedule_visualizer_node-4] [INFO] [1786350885.438466321] [schedule_data_node]: [rmf_traffic_ros2::MirrorManager::request_update] Requesting changes for query ID [1] since version [8]
[gazebo-1] ODE Message 2: Trimesh-trimesh contach hash table bucket overflow - close contacts might not be culled in AddContactToNode() [collision_trimesh_trimesh.cpp:224]
  ↑ 같은 줄 9999번 더
[schedule_visualizer_node-4] [INFO] [1786350905.438366586] [schedule_data_node]: Requesting new schedule update because update timed out
[gazebo-1] ODE Message 2: Trimesh-trimesh contach hash table bucket overflow - close contacts might not be culled in AddContactToNode() [collision_trimesh_trimesh.cpp:224]
[schedule_visualizer_node-4] [INFO] [1786350905.438409132] [schedule_data_node]: [rmf_traffic_ros2::MirrorManager::request_update] Requesting changes for query ID [1] since beginning of recorded history
[gazebo-1] ODE Message 2: Trimesh-trimesh contach hash table bucket overflow - close contacts might not be culled in AddContactToNode() [collision_trimesh_trimesh.cpp:224]
  ↑ 같은 줄 3번 더
[rmf_traffic_schedule-1] [INFO] [1786350905.448082715] [rmf_traffic_schedule_primary]: [ScheduleNode::update_mirrors] Sending remedial update starting from the beginning going to 9 for query 1
[gazebo-1] ODE Message 2: Trimesh-trimesh contach hash table bucket overflow - close contacts might not be culled in AddContactToNode() [collision_trimesh_trimesh.cpp:224]
  ↑ 같은 줄 9999번 더
[schedule_visualizer_node-4] [INFO] [1786350925.448396832] [schedule_data_node]: Requesting new schedule update because update timed out
[schedule_visualizer_node-4] [INFO] [1786350925.448427301] [schedule_data_node]: [rmf_traffic_ros2::MirrorManager::request_update] Requesting changes for query ID [1] since version [9]
[gazebo-1] ODE Message 2: Trimesh-trimesh contach hash table bucket overflow - close contacts might not be culled in AddContactToNode() [collision_trimesh_trimesh.cpp:224]
  ↑ 같은 줄 9999번 더
[schedule_visualizer_node-4] [INFO] [1786350945.448445825] [schedule_data_node]: Requesting new schedule update because update timed out
[schedule_visualizer_node-4] [INFO] [1786350945.448486757] [schedule_data_node]: [rmf_traffic_ros2::MirrorManager::request_update] Requesting changes for query ID [1] since beginning of recorded history
[gazebo-1] ODE Message 2: Trimesh-trimesh contach hash table bucket overflow - close contacts might not be culled in AddContactToNode() [collision_trimesh_trimesh.cpp:224]
  ↑ 같은 줄 4번 더
[rmf_traffic_schedule-1] [INFO] [1786350945.458079541] [rmf_traffic_schedule_primary]: [ScheduleNode::update_mirrors] Sending remedial update starting from the beginning going to 9 for query 1
[gazebo-1] ODE Message 2: Trimesh-trimesh contach hash table bucket overflow - close contacts might not be culled in AddContactToNode() [collision_trimesh_trimesh.cpp:224]
  ↑ 같은 줄 9999번 더
[schedule_visualizer_node-4] [INFO] [1786350965.458357601] [schedule_data_node]: Requesting new schedule update because update timed out
[schedule_visualizer_node-4] [INFO] [1786350965.458396261] [schedule_data_node]: [rmf_traffic_ros2::MirrorManager::request_update] Requesting changes for query ID [1] since version [9]
[gazebo-1] ODE Message 2: Trimesh-trimesh contach hash table bucket overflow - close contacts might not be culled in AddContactToNode() [collision_trimesh_trimesh.cpp:224]
  ↑ 같은 줄 9999번 더
[schedule_visualizer_node-4] [INFO] [1786350985.458332832] [schedule_data_node]: Requesting new schedule update because update timed out
[schedule_visualizer_node-4] [INFO] [1786350985.458373244] [schedule_data_node]: [rmf_traffic_ros2::MirrorManager::request_update] Requesting changes for query ID [1] since beginning of recorded history
[gazebo-1] ODE Message 2: Trimesh-trimesh contach hash table bucket overflow - close contacts might not be culled in AddContactToNode() [collision_trimesh_trimesh.cpp:224]
  ↑ 같은 줄 4번 더
[rmf_traffic_schedule-1] [INFO] [1786350985.468091433] [rmf_traffic_schedule_primary]: [ScheduleNode::update_mirrors] Sending remedial update starting from the beginning going to 10 for query 1
[gazebo-1] ODE Message 2: Trimesh-trimesh contach hash table bucket overflow - close contacts might not be culled in AddContactToNode() [collision_trimesh_trimesh.cpp:224]
  ↑ 같은 줄 9999번 더
[schedule_visualizer_node-4] [INFO] [1786351005.468479756] [schedule_data_node]: Requesting new schedule update because update timed out
[schedule_visualizer_node-4] [INFO] [1786351005.468523885] [schedule_data_node]: [rmf_traffic_ros2::MirrorManager::request_update] Requesting changes for query ID [1] since version [10]
[gazebo-1] ODE Message 2: Trimesh-trimesh contach hash table bucket overflow - close contacts might not be culled in AddContactToNode() [collision_trimesh_trimesh.cpp:224]
  ↑ 같은 줄 9999번 더
[schedule_visualizer_node-4] [INFO] [1786351025.468410287] [schedule_data_node]: Requesting new schedule update because update timed out
[schedule_visualizer_node-4] [INFO] [1786351025.468439640] [schedule_data_node]: [rmf_traffic_ros2::MirrorManager::request_update] Requesting changes for query ID [1] since beginning of recorded history
[gazebo-1] ODE Message 2: Trimesh-trimesh contach hash table bucket overflow - close contacts might not be culled in AddContactToNode() [collision_trimesh_trimesh.cpp:224]
  ↑ 같은 줄 4번 더
[rmf_traffic_schedule-1] [INFO] [1786351025.478210503] [rmf_traffic_schedule_primary]: [ScheduleNode::update_mirrors] Sending remedial update starting from the beginning going to 11 for query 1
[gazebo-1] ODE Message 2: Trimesh-trimesh contach hash table bucket overflow - close contacts might not be culled in AddContactToNode() [collision_trimesh_trimesh.cpp:224]
  ↑ 같은 줄 10001번 더
[schedule_visualizer_node-4] [INFO] [1786351045.478475354] [schedule_data_node]: Requesting new schedule update because update timed out
[gazebo-1] ODE Message 2: Trimesh-trimesh contach hash table bucket overflow - close contacts might not be culled in AddContactToNode() [collision_trimesh_trimesh.cpp:224]
  ↑ 같은 줄 2번 더
[schedule_visualizer_node-4] [INFO] [1786351045.478515790] [schedule_data_node]: [rmf_traffic_ros2::MirrorManager::request_update] Requesting changes for query ID [1] since version [11]
[gazebo-1] ODE Message 2: Trimesh-trimesh contach hash table bucket overflow - close contacts might not be culled in AddContactToNode() [collision_trimesh_trimesh.cpp:224]
  ↑ 같은 줄 9994번 더
[schedule_visualizer_node-4] [INFO] [1786351065.478523448] [schedule_data_node]: Requesting new schedule update because update timed out
[schedule_visualizer_node-4] [INFO] [1786351065.478555163] [schedule_data_node]: [rmf_traffic_ros2::MirrorManager::request_update] Requesting changes for query ID [1] since beginning of recorded history
[gazebo-1] ODE Message 2: Trimesh-trimesh contach hash table bucket overflow - close contacts might not be culled in AddContactToNode() [collision_trimesh_trimesh.cpp:224]
  ↑ 같은 줄 19번 더
[rmf_traffic_schedule-1] [INFO] [1786351065.488059288] [rmf_traffic_schedule_primary]: [ScheduleNode::update_mirrors] Sending remedial update starting from the beginning going to 11 for query 1
[gazebo-1] ODE Message 2: Trimesh-trimesh contach hash table bucket overflow - close contacts might not be culled in AddContactToNode() [collision_trimesh_trimesh.cpp:224]
  ↑ 같은 줄 9984번 더
[schedule_visualizer_node-4] [INFO] [1786351085.488429656] [schedule_data_node]: Requesting new schedule update because update timed out
[schedule_visualizer_node-4] [INFO] [1786351085.488510076] [schedule_data_node]: [rmf_traffic_ros2::MirrorManager::request_update] Requesting changes for query ID [1] since version [11]
[gazebo-1] ODE Message 2: Trimesh-trimesh contach hash table bucket overflow - close contacts might not be culled in AddContactToNode() [collision_trimesh_trimesh.cpp:224]
  ↑ 같은 줄 9999번 더
[schedule_visualizer_node-4] [INFO] [1786351105.488308498] [schedule_data_node]: Requesting new schedule update because update timed out
[schedule_visualizer_node-4] [INFO] [1786351105.488349456] [schedule_data_node]: [rmf_traffic_ros2::MirrorManager::request_update] Requesting changes for query ID [1] since beginning of recorded history
[gazebo-1] ODE Message 2: Trimesh-trimesh contach hash table bucket overflow - close contacts might not be culled in AddContactToNode() [collision_trimesh_trimesh.cpp:224]
  ↑ 같은 줄 4번 더
[rmf_traffic_schedule-1] [INFO] [1786351105.498084471] [rmf_traffic_schedule_primary]: [ScheduleNode::update_mirrors] Sending remedial update starting from the beginning going to 12 for query 1
[gazebo-1] ODE Message 2: Trimesh-trimesh contach hash table bucket overflow - close contacts might not be culled in AddContactToNode() [collision_trimesh_trimesh.cpp:224]
  ↑ 같은 줄 9999번 더
[schedule_visualizer_node-4] [INFO] [1786351125.498325857] [schedule_data_node]: Requesting new schedule update because update timed out
[schedule_visualizer_node-4] [INFO] [1786351125.498360514] [schedule_data_node]: [rmf_traffic_ros2::MirrorManager::request_update] Requesting changes for query ID [1] since version [12]
[gazebo-1] ODE Message 2: Trimesh-trimesh contach hash table bucket overflow - close contacts might not be culled in AddContactToNode() [collision_trimesh_trimesh.cpp:224]
  ↑ 같은 줄 9999번 더
[schedule_visualizer_node-4] [INFO] [1786351145.498354727] [schedule_data_node]: Requesting new schedule update because update timed out
[schedule_visualizer_node-4] [INFO] [1786351145.498405699] [schedule_data_node]: [rmf_traffic_ros2::MirrorManager::request_update] Requesting changes for query ID [1] since beginning of recorded history
[gazebo-1] ODE Message 2: Trimesh-trimesh contach hash table bucket overflow - close contacts might not be culled in AddContactToNode() [collision_trimesh_trimesh.cpp:224]
  ↑ 같은 줄 4번 더
[rmf_traffic_schedule-1] [INFO] [1786351145.508119896] [rmf_traffic_schedule_primary]: [ScheduleNode::update_mirrors] Sending remedial update starting from the beginning going to 13 for query 1
[gazebo-1] ODE Message 2: Trimesh-trimesh contach hash table bucket overflow - close contacts might not be culled in AddContactToNode() [collision_trimesh_trimesh.cpp:224]
  ↑ 같은 줄 9999번 더
[schedule_visualizer_node-4] [INFO] [1786351165.508558854] [schedule_data_node]: Requesting new schedule update because update timed out
[schedule_visualizer_node-4] [INFO] [1786351165.508610220] [schedule_data_node]: [rmf_traffic_ros2::MirrorManager::request_update] Requesting changes for query ID [1] since version [13]
[gazebo-1] ODE Message 2: Trimesh-trimesh contach hash table bucket overflow - close contacts might not be culled in AddContactToNode() [collision_trimesh_trimesh.cpp:224]
  ↑ 같은 줄 9999번 더
[schedule_visualizer_node-4] [INFO] [1786351185.508563449] [schedule_data_node]: Requesting new schedule update because update timed out
[schedule_visualizer_node-4] [INFO] [1786351185.508612210] [schedule_data_node]: [rmf_traffic_ros2::MirrorManager::request_update] Requesting changes for query ID [1] since beginning of recorded history
[gazebo-1] ODE Message 2: Trimesh-trimesh contach hash table bucket overflow - close contacts might not be culled in AddContactToNode() [collision_trimesh_trimesh.cpp:224]
  ↑ 같은 줄 4번 더
[rmf_traffic_schedule-1] [INFO] [1786351185.518309362] [rmf_traffic_schedule_primary]: [ScheduleNode::update_mirrors] Sending remedial update starting from the beginning going to 13 for query 1
[gazebo-1] ODE Message 2: Trimesh-trimesh contach hash table bucket overflow - close contacts might not be culled in AddContactToNode() [collision_trimesh_trimesh.cpp:224]
  ↑ 같은 줄 9999번 더
[schedule_visualizer_node-4] [INFO] [1786351205.518683991] [schedule_data_node]: Requesting new schedule update because update timed out
[schedule_visualizer_node-4] [INFO] [1786351205.518715178] [schedule_data_node]: [rmf_traffic_ros2::MirrorManager::request_update] Requesting changes for query ID [1] since version [13]
[gazebo-1] ODE Message 2: Trimesh-trimesh contach hash table bucket overflow - close contacts might not be culled in AddContactToNode() [collision_trimesh_trimesh.cpp:224]
  ↑ 같은 줄 9999번 더
[schedule_visualizer_node-4] [INFO] [1786351225.518740576] [schedule_data_node]: Requesting new schedule update because update timed out
[schedule_visualizer_node-4] [INFO] [1786351225.518796210] [schedule_data_node]: [rmf_traffic_ros2::MirrorManager::request_update] Requesting changes for query ID [1] since beginning of recorded history
[gazebo-1] ODE Message 2: Trimesh-trimesh contach hash table bucket overflow - close contacts might not be culled in AddContactToNode() [collision_trimesh_trimesh.cpp:224]
  ↑ 같은 줄 4번 더
[rmf_traffic_schedule-1] [INFO] [1786351225.528118134] [rmf_traffic_schedule_primary]: [ScheduleNode::update_mirrors] Sending remedial update starting from the beginning going to 14 for query 1
[gazebo-1] ODE Message 2: Trimesh-trimesh contach hash table bucket overflow - close contacts might not be culled in AddContactToNode() [collision_trimesh_trimesh.cpp:224]
  ↑ 같은 줄 774번 더
[INFO] [building_map_server-3]: process has finished cleanly [pid 773901]
[gazebo-1] ODE Message 2: Trimesh-trimesh contach hash table bucket overflow - close contacts might not be culled in AddContactToNode() [collision_trimesh_trimesh.cpp:224]
  ↑ 같은 줄 9224번 더
[schedule_visualizer_node-4] [INFO] [1786351245.528463553] [schedule_data_node]: Requesting new schedule update because update timed out
[schedule_visualizer_node-4] [INFO] [1786351245.528507134] [schedule_data_node]: [rmf_traffic_ros2::MirrorManager::request_update] Requesting changes for query ID [1] since version [14]
[gazebo-1] ODE Message 2: Trimesh-trimesh contach hash table bucket overflow - close contacts might not be culled in AddContactToNode() [collision_trimesh_trimesh.cpp:224]
  ↑ 같은 줄 9999번 더
[schedule_visualizer_node-4] [INFO] [1786351265.528494325] [schedule_data_node]: Requesting new schedule update because update timed out
[schedule_visualizer_node-4] [INFO] [1786351265.528555039] [schedule_data_node]: [rmf_traffic_ros2::MirrorManager::request_update] Requesting changes for query ID [1] since beginning of recorded history
[gazebo-1] ODE Message 2: Trimesh-trimesh contach hash table bucket overflow - close contacts might not be culled in AddContactToNode() [collision_trimesh_trimesh.cpp:224]
  ↑ 같은 줄 4번 더
[rmf_traffic_schedule-1] [INFO] [1786351265.538150156] [rmf_traffic_schedule_primary]: [ScheduleNode::update_mirrors] Sending remedial update starting from the beginning going to 15 for query 1
[gazebo-1] ODE Message 2: Trimesh-trimesh contach hash table bucket overflow - close contacts might not be culled in AddContactToNode() [collision_trimesh_trimesh.cpp:224]
  ↑ 같은 줄 9999번 더
[schedule_visualizer_node-4] [INFO] [1786351285.538632481] [schedule_data_node]: Requesting new schedule update because update timed out
[schedule_visualizer_node-4] [INFO] [1786351285.538679239] [schedule_data_node]: [rmf_traffic_ros2::MirrorManager::request_update] Requesting changes for query ID [1] since version [15]
[gazebo-1] ODE Message 2: Trimesh-trimesh contach hash table bucket overflow - close contacts might not be culled in AddContactToNode() [collision_trimesh_trimesh.cpp:224]
  ↑ 같은 줄 9999번 더
[schedule_visualizer_node-4] [INFO] [1786351305.538623189] [schedule_data_node]: Requesting new schedule update because update timed out
[schedule_visualizer_node-4] [INFO] [1786351305.538664949] [schedule_data_node]: [rmf_traffic_ros2::MirrorManager::request_update] Requesting changes for query ID [1] since beginning of recorded history
[gazebo-1] ODE Message 2: Trimesh-trimesh contach hash table bucket overflow - close contacts might not be culled in AddContactToNode() [collision_trimesh_trimesh.cpp:224]
  ↑ 같은 줄 4번 더
[rmf_traffic_schedule-1] [INFO] [1786351305.548086414] [rmf_traffic_schedule_primary]: [ScheduleNode::update_mirrors] Sending remedial update starting from the beginning going to 15 for query 1
[gazebo-1] ODE Message 2: Trimesh-trimesh contach hash table bucket overflow - close contacts might not be culled in AddContactToNode() [collision_trimesh_trimesh.cpp:224]
  ↑ 같은 줄 9999번 더
[schedule_visualizer_node-4] [INFO] [1786351325.548348818] [schedule_data_node]: Requesting new schedule update because update timed out
[schedule_visualizer_node-4] [INFO] [1786351325.548392759] [schedule_data_node]: [rmf_traffic_ros2::MirrorManager::request_update] Requesting changes for query ID [1] since version [15]
[gazebo-1] ODE Message 2: Trimesh-trimesh contach hash table bucket overflow - close contacts might not be culled in AddContactToNode() [collision_trimesh_trimesh.cpp:224]
  ↑ 같은 줄 9999번 더
[schedule_visualizer_node-4] [INFO] [1786351345.548333576] [schedule_data_node]: Requesting new schedule update because update timed out
[schedule_visualizer_node-4] [INFO] [1786351345.548366040] [schedule_data_node]: [rmf_traffic_ros2::MirrorManager::request_update] Requesting changes for query ID [1] since beginning of recorded history
[gazebo-1] ODE Message 2: Trimesh-trimesh contach hash table bucket overflow - close contacts might not be culled in AddContactToNode() [collision_trimesh_trimesh.cpp:224]
  ↑ 같은 줄 4번 더
[rmf_traffic_schedule-1] [INFO] [1786351345.558197484] [rmf_traffic_schedule_primary]: [ScheduleNode::update_mirrors] Sending remedial update starting from the beginning going to 16 for query 1
[gazebo-1] ODE Message 2: Trimesh-trimesh contach hash table bucket overflow - close contacts might not be culled in AddContactToNode() [collision_trimesh_trimesh.cpp:224]
  ↑ 같은 줄 9999번 더
[schedule_visualizer_node-4] [INFO] [1786351365.558453246] [schedule_data_node]: Requesting new schedule update because update timed out
[schedule_visualizer_node-4] [INFO] [1786351365.558484796] [schedule_data_node]: [rmf_traffic_ros2::MirrorManager::request_update] Requesting changes for query ID [1] since version [16]
[gazebo-1] ODE Message 2: Trimesh-trimesh contach hash table bucket overflow - close contacts might not be culled in AddContactToNode() [collision_trimesh_trimesh.cpp:224]
  ↑ 같은 줄 9999번 더
[schedule_visualizer_node-4] [INFO] [1786351385.558456948] [schedule_data_node]: Requesting new schedule update because update timed out
[schedule_visualizer_node-4] [INFO] [1786351385.558493196] [schedule_data_node]: [rmf_traffic_ros2::MirrorManager::request_update] Requesting changes for query ID [1] since beginning of recorded history
[gazebo-1] ODE Message 2: Trimesh-trimesh contach hash table bucket overflow - close contacts might not be culled in AddContactToNode() [collision_trimesh_trimesh.cpp:224]
  ↑ 같은 줄 4번 더
[rmf_traffic_schedule-1] [INFO] [1786351385.568188211] [rmf_traffic_schedule_primary]: [ScheduleNode::update_mirrors] Sending remedial update starting from the beginning going to 17 for query 1
[gazebo-1] ODE Message 2: Trimesh-trimesh contach hash table bucket overflow - close contacts might not be culled in AddContactToNode() [collision_trimesh_trimesh.cpp:224]
  ↑ 같은 줄 10004번 더
[schedule_visualizer_node-4] [INFO] [1786351405.569090314] [schedule_data_node]: Requesting new schedule update because update timed out
[schedule_visualizer_node-4] [INFO] [1786351405.569129120] [schedule_data_node]: [rmf_traffic_ros2::MirrorManager::request_update] Requesting changes for query ID [1] since version [17]
[gazebo-1] ODE Message 2: Trimesh-trimesh contach hash table bucket overflow - close contacts might not be culled in AddContactToNode() [collision_trimesh_trimesh.cpp:224]
  ↑ 같은 줄 9996번 더
[schedule_visualizer_node-4] [INFO] [1786351425.569040595] [schedule_data_node]: Requesting new schedule update because update timed out
[gazebo-1] ODE Message 2: Trimesh-trimesh contach hash table bucket overflow - close contacts might not be culled in AddContactToNode() [collision_trimesh_trimesh.cpp:224]
  ↑ 같은 줄 1번 더
[schedule_visualizer_node-4] [INFO] [1786351425.569082744] [schedule_data_node]: [rmf_traffic_ros2::MirrorManager::request_update] Requesting changes for query ID [1] since beginning of recorded history
[gazebo-1] ODE Message 2: Trimesh-trimesh contach hash table bucket overflow - close contacts might not be culled in AddContactToNode() [collision_trimesh_trimesh.cpp:224]
[rmf_traffic_schedule-1] [INFO] [1786351425.578192894] [rmf_traffic_schedule_primary]: [ScheduleNode::update_mirrors] Sending remedial update starting from the beginning going to 17 for query 1
[gazebo-1] ODE Message 2: Trimesh-trimesh contach hash table bucket overflow - close contacts might not be culled in AddContactToNode() [collision_trimesh_trimesh.cpp:224]
  ↑ 같은 줄 9999번 더
[schedule_visualizer_node-4] [INFO] [1786351445.578472108] [schedule_data_node]: Requesting new schedule update because update timed out
[schedule_visualizer_node-4] [INFO] [1786351445.578512458] [schedule_data_node]: [rmf_traffic_ros2::MirrorManager::request_update] Requesting changes for query ID [1] since version [17]
[gazebo-1] ODE Message 2: Trimesh-trimesh contach hash table bucket overflow - close contacts might not be culled in AddContactToNode() [collision_trimesh_trimesh.cpp:224]
  ↑ 같은 줄 9999번 더
[schedule_visualizer_node-4] [INFO] [1786351465.578399015] [schedule_data_node]: Requesting new schedule update because update timed out
[schedule_visualizer_node-4] [INFO] [1786351465.578433660] [schedule_data_node]: [rmf_traffic_ros2::MirrorManager::request_update] Requesting changes for query ID [1] since beginning of recorded history
[gazebo-1] ODE Message 2: Trimesh-trimesh contach hash table bucket overflow - close contacts might not be culled in AddContactToNode() [collision_trimesh_trimesh.cpp:224]
  ↑ 같은 줄 4번 더
[rmf_traffic_schedule-1] [INFO] [1786351465.588086811] [rmf_traffic_schedule_primary]: [ScheduleNode::update_mirrors] Sending remedial update starting from the beginning going to 18 for query 1
[gazebo-1] ODE Message 2: Trimesh-trimesh contach hash table bucket overflow - close contacts might not be culled in AddContactToNode() [collision_trimesh_trimesh.cpp:224]
  ↑ 같은 줄 9999번 더
[schedule_visualizer_node-4] [INFO] [1786351485.588401572] [schedule_data_node]: Requesting new schedule update because update timed out
[schedule_visualizer_node-4] [INFO] [1786351485.588434305] [schedule_data_node]: [rmf_traffic_ros2::MirrorManager::request_update] Requesting changes for query ID [1] since version [18]
[gazebo-1] ODE Message 2: Trimesh-trimesh contach hash table bucket overflow - close contacts might not be culled in AddContactToNode() [collision_trimesh_trimesh.cpp:224]
  ↑ 같은 줄 9999번 더
[schedule_visualizer_node-4] [INFO] [1786351505.588427769] [schedule_data_node]: Requesting new schedule update because update timed out
[gazebo-1] ODE Message 2: Trimesh-trimesh contach hash table bucket overflow - close contacts might not be culled in AddContactToNode() [collision_trimesh_trimesh.cpp:224]
  ↑ 같은 줄 3번 더
[schedule_visualizer_node-4] [INFO] [1786351505.588468099] [schedule_data_node]: [rmf_traffic_ros2::MirrorManager::request_update] Requesting changes for query ID [1] since beginning of recorded history
[gazebo-1] ODE Message 2: Trimesh-trimesh contach hash table bucket overflow - close contacts might not be culled in AddContactToNode() [collision_trimesh_trimesh.cpp:224]
[rmf_traffic_schedule-1] [INFO] [1786351505.598122453] [rmf_traffic_schedule_primary]: [ScheduleNode::update_mirrors] Sending remedial update starting from the beginning going to 19 for query 1
[gazebo-1] ODE Message 2: Trimesh-trimesh contach hash table bucket overflow - close contacts might not be culled in AddContactToNode() [collision_trimesh_trimesh.cpp:224]
  ↑ 같은 줄 9999번 더
[schedule_visualizer_node-4] [INFO] [1786351525.598364872] [schedule_data_node]: Requesting new schedule update because update timed out
[schedule_visualizer_node-4] [INFO] [1786351525.598412293] [schedule_data_node]: [rmf_traffic_ros2::MirrorManager::request_update] Requesting changes for query ID [1] since version [19]
[gazebo-1] ODE Message 2: Trimesh-trimesh contach hash table bucket overflow - close contacts might not be culled in AddContactToNode() [collision_trimesh_trimesh.cpp:224]
  ↑ 같은 줄 9999번 더
[schedule_visualizer_node-4] [INFO] [1786351545.598374064] [schedule_data_node]: Requesting new schedule update because update timed out
[schedule_visualizer_node-4] [INFO] [1786351545.598415215] [schedule_data_node]: [rmf_traffic_ros2::MirrorManager::request_update] Requesting changes for query ID [1] since beginning of recorded history
[gazebo-1] ODE Message 2: Trimesh-trimesh contach hash table bucket overflow - close contacts might not be culled in AddContactToNode() [collision_trimesh_trimesh.cpp:224]
  ↑ 같은 줄 4번 더
[rmf_traffic_schedule-1] [INFO] [1786351545.608099618] [rmf_traffic_schedule_primary]: [ScheduleNode::update_mirrors] Sending remedial update starting from the beginning going to 19 for query 1
[gazebo-1] ODE Message 2: Trimesh-trimesh contach hash table bucket overflow - close contacts might not be culled in AddContactToNode() [collision_trimesh_trimesh.cpp:224]
  ↑ 같은 줄 9999번 더
[schedule_visualizer_node-4] [INFO] [1786351565.608401785] [schedule_data_node]: Requesting new schedule update because update timed out
[schedule_visualizer_node-4] [INFO] [1786351565.608447340] [schedule_data_node]: [rmf_traffic_ros2::MirrorManager::request_update] Requesting changes for query ID [1] since version [19]
[gazebo-1] ODE Message 2: Trimesh-trimesh contach hash table bucket overflow - close contacts might not be culled in AddContactToNode() [collision_trimesh_trimesh.cpp:224]
  ↑ 같은 줄 9999번 더
[schedule_visualizer_node-4] [INFO] [1786351585.608384920] [schedule_data_node]: Requesting new schedule update because update timed out
[schedule_visualizer_node-4] [INFO] [1786351585.608419136] [schedule_data_node]: [rmf_traffic_ros2::MirrorManager::request_update] Requesting changes for query ID [1] since beginning of recorded history
[gazebo-1] ODE Message 2: Trimesh-trimesh contach hash table bucket overflow - close contacts might not be culled in AddContactToNode() [collision_trimesh_trimesh.cpp:224]
  ↑ 같은 줄 4번 더
[rmf_traffic_schedule-1] [INFO] [1786351585.618105188] [rmf_traffic_schedule_primary]: [ScheduleNode::update_mirrors] Sending remedial update starting from the beginning going to 20 for query 1
[gazebo-1] ODE Message 2: Trimesh-trimesh contach hash table bucket overflow - close contacts might not be culled in AddContactToNode() [collision_trimesh_trimesh.cpp:224]
  ↑ 같은 줄 9999번 더
[schedule_visualizer_node-4] [INFO] [1786351605.618373591] [schedule_data_node]: Requesting new schedule update because update timed out
[schedule_visualizer_node-4] [INFO] [1786351605.618415914] [schedule_data_node]: [rmf_traffic_ros2::MirrorManager::request_update] Requesting changes for query ID [1] since version [20]
[gazebo-1] ODE Message 2: Trimesh-trimesh contach hash table bucket overflow - close contacts might not be culled in AddContactToNode() [collision_trimesh_trimesh.cpp:224]
  ↑ 같은 줄 9999번 더
[schedule_visualizer_node-4] [INFO] [1786351625.618381680] [schedule_data_node]: Requesting new schedule update because update timed out
[schedule_visualizer_node-4] [INFO] [1786351625.618427273] [schedule_data_node]: [rmf_traffic_ros2::MirrorManager::request_update] Requesting changes for query ID [1] since beginning of recorded history
[gazebo-1] ODE Message 2: Trimesh-trimesh contach hash table bucket overflow - close contacts might not be culled in AddContactToNode() [collision_trimesh_trimesh.cpp:224]
  ↑ 같은 줄 4번 더
[rmf_traffic_schedule-1] [INFO] [1786351625.628722784] [rmf_traffic_schedule_primary]: [ScheduleNode::update_mirrors] Sending remedial update starting from the beginning going to 21 for query 1
[gazebo-1] ODE Message 2: Trimesh-trimesh contach hash table bucket overflow - close contacts might not be culled in AddContactToNode() [collision_trimesh_trimesh.cpp:224]
  ↑ 같은 줄 9999번 더
[schedule_visualizer_node-4] [INFO] [1786351645.628985221] [schedule_data_node]: Requesting new schedule update because update timed out
[gazebo-1] ODE Message 2: Trimesh-trimesh contach hash table bucket overflow - close contacts might not be culled in AddContactToNode() [collision_trimesh_trimesh.cpp:224]
  ↑ 같은 줄 1번 더
[schedule_visualizer_node-4] [INFO] [1786351645.629056356] [schedule_data_node]: [rmf_traffic_ros2::MirrorManager::request_update] Requesting changes for query ID [1] since version [21]
[gazebo-1] ODE Message 2: Trimesh-trimesh contach hash table bucket overflow - close contacts might not be culled in AddContactToNode() [collision_trimesh_trimesh.cpp:224]
  ↑ 같은 줄 10002번 더
[schedule_visualizer_node-4] [INFO] [1786351665.628924398] [schedule_data_node]: Requesting new schedule update because update timed out
[schedule_visualizer_node-4] [INFO] [1786351665.628958361] [schedule_data_node]: [rmf_traffic_ros2::MirrorManager::request_update] Requesting changes for query ID [1] since beginning of recorded history
[rmf_traffic_schedule-1] [INFO] [1786351665.638146692] [rmf_traffic_schedule_primary]: [ScheduleNode::update_mirrors] Sending remedial update starting from the beginning going to 21 for query 1
[gazebo-1] ODE Message 2: Trimesh-trimesh contach hash table bucket overflow - close contacts might not be culled in AddContactToNode() [collision_trimesh_trimesh.cpp:224]
  ↑ 같은 줄 9999번 더
[schedule_visualizer_node-4] [INFO] [1786351685.638481485] [schedule_data_node]: Requesting new schedule update because update timed out
[schedule_visualizer_node-4] [INFO] [1786351685.638530660] [schedule_data_node]: [rmf_traffic_ros2::MirrorManager::request_update] Requesting changes for query ID [1] since version [21]
[gazebo-1] ODE Message 2: Trimesh-trimesh contach hash table bucket overflow - close contacts might not be culled in AddContactToNode() [collision_trimesh_trimesh.cpp:224]
  ↑ 같은 줄 9999번 더
[schedule_visualizer_node-4] [INFO] [1786351705.638403927] [schedule_data_node]: Requesting new schedule update because update timed out
[gazebo-1] ODE Message 2: Trimesh-trimesh contach hash table bucket overflow - close contacts might not be culled in AddContactToNode() [collision_trimesh_trimesh.cpp:224]
  ↑ 같은 줄 2번 더
[schedule_visualizer_node-4] [INFO] [1786351705.638442629] [schedule_data_node]: [rmf_traffic_ros2::MirrorManager::request_update] Requesting changes for query ID [1] since beginning of recorded history
[gazebo-1] ODE Message 2: Trimesh-trimesh contach hash table bucket overflow - close contacts might not be culled in AddContactToNode() [collision_trimesh_trimesh.cpp:224]
  ↑ 같은 줄 1번 더
[rmf_traffic_schedule-1] [INFO] [1786351705.648072675] [rmf_traffic_schedule_primary]: [ScheduleNode::update_mirrors] Sending remedial update starting from the beginning going to 22 for query 1
[gazebo-1] ODE Message 2: Trimesh-trimesh contach hash table bucket overflow - close contacts might not be culled in AddContactToNode() [collision_trimesh_trimesh.cpp:224]
  ↑ 같은 줄 9999번 더
[schedule_visualizer_node-4] [INFO] [1786351725.648340442] [schedule_data_node]: Requesting new schedule update because update timed out
[gazebo-1] ODE Message 2: Trimesh-trimesh contach hash table bucket overflow - close contacts might not be culled in AddContactToNode() [collision_trimesh_trimesh.cpp:224]
  ↑ 같은 줄 2번 더
[schedule_visualizer_node-4] [INFO] [1786351725.648381275] [schedule_data_node]: [rmf_traffic_ros2::MirrorManager::request_update] Requesting changes for query ID [1] since version [22]
[gazebo-1] ODE Message 2: Trimesh-trimesh contach hash table bucket overflow - close contacts might not be culled in AddContactToNode() [collision_trimesh_trimesh.cpp:224]
  ↑ 같은 줄 9996번 더
[schedule_visualizer_node-4] [INFO] [1786351745.648314986] [schedule_data_node]: Requesting new schedule update because update timed out
[schedule_visualizer_node-4] [INFO] [1786351745.648346247] [schedule_data_node]: [rmf_traffic_ros2::MirrorManager::request_update] Requesting changes for query ID [1] since beginning of recorded history
[gazebo-1] ODE Message 2: Trimesh-trimesh contach hash table bucket overflow - close contacts might not be culled in AddContactToNode() [collision_trimesh_trimesh.cpp:224]
  ↑ 같은 줄 4번 더
[rmf_traffic_schedule-1] [INFO] [1786351745.658064784] [rmf_traffic_schedule_primary]: [ScheduleNode::update_mirrors] Sending remedial update starting from the beginning going to 23 for query 1
[gazebo-1] ODE Message 2: Trimesh-trimesh contach hash table bucket overflow - close contacts might not be culled in AddContactToNode() [collision_trimesh_trimesh.cpp:224]
  ↑ 같은 줄 9999번 더
[schedule_visualizer_node-4] [INFO] [1786351765.658388372] [schedule_data_node]: Requesting new schedule update because update timed out
[gazebo-1] ODE Message 2: Trimesh-trimesh contach hash table bucket overflow - close contacts might not be culled in AddContactToNode() [collision_trimesh_trimesh.cpp:224]
[schedule_visualizer_node-4] [INFO] [1786351765.658432261] [schedule_data_node]: [rmf_traffic_ros2::MirrorManager::request_update] Requesting changes for query ID [1] since version [23]
[gazebo-1] ODE Message 2: Trimesh-trimesh contach hash table bucket overflow - close contacts might not be culled in AddContactToNode() [collision_trimesh_trimesh.cpp:224]
  ↑ 같은 줄 9998번 더
[schedule_visualizer_node-4] [INFO] [1786351785.658337278] [schedule_data_node]: Requesting new schedule update because update timed out
[schedule_visualizer_node-4] [INFO] [1786351785.658382038] [schedule_data_node]: [rmf_traffic_ros2::MirrorManager::request_update] Requesting changes for query ID [1] since beginning of recorded history
[gazebo-1] ODE Message 2: Trimesh-trimesh contach hash table bucket overflow - close contacts might not be culled in AddContactToNode() [collision_trimesh_trimesh.cpp:224]
  ↑ 같은 줄 4번 더
[rmf_traffic_schedule-1] [INFO] [1786351785.668203623] [rmf_traffic_schedule_primary]: [ScheduleNode::update_mirrors] Sending remedial update starting from the beginning going to 23 for query 1
[gazebo-1] ODE Message 2: Trimesh-trimesh contach hash table bucket overflow - close contacts might not be culled in AddContactToNode() [collision_trimesh_trimesh.cpp:224]
  ↑ 같은 줄 9999번 더
[schedule_visualizer_node-4] [INFO] [1786351805.668407626] [schedule_data_node]: Requesting new schedule update because update timed out
[schedule_visualizer_node-4] [INFO] [1786351805.668441194] [schedule_data_node]: [rmf_traffic_ros2::MirrorManager::request_update] Requesting changes for query ID [1] since version [23]
[gazebo-1] ODE Message 2: Trimesh-trimesh contach hash table bucket overflow - close contacts might not be culled in AddContactToNode() [collision_trimesh_trimesh.cpp:224]
  ↑ 같은 줄 9999번 더
[schedule_visualizer_node-4] [INFO] [1786351825.668485604] [schedule_data_node]: Requesting new schedule update because update timed out
[schedule_visualizer_node-4] [INFO] [1786351825.668522634] [schedule_data_node]: [rmf_traffic_ros2::MirrorManager::request_update] Requesting changes for query ID [1] since beginning of recorded history
[gazebo-1] ODE Message 2: Trimesh-trimesh contach hash table bucket overflow - close contacts might not be culled in AddContactToNode() [collision_trimesh_trimesh.cpp:224]
  ↑ 같은 줄 4번 더
[rmf_traffic_schedule-1] [INFO] [1786351825.678088899] [rmf_traffic_schedule_primary]: [ScheduleNode::update_mirrors] Sending remedial update starting from the beginning going to 24 for query 1
[gazebo-1] ODE Message 2: Trimesh-trimesh contach hash table bucket overflow - close contacts might not be culled in AddContactToNode() [collision_trimesh_trimesh.cpp:224]
  ↑ 같은 줄 9999번 더
[schedule_visualizer_node-4] [INFO] [1786351845.678305406] [schedule_data_node]: Requesting new schedule update because update timed out
[gazebo-1] ODE Message 2: Trimesh-trimesh contach hash table bucket overflow - close contacts might not be culled in AddContactToNode() [collision_trimesh_trimesh.cpp:224]
  ↑ 같은 줄 4번 더
[schedule_visualizer_node-4] [INFO] [1786351845.678334550] [schedule_data_node]: [rmf_traffic_ros2::MirrorManager::request_update] Requesting changes for query ID [1] since version [24]
[gazebo-1] ODE Message 2: Trimesh-trimesh contach hash table bucket overflow - close contacts might not be culled in AddContactToNode() [collision_trimesh_trimesh.cpp:224]
  ↑ 같은 줄 9994번 더
[schedule_visualizer_node-4] [INFO] [1786351865.678334732] [schedule_data_node]: Requesting new schedule update because update timed out
[schedule_visualizer_node-4] [INFO] [1786351865.678374323] [schedule_data_node]: [rmf_traffic_ros2::MirrorManager::request_update] Requesting changes for query ID [1] since beginning of recorded history
[gazebo-1] ODE Message 2: Trimesh-trimesh contach hash table bucket overflow - close contacts might not be culled in AddContactToNode() [collision_trimesh_trimesh.cpp:224]
  ↑ 같은 줄 54번 더
[rmf_traffic_schedule-1] [INFO] [1786351865.788071646] [rmf_traffic_schedule_primary]: [ScheduleNode::update_mirrors] Sending remedial update starting from the beginning going to 25 for query 1
[gazebo-1] ODE Message 2: Trimesh-trimesh contach hash table bucket overflow - close contacts might not be culled in AddContactToNode() [collision_trimesh_trimesh.cpp:224]
  ↑ 같은 줄 10004번 더
[schedule_visualizer_node-4] [INFO] [1786351885.792482292] [schedule_data_node]: Requesting new schedule update because update timed out
[schedule_visualizer_node-4] [INFO] [1786351885.792519558] [schedule_data_node]: [rmf_traffic_ros2::MirrorManager::request_update] Requesting changes for query ID [1] since version [25]
[gazebo-1] ODE Message 2: Trimesh-trimesh contach hash table bucket overflow - close contacts might not be culled in AddContactToNode() [collision_trimesh_trimesh.cpp:224]
  ↑ 같은 줄 9999번 더
[schedule_visualizer_node-4] [INFO] [1786351905.792488642] [schedule_data_node]: Requesting new schedule update because update timed out
[schedule_visualizer_node-4] [INFO] [1786351905.792530625] [schedule_data_node]: [rmf_traffic_ros2::MirrorManager::request_update] Requesting changes for query ID [1] since beginning of recorded history
[rmf_traffic_schedule-1] [INFO] [1786351905.798105620] [rmf_traffic_schedule_primary]: [ScheduleNode::update_mirrors] Sending remedial update starting from the beginning going to 25 for query 1
[gazebo-1] ODE Message 2: Trimesh-trimesh contach hash table bucket overflow - close contacts might not be culled in AddContactToNode() [collision_trimesh_trimesh.cpp:224]
  ↑ 같은 줄 10000번 더
[schedule_visualizer_node-4] [INFO] [1786351925.798518807] [schedule_data_node]: Requesting new schedule update because update timed out
[gazebo-1] ODE Message 2: Trimesh-trimesh contach hash table bucket overflow - close contacts might not be culled in AddContactToNode() [collision_trimesh_trimesh.cpp:224]
  ↑ 같은 줄 2번 더
[schedule_visualizer_node-4] [INFO] [1786351925.798561577] [schedule_data_node]: [rmf_traffic_ros2::MirrorManager::request_update] Requesting changes for query ID [1] since version [25]
[gazebo-1] ODE Message 2: Trimesh-trimesh contach hash table bucket overflow - close contacts might not be culled in AddContactToNode() [collision_trimesh_trimesh.cpp:224]
  ↑ 같은 줄 9995번 더
[schedule_visualizer_node-4] [INFO] [1786351945.798507564] [schedule_data_node]: Requesting new schedule update because update timed out
[schedule_visualizer_node-4] [INFO] [1786351945.798540863] [schedule_data_node]: [rmf_traffic_ros2::MirrorManager::request_update] Requesting changes for query ID [1] since beginning of recorded history
[gazebo-1] ODE Message 2: Trimesh-trimesh contach hash table bucket overflow - close contacts might not be culled in AddContactToNode() [collision_trimesh_trimesh.cpp:224]
  ↑ 같은 줄 4번 더
[rmf_traffic_schedule-1] [INFO] [1786351945.808110994] [rmf_traffic_schedule_primary]: [ScheduleNode::update_mirrors] Sending remedial update starting from the beginning going to 26 for query 1
[gazebo-1] ODE Message 2: Trimesh-trimesh contach hash table bucket overflow - close contacts might not be culled in AddContactToNode() [collision_trimesh_trimesh.cpp:224]
  ↑ 같은 줄 9999번 더
[schedule_visualizer_node-4] [INFO] [1786351965.808509575] [schedule_data_node]: Requesting new schedule update because update timed out
[schedule_visualizer_node-4] [INFO] [1786351965.808601831] [schedule_data_node]: [rmf_traffic_ros2::MirrorManager::request_update] Requesting changes for query ID [1] since version [26]
[gazebo-1] ODE Message 2: Trimesh-trimesh contach hash table bucket overflow - close contacts might not be culled in AddContactToNode() [collision_trimesh_trimesh.cpp:224]
  ↑ 같은 줄 9999번 더
[schedule_visualizer_node-4] [INFO] [1786351985.808413142] [schedule_data_node]: Requesting new schedule update because update timed out
[schedule_visualizer_node-4] [INFO] [1786351985.808445014] [schedule_data_node]: [rmf_traffic_ros2::MirrorManager::request_update] Requesting changes for query ID [1] since beginning of recorded history
[gazebo-1] ODE Message 2: Trimesh-trimesh contach hash table bucket overflow - close contacts might not be culled in AddContactToNode() [collision_trimesh_trimesh.cpp:224]
  ↑ 같은 줄 4번 더
[rmf_traffic_schedule-1] [INFO] [1786351985.818087700] [rmf_traffic_schedule_primary]: [ScheduleNode::update_mirrors] Sending remedial update starting from the beginning going to 27 for query 1
[gazebo-1] ODE Message 2: Trimesh-trimesh contach hash table bucket overflow - close contacts might not be culled in AddContactToNode() [collision_trimesh_trimesh.cpp:224]
  ↑ 같은 줄 9999번 더
[schedule_visualizer_node-4] [INFO] [1786352005.818314476] [schedule_data_node]: Requesting new schedule update because update timed out
[schedule_visualizer_node-4] [INFO] [1786352005.818372766] [schedule_data_node]: [rmf_traffic_ros2::MirrorManager::request_update] Requesting changes for query ID [1] since version [27]
[gazebo-1] ODE Message 2: Trimesh-trimesh contach hash table bucket overflow - close contacts might not be culled in AddContactToNode() [collision_trimesh_trimesh.cpp:224]
  ↑ 같은 줄 9999번 더
[schedule_visualizer_node-4] [INFO] [1786352025.818302585] [schedule_data_node]: Requesting new schedule update because update timed out
[schedule_visualizer_node-4] [INFO] [1786352025.818345328] [schedule_data_node]: [rmf_traffic_ros2::MirrorManager::request_update] Requesting changes for query ID [1] since beginning of recorded history
[gazebo-1] ODE Message 2: Trimesh-trimesh contach hash table bucket overflow - close contacts might not be culled in AddContactToNode() [collision_trimesh_trimesh.cpp:224]
  ↑ 같은 줄 4번 더
[rmf_traffic_schedule-1] [INFO] [1786352025.828090472] [rmf_traffic_schedule_primary]: [ScheduleNode::update_mirrors] Sending remedial update starting from the beginning going to 27 for query 1
[gazebo-1] ODE Message 2: Trimesh-trimesh contach hash table bucket overflow - close contacts might not be culled in AddContactToNode() [collision_trimesh_trimesh.cpp:224]
  ↑ 같은 줄 9999번 더
[schedule_visualizer_node-4] [INFO] [1786352045.828347158] [schedule_data_node]: Requesting new schedule update because update timed out
[schedule_visualizer_node-4] [INFO] [1786352045.828495316] [schedule_data_node]: [rmf_traffic_ros2::MirrorManager::request_update] Requesting changes for query ID [1] since version [27]
[gazebo-1] ODE Message 2: Trimesh-trimesh contach hash table bucket overflow - close contacts might not be culled in AddContactToNode() [collision_trimesh_trimesh.cpp:224]
  ↑ 같은 줄 9999번 더
[schedule_visualizer_node-4] [INFO] [1786352065.828370145] [schedule_data_node]: Requesting new schedule update because update timed out
[schedule_visualizer_node-4] [INFO] [1786352065.828424256] [schedule_data_node]: [rmf_traffic_ros2::MirrorManager::request_update] Requesting changes for query ID [1] since beginning of recorded history
[gazebo-1] ODE Message 2: Trimesh-trimesh contach hash table bucket overflow - close contacts might not be culled in AddContactToNode() [collision_trimesh_trimesh.cpp:224]
  ↑ 같은 줄 4번 더
[rmf_traffic_schedule-1] [INFO] [1786352065.838102342] [rmf_traffic_schedule_primary]: [ScheduleNode::update_mirrors] Sending remedial update starting from the beginning going to 28 for query 1
[gazebo-1] ODE Message 2: Trimesh-trimesh contach hash table bucket overflow - close contacts might not be culled in AddContactToNode() [collision_trimesh_trimesh.cpp:224]
  ↑ 같은 줄 9999번 더
[schedule_visualizer_node-4] [INFO] [1786352085.838477138] [schedule_data_node]: Requesting new schedule update because update timed out
[schedule_visualizer_node-4] [INFO] [1786352085.838518649] [schedule_data_node]: [rmf_traffic_ros2::MirrorManager::request_update] Requesting changes for query ID [1] since version [28]
[gazebo-1] ODE Message 2: Trimesh-trimesh contach hash table bucket overflow - close contacts might not be culled in AddContactToNode() [collision_trimesh_trimesh.cpp:224]
  ↑ 같은 줄 9999번 더
[schedule_visualizer_node-4] [INFO] [1786352105.838461890] [schedule_data_node]: Requesting new schedule update because update timed out
[gazebo-1] ODE Message 2: Trimesh-trimesh contach hash table bucket overflow - close contacts might not be culled in AddContactToNode() [collision_trimesh_trimesh.cpp:224]
  ↑ 같은 줄 1번 더
[schedule_visualizer_node-4] [INFO] [1786352105.838497612] [schedule_data_node]: [rmf_traffic_ros2::MirrorManager::request_update] Requesting changes for query ID [1] since beginning of recorded history
[gazebo-1] ODE Message 2: Trimesh-trimesh contach hash table bucket overflow - close contacts might not be culled in AddContactToNode() [collision_trimesh_trimesh.cpp:224]
  ↑ 같은 줄 2번 더
[rmf_traffic_schedule-1] [INFO] [1786352105.848177148] [rmf_traffic_schedule_primary]: [ScheduleNode::update_mirrors] Sending remedial update starting from the beginning going to 29 for query 1
[gazebo-1] ODE Message 2: Trimesh-trimesh contach hash table bucket overflow - close contacts might not be culled in AddContactToNode() [collision_trimesh_trimesh.cpp:224]
  ↑ 같은 줄 10000번 더
[schedule_visualizer_node-4] [INFO] [1786352125.848480674] [schedule_data_node]: Requesting new schedule update because update timed out
[gazebo-1] ODE Message 2: Trimesh-trimesh contach hash table bucket overflow - close contacts might not be culled in AddContactToNode() [collision_trimesh_trimesh.cpp:224]
  ↑ 같은 줄 3번 더
[schedule_visualizer_node-4] [INFO] [1786352125.848518091] [schedule_data_node]: [rmf_traffic_ros2::MirrorManager::request_update] Requesting changes for query ID [1] since version [29]
[gazebo-1] ODE Message 2: Trimesh-trimesh contach hash table bucket overflow - close contacts might not be culled in AddContactToNode() [collision_trimesh_trimesh.cpp:224]
  ↑ 같은 줄 9994번 더
[schedule_visualizer_node-4] [INFO] [1786352145.848466838] [schedule_data_node]: Requesting new schedule update because update timed out
[schedule_visualizer_node-4] [INFO] [1786352145.848496537] [schedule_data_node]: [rmf_traffic_ros2::MirrorManager::request_update] Requesting changes for query ID [1] since beginning of recorded history
[gazebo-1] ODE Message 2: Trimesh-trimesh contach hash table bucket overflow - close contacts might not be culled in AddContactToNode() [collision_trimesh_trimesh.cpp:224]
  ↑ 같은 줄 4번 더
[rmf_traffic_schedule-1] [INFO] [1786352145.858077905] [rmf_traffic_schedule_primary]: [ScheduleNode::update_mirrors] Sending remedial update starting from the beginning going to 29 for query 1
[gazebo-1] ODE Message 2: Trimesh-trimesh contach hash table bucket overflow - close contacts might not be culled in AddContactToNode() [collision_trimesh_trimesh.cpp:224]
  ↑ 같은 줄 9999번 더
[schedule_visualizer_node-4] [INFO] [1786352165.858335171] [schedule_data_node]: Requesting new schedule update because update timed out
[gazebo-1] ODE Message 2: Trimesh-trimesh contach hash table bucket overflow - close contacts might not be culled in AddContactToNode() [collision_trimesh_trimesh.cpp:224]
  ↑ 같은 줄 1번 더
[schedule_visualizer_node-4] [INFO] [1786352165.858376440] [schedule_data_node]: [rmf_traffic_ros2::MirrorManager::request_update] Requesting changes for query ID [1] since version [29]
[gazebo-1] ODE Message 2: Trimesh-trimesh contach hash table bucket overflow - close contacts might not be culled in AddContactToNode() [collision_trimesh_trimesh.cpp:224]
  ↑ 같은 줄 9997번 더
[schedule_visualizer_node-4] [INFO] [1786352185.858302831] [schedule_data_node]: Requesting new schedule update because update timed out
[schedule_visualizer_node-4] [INFO] [1786352185.858341735] [schedule_data_node]: [rmf_traffic_ros2::MirrorManager::request_update] Requesting changes for query ID [1] since beginning of recorded history
[gazebo-1] ODE Message 2: Trimesh-trimesh contach hash table bucket overflow - close contacts might not be culled in AddContactToNode() [collision_trimesh_trimesh.cpp:224]
  ↑ 같은 줄 4번 더
[rmf_traffic_schedule-1] [INFO] [1786352185.868115867] [rmf_traffic_schedule_primary]: [ScheduleNode::update_mirrors] Sending remedial update starting from the beginning going to 30 for query 1
[gazebo-1] ODE Message 2: Trimesh-trimesh contach hash table bucket overflow - close contacts might not be culled in AddContactToNode() [collision_trimesh_trimesh.cpp:224]
  ↑ 같은 줄 9999번 더
[schedule_visualizer_node-4] [INFO] [1786352205.868545264] [schedule_data_node]: Requesting new schedule update because update timed out
[schedule_visualizer_node-4] [INFO] [1786352205.868587873] [schedule_data_node]: [rmf_traffic_ros2::MirrorManager::request_update] Requesting changes for query ID [1] since version [30]
[gazebo-1] ODE Message 2: Trimesh-trimesh contach hash table bucket overflow - close contacts might not be culled in AddContactToNode() [collision_trimesh_trimesh.cpp:224]
  ↑ 같은 줄 10001번 더
[schedule_visualizer_node-4] [INFO] [1786352225.868524862] [schedule_data_node]: Requesting new schedule update because update timed out
[gazebo-1] ODE Message 2: Trimesh-trimesh contach hash table bucket overflow - close contacts might not be culled in AddContactToNode() [collision_trimesh_trimesh.cpp:224]
  ↑ 같은 줄 1번 더
[schedule_visualizer_node-4] [INFO] [1786352225.868557872] [schedule_data_node]: [rmf_traffic_ros2::MirrorManager::request_update] Requesting changes for query ID [1] since beginning of recorded history
[gazebo-1] ODE Message 2: Trimesh-trimesh contach hash table bucket overflow - close contacts might not be culled in AddContactToNode() [collision_trimesh_trimesh.cpp:224]
[rmf_traffic_schedule-1] [INFO] [1786352225.878067093] [rmf_traffic_schedule_primary]: [ScheduleNode::update_mirrors] Sending remedial update starting from the beginning going to 31 for query 1
[gazebo-1] ODE Message 2: Trimesh-trimesh contach hash table bucket overflow - close contacts might not be culled in AddContactToNode() [collision_trimesh_trimesh.cpp:224]
  ↑ 같은 줄 9999번 더
[schedule_visualizer_node-4] [INFO] [1786352245.878276783] [schedule_data_node]: Requesting new schedule update because update timed out
[schedule_visualizer_node-4] [INFO] [1786352245.878319529] [schedule_data_node]: [rmf_traffic_ros2::MirrorManager::request_update] Requesting changes for query ID [1] since version [31]
[gazebo-1] ODE Message 2: Trimesh-trimesh contach hash table bucket overflow - close contacts might not be culled in AddContactToNode() [collision_trimesh_trimesh.cpp:224]
  ↑ 같은 줄 9999번 더
[schedule_visualizer_node-4] [INFO] [1786352265.878419657] [schedule_data_node]: Requesting new schedule update because update timed out
[gazebo-1] ODE Message 2: Trimesh-trimesh contach hash table bucket overflow - close contacts might not be culled in AddContactToNode() [collision_trimesh_trimesh.cpp:224]
[schedule_visualizer_node-4] [INFO] [1786352265.878458321] [schedule_data_node]: [rmf_traffic_ros2::MirrorManager::request_update] Requesting changes for query ID [1] since beginning of recorded history
[gazebo-1] ODE Message 2: Trimesh-trimesh contach hash table bucket overflow - close contacts might not be culled in AddContactToNode() [collision_trimesh_trimesh.cpp:224]
  ↑ 같은 줄 3번 더
[rmf_traffic_schedule-1] [INFO] [1786352265.888092147] [rmf_traffic_schedule_primary]: [ScheduleNode::update_mirrors] Sending remedial update starting from the beginning going to 31 for query 1
[gazebo-1] ODE Message 2: Trimesh-trimesh contach hash table bucket overflow - close contacts might not be culled in AddContactToNode() [collision_trimesh_trimesh.cpp:224]
  ↑ 같은 줄 9999번 더
[schedule_visualizer_node-4] [INFO] [1786352285.888387803] [schedule_data_node]: Requesting new schedule update because update timed out
[schedule_visualizer_node-4] [INFO] [1786352285.888438036] [schedule_data_node]: [rmf_traffic_ros2::MirrorManager::request_update] Requesting changes for query ID [1] since version [31]
[gazebo-1] ODE Message 2: Trimesh-trimesh contach hash table bucket overflow - close contacts might not be culled in AddContactToNode() [collision_trimesh_trimesh.cpp:224]
  ↑ 같은 줄 9999번 더
[schedule_visualizer_node-4] [INFO] [1786352305.888358761] [schedule_data_node]: Requesting new schedule update because update timed out
[schedule_visualizer_node-4] [INFO] [1786352305.888396148] [schedule_data_node]: [rmf_traffic_ros2::MirrorManager::request_update] Requesting changes for query ID [1] since beginning of recorded history
[gazebo-1] ODE Message 2: Trimesh-trimesh contach hash table bucket overflow - close contacts might not be culled in AddContactToNode() [collision_trimesh_trimesh.cpp:224]
  ↑ 같은 줄 4번 더
[rmf_traffic_schedule-1] [INFO] [1786352305.898096519] [rmf_traffic_schedule_primary]: [ScheduleNode::update_mirrors] Sending remedial update starting from the beginning going to 32 for query 1
[gazebo-1] ODE Message 2: Trimesh-trimesh contach hash table bucket overflow - close contacts might not be culled in AddContactToNode() [collision_trimesh_trimesh.cpp:224]
  ↑ 같은 줄 9999번 더
[schedule_visualizer_node-4] [INFO] [1786352325.898453109] [schedule_data_node]: Requesting new schedule update because update timed out
[schedule_visualizer_node-4] [INFO] [1786352325.898492471] [schedule_data_node]: [rmf_traffic_ros2::MirrorManager::request_update] Requesting changes for query ID [1] since version [32]
[gazebo-1] ODE Message 2: Trimesh-trimesh contach hash table bucket overflow - close contacts might not be culled in AddContactToNode() [collision_trimesh_trimesh.cpp:224]
  ↑ 같은 줄 9999번 더
[schedule_visualizer_node-4] [INFO] [1786352345.898497226] [schedule_data_node]: Requesting new schedule update because update timed out
[schedule_visualizer_node-4] [INFO] [1786352345.898554373] [schedule_data_node]: [rmf_traffic_ros2::MirrorManager::request_update] Requesting changes for query ID [1] since beginning of recorded history
[gazebo-1] ODE Message 2: Trimesh-trimesh contach hash table bucket overflow - close contacts might not be culled in AddContactToNode() [collision_trimesh_trimesh.cpp:224]
  ↑ 같은 줄 4번 더
[rmf_traffic_schedule-1] [INFO] [1786352345.908089708] [rmf_traffic_schedule_primary]: [ScheduleNode::update_mirrors] Sending remedial update starting from the beginning going to 33 for query 1
[gazebo-1] ODE Message 2: Trimesh-trimesh contach hash table bucket overflow - close contacts might not be culled in AddContactToNode() [collision_trimesh_trimesh.cpp:224]
  ↑ 같은 줄 9999번 더
[schedule_visualizer_node-4] [INFO] [1786352365.908401313] [schedule_data_node]: Requesting new schedule update because update timed out
[gazebo-1] ODE Message 2: Trimesh-trimesh contach hash table bucket overflow - close contacts might not be culled in AddContactToNode() [collision_trimesh_trimesh.cpp:224]
[schedule_visualizer_node-4] [INFO] [1786352365.908443867] [schedule_data_node]: [rmf_traffic_ros2::MirrorManager::request_update] Requesting changes for query ID [1] since version [33]
[gazebo-1] ODE Message 2: Trimesh-trimesh contach hash table bucket overflow - close contacts might not be culled in AddContactToNode() [collision_trimesh_trimesh.cpp:224]
  ↑ 같은 줄 9998번 더
[schedule_visualizer_node-4] [INFO] [1786352385.908413128] [schedule_data_node]: Requesting new schedule update because update timed out
[schedule_visualizer_node-4] [INFO] [1786352385.908461462] [schedule_data_node]: [rmf_traffic_ros2::MirrorManager::request_update] Requesting changes for query ID [1] since beginning of recorded history
[gazebo-1] ODE Message 2: Trimesh-trimesh contach hash table bucket overflow - close contacts might not be culled in AddContactToNode() [collision_trimesh_trimesh.cpp:224]
  ↑ 같은 줄 4번 더
[rmf_traffic_schedule-1] [INFO] [1786352385.918145247] [rmf_traffic_schedule_primary]: [ScheduleNode::update_mirrors] Sending remedial update starting from the beginning going to 33 for query 1
[gazebo-1] ODE Message 2: Trimesh-trimesh contach hash table bucket overflow - close contacts might not be culled in AddContactToNode() [collision_trimesh_trimesh.cpp:224]
  ↑ 같은 줄 9999번 더
[schedule_visualizer_node-4] [INFO] [1786352405.919120414] [schedule_data_node]: Requesting new schedule update because update timed out
[schedule_visualizer_node-4] [INFO] [1786352405.919186954] [schedule_data_node]: [rmf_traffic_ros2::MirrorManager::request_update] Requesting changes for query ID [1] since version [33]
[gazebo-1] ODE Message 2: Trimesh-trimesh contach hash table bucket overflow - close contacts might not be culled in AddContactToNode() [collision_trimesh_trimesh.cpp:224]
  ↑ 같은 줄 9994번 더
[schedule_visualizer_node-4] [INFO] [1786352425.918648535] [schedule_data_node]: Requesting new schedule update because update timed out
[schedule_visualizer_node-4] [INFO] [1786352425.918703137] [schedule_data_node]: [rmf_traffic_ros2::MirrorManager::request_update] Requesting changes for query ID [1] since beginning of recorded history
[gazebo-1] ODE Message 2: Trimesh-trimesh contach hash table bucket overflow - close contacts might not be culled in AddContactToNode() [collision_trimesh_trimesh.cpp:224]
  ↑ 같은 줄 4번 더
[rmf_traffic_schedule-1] [INFO] [1786352425.928099945] [rmf_traffic_schedule_primary]: [ScheduleNode::update_mirrors] Sending remedial update starting from the beginning going to 34 for query 1
[gazebo-1] ODE Message 2: Trimesh-trimesh contach hash table bucket overflow - close contacts might not be culled in AddContactToNode() [collision_trimesh_trimesh.cpp:224]
  ↑ 같은 줄 9999번 더
[schedule_visualizer_node-4] [INFO] [1786352445.928363914] [schedule_data_node]: Requesting new schedule update because update timed out
[schedule_visualizer_node-4] [INFO] [1786352445.928393598] [schedule_data_node]: [rmf_traffic_ros2::MirrorManager::request_update] Requesting changes for query ID [1] since version [34]
[gazebo-1] ODE Message 2: Trimesh-trimesh contach hash table bucket overflow - close contacts might not be culled in AddContactToNode() [collision_trimesh_trimesh.cpp:224]
  ↑ 같은 줄 9999번 더
[schedule_visualizer_node-4] [INFO] [1786352465.928384727] [schedule_data_node]: Requesting new schedule update because update timed out
[schedule_visualizer_node-4] [INFO] [1786352465.928426787] [schedule_data_node]: [rmf_traffic_ros2::MirrorManager::request_update] Requesting changes for query ID [1] since beginning of recorded history
[gazebo-1] ODE Message 2: Trimesh-trimesh contach hash table bucket overflow - close contacts might not be culled in AddContactToNode() [collision_trimesh_trimesh.cpp:224]
  ↑ 같은 줄 4번 더
[rmf_traffic_schedule-1] [INFO] [1786352465.938072591] [rmf_traffic_schedule_primary]: [ScheduleNode::update_mirrors] Sending remedial update starting from the beginning going to 35 for query 1
[gazebo-1] ODE Message 2: Trimesh-trimesh contach hash table bucket overflow - close contacts might not be culled in AddContactToNode() [collision_trimesh_trimesh.cpp:224]
  ↑ 같은 줄 9999번 더
[schedule_visualizer_node-4] [INFO] [1786352485.938350815] [schedule_data_node]: Requesting new schedule update because update timed out
[schedule_visualizer_node-4] [INFO] [1786352485.938380412] [schedule_data_node]: [rmf_traffic_ros2::MirrorManager::request_update] Requesting changes for query ID [1] since version [35]
[gazebo-1] ODE Message 2: Trimesh-trimesh contach hash table bucket overflow - close contacts might not be culled in AddContactToNode() [collision_trimesh_trimesh.cpp:224]
  ↑ 같은 줄 9999번 더
[schedule_visualizer_node-4] [INFO] [1786352505.938528344] [schedule_data_node]: Requesting new schedule update because update timed out
[schedule_visualizer_node-4] [INFO] [1786352505.938570635] [schedule_data_node]: [rmf_traffic_ros2::MirrorManager::request_update] Requesting changes for query ID [1] since beginning of recorded history
[gazebo-1] ODE Message 2: Trimesh-trimesh contach hash table bucket overflow - close contacts might not be culled in AddContactToNode() [collision_trimesh_trimesh.cpp:224]
  ↑ 같은 줄 4번 더
[rmf_traffic_schedule-1] [INFO] [1786352505.948082671] [rmf_traffic_schedule_primary]: [ScheduleNode::update_mirrors] Sending remedial update starting from the beginning going to 35 for query 1
[gazebo-1] ODE Message 2: Trimesh-trimesh contach hash table bucket overflow - close contacts might not be culled in AddContactToNode() [collision_trimesh_trimesh.cpp:224]
  ↑ 같은 줄 9999번 더
[schedule_visualizer_node-4] [INFO] [1786352525.948338982] [schedule_data_node]: Requesting new schedule update because update timed out
[schedule_visualizer_node-4] [INFO] [1786352525.948380912] [schedule_data_node]: [rmf_traffic_ros2::MirrorManager::request_update] Requesting changes for query ID [1] since version [35]
[gazebo-1] ODE Message 2: Trimesh-trimesh contach hash table bucket overflow - close contacts might not be culled in AddContactToNode() [collision_trimesh_trimesh.cpp:224]
  ↑ 같은 줄 9999번 더
[schedule_visualizer_node-4] [INFO] [1786352545.948325244] [schedule_data_node]: Requesting new schedule update because update timed out
[schedule_visualizer_node-4] [INFO] [1786352545.948354390] [schedule_data_node]: [rmf_traffic_ros2::MirrorManager::request_update] Requesting changes for query ID [1] since beginning of recorded history
[gazebo-1] ODE Message 2: Trimesh-trimesh contach hash table bucket overflow - close contacts might not be culled in AddContactToNode() [collision_trimesh_trimesh.cpp:224]
  ↑ 같은 줄 4번 더
[rmf_traffic_schedule-1] [INFO] [1786352545.958145457] [rmf_traffic_schedule_primary]: [ScheduleNode::update_mirrors] Sending remedial update starting from the beginning going to 36 for query 1
[gazebo-1] ODE Message 2: Trimesh-trimesh contach hash table bucket overflow - close contacts might not be culled in AddContactToNode() [collision_trimesh_trimesh.cpp:224]
  ↑ 같은 줄 9999번 더
[schedule_visualizer_node-4] [INFO] [1786352565.958481937] [schedule_data_node]: Requesting new schedule update because update timed out
[schedule_visualizer_node-4] [INFO] [1786352565.958518348] [schedule_data_node]: [rmf_traffic_ros2::MirrorManager::request_update] Requesting changes for query ID [1] since version [36]
[gazebo-1] ODE Message 2: Trimesh-trimesh contach hash table bucket overflow - close contacts might not be culled in AddContactToNode() [collision_trimesh_trimesh.cpp:224]
  ↑ 같은 줄 9999번 더
[schedule_visualizer_node-4] [INFO] [1786352585.958540288] [schedule_data_node]: Requesting new schedule update because update timed out
[schedule_visualizer_node-4] [INFO] [1786352585.958582923] [schedule_data_node]: [rmf_traffic_ros2::MirrorManager::request_update] Requesting changes for query ID [1] since beginning of recorded history
[gazebo-1] ODE Message 2: Trimesh-trimesh contach hash table bucket overflow - close contacts might not be culled in AddContactToNode() [collision_trimesh_trimesh.cpp:224]
  ↑ 같은 줄 4번 더
[rmf_traffic_schedule-1] [INFO] [1786352585.968127704] [rmf_traffic_schedule_primary]: [ScheduleNode::update_mirrors] Sending remedial update starting from the beginning going to 37 for query 1
[gazebo-1] ODE Message 2: Trimesh-trimesh contach hash table bucket overflow - close contacts might not be culled in AddContactToNode() [collision_trimesh_trimesh.cpp:224]
  ↑ 같은 줄 9999번 더
[schedule_visualizer_node-4] [INFO] [1786352605.968357736] [schedule_data_node]: Requesting new schedule update because update timed out
[schedule_visualizer_node-4] [INFO] [1786352605.968399928] [schedule_data_node]: [rmf_traffic_ros2::MirrorManager::request_update] Requesting changes for query ID [1] since version [37]
[gazebo-1] ODE Message 2: Trimesh-trimesh contach hash table bucket overflow - close contacts might not be culled in AddContactToNode() [collision_trimesh_trimesh.cpp:224]
  ↑ 같은 줄 9999번 더
[schedule_visualizer_node-4] [INFO] [1786352625.968354418] [schedule_data_node]: Requesting new schedule update because update timed out
[schedule_visualizer_node-4] [INFO] [1786352625.968391674] [schedule_data_node]: [rmf_traffic_ros2::MirrorManager::request_update] Requesting changes for query ID [1] since beginning of recorded history
[gazebo-1] ODE Message 2: Trimesh-trimesh contach hash table bucket overflow - close contacts might not be culled in AddContactToNode() [collision_trimesh_trimesh.cpp:224]
  ↑ 같은 줄 4번 더
[rmf_traffic_schedule-1] [INFO] [1786352625.978093948] [rmf_traffic_schedule_primary]: [ScheduleNode::update_mirrors] Sending remedial update starting from the beginning going to 37 for query 1
[gazebo-1] ODE Message 2: Trimesh-trimesh contach hash table bucket overflow - close contacts might not be culled in AddContactToNode() [collision_trimesh_trimesh.cpp:224]
  ↑ 같은 줄 9999번 더
[schedule_visualizer_node-4] [INFO] [1786352645.978370879] [schedule_data_node]: Requesting new schedule update because update timed out
[schedule_visualizer_node-4] [INFO] [1786352645.978412689] [schedule_data_node]: [rmf_traffic_ros2::MirrorManager::request_update] Requesting changes for query ID [1] since version [37]
[gazebo-1] ODE Message 2: Trimesh-trimesh contach hash table bucket overflow - close contacts might not be culled in AddContactToNode() [collision_trimesh_trimesh.cpp:224]
  ↑ 같은 줄 9999번 더
[schedule_visualizer_node-4] [INFO] [1786352665.978380090] [schedule_data_node]: Requesting new schedule update because update timed out
[schedule_visualizer_node-4] [INFO] [1786352665.978422265] [schedule_data_node]: [rmf_traffic_ros2::MirrorManager::request_update] Requesting changes for query ID [1] since beginning of recorded history
[gazebo-1] ODE Message 2: Trimesh-trimesh contach hash table bucket overflow - close contacts might not be culled in AddContactToNode() [collision_trimesh_trimesh.cpp:224]
  ↑ 같은 줄 4번 더
[rmf_traffic_schedule-1] [INFO] [1786352665.988160758] [rmf_traffic_schedule_primary]: [ScheduleNode::update_mirrors] Sending remedial update starting from the beginning going to 38 for query 1
[gazebo-1] ODE Message 2: Trimesh-trimesh contach hash table bucket overflow - close contacts might not be culled in AddContactToNode() [collision_trimesh_trimesh.cpp:224]
  ↑ 같은 줄 9999번 더
[schedule_visualizer_node-4] [INFO] [1786352685.988387226] [schedule_data_node]: Requesting new schedule update because update timed out
[schedule_visualizer_node-4] [INFO] [1786352685.988429366] [schedule_data_node]: [rmf_traffic_ros2::MirrorManager::request_update] Requesting changes for query ID [1] since version [38]
[gazebo-1] ODE Message 2: Trimesh-trimesh contach hash table bucket overflow - close contacts might not be culled in AddContactToNode() [collision_trimesh_trimesh.cpp:224]
  ↑ 같은 줄 9999번 더
[schedule_visualizer_node-4] [INFO] [1786352705.988396199] [schedule_data_node]: Requesting new schedule update because update timed out
[schedule_visualizer_node-4] [INFO] [1786352705.988441529] [schedule_data_node]: [rmf_traffic_ros2::MirrorManager::request_update] Requesting changes for query ID [1] since beginning of recorded history
[gazebo-1] ODE Message 2: Trimesh-trimesh contach hash table bucket overflow - close contacts might not be culled in AddContactToNode() [collision_trimesh_trimesh.cpp:224]
  ↑ 같은 줄 4번 더
[rmf_traffic_schedule-1] [INFO] [1786352705.998215329] [rmf_traffic_schedule_primary]: [ScheduleNode::update_mirrors] Sending remedial update starting from the beginning going to 39 for query 1
[gazebo-1] ODE Message 2: Trimesh-trimesh contach hash table bucket overflow - close contacts might not be culled in AddContactToNode() [collision_trimesh_trimesh.cpp:224]
  ↑ 같은 줄 9999번 더
[schedule_visualizer_node-4] [INFO] [1786352725.998516415] [schedule_data_node]: Requesting new schedule update because update timed out
[schedule_visualizer_node-4] [INFO] [1786352725.998556893] [schedule_data_node]: [rmf_traffic_ros2::MirrorManager::request_update] Requesting changes for query ID [1] since version [39]
[gazebo-1] ODE Message 2: Trimesh-trimesh contach hash table bucket overflow - close contacts might not be culled in AddContactToNode() [collision_trimesh_trimesh.cpp:224]
  ↑ 같은 줄 9999번 더
[schedule_visualizer_node-4] [INFO] [1786352745.998469993] [schedule_data_node]: Requesting new schedule update because update timed out
[schedule_visualizer_node-4] [INFO] [1786352745.998498360] [schedule_data_node]: [rmf_traffic_ros2::MirrorManager::request_update] Requesting changes for query ID [1] since beginning of recorded history
[gazebo-1] ODE Message 2: Trimesh-trimesh contach hash table bucket overflow - close contacts might not be culled in AddContactToNode() [collision_trimesh_trimesh.cpp:224]
  ↑ 같은 줄 4번 더
[rmf_traffic_schedule-1] [INFO] [1786352746.008110907] [rmf_traffic_schedule_primary]: [ScheduleNode::update_mirrors] Sending remedial update starting from the beginning going to 39 for query 1
[gazebo-1] ODE Message 2: Trimesh-trimesh contach hash table bucket overflow - close contacts might not be culled in AddContactToNode() [collision_trimesh_trimesh.cpp:224]
  ↑ 같은 줄 9999번 더
[schedule_visualizer_node-4] [INFO] [1786352766.008393685] [schedule_data_node]: Requesting new schedule update because update timed out
[schedule_visualizer_node-4] [INFO] [1786352766.008433297] [schedule_data_node]: [rmf_traffic_ros2::MirrorManager::request_update] Requesting changes for query ID [1] since version [39]
[gazebo-1] ODE Message 2: Trimesh-trimesh contach hash table bucket overflow - close contacts might not be culled in AddContactToNode() [collision_trimesh_trimesh.cpp:224]
  ↑ 같은 줄 9999번 더
[schedule_visualizer_node-4] [INFO] [1786352786.008374345] [schedule_data_node]: Requesting new schedule update because update timed out
[schedule_visualizer_node-4] [INFO] [1786352786.008402647] [schedule_data_node]: [rmf_traffic_ros2::MirrorManager::request_update] Requesting changes for query ID [1] since beginning of recorded history
[gazebo-1] ODE Message 2: Trimesh-trimesh contach hash table bucket overflow - close contacts might not be culled in AddContactToNode() [collision_trimesh_trimesh.cpp:224]
  ↑ 같은 줄 4번 더
[rmf_traffic_schedule-1] [INFO] [1786352786.018083487] [rmf_traffic_schedule_primary]: [ScheduleNode::update_mirrors] Sending remedial update starting from the beginning going to 40 for query 1
[gazebo-1] ODE Message 2: Trimesh-trimesh contach hash table bucket overflow - close contacts might not be culled in AddContactToNode() [collision_trimesh_trimesh.cpp:224]
  ↑ 같은 줄 9999번 더
[schedule_visualizer_node-4] [INFO] [1786352806.018342192] [schedule_data_node]: Requesting new schedule update because update timed out
[schedule_visualizer_node-4] [INFO] [1786352806.018372105] [schedule_data_node]: [rmf_traffic_ros2::MirrorManager::request_update] Requesting changes for query ID [1] since version [40]
[gazebo-1] ODE Message 2: Trimesh-trimesh contach hash table bucket overflow - close contacts might not be culled in AddContactToNode() [collision_trimesh_trimesh.cpp:224]
  ↑ 같은 줄 9999번 더
[schedule_visualizer_node-4] [INFO] [1786352826.018363744] [schedule_data_node]: Requesting new schedule update because update timed out
[schedule_visualizer_node-4] [INFO] [1786352826.018401426] [schedule_data_node]: [rmf_traffic_ros2::MirrorManager::request_update] Requesting changes for query ID [1] since beginning of recorded history
[gazebo-1] ODE Message 2: Trimesh-trimesh contach hash table bucket overflow - close contacts might not be culled in AddContactToNode() [collision_trimesh_trimesh.cpp:224]
  ↑ 같은 줄 4번 더
[rmf_traffic_schedule-1] [INFO] [1786352826.028050399] [rmf_traffic_schedule_primary]: [ScheduleNode::update_mirrors] Sending remedial update starting from the beginning going to 41 for query 1
[gazebo-1] ODE Message 2: Trimesh-trimesh contach hash table bucket overflow - close contacts might not be culled in AddContactToNode() [collision_trimesh_trimesh.cpp:224]
  ↑ 같은 줄 9999번 더
[schedule_visualizer_node-4] [INFO] [1786352846.028307324] [schedule_data_node]: Requesting new schedule update because update timed out
[schedule_visualizer_node-4] [INFO] [1786352846.028348952] [schedule_data_node]: [rmf_traffic_ros2::MirrorManager::request_update] Requesting changes for query ID [1] since version [41]
[gazebo-1] ODE Message 2: Trimesh-trimesh contach hash table bucket overflow - close contacts might not be culled in AddContactToNode() [collision_trimesh_trimesh.cpp:224]
  ↑ 같은 줄 9999번 더
[schedule_visualizer_node-4] [INFO] [1786352866.028309771] [schedule_data_node]: Requesting new schedule update because update timed out
[schedule_visualizer_node-4] [INFO] [1786352866.028345948] [schedule_data_node]: [rmf_traffic_ros2::MirrorManager::request_update] Requesting changes for query ID [1] since beginning of recorded history
[gazebo-1] ODE Message 2: Trimesh-trimesh contach hash table bucket overflow - close contacts might not be culled in AddContactToNode() [collision_trimesh_trimesh.cpp:224]
  ↑ 같은 줄 4번 더
[rmf_traffic_schedule-1] [INFO] [1786352866.038232898] [rmf_traffic_schedule_primary]: [ScheduleNode::update_mirrors] Sending remedial update starting from the beginning going to 41 for query 1
[gazebo-1] ODE Message 2: Trimesh-trimesh contach hash table bucket overflow - close contacts might not be culled in AddContactToNode() [collision_trimesh_trimesh.cpp:224]
  ↑ 같은 줄 9999번 더
[schedule_visualizer_node-4] [INFO] [1786352886.038421966] [schedule_data_node]: Requesting new schedule update because update timed out
[schedule_visualizer_node-4] [INFO] [1786352886.038465038] [schedule_data_node]: [rmf_traffic_ros2::MirrorManager::request_update] Requesting changes for query ID [1] since version [41]
[gazebo-1] ODE Message 2: Trimesh-trimesh contach hash table bucket overflow - close contacts might not be culled in AddContactToNode() [collision_trimesh_trimesh.cpp:224]
  ↑ 같은 줄 9999번 더
[schedule_visualizer_node-4] [INFO] [1786352906.038398694] [schedule_data_node]: Requesting new schedule update because update timed out
[schedule_visualizer_node-4] [INFO] [1786352906.038429087] [schedule_data_node]: [rmf_traffic_ros2::MirrorManager::request_update] Requesting changes for query ID [1] since beginning of recorded history
[gazebo-1] ODE Message 2: Trimesh-trimesh contach hash table bucket overflow - close contacts might not be culled in AddContactToNode() [collision_trimesh_trimesh.cpp:224]
  ↑ 같은 줄 4번 더
[rmf_traffic_schedule-1] [INFO] [1786352906.048129524] [rmf_traffic_schedule_primary]: [ScheduleNode::update_mirrors] Sending remedial update starting from the beginning going to 42 for query 1
[gazebo-1] ODE Message 2: Trimesh-trimesh contach hash table bucket overflow - close contacts might not be culled in AddContactToNode() [collision_trimesh_trimesh.cpp:224]
  ↑ 같은 줄 9999번 더
[schedule_visualizer_node-4] [INFO] [1786352926.048337031] [schedule_data_node]: Requesting new schedule update because update timed out
[schedule_visualizer_node-4] [INFO] [1786352926.048370319] [schedule_data_node]: [rmf_traffic_ros2::MirrorManager::request_update] Requesting changes for query ID [1] since version [42]
[gazebo-1] ODE Message 2: Trimesh-trimesh contach hash table bucket overflow - close contacts might not be culled in AddContactToNode() [collision_trimesh_trimesh.cpp:224]
  ↑ 같은 줄 9999번 더
[schedule_visualizer_node-4] [INFO] [1786352946.048373507] [schedule_data_node]: Requesting new schedule update because update timed out
[schedule_visualizer_node-4] [INFO] [1786352946.048426035] [schedule_data_node]: [rmf_traffic_ros2::MirrorManager::request_update] Requesting changes for query ID [1] since beginning of recorded history
[gazebo-1] ODE Message 2: Trimesh-trimesh contach hash table bucket overflow - close contacts might not be culled in AddContactToNode() [collision_trimesh_trimesh.cpp:224]
  ↑ 같은 줄 4번 더
[rmf_traffic_schedule-1] [INFO] [1786352946.058112621] [rmf_traffic_schedule_primary]: [ScheduleNode::update_mirrors] Sending remedial update starting from the beginning going to 43 for query 1
[gazebo-1] ODE Message 2: Trimesh-trimesh contach hash table bucket overflow - close contacts might not be culled in AddContactToNode() [collision_trimesh_trimesh.cpp:224]
  ↑ 같은 줄 9999번 더
[schedule_visualizer_node-4] [INFO] [1786352966.058387235] [schedule_data_node]: Requesting new schedule update because update timed out
[schedule_visualizer_node-4] [INFO] [1786352966.058428911] [schedule_data_node]: [rmf_traffic_ros2::MirrorManager::request_update] Requesting changes for query ID [1] since version [43]
[gazebo-1] ODE Message 2: Trimesh-trimesh contach hash table bucket overflow - close contacts might not be culled in AddContactToNode() [collision_trimesh_trimesh.cpp:224]
  ↑ 같은 줄 9999번 더
[schedule_visualizer_node-4] [INFO] [1786352986.058377585] [schedule_data_node]: Requesting new schedule update because update timed out
[schedule_visualizer_node-4] [INFO] [1786352986.058418954] [schedule_data_node]: [rmf_traffic_ros2::MirrorManager::request_update] Requesting changes for query ID [1] since beginning of recorded history
[gazebo-1] ODE Message 2: Trimesh-trimesh contach hash table bucket overflow - close contacts might not be culled in AddContactToNode() [collision_trimesh_trimesh.cpp:224]
  ↑ 같은 줄 4번 더
[rmf_traffic_schedule-1] [INFO] [1786352986.068119515] [rmf_traffic_schedule_primary]: [ScheduleNode::update_mirrors] Sending remedial update starting from the beginning going to 43 for query 1
[gazebo-1] ODE Message 2: Trimesh-trimesh contach hash table bucket overflow - close contacts might not be culled in AddContactToNode() [collision_trimesh_trimesh.cpp:224]
  ↑ 같은 줄 9999번 더
[schedule_visualizer_node-4] [INFO] [1786353006.068392743] [schedule_data_node]: Requesting new schedule update because update timed out
[schedule_visualizer_node-4] [INFO] [1786353006.068433277] [schedule_data_node]: [rmf_traffic_ros2::MirrorManager::request_update] Requesting changes for query ID [1] since version [43]
[gazebo-1] ODE Message 2: Trimesh-trimesh contach hash table bucket overflow - close contacts might not be culled in AddContactToNode() [collision_trimesh_trimesh.cpp:224]
  ↑ 같은 줄 9999번 더
[schedule_visualizer_node-4] [INFO] [1786353026.068385596] [schedule_data_node]: Requesting new schedule update because update timed out
[schedule_visualizer_node-4] [INFO] [1786353026.068435096] [schedule_data_node]: [rmf_traffic_ros2::MirrorManager::request_update] Requesting changes for query ID [1] since beginning of recorded history
[gazebo-1] ODE Message 2: Trimesh-trimesh contach hash table bucket overflow - close contacts might not be culled in AddContactToNode() [collision_trimesh_trimesh.cpp:224]
  ↑ 같은 줄 4번 더
[rmf_traffic_schedule-1] [INFO] [1786353026.078163930] [rmf_traffic_schedule_primary]: [ScheduleNode::update_mirrors] Sending remedial update starting from the beginning going to 44 for query 1
[gazebo-1] ODE Message 2: Trimesh-trimesh contach hash table bucket overflow - close contacts might not be culled in AddContactToNode() [collision_trimesh_trimesh.cpp:224]
  ↑ 같은 줄 9999번 더
[schedule_visualizer_node-4] [INFO] [1786353046.078495978] [schedule_data_node]: Requesting new schedule update because update timed out
[schedule_visualizer_node-4] [INFO] [1786353046.078558656] [schedule_data_node]: [rmf_traffic_ros2::MirrorManager::request_update] Requesting changes for query ID [1] since version [44]
[gazebo-1] ODE Message 2: Trimesh-trimesh contach hash table bucket overflow - close contacts might not be culled in AddContactToNode() [collision_trimesh_trimesh.cpp:224]
  ↑ 같은 줄 9999번 더
[schedule_visualizer_node-4] [INFO] [1786353066.078437144] [schedule_data_node]: Requesting new schedule update because update timed out
[schedule_visualizer_node-4] [INFO] [1786353066.078469106] [schedule_data_node]: [rmf_traffic_ros2::MirrorManager::request_update] Requesting changes for query ID [1] since beginning of recorded history
[gazebo-1] ODE Message 2: Trimesh-trimesh contach hash table bucket overflow - close contacts might not be culled in AddContactToNode() [collision_trimesh_trimesh.cpp:224]
  ↑ 같은 줄 4번 더
[rmf_traffic_schedule-1] [INFO] [1786353066.088076334] [rmf_traffic_schedule_primary]: [ScheduleNode::update_mirrors] Sending remedial update starting from the beginning going to 45 for query 1
[gazebo-1] ODE Message 2: Trimesh-trimesh contach hash table bucket overflow - close contacts might not be culled in AddContactToNode() [collision_trimesh_trimesh.cpp:224]
  ↑ 같은 줄 9999번 더
[schedule_visualizer_node-4] [INFO] [1786353086.088363023] [schedule_data_node]: Requesting new schedule update because update timed out
[schedule_visualizer_node-4] [INFO] [1786353086.088400121] [schedule_data_node]: [rmf_traffic_ros2::MirrorManager::request_update] Requesting changes for query ID [1] since version [45]
[gazebo-1] ODE Message 2: Trimesh-trimesh contach hash table bucket overflow - close contacts might not be culled in AddContactToNode() [collision_trimesh_trimesh.cpp:224]
  ↑ 같은 줄 9999번 더
[schedule_visualizer_node-4] [INFO] [1786353106.088372562] [schedule_data_node]: Requesting new schedule update because update timed out
[schedule_visualizer_node-4] [INFO] [1786353106.088420373] [schedule_data_node]: [rmf_traffic_ros2::MirrorManager::request_update] Requesting changes for query ID [1] since beginning of recorded history
[gazebo-1] ODE Message 2: Trimesh-trimesh contach hash table bucket overflow - close contacts might not be culled in AddContactToNode() [collision_trimesh_trimesh.cpp:224]
  ↑ 같은 줄 4번 더
[rmf_traffic_schedule-1] [INFO] [1786353106.098120404] [rmf_traffic_schedule_primary]: [ScheduleNode::update_mirrors] Sending remedial update starting from the beginning going to 45 for query 1
[gazebo-1] ODE Message 2: Trimesh-trimesh contach hash table bucket overflow - close contacts might not be culled in AddContactToNode() [collision_trimesh_trimesh.cpp:224]
  ↑ 같은 줄 9999번 더
[schedule_visualizer_node-4] [INFO] [1786353126.098344840] [schedule_data_node]: Requesting new schedule update because update timed out
[schedule_visualizer_node-4] [INFO] [1786353126.098382856] [schedule_data_node]: [rmf_traffic_ros2::MirrorManager::request_update] Requesting changes for query ID [1] since version [45]
[gazebo-1] ODE Message 2: Trimesh-trimesh contach hash table bucket overflow - close contacts might not be culled in AddContactToNode() [collision_trimesh_trimesh.cpp:224]
  ↑ 같은 줄 9999번 더
[schedule_visualizer_node-4] [INFO] [1786353146.098348325] [schedule_data_node]: Requesting new schedule update because update timed out
[schedule_visualizer_node-4] [INFO] [1786353146.098380125] [schedule_data_node]: [rmf_traffic_ros2::MirrorManager::request_update] Requesting changes for query ID [1] since beginning of recorded history
[gazebo-1] ODE Message 2: Trimesh-trimesh contach hash table bucket overflow - close contacts might not be culled in AddContactToNode() [collision_trimesh_trimesh.cpp:224]
  ↑ 같은 줄 4번 더
[rmf_traffic_schedule-1] [INFO] [1786353146.108098651] [rmf_traffic_schedule_primary]: [ScheduleNode::update_mirrors] Sending remedial update starting from the beginning going to 46 for query 1
[gazebo-1] ODE Message 2: Trimesh-trimesh contach hash table bucket overflow - close contacts might not be culled in AddContactToNode() [collision_trimesh_trimesh.cpp:224]
  ↑ 같은 줄 9999번 더
[schedule_visualizer_node-4] [INFO] [1786353166.108308777] [schedule_data_node]: Requesting new schedule update because update timed out
[schedule_visualizer_node-4] [INFO] [1786353166.108349305] [schedule_data_node]: [rmf_traffic_ros2::MirrorManager::request_update] Requesting changes for query ID [1] since version [46]
[gazebo-1] ODE Message 2: Trimesh-trimesh contach hash table bucket overflow - close contacts might not be culled in AddContactToNode() [collision_trimesh_trimesh.cpp:224]
  ↑ 같은 줄 9999번 더
[schedule_visualizer_node-4] [INFO] [1786353186.108295624] [schedule_data_node]: Requesting new schedule update because update timed out
[schedule_visualizer_node-4] [INFO] [1786353186.108329429] [schedule_data_node]: [rmf_traffic_ros2::MirrorManager::request_update] Requesting changes for query ID [1] since beginning of recorded history
[gazebo-1] ODE Message 2: Trimesh-trimesh contach hash table bucket overflow - close contacts might not be culled in AddContactToNode() [collision_trimesh_trimesh.cpp:224]
  ↑ 같은 줄 4번 더
[rmf_traffic_schedule-1] [INFO] [1786353186.118086433] [rmf_traffic_schedule_primary]: [ScheduleNode::update_mirrors] Sending remedial update starting from the beginning going to 47 for query 1
[gazebo-1] ODE Message 2: Trimesh-trimesh contach hash table bucket overflow - close contacts might not be culled in AddContactToNode() [collision_trimesh_trimesh.cpp:224]
  ↑ 같은 줄 9999번 더
[schedule_visualizer_node-4] [INFO] [1786353206.118283172] [schedule_data_node]: Requesting new schedule update because update timed out
[schedule_visualizer_node-4] [INFO] [1786353206.118321139] [schedule_data_node]: [rmf_traffic_ros2::MirrorManager::request_update] Requesting changes for query ID [1] since version [47]
[gazebo-1] ODE Message 2: Trimesh-trimesh contach hash table bucket overflow - close contacts might not be culled in AddContactToNode() [collision_trimesh_trimesh.cpp:224]
  ↑ 같은 줄 9999번 더
[schedule_visualizer_node-4] [INFO] [1786353226.118255280] [schedule_data_node]: Requesting new schedule update because update timed out
[schedule_visualizer_node-4] [INFO] [1786353226.118285855] [schedule_data_node]: [rmf_traffic_ros2::MirrorManager::request_update] Requesting changes for query ID [1] since beginning of recorded history
[gazebo-1] ODE Message 2: Trimesh-trimesh contach hash table bucket overflow - close contacts might not be culled in AddContactToNode() [collision_trimesh_trimesh.cpp:224]
  ↑ 같은 줄 4번 더
[rmf_traffic_schedule-1] [INFO] [1786353226.128037101] [rmf_traffic_schedule_primary]: [ScheduleNode::update_mirrors] Sending remedial update starting from the beginning going to 47 for query 1
[gazebo-1] ODE Message 2: Trimesh-trimesh contach hash table bucket overflow - close contacts might not be culled in AddContactToNode() [collision_trimesh_trimesh.cpp:224]
  ↑ 같은 줄 9999번 더
[schedule_visualizer_node-4] [INFO] [1786353246.128294779] [schedule_data_node]: Requesting new schedule update because update timed out
[schedule_visualizer_node-4] [INFO] [1786353246.128327398] [schedule_data_node]: [rmf_traffic_ros2::MirrorManager::request_update] Requesting changes for query ID [1] since version [47]
[gazebo-1] ODE Message 2: Trimesh-trimesh contach hash table bucket overflow - close contacts might not be culled in AddContactToNode() [collision_trimesh_trimesh.cpp:224]
  ↑ 같은 줄 9999번 더
[schedule_visualizer_node-4] [INFO] [1786353266.128323035] [schedule_data_node]: Requesting new schedule update because update timed out
[schedule_visualizer_node-4] [INFO] [1786353266.128375145] [schedule_data_node]: [rmf_traffic_ros2::MirrorManager::request_update] Requesting changes for query ID [1] since beginning of recorded history
[gazebo-1] ODE Message 2: Trimesh-trimesh contach hash table bucket overflow - close contacts might not be culled in AddContactToNode() [collision_trimesh_trimesh.cpp:224]
  ↑ 같은 줄 4번 더
[rmf_traffic_schedule-1] [INFO] [1786353266.138239923] [rmf_traffic_schedule_primary]: [ScheduleNode::update_mirrors] Sending remedial update starting from the beginning going to 48 for query 1
[gazebo-1] ODE Message 2: Trimesh-trimesh contach hash table bucket overflow - close contacts might not be culled in AddContactToNode() [collision_trimesh_trimesh.cpp:224]
  ↑ 같은 줄 9999번 더
[schedule_visualizer_node-4] [INFO] [1786353286.138495755] [schedule_data_node]: Requesting new schedule update because update timed out
[schedule_visualizer_node-4] [INFO] [1786353286.138557295] [schedule_data_node]: [rmf_traffic_ros2::MirrorManager::request_update] Requesting changes for query ID [1] since version [48]
[gazebo-1] ODE Message 2: Trimesh-trimesh contach hash table bucket overflow - close contacts might not be culled in AddContactToNode() [collision_trimesh_trimesh.cpp:224]
  ↑ 같은 줄 9999번 더
[schedule_visualizer_node-4] [INFO] [1786353306.138478984] [schedule_data_node]: Requesting new schedule update because update timed out
[schedule_visualizer_node-4] [INFO] [1786353306.138524267] [schedule_data_node]: [rmf_traffic_ros2::MirrorManager::request_update] Requesting changes for query ID [1] since beginning of recorded history
[gazebo-1] ODE Message 2: Trimesh-trimesh contach hash table bucket overflow - close contacts might not be culled in AddContactToNode() [collision_trimesh_trimesh.cpp:224]
  ↑ 같은 줄 4번 더
[rmf_traffic_schedule-1] [INFO] [1786353306.148094118] [rmf_traffic_schedule_primary]: [ScheduleNode::update_mirrors] Sending remedial update starting from the beginning going to 49 for query 1
[gazebo-1] ODE Message 2: Trimesh-trimesh contach hash table bucket overflow - close contacts might not be culled in AddContactToNode() [collision_trimesh_trimesh.cpp:224]
  ↑ 같은 줄 9999번 더
[schedule_visualizer_node-4] [INFO] [1786353326.148358673] [schedule_data_node]: Requesting new schedule update because update timed out
[schedule_visualizer_node-4] [INFO] [1786353326.148423398] [schedule_data_node]: [rmf_traffic_ros2::MirrorManager::request_update] Requesting changes for query ID [1] since version [49]
[gazebo-1] ODE Message 2: Trimesh-trimesh contach hash table bucket overflow - close contacts might not be culled in AddContactToNode() [collision_trimesh_trimesh.cpp:224]
  ↑ 같은 줄 9999번 더
[schedule_visualizer_node-4] [INFO] [1786353346.148366929] [schedule_data_node]: Requesting new schedule update because update timed out
[schedule_visualizer_node-4] [INFO] [1786353346.148410906] [schedule_data_node]: [rmf_traffic_ros2::MirrorManager::request_update] Requesting changes for query ID [1] since beginning of recorded history
[gazebo-1] ODE Message 2: Trimesh-trimesh contach hash table bucket overflow - close contacts might not be culled in AddContactToNode() [collision_trimesh_trimesh.cpp:224]
  ↑ 같은 줄 4번 더
[rmf_traffic_schedule-1] [INFO] [1786353346.158087048] [rmf_traffic_schedule_primary]: [ScheduleNode::update_mirrors] Sending remedial update starting from the beginning going to 49 for query 1
[gazebo-1] ODE Message 2: Trimesh-trimesh contach hash table bucket overflow - close contacts might not be culled in AddContactToNode() [collision_trimesh_trimesh.cpp:224]
  ↑ 같은 줄 9999번 더
[schedule_visualizer_node-4] [INFO] [1786353366.158600332] [schedule_data_node]: Requesting new schedule update because update timed out
[schedule_visualizer_node-4] [INFO] [1786353366.158645416] [schedule_data_node]: [rmf_traffic_ros2::MirrorManager::request_update] Requesting changes for query ID [1] since version [49]
[gazebo-1] ODE Message 2: Trimesh-trimesh contach hash table bucket overflow - close contacts might not be culled in AddContactToNode() [collision_trimesh_trimesh.cpp:224]
  ↑ 같은 줄 9999번 더
[schedule_visualizer_node-4] [INFO] [1786353386.158567543] [schedule_data_node]: Requesting new schedule update because update timed out
[schedule_visualizer_node-4] [INFO] [1786353386.158618760] [schedule_data_node]: [rmf_traffic_ros2::MirrorManager::request_update] Requesting changes for query ID [1] since beginning of recorded history
[gazebo-1] ODE Message 2: Trimesh-trimesh contach hash table bucket overflow - close contacts might not be culled in AddContactToNode() [collision_trimesh_trimesh.cpp:224]
  ↑ 같은 줄 4번 더
[rmf_traffic_schedule-1] [INFO] [1786353386.168195726] [rmf_traffic_schedule_primary]: [ScheduleNode::update_mirrors] Sending remedial update starting from the beginning going to 50 for query 1
[gazebo-1] ODE Message 2: Trimesh-trimesh contach hash table bucket overflow - close contacts might not be culled in AddContactToNode() [collision_trimesh_trimesh.cpp:224]
  ↑ 같은 줄 9999번 더
[schedule_visualizer_node-4] [INFO] [1786353406.168506778] [schedule_data_node]: Requesting new schedule update because update timed out
[schedule_visualizer_node-4] [INFO] [1786353406.168560319] [schedule_data_node]: [rmf_traffic_ros2::MirrorManager::request_update] Requesting changes for query ID [1] since version [50]
[gazebo-1] ODE Message 2: Trimesh-trimesh contach hash table bucket overflow - close contacts might not be culled in AddContactToNode() [collision_trimesh_trimesh.cpp:224]
  ↑ 같은 줄 9999번 더
[schedule_visualizer_node-4] [INFO] [1786353426.168511444] [schedule_data_node]: Requesting new schedule update because update timed out
[schedule_visualizer_node-4] [INFO] [1786353426.168560735] [schedule_data_node]: [rmf_traffic_ros2::MirrorManager::request_update] Requesting changes for query ID [1] since beginning of recorded history
[gazebo-1] ODE Message 2: Trimesh-trimesh contach hash table bucket overflow - close contacts might not be culled in AddContactToNode() [collision_trimesh_trimesh.cpp:224]
  ↑ 같은 줄 4번 더
[rmf_traffic_schedule-1] [INFO] [1786353426.178115117] [rmf_traffic_schedule_primary]: [ScheduleNode::update_mirrors] Sending remedial update starting from the beginning going to 51 for query 1
[gazebo-1] ODE Message 2: Trimesh-trimesh contach hash table bucket overflow - close contacts might not be culled in AddContactToNode() [collision_trimesh_trimesh.cpp:224]
  ↑ 같은 줄 9999번 더
[schedule_visualizer_node-4] [INFO] [1786353446.178451365] [schedule_data_node]: Requesting new schedule update because update timed out
[schedule_visualizer_node-4] [INFO] [1786353446.178511146] [schedule_data_node]: [rmf_traffic_ros2::MirrorManager::request_update] Requesting changes for query ID [1] since version [51]
[gazebo-1] ODE Message 2: Trimesh-trimesh contach hash table bucket overflow - close contacts might not be culled in AddContactToNode() [collision_trimesh_trimesh.cpp:224]
  ↑ 같은 줄 9999번 더
[schedule_visualizer_node-4] [INFO] [1786353466.178459488] [schedule_data_node]: Requesting new schedule update because update timed out
[schedule_visualizer_node-4] [INFO] [1786353466.178526095] [schedule_data_node]: [rmf_traffic_ros2::MirrorManager::request_update] Requesting changes for query ID [1] since beginning of recorded history
[gazebo-1] ODE Message 2: Trimesh-trimesh contach hash table bucket overflow - close contacts might not be culled in AddContactToNode() [collision_trimesh_trimesh.cpp:224]
  ↑ 같은 줄 4번 더
[rmf_traffic_schedule-1] [INFO] [1786353466.188144310] [rmf_traffic_schedule_primary]: [ScheduleNode::update_mirrors] Sending remedial update starting from the beginning going to 51 for query 1
[gazebo-1] ODE Message 2: Trimesh-trimesh contach hash table bucket overflow - close contacts might not be culled in AddContactToNode() [collision_trimesh_trimesh.cpp:224]
  ↑ 같은 줄 9999번 더
[schedule_visualizer_node-4] [INFO] [1786353486.188437554] [schedule_data_node]: Requesting new schedule update because update timed out
[schedule_visualizer_node-4] [INFO] [1786353486.188490109] [schedule_data_node]: [rmf_traffic_ros2::MirrorManager::request_update] Requesting changes for query ID [1] since version [51]
[gazebo-1] ODE Message 2: Trimesh-trimesh contach hash table bucket overflow - close contacts might not be culled in AddContactToNode() [collision_trimesh_trimesh.cpp:224]
  ↑ 같은 줄 9999번 더
[schedule_visualizer_node-4] [INFO] [1786353506.188466887] [schedule_data_node]: Requesting new schedule update because update timed out
[schedule_visualizer_node-4] [INFO] [1786353506.188535365] [schedule_data_node]: [rmf_traffic_ros2::MirrorManager::request_update] Requesting changes for query ID [1] since beginning of recorded history
[gazebo-1] ODE Message 2: Trimesh-trimesh contach hash table bucket overflow - close contacts might not be culled in AddContactToNode() [collision_trimesh_trimesh.cpp:224]
  ↑ 같은 줄 4번 더
[rmf_traffic_schedule-1] [INFO] [1786353506.198122448] [rmf_traffic_schedule_primary]: [ScheduleNode::update_mirrors] Sending remedial update starting from the beginning going to 52 for query 1
[gazebo-1] ODE Message 2: Trimesh-trimesh contach hash table bucket overflow - close contacts might not be culled in AddContactToNode() [collision_trimesh_trimesh.cpp:224]
  ↑ 같은 줄 9999번 더
[schedule_visualizer_node-4] [INFO] [1786353526.198403065] [schedule_data_node]: Requesting new schedule update because update timed out
[schedule_visualizer_node-4] [INFO] [1786353526.198453915] [schedule_data_node]: [rmf_traffic_ros2::MirrorManager::request_update] Requesting changes for query ID [1] since version [52]
[gazebo-1] ODE Message 2: Trimesh-trimesh contach hash table bucket overflow - close contacts might not be culled in AddContactToNode() [collision_trimesh_trimesh.cpp:224]
  ↑ 같은 줄 9999번 더
[schedule_visualizer_node-4] [INFO] [1786353546.198409922] [schedule_data_node]: Requesting new schedule update because update timed out
[schedule_visualizer_node-4] [INFO] [1786353546.198467005] [schedule_data_node]: [rmf_traffic_ros2::MirrorManager::request_update] Requesting changes for query ID [1] since beginning of recorded history
[gazebo-1] ODE Message 2: Trimesh-trimesh contach hash table bucket overflow - close contacts might not be culled in AddContactToNode() [collision_trimesh_trimesh.cpp:224]
  ↑ 같은 줄 4번 더
[rmf_traffic_schedule-1] [INFO] [1786353546.208136397] [rmf_traffic_schedule_primary]: [ScheduleNode::update_mirrors] Sending remedial update starting from the beginning going to 53 for query 1
[gazebo-1] ODE Message 2: Trimesh-trimesh contach hash table bucket overflow - close contacts might not be culled in AddContactToNode() [collision_trimesh_trimesh.cpp:224]
  ↑ 같은 줄 9999번 더
[schedule_visualizer_node-4] [INFO] [1786353566.208438911] [schedule_data_node]: Requesting new schedule update because update timed out
[schedule_visualizer_node-4] [INFO] [1786353566.208493727] [schedule_data_node]: [rmf_traffic_ros2::MirrorManager::request_update] Requesting changes for query ID [1] since version [53]
[gazebo-1] ODE Message 2: Trimesh-trimesh contach hash table bucket overflow - close contacts might not be culled in AddContactToNode() [collision_trimesh_trimesh.cpp:224]
  ↑ 같은 줄 9999번 더
[schedule_visualizer_node-4] [INFO] [1786353586.208480788] [schedule_data_node]: Requesting new schedule update because update timed out
[schedule_visualizer_node-4] [INFO] [1786353586.208563646] [schedule_data_node]: [rmf_traffic_ros2::MirrorManager::request_update] Requesting changes for query ID [1] since beginning of recorded history
[gazebo-1] ODE Message 2: Trimesh-trimesh contach hash table bucket overflow - close contacts might not be culled in AddContactToNode() [collision_trimesh_trimesh.cpp:224]
  ↑ 같은 줄 4번 더
[rmf_traffic_schedule-1] [INFO] [1786353586.218156855] [rmf_traffic_schedule_primary]: [ScheduleNode::update_mirrors] Sending remedial update starting from the beginning going to 53 for query 1
[gazebo-1] ODE Message 2: Trimesh-trimesh contach hash table bucket overflow - close contacts might not be culled in AddContactToNode() [collision_trimesh_trimesh.cpp:224]
  ↑ 같은 줄 9999번 더
[schedule_visualizer_node-4] [INFO] [1786353606.218460655] [schedule_data_node]: Requesting new schedule update because update timed out
[schedule_visualizer_node-4] [INFO] [1786353606.218502853] [schedule_data_node]: [rmf_traffic_ros2::MirrorManager::request_update] Requesting changes for query ID [1] since version [53]
[gazebo-1] ODE Message 2: Trimesh-trimesh contach hash table bucket overflow - close contacts might not be culled in AddContactToNode() [collision_trimesh_trimesh.cpp:224]
  ↑ 같은 줄 9999번 더
[schedule_visualizer_node-4] [INFO] [1786353626.218426722] [schedule_data_node]: Requesting new schedule update because update timed out
[schedule_visualizer_node-4] [INFO] [1786353626.218475372] [schedule_data_node]: [rmf_traffic_ros2::MirrorManager::request_update] Requesting changes for query ID [1] since beginning of recorded history
[gazebo-1] ODE Message 2: Trimesh-trimesh contach hash table bucket overflow - close contacts might not be culled in AddContactToNode() [collision_trimesh_trimesh.cpp:224]
  ↑ 같은 줄 4번 더
[rmf_traffic_schedule-1] [INFO] [1786353626.228146798] [rmf_traffic_schedule_primary]: [ScheduleNode::update_mirrors] Sending remedial update starting from the beginning going to 54 for query 1
[gazebo-1] ODE Message 2: Trimesh-trimesh contach hash table bucket overflow - close contacts might not be culled in AddContactToNode() [collision_trimesh_trimesh.cpp:224]
  ↑ 같은 줄 9999번 더
[schedule_visualizer_node-4] [INFO] [1786353646.228473456] [schedule_data_node]: Requesting new schedule update because update timed out
[schedule_visualizer_node-4] [INFO] [1786353646.228533626] [schedule_data_node]: [rmf_traffic_ros2::MirrorManager::request_update] Requesting changes for query ID [1] since version [54]
[gazebo-1] ODE Message 2: Trimesh-trimesh contach hash table bucket overflow - close contacts might not be culled in AddContactToNode() [collision_trimesh_trimesh.cpp:224]
  ↑ 같은 줄 9999번 더
[schedule_visualizer_node-4] [INFO] [1786353666.228455892] [schedule_data_node]: Requesting new schedule update because update timed out
[schedule_visualizer_node-4] [INFO] [1786353666.228504722] [schedule_data_node]: [rmf_traffic_ros2::MirrorManager::request_update] Requesting changes for query ID [1] since beginning of recorded history
[gazebo-1] ODE Message 2: Trimesh-trimesh contach hash table bucket overflow - close contacts might not be culled in AddContactToNode() [collision_trimesh_trimesh.cpp:224]
  ↑ 같은 줄 4번 더
[rmf_traffic_schedule-1] [INFO] [1786353666.238087386] [rmf_traffic_schedule_primary]: [ScheduleNode::update_mirrors] Sending remedial update starting from the beginning going to 55 for query 1
[gazebo-1] ODE Message 2: Trimesh-trimesh contach hash table bucket overflow - close contacts might not be culled in AddContactToNode() [collision_trimesh_trimesh.cpp:224]
  ↑ 같은 줄 9999번 더
[schedule_visualizer_node-4] [INFO] [1786353686.238357071] [schedule_data_node]: Requesting new schedule update because update timed out
[schedule_visualizer_node-4] [INFO] [1786353686.238425491] [schedule_data_node]: [rmf_traffic_ros2::MirrorManager::request_update] Requesting changes for query ID [1] since version [55]
[gazebo-1] ODE Message 2: Trimesh-trimesh contach hash table bucket overflow - close contacts might not be culled in AddContactToNode() [collision_trimesh_trimesh.cpp:224]
  ↑ 같은 줄 9999번 더
[schedule_visualizer_node-4] [INFO] [1786353706.238338648] [schedule_data_node]: Requesting new schedule update because update timed out
[schedule_visualizer_node-4] [INFO] [1786353706.238379300] [schedule_data_node]: [rmf_traffic_ros2::MirrorManager::request_update] Requesting changes for query ID [1] since beginning of recorded history
[gazebo-1] ODE Message 2: Trimesh-trimesh contach hash table bucket overflow - close contacts might not be culled in AddContactToNode() [collision_trimesh_trimesh.cpp:224]
  ↑ 같은 줄 4번 더
[rmf_traffic_schedule-1] [INFO] [1786353706.248098900] [rmf_traffic_schedule_primary]: [ScheduleNode::update_mirrors] Sending remedial update starting from the beginning going to 55 for query 1
[gazebo-1] ODE Message 2: Trimesh-trimesh contach hash table bucket overflow - close contacts might not be culled in AddContactToNode() [collision_trimesh_trimesh.cpp:224]
  ↑ 같은 줄 9999번 더
[schedule_visualizer_node-4] [INFO] [1786353726.248502266] [schedule_data_node]: Requesting new schedule update because update timed out
[schedule_visualizer_node-4] [INFO] [1786353726.248558884] [schedule_data_node]: [rmf_traffic_ros2::MirrorManager::request_update] Requesting changes for query ID [1] since version [55]
[gazebo-1] ODE Message 2: Trimesh-trimesh contach hash table bucket overflow - close contacts might not be culled in AddContactToNode() [collision_trimesh_trimesh.cpp:224]
  ↑ 같은 줄 9999번 더
[schedule_visualizer_node-4] [INFO] [1786353746.248473056] [schedule_data_node]: Requesting new schedule update because update timed out
[schedule_visualizer_node-4] [INFO] [1786353746.248538391] [schedule_data_node]: [rmf_traffic_ros2::MirrorManager::request_update] Requesting changes for query ID [1] since beginning of recorded history
[gazebo-1] ODE Message 2: Trimesh-trimesh contach hash table bucket overflow - close contacts might not be culled in AddContactToNode() [collision_trimesh_trimesh.cpp:224]
  ↑ 같은 줄 4번 더
[rmf_traffic_schedule-1] [INFO] [1786353746.258116572] [rmf_traffic_schedule_primary]: [ScheduleNode::update_mirrors] Sending remedial update starting from the beginning going to 56 for query 1
[gazebo-1] ODE Message 2: Trimesh-trimesh contach hash table bucket overflow - close contacts might not be culled in AddContactToNode() [collision_trimesh_trimesh.cpp:224]
  ↑ 같은 줄 9999번 더
[schedule_visualizer_node-4] [INFO] [1786353766.258443476] [schedule_data_node]: Requesting new schedule update because update timed out
[schedule_visualizer_node-4] [INFO] [1786353766.258508520] [schedule_data_node]: [rmf_traffic_ros2::MirrorManager::request_update] Requesting changes for query ID [1] since version [56]
[gazebo-1] ODE Message 2: Trimesh-trimesh contach hash table bucket overflow - close contacts might not be culled in AddContactToNode() [collision_trimesh_trimesh.cpp:224]
  ↑ 같은 줄 9999번 더
[schedule_visualizer_node-4] [INFO] [1786353786.258447913] [schedule_data_node]: Requesting new schedule update because update timed out
[schedule_visualizer_node-4] [INFO] [1786353786.258502940] [schedule_data_node]: [rmf_traffic_ros2::MirrorManager::request_update] Requesting changes for query ID [1] since beginning of recorded history
[gazebo-1] ODE Message 2: Trimesh-trimesh contach hash table bucket overflow - close contacts might not be culled in AddContactToNode() [collision_trimesh_trimesh.cpp:224]
  ↑ 같은 줄 4번 더
[rmf_traffic_schedule-1] [INFO] [1786353786.268140110] [rmf_traffic_schedule_primary]: [ScheduleNode::update_mirrors] Sending remedial update starting from the beginning going to 57 for query 1
[gazebo-1] ODE Message 2: Trimesh-trimesh contach hash table bucket overflow - close contacts might not be culled in AddContactToNode() [collision_trimesh_trimesh.cpp:224]
  ↑ 같은 줄 9999번 더
[schedule_visualizer_node-4] [INFO] [1786353806.268458456] [schedule_data_node]: Requesting new schedule update because update timed out
[schedule_visualizer_node-4] [INFO] [1786353806.268534395] [schedule_data_node]: [rmf_traffic_ros2::MirrorManager::request_update] Requesting changes for query ID [1] since version [57]
[gazebo-1] ODE Message 2: Trimesh-trimesh contach hash table bucket overflow - close contacts might not be culled in AddContactToNode() [collision_trimesh_trimesh.cpp:224]
  ↑ 같은 줄 9999번 더
[schedule_visualizer_node-4] [INFO] [1786353826.268424612] [schedule_data_node]: Requesting new schedule update because update timed out
[schedule_visualizer_node-4] [INFO] [1786353826.268484577] [schedule_data_node]: [rmf_traffic_ros2::MirrorManager::request_update] Requesting changes for query ID [1] since beginning of recorded history
[gazebo-1] ODE Message 2: Trimesh-trimesh contach hash table bucket overflow - close contacts might not be culled in AddContactToNode() [collision_trimesh_trimesh.cpp:224]
  ↑ 같은 줄 4번 더
[rmf_traffic_schedule-1] [INFO] [1786353826.278102839] [rmf_traffic_schedule_primary]: [ScheduleNode::update_mirrors] Sending remedial update starting from the beginning going to 57 for query 1
[gazebo-1] ODE Message 2: Trimesh-trimesh contach hash table bucket overflow - close contacts might not be culled in AddContactToNode() [collision_trimesh_trimesh.cpp:224]
  ↑ 같은 줄 9999번 더
[schedule_visualizer_node-4] [INFO] [1786353846.278463936] [schedule_data_node]: Requesting new schedule update because update timed out
[schedule_visualizer_node-4] [INFO] [1786353846.278498917] [schedule_data_node]: [rmf_traffic_ros2::MirrorManager::request_update] Requesting changes for query ID [1] since version [57]
[gazebo-1] ODE Message 2: Trimesh-trimesh contach hash table bucket overflow - close contacts might not be culled in AddContactToNode() [collision_trimesh_trimesh.cpp:224]
  ↑ 같은 줄 9999번 더
[schedule_visualizer_node-4] [INFO] [1786353866.278408324] [schedule_data_node]: Requesting new schedule update because update timed out
[schedule_visualizer_node-4] [INFO] [1786353866.278464449] [schedule_data_node]: [rmf_traffic_ros2::MirrorManager::request_update] Requesting changes for query ID [1] since beginning of recorded history
[gazebo-1] ODE Message 2: Trimesh-trimesh contach hash table bucket overflow - close contacts might not be culled in AddContactToNode() [collision_trimesh_trimesh.cpp:224]
  ↑ 같은 줄 4번 더
[rmf_traffic_schedule-1] [INFO] [1786353866.288220465] [rmf_traffic_schedule_primary]: [ScheduleNode::update_mirrors] Sending remedial update starting from the beginning going to 58 for query 1
[gazebo-1] ODE Message 2: Trimesh-trimesh contach hash table bucket overflow - close contacts might not be culled in AddContactToNode() [collision_trimesh_trimesh.cpp:224]
  ↑ 같은 줄 9999번 더
[schedule_visualizer_node-4] [INFO] [1786353886.288479013] [schedule_data_node]: Requesting new schedule update because update timed out
[schedule_visualizer_node-4] [INFO] [1786353886.288532607] [schedule_data_node]: [rmf_traffic_ros2::MirrorManager::request_update] Requesting changes for query ID [1] since version [58]
[gazebo-1] ODE Message 2: Trimesh-trimesh contach hash table bucket overflow - close contacts might not be culled in AddContactToNode() [collision_trimesh_trimesh.cpp:224]
  ↑ 같은 줄 9999번 더
[schedule_visualizer_node-4] [INFO] [1786353906.288471247] [schedule_data_node]: Requesting new schedule update because update timed out
[schedule_visualizer_node-4] [INFO] [1786353906.288529112] [schedule_data_node]: [rmf_traffic_ros2::MirrorManager::request_update] Requesting changes for query ID [1] since beginning of recorded history
[gazebo-1] ODE Message 2: Trimesh-trimesh contach hash table bucket overflow - close contacts might not be culled in AddContactToNode() [collision_trimesh_trimesh.cpp:224]
  ↑ 같은 줄 4번 더
[rmf_traffic_schedule-1] [INFO] [1786353906.298138101] [rmf_traffic_schedule_primary]: [ScheduleNode::update_mirrors] Sending remedial update starting from the beginning going to 59 for query 1
[gazebo-1] ODE Message 2: Trimesh-trimesh contach hash table bucket overflow - close contacts might not be culled in AddContactToNode() [collision_trimesh_trimesh.cpp:224]
  ↑ 같은 줄 9999번 더
[schedule_visualizer_node-4] [INFO] [1786353926.298390720] [schedule_data_node]: Requesting new schedule update because update timed out
[schedule_visualizer_node-4] [INFO] [1786353926.298425173] [schedule_data_node]: [rmf_traffic_ros2::MirrorManager::request_update] Requesting changes for query ID [1] since version [59]
[gazebo-1] ODE Message 2: Trimesh-trimesh contach hash table bucket overflow - close contacts might not be culled in AddContactToNode() [collision_trimesh_trimesh.cpp:224]
  ↑ 같은 줄 9999번 더
[schedule_visualizer_node-4] [INFO] [1786353946.298394174] [schedule_data_node]: Requesting new schedule update because update timed out
[schedule_visualizer_node-4] [INFO] [1786353946.298435773] [schedule_data_node]: [rmf_traffic_ros2::MirrorManager::request_update] Requesting changes for query ID [1] since beginning of recorded history
[gazebo-1] ODE Message 2: Trimesh-trimesh contach hash table bucket overflow - close contacts might not be culled in AddContactToNode() [collision_trimesh_trimesh.cpp:224]
  ↑ 같은 줄 4번 더
[rmf_traffic_schedule-1] [INFO] [1786353946.308202431] [rmf_traffic_schedule_primary]: [ScheduleNode::update_mirrors] Sending remedial update starting from the beginning going to 59 for query 1
[gazebo-1] ODE Message 2: Trimesh-trimesh contach hash table bucket overflow - close contacts might not be culled in AddContactToNode() [collision_trimesh_trimesh.cpp:224]
  ↑ 같은 줄 9999번 더
[schedule_visualizer_node-4] [INFO] [1786353966.308426080] [schedule_data_node]: Requesting new schedule update because update timed out
[schedule_visualizer_node-4] [INFO] [1786353966.308466107] [schedule_data_node]: [rmf_traffic_ros2::MirrorManager::request_update] Requesting changes for query ID [1] since version [59]
[gazebo-1] ODE Message 2: Trimesh-trimesh contach hash table bucket overflow - close contacts might not be culled in AddContactToNode() [collision_trimesh_trimesh.cpp:224]
  ↑ 같은 줄 9999번 더
[schedule_visualizer_node-4] [INFO] [1786353986.308416640] [schedule_data_node]: Requesting new schedule update because update timed out
[schedule_visualizer_node-4] [INFO] [1786353986.308450360] [schedule_data_node]: [rmf_traffic_ros2::MirrorManager::request_update] Requesting changes for query ID [1] since beginning of recorded history
[gazebo-1] ODE Message 2: Trimesh-trimesh contach hash table bucket overflow - close contacts might not be culled in AddContactToNode() [collision_trimesh_trimesh.cpp:224]
  ↑ 같은 줄 4번 더
[rmf_traffic_schedule-1] [INFO] [1786353986.318147220] [rmf_traffic_schedule_primary]: [ScheduleNode::update_mirrors] Sending remedial update starting from the beginning going to 60 for query 1
[gazebo-1] ODE Message 2: Trimesh-trimesh contach hash table bucket overflow - close contacts might not be culled in AddContactToNode() [collision_trimesh_trimesh.cpp:224]
  ↑ 같은 줄 9999번 더
[schedule_visualizer_node-4] [INFO] [1786354006.318381011] [schedule_data_node]: Requesting new schedule update because update timed out
[schedule_visualizer_node-4] [INFO] [1786354006.318436507] [schedule_data_node]: [rmf_traffic_ros2::MirrorManager::request_update] Requesting changes for query ID [1] since version [60]
[gazebo-1] ODE Message 2: Trimesh-trimesh contach hash table bucket overflow - close contacts might not be culled in AddContactToNode() [collision_trimesh_trimesh.cpp:224]
  ↑ 같은 줄 9999번 더
[schedule_visualizer_node-4] [INFO] [1786354026.318418440] [schedule_data_node]: Requesting new schedule update because update timed out
[schedule_visualizer_node-4] [INFO] [1786354026.318472860] [schedule_data_node]: [rmf_traffic_ros2::MirrorManager::request_update] Requesting changes for query ID [1] since beginning of recorded history
[gazebo-1] ODE Message 2: Trimesh-trimesh contach hash table bucket overflow - close contacts might not be culled in AddContactToNode() [collision_trimesh_trimesh.cpp:224]
  ↑ 같은 줄 4번 더
[rmf_traffic_schedule-1] [INFO] [1786354026.328133896] [rmf_traffic_schedule_primary]: [ScheduleNode::update_mirrors] Sending remedial update starting from the beginning going to 61 for query 1
[gazebo-1] ODE Message 2: Trimesh-trimesh contach hash table bucket overflow - close contacts might not be culled in AddContactToNode() [collision_trimesh_trimesh.cpp:224]
  ↑ 같은 줄 9999번 더
[schedule_visualizer_node-4] [INFO] [1786354046.328409799] [schedule_data_node]: Requesting new schedule update because update timed out
[schedule_visualizer_node-4] [INFO] [1786354046.328447981] [schedule_data_node]: [rmf_traffic_ros2::MirrorManager::request_update] Requesting changes for query ID [1] since version [61]
[gazebo-1] ODE Message 2: Trimesh-trimesh contach hash table bucket overflow - close contacts might not be culled in AddContactToNode() [collision_trimesh_trimesh.cpp:224]
  ↑ 같은 줄 9999번 더
[schedule_visualizer_node-4] [INFO] [1786354066.328424963] [schedule_data_node]: Requesting new schedule update because update timed out
[schedule_visualizer_node-4] [INFO] [1786354066.328461812] [schedule_data_node]: [rmf_traffic_ros2::MirrorManager::request_update] Requesting changes for query ID [1] since beginning of recorded history
[gazebo-1] ODE Message 2: Trimesh-trimesh contach hash table bucket overflow - close contacts might not be culled in AddContactToNode() [collision_trimesh_trimesh.cpp:224]
  ↑ 같은 줄 4번 더
[rmf_traffic_schedule-1] [INFO] [1786354066.338080856] [rmf_traffic_schedule_primary]: [ScheduleNode::update_mirrors] Sending remedial update starting from the beginning going to 61 for query 1
[gazebo-1] ODE Message 2: Trimesh-trimesh contach hash table bucket overflow - close contacts might not be culled in AddContactToNode() [collision_trimesh_trimesh.cpp:224]
  ↑ 같은 줄 9999번 더
[schedule_visualizer_node-4] [INFO] [1786354086.338393693] [schedule_data_node]: Requesting new schedule update because update timed out
[schedule_visualizer_node-4] [INFO] [1786354086.338423788] [schedule_data_node]: [rmf_traffic_ros2::MirrorManager::request_update] Requesting changes for query ID [1] since version [61]
[gazebo-1] ODE Message 2: Trimesh-trimesh contach hash table bucket overflow - close contacts might not be culled in AddContactToNode() [collision_trimesh_trimesh.cpp:224]
  ↑ 같은 줄 9999번 더
[schedule_visualizer_node-4] [INFO] [1786354106.338400133] [schedule_data_node]: Requesting new schedule update because update timed out
[schedule_visualizer_node-4] [INFO] [1786354106.338437388] [schedule_data_node]: [rmf_traffic_ros2::MirrorManager::request_update] Requesting changes for query ID [1] since beginning of recorded history
[gazebo-1] ODE Message 2: Trimesh-trimesh contach hash table bucket overflow - close contacts might not be culled in AddContactToNode() [collision_trimesh_trimesh.cpp:224]
  ↑ 같은 줄 4번 더
[rmf_traffic_schedule-1] [INFO] [1786354106.348117217] [rmf_traffic_schedule_primary]: [ScheduleNode::update_mirrors] Sending remedial update starting from the beginning going to 62 for query 1
[gazebo-1] ODE Message 2: Trimesh-trimesh contach hash table bucket overflow - close contacts might not be culled in AddContactToNode() [collision_trimesh_trimesh.cpp:224]
  ↑ 같은 줄 9999번 더
[schedule_visualizer_node-4] [INFO] [1786354126.348342373] [schedule_data_node]: Requesting new schedule update because update timed out
[schedule_visualizer_node-4] [INFO] [1786354126.348381899] [schedule_data_node]: [rmf_traffic_ros2::MirrorManager::request_update] Requesting changes for query ID [1] since version [62]
[gazebo-1] ODE Message 2: Trimesh-trimesh contach hash table bucket overflow - close contacts might not be culled in AddContactToNode() [collision_trimesh_trimesh.cpp:224]
  ↑ 같은 줄 9999번 더
[schedule_visualizer_node-4] [INFO] [1786354146.348352080] [schedule_data_node]: Requesting new schedule update because update timed out
[schedule_visualizer_node-4] [INFO] [1786354146.348402960] [schedule_data_node]: [rmf_traffic_ros2::MirrorManager::request_update] Requesting changes for query ID [1] since beginning of recorded history
[gazebo-1] ODE Message 2: Trimesh-trimesh contach hash table bucket overflow - close contacts might not be culled in AddContactToNode() [collision_trimesh_trimesh.cpp:224]
  ↑ 같은 줄 4번 더
[rmf_traffic_schedule-1] [INFO] [1786354146.358098215] [rmf_traffic_schedule_primary]: [ScheduleNode::update_mirrors] Sending remedial update starting from the beginning going to 63 for query 1
[gazebo-1] ODE Message 2: Trimesh-trimesh contach hash table bucket overflow - close contacts might not be culled in AddContactToNode() [collision_trimesh_trimesh.cpp:224]
  ↑ 같은 줄 9999번 더
[schedule_visualizer_node-4] [INFO] [1786354166.358380106] [schedule_data_node]: Requesting new schedule update because update timed out
[schedule_visualizer_node-4] [INFO] [1786354166.358433056] [schedule_data_node]: [rmf_traffic_ros2::MirrorManager::request_update] Requesting changes for query ID [1] since version [63]
[gazebo-1] ODE Message 2: Trimesh-trimesh contach hash table bucket overflow - close contacts might not be culled in AddContactToNode() [collision_trimesh_trimesh.cpp:224]
  ↑ 같은 줄 9999번 더
[schedule_visualizer_node-4] [INFO] [1786354186.358376800] [schedule_data_node]: Requesting new schedule update because update timed out
[schedule_visualizer_node-4] [INFO] [1786354186.358430116] [schedule_data_node]: [rmf_traffic_ros2::MirrorManager::request_update] Requesting changes for query ID [1] since beginning of recorded history
[gazebo-1] ODE Message 2: Trimesh-trimesh contach hash table bucket overflow - close contacts might not be culled in AddContactToNode() [collision_trimesh_trimesh.cpp:224]
  ↑ 같은 줄 4번 더
[rmf_traffic_schedule-1] [INFO] [1786354186.368128339] [rmf_traffic_schedule_primary]: [ScheduleNode::update_mirrors] Sending remedial update starting from the beginning going to 63 for query 1
[gazebo-1] ODE Message 2: Trimesh-trimesh contach hash table bucket overflow - close contacts might not be culled in AddContactToNode() [collision_trimesh_trimesh.cpp:224]
  ↑ 같은 줄 9999번 더
[schedule_visualizer_node-4] [INFO] [1786354206.368426282] [schedule_data_node]: Requesting new schedule update because update timed out
[schedule_visualizer_node-4] [INFO] [1786354206.368495131] [schedule_data_node]: [rmf_traffic_ros2::MirrorManager::request_update] Requesting changes for query ID [1] since version [63]
[gazebo-1] ODE Message 2: Trimesh-trimesh contach hash table bucket overflow - close contacts might not be culled in AddContactToNode() [collision_trimesh_trimesh.cpp:224]
  ↑ 같은 줄 9999번 더
[schedule_visualizer_node-4] [INFO] [1786354226.368414349] [schedule_data_node]: Requesting new schedule update because update timed out
[schedule_visualizer_node-4] [INFO] [1786354226.368472500] [schedule_data_node]: [rmf_traffic_ros2::MirrorManager::request_update] Requesting changes for query ID [1] since beginning of recorded history
[gazebo-1] ODE Message 2: Trimesh-trimesh contach hash table bucket overflow - close contacts might not be culled in AddContactToNode() [collision_trimesh_trimesh.cpp:224]
  ↑ 같은 줄 4번 더
[rmf_traffic_schedule-1] [INFO] [1786354226.378099520] [rmf_traffic_schedule_primary]: [ScheduleNode::update_mirrors] Sending remedial update starting from the beginning going to 64 for query 1
[gazebo-1] ODE Message 2: Trimesh-trimesh contach hash table bucket overflow - close contacts might not be culled in AddContactToNode() [collision_trimesh_trimesh.cpp:224]
  ↑ 같은 줄 9999번 더
[schedule_visualizer_node-4] [INFO] [1786354246.378360787] [schedule_data_node]: Requesting new schedule update because update timed out
[schedule_visualizer_node-4] [INFO] [1786354246.378413845] [schedule_data_node]: [rmf_traffic_ros2::MirrorManager::request_update] Requesting changes for query ID [1] since version [64]
[gazebo-1] ODE Message 2: Trimesh-trimesh contach hash table bucket overflow - close contacts might not be culled in AddContactToNode() [collision_trimesh_trimesh.cpp:224]
  ↑ 같은 줄 9999번 더
[schedule_visualizer_node-4] [INFO] [1786354266.378358567] [schedule_data_node]: Requesting new schedule update because update timed out
[schedule_visualizer_node-4] [INFO] [1786354266.378413299] [schedule_data_node]: [rmf_traffic_ros2::MirrorManager::request_update] Requesting changes for query ID [1] since beginning of recorded history
[gazebo-1] ODE Message 2: Trimesh-trimesh contach hash table bucket overflow - close contacts might not be culled in AddContactToNode() [collision_trimesh_trimesh.cpp:224]
  ↑ 같은 줄 4번 더
[rmf_traffic_schedule-1] [INFO] [1786354266.388120311] [rmf_traffic_schedule_primary]: [ScheduleNode::update_mirrors] Sending remedial update starting from the beginning going to 65 for query 1
[gazebo-1] ODE Message 2: Trimesh-trimesh contach hash table bucket overflow - close contacts might not be culled in AddContactToNode() [collision_trimesh_trimesh.cpp:224]
  ↑ 같은 줄 9999번 더
[schedule_visualizer_node-4] [INFO] [1786354286.388475978] [schedule_data_node]: Requesting new schedule update because update timed out
[schedule_visualizer_node-4] [INFO] [1786354286.388559881] [schedule_data_node]: [rmf_traffic_ros2::MirrorManager::request_update] Requesting changes for query ID [1] since version [65]
[gazebo-1] ODE Message 2: Trimesh-trimesh contach hash table bucket overflow - close contacts might not be culled in AddContactToNode() [collision_trimesh_trimesh.cpp:224]
  ↑ 같은 줄 9999번 더
[schedule_visualizer_node-4] [INFO] [1786354306.388459161] [schedule_data_node]: Requesting new schedule update because update timed out
[schedule_visualizer_node-4] [INFO] [1786354306.388521311] [schedule_data_node]: [rmf_traffic_ros2::MirrorManager::request_update] Requesting changes for query ID [1] since beginning of recorded history
[gazebo-1] ODE Message 2: Trimesh-trimesh contach hash table bucket overflow - close contacts might not be culled in AddContactToNode() [collision_trimesh_trimesh.cpp:224]
  ↑ 같은 줄 4번 더
[rmf_traffic_schedule-1] [INFO] [1786354306.398120987] [rmf_traffic_schedule_primary]: [ScheduleNode::update_mirrors] Sending remedial update starting from the beginning going to 65 for query 1
[gazebo-1] ODE Message 2: Trimesh-trimesh contach hash table bucket overflow - close contacts might not be culled in AddContactToNode() [collision_trimesh_trimesh.cpp:224]
  ↑ 같은 줄 9999번 더
[schedule_visualizer_node-4] [INFO] [1786354326.398486963] [schedule_data_node]: Requesting new schedule update because update timed out
[schedule_visualizer_node-4] [INFO] [1786354326.398546060] [schedule_data_node]: [rmf_traffic_ros2::MirrorManager::request_update] Requesting changes for query ID [1] since version [65]
[gazebo-1] ODE Message 2: Trimesh-trimesh contach hash table bucket overflow - close contacts might not be culled in AddContactToNode() [collision_trimesh_trimesh.cpp:224]
  ↑ 같은 줄 9999번 더
[schedule_visualizer_node-4] [INFO] [1786354346.398452652] [schedule_data_node]: Requesting new schedule update because update timed out
[schedule_visualizer_node-4] [INFO] [1786354346.398495015] [schedule_data_node]: [rmf_traffic_ros2::MirrorManager::request_update] Requesting changes for query ID [1] since beginning of recorded history
[gazebo-1] ODE Message 2: Trimesh-trimesh contach hash table bucket overflow - close contacts might not be culled in AddContactToNode() [collision_trimesh_trimesh.cpp:224]
  ↑ 같은 줄 4번 더
[rmf_traffic_schedule-1] [INFO] [1786354346.408130169] [rmf_traffic_schedule_primary]: [ScheduleNode::update_mirrors] Sending remedial update starting from the beginning going to 66 for query 1
[gazebo-1] ODE Message 2: Trimesh-trimesh contach hash table bucket overflow - close contacts might not be culled in AddContactToNode() [collision_trimesh_trimesh.cpp:224]
  ↑ 같은 줄 9999번 더
[schedule_visualizer_node-4] [INFO] [1786354366.408427340] [schedule_data_node]: Requesting new schedule update because update timed out
[schedule_visualizer_node-4] [INFO] [1786354366.408476304] [schedule_data_node]: [rmf_traffic_ros2::MirrorManager::request_update] Requesting changes for query ID [1] since version [66]
[gazebo-1] ODE Message 2: Trimesh-trimesh contach hash table bucket overflow - close contacts might not be culled in AddContactToNode() [collision_trimesh_trimesh.cpp:224]
  ↑ 같은 줄 9999번 더
[schedule_visualizer_node-4] [INFO] [1786354386.408413539] [schedule_data_node]: Requesting new schedule update because update timed out
[schedule_visualizer_node-4] [INFO] [1786354386.408466245] [schedule_data_node]: [rmf_traffic_ros2::MirrorManager::request_update] Requesting changes for query ID [1] since beginning of recorded history
[gazebo-1] ODE Message 2: Trimesh-trimesh contach hash table bucket overflow - close contacts might not be culled in AddContactToNode() [collision_trimesh_trimesh.cpp:224]
  ↑ 같은 줄 4번 더
[rmf_traffic_schedule-1] [INFO] [1786354386.418160339] [rmf_traffic_schedule_primary]: [ScheduleNode::update_mirrors] Sending remedial update starting from the beginning going to 67 for query 1
[gazebo-1] ODE Message 2: Trimesh-trimesh contach hash table bucket overflow - close contacts might not be culled in AddContactToNode() [collision_trimesh_trimesh.cpp:224]
  ↑ 같은 줄 9999번 더
[schedule_visualizer_node-4] [INFO] [1786354406.418409718] [schedule_data_node]: Requesting new schedule update because update timed out
[schedule_visualizer_node-4] [INFO] [1786354406.418463968] [schedule_data_node]: [rmf_traffic_ros2::MirrorManager::request_update] Requesting changes for query ID [1] since version [67]
[gazebo-1] ODE Message 2: Trimesh-trimesh contach hash table bucket overflow - close contacts might not be culled in AddContactToNode() [collision_trimesh_trimesh.cpp:224]
  ↑ 같은 줄 9999번 더
[schedule_visualizer_node-4] [INFO] [1786354426.418399738] [schedule_data_node]: Requesting new schedule update because update timed out
[schedule_visualizer_node-4] [INFO] [1786354426.418448804] [schedule_data_node]: [rmf_traffic_ros2::MirrorManager::request_update] Requesting changes for query ID [1] since beginning of recorded history
[gazebo-1] ODE Message 2: Trimesh-trimesh contach hash table bucket overflow - close contacts might not be culled in AddContactToNode() [collision_trimesh_trimesh.cpp:224]
  ↑ 같은 줄 4번 더
[rmf_traffic_schedule-1] [INFO] [1786354426.428307466] [rmf_traffic_schedule_primary]: [ScheduleNode::update_mirrors] Sending remedial update starting from the beginning going to 67 for query 1
[gazebo-1] ODE Message 2: Trimesh-trimesh contach hash table bucket overflow - close contacts might not be culled in AddContactToNode() [collision_trimesh_trimesh.cpp:224]
  ↑ 같은 줄 9999번 더
[schedule_visualizer_node-4] [INFO] [1786354446.428856975] [schedule_data_node]: Requesting new schedule update because update timed out
[schedule_visualizer_node-4] [INFO] [1786354446.428916788] [schedule_data_node]: [rmf_traffic_ros2::MirrorManager::request_update] Requesting changes for query ID [1] since version [67]
[gazebo-1] ODE Message 2: Trimesh-trimesh contach hash table bucket overflow - close contacts might not be culled in AddContactToNode() [collision_trimesh_trimesh.cpp:224]
  ↑ 같은 줄 9999번 더
[schedule_visualizer_node-4] [INFO] [1786354466.428726500] [schedule_data_node]: Requesting new schedule update because update timed out
[schedule_visualizer_node-4] [INFO] [1786354466.428790826] [schedule_data_node]: [rmf_traffic_ros2::MirrorManager::request_update] Requesting changes for query ID [1] since beginning of recorded history
[gazebo-1] ODE Message 2: Trimesh-trimesh contach hash table bucket overflow - close contacts might not be culled in AddContactToNode() [collision_trimesh_trimesh.cpp:224]
  ↑ 같은 줄 4번 더
[rmf_traffic_schedule-1] [INFO] [1786354466.438117793] [rmf_traffic_schedule_primary]: [ScheduleNode::update_mirrors] Sending remedial update starting from the beginning going to 68 for query 1
[gazebo-1] ODE Message 2: Trimesh-trimesh contach hash table bucket overflow - close contacts might not be culled in AddContactToNode() [collision_trimesh_trimesh.cpp:224]
  ↑ 같은 줄 9999번 더
[schedule_visualizer_node-4] [INFO] [1786354486.438358816] [schedule_data_node]: Requesting new schedule update because update timed out
[schedule_visualizer_node-4] [INFO] [1786354486.438407119] [schedule_data_node]: [rmf_traffic_ros2::MirrorManager::request_update] Requesting changes for query ID [1] since version [68]
[gazebo-1] ODE Message 2: Trimesh-trimesh contach hash table bucket overflow - close contacts might not be culled in AddContactToNode() [collision_trimesh_trimesh.cpp:224]
  ↑ 같은 줄 9999번 더
[schedule_visualizer_node-4] [INFO] [1786354506.438370554] [schedule_data_node]: Requesting new schedule update because update timed out
[schedule_visualizer_node-4] [INFO] [1786354506.438424340] [schedule_data_node]: [rmf_traffic_ros2::MirrorManager::request_update] Requesting changes for query ID [1] since beginning of recorded history
[gazebo-1] ODE Message 2: Trimesh-trimesh contach hash table bucket overflow - close contacts might not be culled in AddContactToNode() [collision_trimesh_trimesh.cpp:224]
  ↑ 같은 줄 4번 더
[rmf_traffic_schedule-1] [INFO] [1786354506.448171889] [rmf_traffic_schedule_primary]: [ScheduleNode::update_mirrors] Sending remedial update starting from the beginning going to 69 for query 1
[gazebo-1] ODE Message 2: Trimesh-trimesh contach hash table bucket overflow - close contacts might not be culled in AddContactToNode() [collision_trimesh_trimesh.cpp:224]
  ↑ 같은 줄 9999번 더
[schedule_visualizer_node-4] [INFO] [1786354526.448620296] [schedule_data_node]: Requesting new schedule update because update timed out
[schedule_visualizer_node-4] [INFO] [1786354526.448686570] [schedule_data_node]: [rmf_traffic_ros2::MirrorManager::request_update] Requesting changes for query ID [1] since version [69]
[gazebo-1] ODE Message 2: Trimesh-trimesh contach hash table bucket overflow - close contacts might not be culled in AddContactToNode() [collision_trimesh_trimesh.cpp:224]
  ↑ 같은 줄 9999번 더
[schedule_visualizer_node-4] [INFO] [1786354546.448591149] [schedule_data_node]: Requesting new schedule update because update timed out
[schedule_visualizer_node-4] [INFO] [1786354546.448650372] [schedule_data_node]: [rmf_traffic_ros2::MirrorManager::request_update] Requesting changes for query ID [1] since beginning of recorded history
[gazebo-1] ODE Message 2: Trimesh-trimesh contach hash table bucket overflow - close contacts might not be culled in AddContactToNode() [collision_trimesh_trimesh.cpp:224]
  ↑ 같은 줄 4번 더
[rmf_traffic_schedule-1] [INFO] [1786354546.458114292] [rmf_traffic_schedule_primary]: [ScheduleNode::update_mirrors] Sending remedial update starting from the beginning going to 69 for query 1
[gazebo-1] ODE Message 2: Trimesh-trimesh contach hash table bucket overflow - close contacts might not be culled in AddContactToNode() [collision_trimesh_trimesh.cpp:224]
  ↑ 같은 줄 9999번 더
[schedule_visualizer_node-4] [INFO] [1786354566.458407914] [schedule_data_node]: Requesting new schedule update because update timed out
[schedule_visualizer_node-4] [INFO] [1786354566.458469302] [schedule_data_node]: [rmf_traffic_ros2::MirrorManager::request_update] Requesting changes for query ID [1] since version [69]
[gazebo-1] ODE Message 2: Trimesh-trimesh contach hash table bucket overflow - close contacts might not be culled in AddContactToNode() [collision_trimesh_trimesh.cpp:224]
  ↑ 같은 줄 9999번 더
[schedule_visualizer_node-4] [INFO] [1786354586.458399928] [schedule_data_node]: Requesting new schedule update because update timed out
[schedule_visualizer_node-4] [INFO] [1786354586.458454386] [schedule_data_node]: [rmf_traffic_ros2::MirrorManager::request_update] Requesting changes for query ID [1] since beginning of recorded history
[gazebo-1] ODE Message 2: Trimesh-trimesh contach hash table bucket overflow - close contacts might not be culled in AddContactToNode() [collision_trimesh_trimesh.cpp:224]
  ↑ 같은 줄 4번 더
[rmf_traffic_schedule-1] [INFO] [1786354586.468085771] [rmf_traffic_schedule_primary]: [ScheduleNode::update_mirrors] Sending remedial update starting from the beginning going to 70 for query 1
[gazebo-1] ODE Message 2: Trimesh-trimesh contach hash table bucket overflow - close contacts might not be culled in AddContactToNode() [collision_trimesh_trimesh.cpp:224]
  ↑ 같은 줄 9999번 더
[schedule_visualizer_node-4] [INFO] [1786354606.468366209] [schedule_data_node]: Requesting new schedule update because update timed out
[schedule_visualizer_node-4] [INFO] [1786354606.468415696] [schedule_data_node]: [rmf_traffic_ros2::MirrorManager::request_update] Requesting changes for query ID [1] since version [70]
[gazebo-1] ODE Message 2: Trimesh-trimesh contach hash table bucket overflow - close contacts might not be culled in AddContactToNode() [collision_trimesh_trimesh.cpp:224]
  ↑ 같은 줄 9999번 더
[schedule_visualizer_node-4] [INFO] [1786354626.468382789] [schedule_data_node]: Requesting new schedule update because update timed out
[schedule_visualizer_node-4] [INFO] [1786354626.468450997] [schedule_data_node]: [rmf_traffic_ros2::MirrorManager::request_update] Requesting changes for query ID [1] since beginning of recorded history
[gazebo-1] ODE Message 2: Trimesh-trimesh contach hash table bucket overflow - close contacts might not be culled in AddContactToNode() [collision_trimesh_trimesh.cpp:224]
  ↑ 같은 줄 4번 더
[rmf_traffic_schedule-1] [INFO] [1786354626.478114707] [rmf_traffic_schedule_primary]: [ScheduleNode::update_mirrors] Sending remedial update starting from the beginning going to 71 for query 1
[gazebo-1] ODE Message 2: Trimesh-trimesh contach hash table bucket overflow - close contacts might not be culled in AddContactToNode() [collision_trimesh_trimesh.cpp:224]
  ↑ 같은 줄 9999번 더
[schedule_visualizer_node-4] [INFO] [1786354646.478405242] [schedule_data_node]: Requesting new schedule update because update timed out
[schedule_visualizer_node-4] [INFO] [1786354646.478455941] [schedule_data_node]: [rmf_traffic_ros2::MirrorManager::request_update] Requesting changes for query ID [1] since version [71]
[gazebo-1] ODE Message 2: Trimesh-trimesh contach hash table bucket overflow - close contacts might not be culled in AddContactToNode() [collision_trimesh_trimesh.cpp:224]
  ↑ 같은 줄 9999번 더
[schedule_visualizer_node-4] [INFO] [1786354666.478414405] [schedule_data_node]: Requesting new schedule update because update timed out
[schedule_visualizer_node-4] [INFO] [1786354666.478472649] [schedule_data_node]: [rmf_traffic_ros2::MirrorManager::request_update] Requesting changes for query ID [1] since beginning of recorded history
[gazebo-1] ODE Message 2: Trimesh-trimesh contach hash table bucket overflow - close contacts might not be culled in AddContactToNode() [collision_trimesh_trimesh.cpp:224]
  ↑ 같은 줄 4번 더
[rmf_traffic_schedule-1] [INFO] [1786354666.488101105] [rmf_traffic_schedule_primary]: [ScheduleNode::update_mirrors] Sending remedial update starting from the beginning going to 71 for query 1
[gazebo-1] ODE Message 2: Trimesh-trimesh contach hash table bucket overflow - close contacts might not be culled in AddContactToNode() [collision_trimesh_trimesh.cpp:224]
  ↑ 같은 줄 9999번 더
[schedule_visualizer_node-4] [INFO] [1786354686.488370008] [schedule_data_node]: Requesting new schedule update because update timed out
[schedule_visualizer_node-4] [INFO] [1786354686.488421036] [schedule_data_node]: [rmf_traffic_ros2::MirrorManager::request_update] Requesting changes for query ID [1] since version [71]
[gazebo-1] ODE Message 2: Trimesh-trimesh contach hash table bucket overflow - close contacts might not be culled in AddContactToNode() [collision_trimesh_trimesh.cpp:224]
  ↑ 같은 줄 9999번 더
[schedule_visualizer_node-4] [INFO] [1786354706.488369323] [schedule_data_node]: Requesting new schedule update because update timed out
[schedule_visualizer_node-4] [INFO] [1786354706.488430791] [schedule_data_node]: [rmf_traffic_ros2::MirrorManager::request_update] Requesting changes for query ID [1] since beginning of recorded history
[gazebo-1] ODE Message 2: Trimesh-trimesh contach hash table bucket overflow - close contacts might not be culled in AddContactToNode() [collision_trimesh_trimesh.cpp:224]
  ↑ 같은 줄 4번 더
[rmf_traffic_schedule-1] [INFO] [1786354706.498068370] [rmf_traffic_schedule_primary]: [ScheduleNode::update_mirrors] Sending remedial update starting from the beginning going to 72 for query 1
[gazebo-1] ODE Message 2: Trimesh-trimesh contach hash table bucket overflow - close contacts might not be culled in AddContactToNode() [collision_trimesh_trimesh.cpp:224]
  ↑ 같은 줄 9999번 더
[schedule_visualizer_node-4] [INFO] [1786354726.498306209] [schedule_data_node]: Requesting new schedule update because update timed out
[schedule_visualizer_node-4] [INFO] [1786354726.498350091] [schedule_data_node]: [rmf_traffic_ros2::MirrorManager::request_update] Requesting changes for query ID [1] since version [72]
[gazebo-1] ODE Message 2: Trimesh-trimesh contach hash table bucket overflow - close contacts might not be culled in AddContactToNode() [collision_trimesh_trimesh.cpp:224]
  ↑ 같은 줄 9999번 더
[schedule_visualizer_node-4] [INFO] [1786354746.498338661] [schedule_data_node]: Requesting new schedule update because update timed out
[schedule_visualizer_node-4] [INFO] [1786354746.498399357] [schedule_data_node]: [rmf_traffic_ros2::MirrorManager::request_update] Requesting changes for query ID [1] since beginning of recorded history
[gazebo-1] ODE Message 2: Trimesh-trimesh contach hash table bucket overflow - close contacts might not be culled in AddContactToNode() [collision_trimesh_trimesh.cpp:224]
  ↑ 같은 줄 4번 더
[rmf_traffic_schedule-1] [INFO] [1786354746.508114680] [rmf_traffic_schedule_primary]: [ScheduleNode::update_mirrors] Sending remedial update starting from the beginning going to 73 for query 1
[gazebo-1] ODE Message 2: Trimesh-trimesh contach hash table bucket overflow - close contacts might not be culled in AddContactToNode() [collision_trimesh_trimesh.cpp:224]
  ↑ 같은 줄 9999번 더
[schedule_visualizer_node-4] [INFO] [1786354766.508424829] [schedule_data_node]: Requesting new schedule update because update timed out
[schedule_visualizer_node-4] [INFO] [1786354766.508494324] [schedule_data_node]: [rmf_traffic_ros2::MirrorManager::request_update] Requesting changes for query ID [1] since version [73]
[gazebo-1] ODE Message 2: Trimesh-trimesh contach hash table bucket overflow - close contacts might not be culled in AddContactToNode() [collision_trimesh_trimesh.cpp:224]
  ↑ 같은 줄 9999번 더
[schedule_visualizer_node-4] [INFO] [1786354786.508427476] [schedule_data_node]: Requesting new schedule update because update timed out
[schedule_visualizer_node-4] [INFO] [1786354786.508476019] [schedule_data_node]: [rmf_traffic_ros2::MirrorManager::request_update] Requesting changes for query ID [1] since beginning of recorded history
[gazebo-1] ODE Message 2: Trimesh-trimesh contach hash table bucket overflow - close contacts might not be culled in AddContactToNode() [collision_trimesh_trimesh.cpp:224]
  ↑ 같은 줄 4번 더
[rmf_traffic_schedule-1] [INFO] [1786354786.518188044] [rmf_traffic_schedule_primary]: [ScheduleNode::update_mirrors] Sending remedial update starting from the beginning going to 73 for query 1
[gazebo-1] ODE Message 2: Trimesh-trimesh contach hash table bucket overflow - close contacts might not be culled in AddContactToNode() [collision_trimesh_trimesh.cpp:224]
  ↑ 같은 줄 9999번 더
[schedule_visualizer_node-4] [INFO] [1786354806.518512971] [schedule_data_node]: Requesting new schedule update because update timed out
[schedule_visualizer_node-4] [INFO] [1786354806.518586659] [schedule_data_node]: [rmf_traffic_ros2::MirrorManager::request_update] Requesting changes for query ID [1] since version [73]
[gazebo-1] ODE Message 2: Trimesh-trimesh contach hash table bucket overflow - close contacts might not be culled in AddContactToNode() [collision_trimesh_trimesh.cpp:224]
  ↑ 같은 줄 9999번 더
[schedule_visualizer_node-4] [INFO] [1786354826.518498447] [schedule_data_node]: Requesting new schedule update because update timed out
[schedule_visualizer_node-4] [INFO] [1786354826.518563303] [schedule_data_node]: [rmf_traffic_ros2::MirrorManager::request_update] Requesting changes for query ID [1] since beginning of recorded history
[gazebo-1] ODE Message 2: Trimesh-trimesh contach hash table bucket overflow - close contacts might not be culled in AddContactToNode() [collision_trimesh_trimesh.cpp:224]
  ↑ 같은 줄 4번 더
[rmf_traffic_schedule-1] [INFO] [1786354826.528184220] [rmf_traffic_schedule_primary]: [ScheduleNode::update_mirrors] Sending remedial update starting from the beginning going to 74 for query 1
[gazebo-1] ODE Message 2: Trimesh-trimesh contach hash table bucket overflow - close contacts might not be culled in AddContactToNode() [collision_trimesh_trimesh.cpp:224]
  ↑ 같은 줄 9999번 더
[schedule_visualizer_node-4] [INFO] [1786354846.528441464] [schedule_data_node]: Requesting new schedule update because update timed out
[schedule_visualizer_node-4] [INFO] [1786354846.528494891] [schedule_data_node]: [rmf_traffic_ros2::MirrorManager::request_update] Requesting changes for query ID [1] since version [74]
[gazebo-1] ODE Message 2: Trimesh-trimesh contach hash table bucket overflow - close contacts might not be culled in AddContactToNode() [collision_trimesh_trimesh.cpp:224]
  ↑ 같은 줄 9999번 더
[schedule_visualizer_node-4] [INFO] [1786354866.528443991] [schedule_data_node]: Requesting new schedule update because update timed out
[schedule_visualizer_node-4] [INFO] [1786354866.528517657] [schedule_data_node]: [rmf_traffic_ros2::MirrorManager::request_update] Requesting changes for query ID [1] since beginning of recorded history
[gazebo-1] ODE Message 2: Trimesh-trimesh contach hash table bucket overflow - close contacts might not be culled in AddContactToNode() [collision_trimesh_trimesh.cpp:224]
  ↑ 같은 줄 4번 더
[rmf_traffic_schedule-1] [INFO] [1786354866.538126366] [rmf_traffic_schedule_primary]: [ScheduleNode::update_mirrors] Sending remedial update starting from the beginning going to 75 for query 1
[gazebo-1] ODE Message 2: Trimesh-trimesh contach hash table bucket overflow - close contacts might not be culled in AddContactToNode() [collision_trimesh_trimesh.cpp:224]
  ↑ 같은 줄 9999번 더
[schedule_visualizer_node-4] [INFO] [1786354886.538408862] [schedule_data_node]: Requesting new schedule update because update timed out
[schedule_visualizer_node-4] [INFO] [1786354886.538461784] [schedule_data_node]: [rmf_traffic_ros2::MirrorManager::request_update] Requesting changes for query ID [1] since version [75]
[gazebo-1] ODE Message 2: Trimesh-trimesh contach hash table bucket overflow - close contacts might not be culled in AddContactToNode() [collision_trimesh_trimesh.cpp:224]
  ↑ 같은 줄 9999번 더
[schedule_visualizer_node-4] [INFO] [1786354906.538394289] [schedule_data_node]: Requesting new schedule update because update timed out
[schedule_visualizer_node-4] [INFO] [1786354906.538443294] [schedule_data_node]: [rmf_traffic_ros2::MirrorManager::request_update] Requesting changes for query ID [1] since beginning of recorded history
[gazebo-1] ODE Message 2: Trimesh-trimesh contach hash table bucket overflow - close contacts might not be culled in AddContactToNode() [collision_trimesh_trimesh.cpp:224]
  ↑ 같은 줄 4번 더
[rmf_traffic_schedule-1] [INFO] [1786354906.548210610] [rmf_traffic_schedule_primary]: [ScheduleNode::update_mirrors] Sending remedial update starting from the beginning going to 75 for query 1
[gazebo-1] ODE Message 2: Trimesh-trimesh contach hash table bucket overflow - close contacts might not be culled in AddContactToNode() [collision_trimesh_trimesh.cpp:224]
  ↑ 같은 줄 9999번 더
[schedule_visualizer_node-4] [INFO] [1786354926.548525505] [schedule_data_node]: Requesting new schedule update because update timed out
[schedule_visualizer_node-4] [INFO] [1786354926.548593056] [schedule_data_node]: [rmf_traffic_ros2::MirrorManager::request_update] Requesting changes for query ID [1] since version [75]
[gazebo-1] ODE Message 2: Trimesh-trimesh contach hash table bucket overflow - close contacts might not be culled in AddContactToNode() [collision_trimesh_trimesh.cpp:224]
  ↑ 같은 줄 9999번 더
[schedule_visualizer_node-4] [INFO] [1786354946.548512393] [schedule_data_node]: Requesting new schedule update because update timed out
[schedule_visualizer_node-4] [INFO] [1786354946.548563831] [schedule_data_node]: [rmf_traffic_ros2::MirrorManager::request_update] Requesting changes for query ID [1] since beginning of recorded history
[gazebo-1] ODE Message 2: Trimesh-trimesh contach hash table bucket overflow - close contacts might not be culled in AddContactToNode() [collision_trimesh_trimesh.cpp:224]
  ↑ 같은 줄 4번 더
[rmf_traffic_schedule-1] [INFO] [1786354946.558108847] [rmf_traffic_schedule_primary]: [ScheduleNode::update_mirrors] Sending remedial update starting from the beginning going to 76 for query 1
[gazebo-1] ODE Message 2: Trimesh-trimesh contach hash table bucket overflow - close contacts might not be culled in AddContactToNode() [collision_trimesh_trimesh.cpp:224]
  ↑ 같은 줄 9999번 더
[schedule_visualizer_node-4] [INFO] [1786354966.558343074] [schedule_data_node]: Requesting new schedule update because update timed out
[schedule_visualizer_node-4] [INFO] [1786354966.558383029] [schedule_data_node]: [rmf_traffic_ros2::MirrorManager::request_update] Requesting changes for query ID [1] since version [76]
[gazebo-1] ODE Message 2: Trimesh-trimesh contach hash table bucket overflow - close contacts might not be culled in AddContactToNode() [collision_trimesh_trimesh.cpp:224]
  ↑ 같은 줄 9999번 더
[schedule_visualizer_node-4] [INFO] [1786354986.558417017] [schedule_data_node]: Requesting new schedule update because update timed out
[schedule_visualizer_node-4] [INFO] [1786354986.558467448] [schedule_data_node]: [rmf_traffic_ros2::MirrorManager::request_update] Requesting changes for query ID [1] since beginning of recorded history
[gazebo-1] ODE Message 2: Trimesh-trimesh contach hash table bucket overflow - close contacts might not be culled in AddContactToNode() [collision_trimesh_trimesh.cpp:224]
  ↑ 같은 줄 4번 더
[rmf_traffic_schedule-1] [INFO] [1786354986.568185665] [rmf_traffic_schedule_primary]: [ScheduleNode::update_mirrors] Sending remedial update starting from the beginning going to 77 for query 1
[gazebo-1] ODE Message 2: Trimesh-trimesh contach hash table bucket overflow - close contacts might not be culled in AddContactToNode() [collision_trimesh_trimesh.cpp:224]
  ↑ 같은 줄 9999번 더
[schedule_visualizer_node-4] [INFO] [1786355006.568448035] [schedule_data_node]: Requesting new schedule update because update timed out
[schedule_visualizer_node-4] [INFO] [1786355006.568495152] [schedule_data_node]: [rmf_traffic_ros2::MirrorManager::request_update] Requesting changes for query ID [1] since version [77]
[gazebo-1] ODE Message 2: Trimesh-trimesh contach hash table bucket overflow - close contacts might not be culled in AddContactToNode() [collision_trimesh_trimesh.cpp:224]
  ↑ 같은 줄 9999번 더
[schedule_visualizer_node-4] [INFO] [1786355026.568478024] [schedule_data_node]: Requesting new schedule update because update timed out
[schedule_visualizer_node-4] [INFO] [1786355026.568531410] [schedule_data_node]: [rmf_traffic_ros2::MirrorManager::request_update] Requesting changes for query ID [1] since beginning of recorded history
[gazebo-1] ODE Message 2: Trimesh-trimesh contach hash table bucket overflow - close contacts might not be culled in AddContactToNode() [collision_trimesh_trimesh.cpp:224]
  ↑ 같은 줄 4번 더
[rmf_traffic_schedule-1] [INFO] [1786355026.578180757] [rmf_traffic_schedule_primary]: [ScheduleNode::update_mirrors] Sending remedial update starting from the beginning going to 77 for query 1
[gazebo-1] ODE Message 2: Trimesh-trimesh contach hash table bucket overflow - close contacts might not be culled in AddContactToNode() [collision_trimesh_trimesh.cpp:224]
  ↑ 같은 줄 9999번 더
[schedule_visualizer_node-4] [INFO] [1786355046.578507704] [schedule_data_node]: Requesting new schedule update because update timed out
[schedule_visualizer_node-4] [INFO] [1786355046.578557229] [schedule_data_node]: [rmf_traffic_ros2::MirrorManager::request_update] Requesting changes for query ID [1] since version [77]
[gazebo-1] ODE Message 2: Trimesh-trimesh contach hash table bucket overflow - close contacts might not be culled in AddContactToNode() [collision_trimesh_trimesh.cpp:224]
  ↑ 같은 줄 9999번 더
[schedule_visualizer_node-4] [INFO] [1786355066.578511653] [schedule_data_node]: Requesting new schedule update because update timed out
[schedule_visualizer_node-4] [INFO] [1786355066.578560710] [schedule_data_node]: [rmf_traffic_ros2::MirrorManager::request_update] Requesting changes for query ID [1] since beginning of recorded history
[gazebo-1] ODE Message 2: Trimesh-trimesh contach hash table bucket overflow - close contacts might not be culled in AddContactToNode() [collision_trimesh_trimesh.cpp:224]
  ↑ 같은 줄 4번 더
[rmf_traffic_schedule-1] [INFO] [1786355066.588122066] [rmf_traffic_schedule_primary]: [ScheduleNode::update_mirrors] Sending remedial update starting from the beginning going to 78 for query 1
[gazebo-1] ODE Message 2: Trimesh-trimesh contach hash table bucket overflow - close contacts might not be culled in AddContactToNode() [collision_trimesh_trimesh.cpp:224]
  ↑ 같은 줄 9999번 더
[schedule_visualizer_node-4] [INFO] [1786355086.588490429] [schedule_data_node]: Requesting new schedule update because update timed out
[schedule_visualizer_node-4] [INFO] [1786355086.588560197] [schedule_data_node]: [rmf_traffic_ros2::MirrorManager::request_update] Requesting changes for query ID [1] since version [78]
[gazebo-1] ODE Message 2: Trimesh-trimesh contach hash table bucket overflow - close contacts might not be culled in AddContactToNode() [collision_trimesh_trimesh.cpp:224]
  ↑ 같은 줄 9999번 더
[schedule_visualizer_node-4] [INFO] [1786355106.588411791] [schedule_data_node]: Requesting new schedule update because update timed out
[schedule_visualizer_node-4] [INFO] [1786355106.588473257] [schedule_data_node]: [rmf_traffic_ros2::MirrorManager::request_update] Requesting changes for query ID [1] since beginning of recorded history
[gazebo-1] ODE Message 2: Trimesh-trimesh contach hash table bucket overflow - close contacts might not be culled in AddContactToNode() [collision_trimesh_trimesh.cpp:224]
  ↑ 같은 줄 4번 더
[rmf_traffic_schedule-1] [INFO] [1786355106.598138227] [rmf_traffic_schedule_primary]: [ScheduleNode::update_mirrors] Sending remedial update starting from the beginning going to 79 for query 1
[gazebo-1] ODE Message 2: Trimesh-trimesh contach hash table bucket overflow - close contacts might not be culled in AddContactToNode() [collision_trimesh_trimesh.cpp:224]
  ↑ 같은 줄 9999번 더
[schedule_visualizer_node-4] [INFO] [1786355126.598480582] [schedule_data_node]: Requesting new schedule update because update timed out
[schedule_visualizer_node-4] [INFO] [1786355126.598521421] [schedule_data_node]: [rmf_traffic_ros2::MirrorManager::request_update] Requesting changes for query ID [1] since version [79]
[gazebo-1] ODE Message 2: Trimesh-trimesh contach hash table bucket overflow - close contacts might not be culled in AddContactToNode() [collision_trimesh_trimesh.cpp:224]
  ↑ 같은 줄 9999번 더
[schedule_visualizer_node-4] [INFO] [1786355146.598457980] [schedule_data_node]: Requesting new schedule update because update timed out
[schedule_visualizer_node-4] [INFO] [1786355146.598513983] [schedule_data_node]: [rmf_traffic_ros2::MirrorManager::request_update] Requesting changes for query ID [1] since beginning of recorded history
[gazebo-1] ODE Message 2: Trimesh-trimesh contach hash table bucket overflow - close contacts might not be culled in AddContactToNode() [collision_trimesh_trimesh.cpp:224]
  ↑ 같은 줄 4번 더
[rmf_traffic_schedule-1] [INFO] [1786355146.608110797] [rmf_traffic_schedule_primary]: [ScheduleNode::update_mirrors] Sending remedial update starting from the beginning going to 79 for query 1
[gazebo-1] ODE Message 2: Trimesh-trimesh contach hash table bucket overflow - close contacts might not be culled in AddContactToNode() [collision_trimesh_trimesh.cpp:224]
  ↑ 같은 줄 9999번 더
[schedule_visualizer_node-4] [INFO] [1786355166.608464073] [schedule_data_node]: Requesting new schedule update because update timed out
[schedule_visualizer_node-4] [INFO] [1786355166.608513901] [schedule_data_node]: [rmf_traffic_ros2::MirrorManager::request_update] Requesting changes for query ID [1] since version [79]
[gazebo-1] ODE Message 2: Trimesh-trimesh contach hash table bucket overflow - close contacts might not be culled in AddContactToNode() [collision_trimesh_trimesh.cpp:224]
  ↑ 같은 줄 9999번 더
[schedule_visualizer_node-4] [INFO] [1786355186.608526607] [schedule_data_node]: Requesting new schedule update because update timed out
[schedule_visualizer_node-4] [INFO] [1786355186.608587634] [schedule_data_node]: [rmf_traffic_ros2::MirrorManager::request_update] Requesting changes for query ID [1] since beginning of recorded history
[gazebo-1] ODE Message 2: Trimesh-trimesh contach hash table bucket overflow - close contacts might not be culled in AddContactToNode() [collision_trimesh_trimesh.cpp:224]
  ↑ 같은 줄 4번 더
[rmf_traffic_schedule-1] [INFO] [1786355186.618124863] [rmf_traffic_schedule_primary]: [ScheduleNode::update_mirrors] Sending remedial update starting from the beginning going to 80 for query 1
[gazebo-1] ODE Message 2: Trimesh-trimesh contach hash table bucket overflow - close contacts might not be culled in AddContactToNode() [collision_trimesh_trimesh.cpp:224]
  ↑ 같은 줄 9999번 더
[schedule_visualizer_node-4] [INFO] [1786355206.618373645] [schedule_data_node]: Requesting new schedule update because update timed out
[schedule_visualizer_node-4] [INFO] [1786355206.618425145] [schedule_data_node]: [rmf_traffic_ros2::MirrorManager::request_update] Requesting changes for query ID [1] since version [80]
[gazebo-1] ODE Message 2: Trimesh-trimesh contach hash table bucket overflow - close contacts might not be culled in AddContactToNode() [collision_trimesh_trimesh.cpp:224]
  ↑ 같은 줄 9999번 더
[schedule_visualizer_node-4] [INFO] [1786355226.618378296] [schedule_data_node]: Requesting new schedule update because update timed out
[schedule_visualizer_node-4] [INFO] [1786355226.618430802] [schedule_data_node]: [rmf_traffic_ros2::MirrorManager::request_update] Requesting changes for query ID [1] since beginning of recorded history
[gazebo-1] ODE Message 2: Trimesh-trimesh contach hash table bucket overflow - close contacts might not be culled in AddContactToNode() [collision_trimesh_trimesh.cpp:224]
  ↑ 같은 줄 4번 더
[rmf_traffic_schedule-1] [INFO] [1786355226.628103988] [rmf_traffic_schedule_primary]: [ScheduleNode::update_mirrors] Sending remedial update starting from the beginning going to 81 for query 1
[gazebo-1] ODE Message 2: Trimesh-trimesh contach hash table bucket overflow - close contacts might not be culled in AddContactToNode() [collision_trimesh_trimesh.cpp:224]
  ↑ 같은 줄 9999번 더
[schedule_visualizer_node-4] [INFO] [1786355246.628369124] [schedule_data_node]: Requesting new schedule update because update timed out
[schedule_visualizer_node-4] [INFO] [1786355246.628424429] [schedule_data_node]: [rmf_traffic_ros2::MirrorManager::request_update] Requesting changes for query ID [1] since version [81]
[gazebo-1] ODE Message 2: Trimesh-trimesh contach hash table bucket overflow - close contacts might not be culled in AddContactToNode() [collision_trimesh_trimesh.cpp:224]
  ↑ 같은 줄 9999번 더
[schedule_visualizer_node-4] [INFO] [1786355266.628355042] [schedule_data_node]: Requesting new schedule update because update timed out
[schedule_visualizer_node-4] [INFO] [1786355266.628406636] [schedule_data_node]: [rmf_traffic_ros2::MirrorManager::request_update] Requesting changes for query ID [1] since beginning of recorded history
[gazebo-1] ODE Message 2: Trimesh-trimesh contach hash table bucket overflow - close contacts might not be culled in AddContactToNode() [collision_trimesh_trimesh.cpp:224]
  ↑ 같은 줄 4번 더
[rmf_traffic_schedule-1] [INFO] [1786355266.638192546] [rmf_traffic_schedule_primary]: [ScheduleNode::update_mirrors] Sending remedial update starting from the beginning going to 81 for query 1
[gazebo-1] ODE Message 2: Trimesh-trimesh contach hash table bucket overflow - close contacts might not be culled in AddContactToNode() [collision_trimesh_trimesh.cpp:224]
  ↑ 같은 줄 9999번 더
[schedule_visualizer_node-4] [INFO] [1786355286.638591735] [schedule_data_node]: Requesting new schedule update because update timed out
[schedule_visualizer_node-4] [INFO] [1786355286.638664696] [schedule_data_node]: [rmf_traffic_ros2::MirrorManager::request_update] Requesting changes for query ID [1] since version [81]
[gazebo-1] ODE Message 2: Trimesh-trimesh contach hash table bucket overflow - close contacts might not be culled in AddContactToNode() [collision_trimesh_trimesh.cpp:224]
  ↑ 같은 줄 9999번 더
[schedule_visualizer_node-4] [INFO] [1786355306.638557203] [schedule_data_node]: Requesting new schedule update because update timed out
[schedule_visualizer_node-4] [INFO] [1786355306.638612787] [schedule_data_node]: [rmf_traffic_ros2::MirrorManager::request_update] Requesting changes for query ID [1] since beginning of recorded history
[gazebo-1] ODE Message 2: Trimesh-trimesh contach hash table bucket overflow - close contacts might not be culled in AddContactToNode() [collision_trimesh_trimesh.cpp:224]
  ↑ 같은 줄 4번 더
[rmf_traffic_schedule-1] [INFO] [1786355306.648216375] [rmf_traffic_schedule_primary]: [ScheduleNode::update_mirrors] Sending remedial update starting from the beginning going to 82 for query 1
[gazebo-1] ODE Message 2: Trimesh-trimesh contach hash table bucket overflow - close contacts might not be culled in AddContactToNode() [collision_trimesh_trimesh.cpp:224]
  ↑ 같은 줄 9999번 더
[schedule_visualizer_node-4] [INFO] [1786355326.648633896] [schedule_data_node]: Requesting new schedule update because update timed out
[schedule_visualizer_node-4] [INFO] [1786355326.648691608] [schedule_data_node]: [rmf_traffic_ros2::MirrorManager::request_update] Requesting changes for query ID [1] since version [82]
[gazebo-1] ODE Message 2: Trimesh-trimesh contach hash table bucket overflow - close contacts might not be culled in AddContactToNode() [collision_trimesh_trimesh.cpp:224]
  ↑ 같은 줄 9999번 더
[schedule_visualizer_node-4] [INFO] [1786355346.648613178] [schedule_data_node]: Requesting new schedule update because update timed out
[schedule_visualizer_node-4] [INFO] [1786355346.648664756] [schedule_data_node]: [rmf_traffic_ros2::MirrorManager::request_update] Requesting changes for query ID [1] since beginning of recorded history
[gazebo-1] ODE Message 2: Trimesh-trimesh contach hash table bucket overflow - close contacts might not be culled in AddContactToNode() [collision_trimesh_trimesh.cpp:224]
  ↑ 같은 줄 4번 더
[rmf_traffic_schedule-1] [INFO] [1786355346.658136754] [rmf_traffic_schedule_primary]: [ScheduleNode::update_mirrors] Sending remedial update starting from the beginning going to 83 for query 1
[gazebo-1] ODE Message 2: Trimesh-trimesh contach hash table bucket overflow - close contacts might not be culled in AddContactToNode() [collision_trimesh_trimesh.cpp:224]
  ↑ 같은 줄 9999번 더
[schedule_visualizer_node-4] [INFO] [1786355366.658453701] [schedule_data_node]: Requesting new schedule update because update timed out
[schedule_visualizer_node-4] [INFO] [1786355366.658506512] [schedule_data_node]: [rmf_traffic_ros2::MirrorManager::request_update] Requesting changes for query ID [1] since version [83]
[gazebo-1] ODE Message 2: Trimesh-trimesh contach hash table bucket overflow - close contacts might not be culled in AddContactToNode() [collision_trimesh_trimesh.cpp:224]
  ↑ 같은 줄 9999번 더
[schedule_visualizer_node-4] [INFO] [1786355386.658432973] [schedule_data_node]: Requesting new schedule update because update timed out
[schedule_visualizer_node-4] [INFO] [1786355386.658487959] [schedule_data_node]: [rmf_traffic_ros2::MirrorManager::request_update] Requesting changes for query ID [1] since beginning of recorded history
[gazebo-1] ODE Message 2: Trimesh-trimesh contach hash table bucket overflow - close contacts might not be culled in AddContactToNode() [collision_trimesh_trimesh.cpp:224]
  ↑ 같은 줄 4번 더
[rmf_traffic_schedule-1] [INFO] [1786355386.668122258] [rmf_traffic_schedule_primary]: [ScheduleNode::update_mirrors] Sending remedial update starting from the beginning going to 83 for query 1
[gazebo-1] ODE Message 2: Trimesh-trimesh contach hash table bucket overflow - close contacts might not be culled in AddContactToNode() [collision_trimesh_trimesh.cpp:224]
  ↑ 같은 줄 9999번 더
[schedule_visualizer_node-4] [INFO] [1786355406.668449781] [schedule_data_node]: Requesting new schedule update because update timed out
[schedule_visualizer_node-4] [INFO] [1786355406.668530841] [schedule_data_node]: [rmf_traffic_ros2::MirrorManager::request_update] Requesting changes for query ID [1] since version [83]
[gazebo-1] ODE Message 2: Trimesh-trimesh contach hash table bucket overflow - close contacts might not be culled in AddContactToNode() [collision_trimesh_trimesh.cpp:224]
  ↑ 같은 줄 9999번 더
[schedule_visualizer_node-4] [INFO] [1786355426.668415193] [schedule_data_node]: Requesting new schedule update because update timed out
[schedule_visualizer_node-4] [INFO] [1786355426.668465981] [schedule_data_node]: [rmf_traffic_ros2::MirrorManager::request_update] Requesting changes for query ID [1] since beginning of recorded history
[gazebo-1] ODE Message 2: Trimesh-trimesh contach hash table bucket overflow - close contacts might not be culled in AddContactToNode() [collision_trimesh_trimesh.cpp:224]
  ↑ 같은 줄 4번 더
[rmf_traffic_schedule-1] [INFO] [1786355426.678094380] [rmf_traffic_schedule_primary]: [ScheduleNode::update_mirrors] Sending remedial update starting from the beginning going to 84 for query 1
[gazebo-1] ODE Message 2: Trimesh-trimesh contach hash table bucket overflow - close contacts might not be culled in AddContactToNode() [collision_trimesh_trimesh.cpp:224]
  ↑ 같은 줄 9999번 더
[schedule_visualizer_node-4] [INFO] [1786355446.678385080] [schedule_data_node]: Requesting new schedule update because update timed out
[schedule_visualizer_node-4] [INFO] [1786355446.678437198] [schedule_data_node]: [rmf_traffic_ros2::MirrorManager::request_update] Requesting changes for query ID [1] since version [84]
[gazebo-1] ODE Message 2: Trimesh-trimesh contach hash table bucket overflow - close contacts might not be culled in AddContactToNode() [collision_trimesh_trimesh.cpp:224]
  ↑ 같은 줄 9999번 더
[schedule_visualizer_node-4] [INFO] [1786355466.678393592] [schedule_data_node]: Requesting new schedule update because update timed out
[schedule_visualizer_node-4] [INFO] [1786355466.678445483] [schedule_data_node]: [rmf_traffic_ros2::MirrorManager::request_update] Requesting changes for query ID [1] since beginning of recorded history
[gazebo-1] ODE Message 2: Trimesh-trimesh contach hash table bucket overflow - close contacts might not be culled in AddContactToNode() [collision_trimesh_trimesh.cpp:224]
  ↑ 같은 줄 4번 더
[rmf_traffic_schedule-1] [INFO] [1786355466.688120356] [rmf_traffic_schedule_primary]: [ScheduleNode::update_mirrors] Sending remedial update starting from the beginning going to 85 for query 1
[gazebo-1] ODE Message 2: Trimesh-trimesh contach hash table bucket overflow - close contacts might not be culled in AddContactToNode() [collision_trimesh_trimesh.cpp:224]
  ↑ 같은 줄 9999번 더
[schedule_visualizer_node-4] [INFO] [1786355486.688405746] [schedule_data_node]: Requesting new schedule update because update timed out
[schedule_visualizer_node-4] [INFO] [1786355486.688454299] [schedule_data_node]: [rmf_traffic_ros2::MirrorManager::request_update] Requesting changes for query ID [1] since version [85]
[gazebo-1] ODE Message 2: Trimesh-trimesh contach hash table bucket overflow - close contacts might not be culled in AddContactToNode() [collision_trimesh_trimesh.cpp:224]
  ↑ 같은 줄 9999번 더
[schedule_visualizer_node-4] [INFO] [1786355506.688406460] [schedule_data_node]: Requesting new schedule update because update timed out
[schedule_visualizer_node-4] [INFO] [1786355506.688472002] [schedule_data_node]: [rmf_traffic_ros2::MirrorManager::request_update] Requesting changes for query ID [1] since beginning of recorded history
[gazebo-1] ODE Message 2: Trimesh-trimesh contach hash table bucket overflow - close contacts might not be culled in AddContactToNode() [collision_trimesh_trimesh.cpp:224]
  ↑ 같은 줄 4번 더
[rmf_traffic_schedule-1] [INFO] [1786355506.698096030] [rmf_traffic_schedule_primary]: [ScheduleNode::update_mirrors] Sending remedial update starting from the beginning going to 85 for query 1
[gazebo-1] ODE Message 2: Trimesh-trimesh contach hash table bucket overflow - close contacts might not be culled in AddContactToNode() [collision_trimesh_trimesh.cpp:224]
  ↑ 같은 줄 9999번 더
[schedule_visualizer_node-4] [INFO] [1786355526.698322478] [schedule_data_node]: Requesting new schedule update because update timed out
[schedule_visualizer_node-4] [INFO] [1786355526.698367406] [schedule_data_node]: [rmf_traffic_ros2::MirrorManager::request_update] Requesting changes for query ID [1] since version [85]
[gazebo-1] ODE Message 2: Trimesh-trimesh contach hash table bucket overflow - close contacts might not be culled in AddContactToNode() [collision_trimesh_trimesh.cpp:224]
  ↑ 같은 줄 9999번 더
[schedule_visualizer_node-4] [INFO] [1786355546.698347759] [schedule_data_node]: Requesting new schedule update because update timed out
[schedule_visualizer_node-4] [INFO] [1786355546.698405943] [schedule_data_node]: [rmf_traffic_ros2::MirrorManager::request_update] Requesting changes for query ID [1] since beginning of recorded history
[gazebo-1] ODE Message 2: Trimesh-trimesh contach hash table bucket overflow - close contacts might not be culled in AddContactToNode() [collision_trimesh_trimesh.cpp:224]
  ↑ 같은 줄 4번 더
[rmf_traffic_schedule-1] [INFO] [1786355546.708140130] [rmf_traffic_schedule_primary]: [ScheduleNode::update_mirrors] Sending remedial update starting from the beginning going to 86 for query 1
[gazebo-1] ODE Message 2: Trimesh-trimesh contach hash table bucket overflow - close contacts might not be culled in AddContactToNode() [collision_trimesh_trimesh.cpp:224]
  ↑ 같은 줄 9999번 더
[schedule_visualizer_node-4] [INFO] [1786355566.708467764] [schedule_data_node]: Requesting new schedule update because update timed out
[schedule_visualizer_node-4] [INFO] [1786355566.708520498] [schedule_data_node]: [rmf_traffic_ros2::MirrorManager::request_update] Requesting changes for query ID [1] since version [86]
[gazebo-1] ODE Message 2: Trimesh-trimesh contach hash table bucket overflow - close contacts might not be culled in AddContactToNode() [collision_trimesh_trimesh.cpp:224]
  ↑ 같은 줄 9999번 더
[schedule_visualizer_node-4] [INFO] [1786355586.708505667] [schedule_data_node]: Requesting new schedule update because update timed out
[schedule_visualizer_node-4] [INFO] [1786355586.708586547] [schedule_data_node]: [rmf_traffic_ros2::MirrorManager::request_update] Requesting changes for query ID [1] since beginning of recorded history
[gazebo-1] ODE Message 2: Trimesh-trimesh contach hash table bucket overflow - close contacts might not be culled in AddContactToNode() [collision_trimesh_trimesh.cpp:224]
  ↑ 같은 줄 4번 더
[rmf_traffic_schedule-1] [INFO] [1786355586.718148593] [rmf_traffic_schedule_primary]: [ScheduleNode::update_mirrors] Sending remedial update starting from the beginning going to 87 for query 1
[gazebo-1] ODE Message 2: Trimesh-trimesh contach hash table bucket overflow - close contacts might not be culled in AddContactToNode() [collision_trimesh_trimesh.cpp:224]
  ↑ 같은 줄 9999번 더
[schedule_visualizer_node-4] [INFO] [1786355606.718395948] [schedule_data_node]: Requesting new schedule update because update timed out
[schedule_visualizer_node-4] [INFO] [1786355606.718446906] [schedule_data_node]: [rmf_traffic_ros2::MirrorManager::request_update] Requesting changes for query ID [1] since version [87]
[gazebo-1] ODE Message 2: Trimesh-trimesh contach hash table bucket overflow - close contacts might not be culled in AddContactToNode() [collision_trimesh_trimesh.cpp:224]
  ↑ 같은 줄 9999번 더
[schedule_visualizer_node-4] [INFO] [1786355626.718381702] [schedule_data_node]: Requesting new schedule update because update timed out
[schedule_visualizer_node-4] [INFO] [1786355626.718421436] [schedule_data_node]: [rmf_traffic_ros2::MirrorManager::request_update] Requesting changes for query ID [1] since beginning of recorded history
[gazebo-1] ODE Message 2: Trimesh-trimesh contach hash table bucket overflow - close contacts might not be culled in AddContactToNode() [collision_trimesh_trimesh.cpp:224]
  ↑ 같은 줄 4번 더
[rmf_traffic_schedule-1] [INFO] [1786355626.728116138] [rmf_traffic_schedule_primary]: [ScheduleNode::update_mirrors] Sending remedial update starting from the beginning going to 87 for query 1
[gazebo-1] ODE Message 2: Trimesh-trimesh contach hash table bucket overflow - close contacts might not be culled in AddContactToNode() [collision_trimesh_trimesh.cpp:224]
  ↑ 같은 줄 9999번 더
[schedule_visualizer_node-4] [INFO] [1786355646.728374148] [schedule_data_node]: Requesting new schedule update because update timed out
[schedule_visualizer_node-4] [INFO] [1786355646.728429777] [schedule_data_node]: [rmf_traffic_ros2::MirrorManager::request_update] Requesting changes for query ID [1] since version [87]
[gazebo-1] ODE Message 2: Trimesh-trimesh contach hash table bucket overflow - close contacts might not be culled in AddContactToNode() [collision_trimesh_trimesh.cpp:224]
  ↑ 같은 줄 9999번 더
[schedule_visualizer_node-4] [INFO] [1786355666.728369325] [schedule_data_node]: Requesting new schedule update because update timed out
[schedule_visualizer_node-4] [INFO] [1786355666.728424168] [schedule_data_node]: [rmf_traffic_ros2::MirrorManager::request_update] Requesting changes for query ID [1] since beginning of recorded history
[gazebo-1] ODE Message 2: Trimesh-trimesh contach hash table bucket overflow - close contacts might not be culled in AddContactToNode() [collision_trimesh_trimesh.cpp:224]
  ↑ 같은 줄 4번 더
[rmf_traffic_schedule-1] [INFO] [1786355666.738093584] [rmf_traffic_schedule_primary]: [ScheduleNode::update_mirrors] Sending remedial update starting from the beginning going to 88 for query 1
[gazebo-1] ODE Message 2: Trimesh-trimesh contach hash table bucket overflow - close contacts might not be culled in AddContactToNode() [collision_trimesh_trimesh.cpp:224]
  ↑ 같은 줄 9999번 더
[schedule_visualizer_node-4] [INFO] [1786355686.738341321] [schedule_data_node]: Requesting new schedule update because update timed out
[schedule_visualizer_node-4] [INFO] [1786355686.738388827] [schedule_data_node]: [rmf_traffic_ros2::MirrorManager::request_update] Requesting changes for query ID [1] since version [88]
[gazebo-1] ODE Message 2: Trimesh-trimesh contach hash table bucket overflow - close contacts might not be culled in AddContactToNode() [collision_trimesh_trimesh.cpp:224]
  ↑ 같은 줄 9999번 더
[schedule_visualizer_node-4] [INFO] [1786355706.738333258] [schedule_data_node]: Requesting new schedule update because update timed out
[schedule_visualizer_node-4] [INFO] [1786355706.738386997] [schedule_data_node]: [rmf_traffic_ros2::MirrorManager::request_update] Requesting changes for query ID [1] since beginning of recorded history
[gazebo-1] ODE Message 2: Trimesh-trimesh contach hash table bucket overflow - close contacts might not be culled in AddContactToNode() [collision_trimesh_trimesh.cpp:224]
  ↑ 같은 줄 4번 더
[rmf_traffic_schedule-1] [INFO] [1786355706.748133403] [rmf_traffic_schedule_primary]: [ScheduleNode::update_mirrors] Sending remedial update starting from the beginning going to 89 for query 1
[gazebo-1] ODE Message 2: Trimesh-trimesh contach hash table bucket overflow - close contacts might not be culled in AddContactToNode() [collision_trimesh_trimesh.cpp:224]
  ↑ 같은 줄 9999번 더
[schedule_visualizer_node-4] [INFO] [1786355726.748382297] [schedule_data_node]: Requesting new schedule update because update timed out
[schedule_visualizer_node-4] [INFO] [1786355726.748440948] [schedule_data_node]: [rmf_traffic_ros2::MirrorManager::request_update] Requesting changes for query ID [1] since version [89]
[gazebo-1] ODE Message 2: Trimesh-trimesh contach hash table bucket overflow - close contacts might not be culled in AddContactToNode() [collision_trimesh_trimesh.cpp:224]
  ↑ 같은 줄 9999번 더
[schedule_visualizer_node-4] [INFO] [1786355746.748377048] [schedule_data_node]: Requesting new schedule update because update timed out
[schedule_visualizer_node-4] [INFO] [1786355746.748431514] [schedule_data_node]: [rmf_traffic_ros2::MirrorManager::request_update] Requesting changes for query ID [1] since beginning of recorded history
[gazebo-1] ODE Message 2: Trimesh-trimesh contach hash table bucket overflow - close contacts might not be culled in AddContactToNode() [collision_trimesh_trimesh.cpp:224]
  ↑ 같은 줄 4번 더
[rmf_traffic_schedule-1] [INFO] [1786355746.758137074] [rmf_traffic_schedule_primary]: [ScheduleNode::update_mirrors] Sending remedial update starting from the beginning going to 89 for query 1
[gazebo-1] ODE Message 2: Trimesh-trimesh contach hash table bucket overflow - close contacts might not be culled in AddContactToNode() [collision_trimesh_trimesh.cpp:224]
  ↑ 같은 줄 9999번 더
[schedule_visualizer_node-4] [INFO] [1786355766.758426424] [schedule_data_node]: Requesting new schedule update because update timed out
[schedule_visualizer_node-4] [INFO] [1786355766.758487754] [schedule_data_node]: [rmf_traffic_ros2::MirrorManager::request_update] Requesting changes for query ID [1] since version [89]
[gazebo-1] ODE Message 2: Trimesh-trimesh contach hash table bucket overflow - close contacts might not be culled in AddContactToNode() [collision_trimesh_trimesh.cpp:224]
  ↑ 같은 줄 9999번 더
[schedule_visualizer_node-4] [INFO] [1786355786.758412413] [schedule_data_node]: Requesting new schedule update because update timed out
[schedule_visualizer_node-4] [INFO] [1786355786.758468393] [schedule_data_node]: [rmf_traffic_ros2::MirrorManager::request_update] Requesting changes for query ID [1] since beginning of recorded history
[gazebo-1] ODE Message 2: Trimesh-trimesh contach hash table bucket overflow - close contacts might not be culled in AddContactToNode() [collision_trimesh_trimesh.cpp:224]
  ↑ 같은 줄 4번 더
[rmf_traffic_schedule-1] [INFO] [1786355786.768172157] [rmf_traffic_schedule_primary]: [ScheduleNode::update_mirrors] Sending remedial update starting from the beginning going to 90 for query 1
[gazebo-1] ODE Message 2: Trimesh-trimesh contach hash table bucket overflow - close contacts might not be culled in AddContactToNode() [collision_trimesh_trimesh.cpp:224]
  ↑ 같은 줄 9999번 더
[schedule_visualizer_node-4] [INFO] [1786355806.768491896] [schedule_data_node]: Requesting new schedule update because update timed out
[schedule_visualizer_node-4] [INFO] [1786355806.768543840] [schedule_data_node]: [rmf_traffic_ros2::MirrorManager::request_update] Requesting changes for query ID [1] since version [90]
[gazebo-1] ODE Message 2: Trimesh-trimesh contach hash table bucket overflow - close contacts might not be culled in AddContactToNode() [collision_trimesh_trimesh.cpp:224]
  ↑ 같은 줄 9999번 더
[schedule_visualizer_node-4] [INFO] [1786355826.768498245] [schedule_data_node]: Requesting new schedule update because update timed out
[schedule_visualizer_node-4] [INFO] [1786355826.768555900] [schedule_data_node]: [rmf_traffic_ros2::MirrorManager::request_update] Requesting changes for query ID [1] since beginning of recorded history
[gazebo-1] ODE Message 2: Trimesh-trimesh contach hash table bucket overflow - close contacts might not be culled in AddContactToNode() [collision_trimesh_trimesh.cpp:224]
  ↑ 같은 줄 4번 더
[rmf_traffic_schedule-1] [INFO] [1786355826.778089810] [rmf_traffic_schedule_primary]: [ScheduleNode::update_mirrors] Sending remedial update starting from the beginning going to 91 for query 1
[gazebo-1] ODE Message 2: Trimesh-trimesh contach hash table bucket overflow - close contacts might not be culled in AddContactToNode() [collision_trimesh_trimesh.cpp:224]
  ↑ 같은 줄 9999번 더
[schedule_visualizer_node-4] [INFO] [1786355846.778359691] [schedule_data_node]: Requesting new schedule update because update timed out
[schedule_visualizer_node-4] [INFO] [1786355846.778410429] [schedule_data_node]: [rmf_traffic_ros2::MirrorManager::request_update] Requesting changes for query ID [1] since version [91]
[gazebo-1] ODE Message 2: Trimesh-trimesh contach hash table bucket overflow - close contacts might not be culled in AddContactToNode() [collision_trimesh_trimesh.cpp:224]
  ↑ 같은 줄 9999번 더
[schedule_visualizer_node-4] [INFO] [1786355866.778366364] [schedule_data_node]: Requesting new schedule update because update timed out
[schedule_visualizer_node-4] [INFO] [1786355866.778422142] [schedule_data_node]: [rmf_traffic_ros2::MirrorManager::request_update] Requesting changes for query ID [1] since beginning of recorded history
[gazebo-1] ODE Message 2: Trimesh-trimesh contach hash table bucket overflow - close contacts might not be culled in AddContactToNode() [collision_trimesh_trimesh.cpp:224]
  ↑ 같은 줄 4번 더
[rmf_traffic_schedule-1] [INFO] [1786355866.788138528] [rmf_traffic_schedule_primary]: [ScheduleNode::update_mirrors] Sending remedial update starting from the beginning going to 91 for query 1
[gazebo-1] ODE Message 2: Trimesh-trimesh contach hash table bucket overflow - close contacts might not be culled in AddContactToNode() [collision_trimesh_trimesh.cpp:224]
  ↑ 같은 줄 9999번 더
[schedule_visualizer_node-4] [INFO] [1786355886.788384544] [schedule_data_node]: Requesting new schedule update because update timed out
[schedule_visualizer_node-4] [INFO] [1786355886.788431223] [schedule_data_node]: [rmf_traffic_ros2::MirrorManager::request_update] Requesting changes for query ID [1] since version [91]
[gazebo-1] ODE Message 2: Trimesh-trimesh contach hash table bucket overflow - close contacts might not be culled in AddContactToNode() [collision_trimesh_trimesh.cpp:224]
  ↑ 같은 줄 9999번 더
[schedule_visualizer_node-4] [INFO] [1786355906.788411422] [schedule_data_node]: Requesting new schedule update because update timed out
[schedule_visualizer_node-4] [INFO] [1786355906.788474032] [schedule_data_node]: [rmf_traffic_ros2::MirrorManager::request_update] Requesting changes for query ID [1] since beginning of recorded history
[gazebo-1] ODE Message 2: Trimesh-trimesh contach hash table bucket overflow - close contacts might not be culled in AddContactToNode() [collision_trimesh_trimesh.cpp:224]
  ↑ 같은 줄 4번 더
[rmf_traffic_schedule-1] [INFO] [1786355906.798149227] [rmf_traffic_schedule_primary]: [ScheduleNode::update_mirrors] Sending remedial update starting from the beginning going to 92 for query 1
[gazebo-1] ODE Message 2: Trimesh-trimesh contach hash table bucket overflow - close contacts might not be culled in AddContactToNode() [collision_trimesh_trimesh.cpp:224]
  ↑ 같은 줄 9994번 더
[schedule_visualizer_node-4] [INFO] [1786355926.798461321] [schedule_data_node]: Requesting new schedule update because update timed out
[schedule_visualizer_node-4] [INFO] [1786355926.798527161] [schedule_data_node]: [rmf_traffic_ros2::MirrorManager::request_update] Requesting changes for query ID [1] since version [92]
[gazebo-1] ODE Message 2: Trimesh-trimesh contach hash table bucket overflow - close contacts might not be culled in AddContactToNode() [collision_trimesh_trimesh.cpp:224]
  ↑ 같은 줄 9999번 더
[schedule_visualizer_node-4] [INFO] [1786355946.798428724] [schedule_data_node]: Requesting new schedule update because update timed out
[schedule_visualizer_node-4] [INFO] [1786355946.798484061] [schedule_data_node]: [rmf_traffic_ros2::MirrorManager::request_update] Requesting changes for query ID [1] since beginning of recorded history
[gazebo-1] ODE Message 2: Trimesh-trimesh contach hash table bucket overflow - close contacts might not be culled in AddContactToNode() [collision_trimesh_trimesh.cpp:224]
  ↑ 같은 줄 4번 더
[rmf_traffic_schedule-1] [INFO] [1786355946.808140944] [rmf_traffic_schedule_primary]: [ScheduleNode::update_mirrors] Sending remedial update starting from the beginning going to 93 for query 1
[gazebo-1] ODE Message 2: Trimesh-trimesh contach hash table bucket overflow - close contacts might not be culled in AddContactToNode() [collision_trimesh_trimesh.cpp:224]
  ↑ 같은 줄 9999번 더
[schedule_visualizer_node-4] [INFO] [1786355966.808474119] [schedule_data_node]: Requesting new schedule update because update timed out
[schedule_visualizer_node-4] [INFO] [1786355966.808538182] [schedule_data_node]: [rmf_traffic_ros2::MirrorManager::request_update] Requesting changes for query ID [1] since version [93]
[gazebo-1] ODE Message 2: Trimesh-trimesh contach hash table bucket overflow - close contacts might not be culled in AddContactToNode() [collision_trimesh_trimesh.cpp:224]
  ↑ 같은 줄 9999번 더
[schedule_visualizer_node-4] [INFO] [1786355986.808479629] [schedule_data_node]: Requesting new schedule update because update timed out
[schedule_visualizer_node-4] [INFO] [1786355986.808558538] [schedule_data_node]: [rmf_traffic_ros2::MirrorManager::request_update] Requesting changes for query ID [1] since beginning of recorded history
[gazebo-1] ODE Message 2: Trimesh-trimesh contach hash table bucket overflow - close contacts might not be culled in AddContactToNode() [collision_trimesh_trimesh.cpp:224]
  ↑ 같은 줄 4번 더
[rmf_traffic_schedule-1] [INFO] [1786355986.818130349] [rmf_traffic_schedule_primary]: [ScheduleNode::update_mirrors] Sending remedial update starting from the beginning going to 93 for query 1
[gazebo-1] ODE Message 2: Trimesh-trimesh contach hash table bucket overflow - close contacts might not be culled in AddContactToNode() [collision_trimesh_trimesh.cpp:224]
  ↑ 같은 줄 9999번 더
[schedule_visualizer_node-4] [INFO] [1786356006.818433589] [schedule_data_node]: Requesting new schedule update because update timed out
[schedule_visualizer_node-4] [INFO] [1786356006.818492571] [schedule_data_node]: [rmf_traffic_ros2::MirrorManager::request_update] Requesting changes for query ID [1] since version [93]
[gazebo-1] ODE Message 2: Trimesh-trimesh contach hash table bucket overflow - close contacts might not be culled in AddContactToNode() [collision_trimesh_trimesh.cpp:224]
  ↑ 같은 줄 9999번 더
[schedule_visualizer_node-4] [INFO] [1786356026.818450703] [schedule_data_node]: Requesting new schedule update because update timed out
[schedule_visualizer_node-4] [INFO] [1786356026.818494386] [schedule_data_node]: [rmf_traffic_ros2::MirrorManager::request_update] Requesting changes for query ID [1] since beginning of recorded history
[gazebo-1] ODE Message 2: Trimesh-trimesh contach hash table bucket overflow - close contacts might not be culled in AddContactToNode() [collision_trimesh_trimesh.cpp:224]
  ↑ 같은 줄 4번 더
[rmf_traffic_schedule-1] [INFO] [1786356026.828119417] [rmf_traffic_schedule_primary]: [ScheduleNode::update_mirrors] Sending remedial update starting from the beginning going to 94 for query 1
[gazebo-1] ODE Message 2: Trimesh-trimesh contach hash table bucket overflow - close contacts might not be culled in AddContactToNode() [collision_trimesh_trimesh.cpp:224]
  ↑ 같은 줄 9999번 더
[schedule_visualizer_node-4] [INFO] [1786356046.828438516] [schedule_data_node]: Requesting new schedule update because update timed out
[schedule_visualizer_node-4] [INFO] [1786356046.828489684] [schedule_data_node]: [rmf_traffic_ros2::MirrorManager::request_update] Requesting changes for query ID [1] since version [94]
[gazebo-1] ODE Message 2: Trimesh-trimesh contach hash table bucket overflow - close contacts might not be culled in AddContactToNode() [collision_trimesh_trimesh.cpp:224]
  ↑ 같은 줄 9999번 더
[schedule_visualizer_node-4] [INFO] [1786356066.828400963] [schedule_data_node]: Requesting new schedule update because update timed out
[schedule_visualizer_node-4] [INFO] [1786356066.828452444] [schedule_data_node]: [rmf_traffic_ros2::MirrorManager::request_update] Requesting changes for query ID [1] since beginning of recorded history
[gazebo-1] ODE Message 2: Trimesh-trimesh contach hash table bucket overflow - close contacts might not be culled in AddContactToNode() [collision_trimesh_trimesh.cpp:224]
  ↑ 같은 줄 4번 더
[rmf_traffic_schedule-1] [INFO] [1786356066.838122931] [rmf_traffic_schedule_primary]: [ScheduleNode::update_mirrors] Sending remedial update starting from the beginning going to 95 for query 1
[gazebo-1] ODE Message 2: Trimesh-trimesh contach hash table bucket overflow - close contacts might not be culled in AddContactToNode() [collision_trimesh_trimesh.cpp:224]
  ↑ 같은 줄 9999번 더
[schedule_visualizer_node-4] [INFO] [1786356086.838367034] [schedule_data_node]: Requesting new schedule update because update timed out
[schedule_visualizer_node-4] [INFO] [1786356086.838414573] [schedule_data_node]: [rmf_traffic_ros2::MirrorManager::request_update] Requesting changes for query ID [1] since version [95]
[gazebo-1] ODE Message 2: Trimesh-trimesh contach hash table bucket overflow - close contacts might not be culled in AddContactToNode() [collision_trimesh_trimesh.cpp:224]
  ↑ 같은 줄 6429번 더
[gazebo-1] [WARN] [1786356099.693280363] [omx_02.controller_manager.hardware_component.system.OMXFSystem]: Trigger read/write called while the previous async trigger is still in progress for hardware interface : 'OMXFSystem'. Failed to trigger read/write cycle!
[gazebo-1] ODE Message 2: Trimesh-trimesh contach hash table bucket overflow - close contacts might not be culled in AddContactToNode() [collision_trimesh_trimesh.cpp:224]
  ↑ 같은 줄 3569번 더
[schedule_visualizer_node-4] [INFO] [1786356106.838406257] [schedule_data_node]: Requesting new schedule update because update timed out
[schedule_visualizer_node-4] [INFO] [1786356106.838473528] [schedule_data_node]: [rmf_traffic_ros2::MirrorManager::request_update] Requesting changes for query ID [1] since beginning of recorded history
[gazebo-1] ODE Message 2: Trimesh-trimesh contach hash table bucket overflow - close contacts might not be culled in AddContactToNode() [collision_trimesh_trimesh.cpp:224]
  ↑ 같은 줄 4번 더
[rmf_traffic_schedule-1] [INFO] [1786356106.848140309] [rmf_traffic_schedule_primary]: [ScheduleNode::update_mirrors] Sending remedial update starting from the beginning going to 95 for query 1
[gazebo-1] ODE Message 2: Trimesh-trimesh contach hash table bucket overflow - close contacts might not be culled in AddContactToNode() [collision_trimesh_trimesh.cpp:224]
  ↑ 같은 줄 9999번 더
[schedule_visualizer_node-4] [INFO] [1786356126.848486740] [schedule_data_node]: Requesting new schedule update because update timed out
[schedule_visualizer_node-4] [INFO] [1786356126.848537808] [schedule_data_node]: [rmf_traffic_ros2::MirrorManager::request_update] Requesting changes for query ID [1] since version [95]
[gazebo-1] ODE Message 2: Trimesh-trimesh contach hash table bucket overflow - close contacts might not be culled in AddContactToNode() [collision_trimesh_trimesh.cpp:224]
  ↑ 같은 줄 9999번 더
[schedule_visualizer_node-4] [INFO] [1786356146.848449818] [schedule_data_node]: Requesting new schedule update because update timed out
[schedule_visualizer_node-4] [INFO] [1786356146.848496790] [schedule_data_node]: [rmf_traffic_ros2::MirrorManager::request_update] Requesting changes for query ID [1] since beginning of recorded history
[gazebo-1] ODE Message 2: Trimesh-trimesh contach hash table bucket overflow - close contacts might not be culled in AddContactToNode() [collision_trimesh_trimesh.cpp:224]
  ↑ 같은 줄 4번 더
[rmf_traffic_schedule-1] [INFO] [1786356146.858230440] [rmf_traffic_schedule_primary]: [ScheduleNode::update_mirrors] Sending remedial update starting from the beginning going to 96 for query 1
[gazebo-1] ODE Message 2: Trimesh-trimesh contach hash table bucket overflow - close contacts might not be culled in AddContactToNode() [collision_trimesh_trimesh.cpp:224]
  ↑ 같은 줄 9999번 더
[schedule_visualizer_node-4] [INFO] [1786356166.858539127] [schedule_data_node]: Requesting new schedule update because update timed out
[schedule_visualizer_node-4] [INFO] [1786356166.858595009] [schedule_data_node]: [rmf_traffic_ros2::MirrorManager::request_update] Requesting changes for query ID [1] since version [96]
[gazebo-1] ODE Message 2: Trimesh-trimesh contach hash table bucket overflow - close contacts might not be culled in AddContactToNode() [collision_trimesh_trimesh.cpp:224]
  ↑ 같은 줄 9999번 더
[schedule_visualizer_node-4] [INFO] [1786356186.858507368] [schedule_data_node]: Requesting new schedule update because update timed out
[schedule_visualizer_node-4] [INFO] [1786356186.858557704] [schedule_data_node]: [rmf_traffic_ros2::MirrorManager::request_update] Requesting changes for query ID [1] since beginning of recorded history
[gazebo-1] ODE Message 2: Trimesh-trimesh contach hash table bucket overflow - close contacts might not be culled in AddContactToNode() [collision_trimesh_trimesh.cpp:224]
  ↑ 같은 줄 4번 더
[rmf_traffic_schedule-1] [INFO] [1786356186.868176700] [rmf_traffic_schedule_primary]: [ScheduleNode::update_mirrors] Sending remedial update starting from the beginning going to 97 for query 1
[gazebo-1] ODE Message 2: Trimesh-trimesh contach hash table bucket overflow - close contacts might not be culled in AddContactToNode() [collision_trimesh_trimesh.cpp:224]
  ↑ 같은 줄 9999번 더
[schedule_visualizer_node-4] [INFO] [1786356206.868573793] [schedule_data_node]: Requesting new schedule update because update timed out
[schedule_visualizer_node-4] [INFO] [1786356206.868643578] [schedule_data_node]: [rmf_traffic_ros2::MirrorManager::request_update] Requesting changes for query ID [1] since version [97]
[gazebo-1] ODE Message 2: Trimesh-trimesh contach hash table bucket overflow - close contacts might not be culled in AddContactToNode() [collision_trimesh_trimesh.cpp:224]
  ↑ 같은 줄 9999번 더
[schedule_visualizer_node-4] [INFO] [1786356226.868508356] [schedule_data_node]: Requesting new schedule update because update timed out
[schedule_visualizer_node-4] [INFO] [1786356226.868558603] [schedule_data_node]: [rmf_traffic_ros2::MirrorManager::request_update] Requesting changes for query ID [1] since beginning of recorded history
[gazebo-1] ODE Message 2: Trimesh-trimesh contach hash table bucket overflow - close contacts might not be culled in AddContactToNode() [collision_trimesh_trimesh.cpp:224]
  ↑ 같은 줄 19번 더
[rmf_traffic_schedule-1] [INFO] [1786356226.878156158] [rmf_traffic_schedule_primary]: [ScheduleNode::update_mirrors] Sending remedial update starting from the beginning going to 97 for query 1
[gazebo-1] ODE Message 2: Trimesh-trimesh contach hash table bucket overflow - close contacts might not be culled in AddContactToNode() [collision_trimesh_trimesh.cpp:224]
  ↑ 같은 줄 9984번 더
[schedule_visualizer_node-4] [INFO] [1786356246.878482102] [schedule_data_node]: Requesting new schedule update because update timed out
[schedule_visualizer_node-4] [INFO] [1786356246.878532937] [schedule_data_node]: [rmf_traffic_ros2::MirrorManager::request_update] Requesting changes for query ID [1] since version [97]
[gazebo-1] ODE Message 2: Trimesh-trimesh contach hash table bucket overflow - close contacts might not be culled in AddContactToNode() [collision_trimesh_trimesh.cpp:224]
  ↑ 같은 줄 9999번 더
[schedule_visualizer_node-4] [INFO] [1786356266.878551936] [schedule_data_node]: Requesting new schedule update because update timed out
[schedule_visualizer_node-4] [INFO] [1786356266.878603606] [schedule_data_node]: [rmf_traffic_ros2::MirrorManager::request_update] Requesting changes for query ID [1] since beginning of recorded history
[gazebo-1] ODE Message 2: Trimesh-trimesh contach hash table bucket overflow - close contacts might not be culled in AddContactToNode() [collision_trimesh_trimesh.cpp:224]
  ↑ 같은 줄 4번 더
[rmf_traffic_schedule-1] [INFO] [1786356266.888257646] [rmf_traffic_schedule_primary]: [ScheduleNode::update_mirrors] Sending remedial update starting from the beginning going to 98 for query 1
[gazebo-1] ODE Message 2: Trimesh-trimesh contach hash table bucket overflow - close contacts might not be culled in AddContactToNode() [collision_trimesh_trimesh.cpp:224]
  ↑ 같은 줄 9999번 더
[schedule_visualizer_node-4] [INFO] [1786356286.888545240] [schedule_data_node]: Requesting new schedule update because update timed out
[schedule_visualizer_node-4] [INFO] [1786356286.888591987] [schedule_data_node]: [rmf_traffic_ros2::MirrorManager::request_update] Requesting changes for query ID [1] since version [98]
[gazebo-1] ODE Message 2: Trimesh-trimesh contach hash table bucket overflow - close contacts might not be culled in AddContactToNode() [collision_trimesh_trimesh.cpp:224]
  ↑ 같은 줄 9999번 더
[schedule_visualizer_node-4] [INFO] [1786356306.888607041] [schedule_data_node]: Requesting new schedule update because update timed out
[schedule_visualizer_node-4] [INFO] [1786356306.888666977] [schedule_data_node]: [rmf_traffic_ros2::MirrorManager::request_update] Requesting changes for query ID [1] since beginning of recorded history
[gazebo-1] ODE Message 2: Trimesh-trimesh contach hash table bucket overflow - close contacts might not be culled in AddContactToNode() [collision_trimesh_trimesh.cpp:224]
  ↑ 같은 줄 4번 더
[rmf_traffic_schedule-1] [INFO] [1786356306.898127899] [rmf_traffic_schedule_primary]: [ScheduleNode::update_mirrors] Sending remedial update starting from the beginning going to 99 for query 1
[gazebo-1] ODE Message 2: Trimesh-trimesh contach hash table bucket overflow - close contacts might not be culled in AddContactToNode() [collision_trimesh_trimesh.cpp:224]
  ↑ 같은 줄 9999번 더
[schedule_visualizer_node-4] [INFO] [1786356326.898376552] [schedule_data_node]: Requesting new schedule update because update timed out
[schedule_visualizer_node-4] [INFO] [1786356326.898426009] [schedule_data_node]: [rmf_traffic_ros2::MirrorManager::request_update] Requesting changes for query ID [1] since version [99]
[gazebo-1] ODE Message 2: Trimesh-trimesh contach hash table bucket overflow - close contacts might not be culled in AddContactToNode() [collision_trimesh_trimesh.cpp:224]
  ↑ 같은 줄 9999번 더
[schedule_visualizer_node-4] [INFO] [1786356346.898407172] [schedule_data_node]: Requesting new schedule update because update timed out
[schedule_visualizer_node-4] [INFO] [1786356346.898465819] [schedule_data_node]: [rmf_traffic_ros2::MirrorManager::request_update] Requesting changes for query ID [1] since beginning of recorded history
[gazebo-1] ODE Message 2: Trimesh-trimesh contach hash table bucket overflow - close contacts might not be culled in AddContactToNode() [collision_trimesh_trimesh.cpp:224]
  ↑ 같은 줄 4번 더
[rmf_traffic_schedule-1] [INFO] [1786356346.908148486] [rmf_traffic_schedule_primary]: [ScheduleNode::update_mirrors] Sending remedial update starting from the beginning going to 99 for query 1
[gazebo-1] ODE Message 2: Trimesh-trimesh contach hash table bucket overflow - close contacts might not be culled in AddContactToNode() [collision_trimesh_trimesh.cpp:224]
  ↑ 같은 줄 9999번 더
[schedule_visualizer_node-4] [INFO] [1786356366.908474262] [schedule_data_node]: Requesting new schedule update because update timed out
[schedule_visualizer_node-4] [INFO] [1786356366.908527007] [schedule_data_node]: [rmf_traffic_ros2::MirrorManager::request_update] Requesting changes for query ID [1] since version [99]
[gazebo-1] ODE Message 2: Trimesh-trimesh contach hash table bucket overflow - close contacts might not be culled in AddContactToNode() [collision_trimesh_trimesh.cpp:224]
  ↑ 같은 줄 9999번 더
[schedule_visualizer_node-4] [INFO] [1786356386.908489220] [schedule_data_node]: Requesting new schedule update because update timed out
[schedule_visualizer_node-4] [INFO] [1786356386.908546134] [schedule_data_node]: [rmf_traffic_ros2::MirrorManager::request_update] Requesting changes for query ID [1] since beginning of recorded history
[gazebo-1] ODE Message 2: Trimesh-trimesh contach hash table bucket overflow - close contacts might not be culled in AddContactToNode() [collision_trimesh_trimesh.cpp:224]
  ↑ 같은 줄 4번 더
[rmf_traffic_schedule-1] [INFO] [1786356386.918098330] [rmf_traffic_schedule_primary]: [ScheduleNode::update_mirrors] Sending remedial update starting from the beginning going to 100 for query 1
[gazebo-1] ODE Message 2: Trimesh-trimesh contach hash table bucket overflow - close contacts might not be culled in AddContactToNode() [collision_trimesh_trimesh.cpp:224]
  ↑ 같은 줄 9999번 더
[schedule_visualizer_node-4] [INFO] [1786356406.918428898] [schedule_data_node]: Requesting new schedule update because update timed out
[schedule_visualizer_node-4] [INFO] [1786356406.918480066] [schedule_data_node]: [rmf_traffic_ros2::MirrorManager::request_update] Requesting changes for query ID [1] since version [100]
[gazebo-1] ODE Message 2: Trimesh-trimesh contach hash table bucket overflow - close contacts might not be culled in AddContactToNode() [collision_trimesh_trimesh.cpp:224]
  ↑ 같은 줄 9999번 더
[schedule_visualizer_node-4] [INFO] [1786356426.918402963] [schedule_data_node]: Requesting new schedule update because update timed out
[schedule_visualizer_node-4] [INFO] [1786356426.918456240] [schedule_data_node]: [rmf_traffic_ros2::MirrorManager::request_update] Requesting changes for query ID [1] since beginning of recorded history
[gazebo-1] ODE Message 2: Trimesh-trimesh contach hash table bucket overflow - close contacts might not be culled in AddContactToNode() [collision_trimesh_trimesh.cpp:224]
  ↑ 같은 줄 4번 더
[rmf_traffic_schedule-1] [INFO] [1786356426.928106015] [rmf_traffic_schedule_primary]: [ScheduleNode::update_mirrors] Sending remedial update starting from the beginning going to 101 for query 1
[gazebo-1] ODE Message 2: Trimesh-trimesh contach hash table bucket overflow - close contacts might not be culled in AddContactToNode() [collision_trimesh_trimesh.cpp:224]
  ↑ 같은 줄 9999번 더
[schedule_visualizer_node-4] [INFO] [1786356446.928393410] [schedule_data_node]: Requesting new schedule update because update timed out
[schedule_visualizer_node-4] [INFO] [1786356446.928451219] [schedule_data_node]: [rmf_traffic_ros2::MirrorManager::request_update] Requesting changes for query ID [1] since version [101]
[gazebo-1] ODE Message 2: Trimesh-trimesh contach hash table bucket overflow - close contacts might not be culled in AddContactToNode() [collision_trimesh_trimesh.cpp:224]
  ↑ 같은 줄 9054번 더
[gazebo-1] [WARN] [1786356465.400237604] [rcl.logging_rosout]: Publisher already registered for node name: 'gz_ros_control'. If this is due to multiple nodes with the same name then all logs for the logger named 'omx_02.gz_ros_control' will go out over the existing publisher. As soon as any node with that name is destructed it will unregister the publisher, preventing any further logs for that name from being published on the rosout topic.
[gazebo-1] [INFO] [1786356465.507528061] [omx_02.gz_ros_control]: [gz_ros2_control] Fixed joint ['world_fixed'] (Entity='108') is skipped.
[gazebo-1] [INFO] [1786356465.551955328] [omx_02.gz_ros_control]: Loading controller_manager
[gazebo-1] [WARN] [1786356465.555013279] [rcl.logging_rosout]: Publisher already registered for node name: 'controller_manager'. If this is due to multiple nodes with the same name then all logs for the logger named 'omx_02.controller_manager' will go out over the existing publisher. As soon as any node with that name is destructed it will unregister the publisher, preventing any further logs for that name from being published on the rosout topic.
[gazebo-1] [INFO] [1786356465.685724727] [omx_02.controller_manager]: Using ROS clock for triggering controller manager cycles.
[gazebo-1] [INFO] [1786356465.728310382] [omx_02.controller_manager]: Subscribing to '/omx_02/robot_description' topic for robot description.
[gazebo-1] [WARN] [1786356465.729012396] [omx_02.gz_ros_control]: Waiting RM to load and initialize hardware...
[gazebo-1] [INFO] [1786356465.739120505] [omx_02.controller_manager]: Received robot description from topic.
[gazebo-1] [INFO] [1786356465.739185918] [omx_02.controller_manager]: Enforcing command limits is disabled. Command limits from URDF will be ignored.
[gazebo-1] [INFO] [1786356465.742973564] [omx_02.gz_ros_control]: The position_proportional_gain has been set to: 0.1
[gazebo-1] [INFO] [1786356465.743063190] [omx_02.gz_ros_control]: Loading joint: joint1
[gazebo-1] [INFO] [1786356465.743073378] [omx_02.gz_ros_control]: 	State:
[gazebo-1] [INFO] [1786356465.743077439] [omx_02.gz_ros_control]: 		 position
[gazebo-1] [INFO] [1786356465.743082223] [omx_02.gz_ros_control]: 		 velocity
[gazebo-1] [INFO] [1786356465.743088477] [omx_02.gz_ros_control]: 	Command:
[gazebo-1] [INFO] [1786356465.743093371] [omx_02.gz_ros_control]: 		 position
[gazebo-1] [INFO] [1786356465.743122763] [omx_02.gz_ros_control]: Loading joint: joint2
[gazebo-1] [INFO] [1786356465.743126229] [omx_02.gz_ros_control]: 	State:
[gazebo-1] [INFO] [1786356465.743130001] [omx_02.gz_ros_control]: 		 position
[gazebo-1] [INFO] [1786356465.743134271] [omx_02.gz_ros_control]: 		 velocity
[gazebo-1] [INFO] [1786356465.743138028] [omx_02.gz_ros_control]: 	Command:
[gazebo-1] [INFO] [1786356465.743142109] [omx_02.gz_ros_control]: 		 position
[gazebo-1] [INFO] [1786356465.743165760] [omx_02.gz_ros_control]: Loading joint: joint3
[gazebo-1] [INFO] [1786356465.743169561] [omx_02.gz_ros_control]: 	State:
[gazebo-1] [INFO] [1786356465.743173403] [omx_02.gz_ros_control]: 		 position
[gazebo-1] [INFO] [1786356465.743177954] [omx_02.gz_ros_control]: 		 velocity
[gazebo-1] [INFO] [1786356465.743181590] [omx_02.gz_ros_control]: 	Command:
[gazebo-1] [INFO] [1786356465.743185423] [omx_02.gz_ros_control]: 		 position
[gazebo-1] [INFO] [1786356465.743212452] [omx_02.gz_ros_control]: Loading joint: joint4
[gazebo-1] [INFO] [1786356465.743216743] [omx_02.gz_ros_control]: 	State:
[gazebo-1] [INFO] [1786356465.743220393] [omx_02.gz_ros_control]: 		 position
[gazebo-1] [INFO] [1786356465.743224294] [omx_02.gz_ros_control]: 		 velocity
[gazebo-1] [INFO] [1786356465.743227625] [omx_02.gz_ros_control]: 	Command:
[gazebo-1] [INFO] [1786356465.743231528] [omx_02.gz_ros_control]: 		 position
[gazebo-1] [INFO] [1786356465.743254589] [omx_02.gz_ros_control]: Loading joint: joint5
[gazebo-1] [INFO] [1786356465.743258959] [omx_02.gz_ros_control]: 	State:
[gazebo-1] [INFO] [1786356465.743262549] [omx_02.gz_ros_control]: 		 position
[gazebo-1] [INFO] [1786356465.743267394] [omx_02.gz_ros_control]: 		 velocity
[gazebo-1] [INFO] [1786356465.743270128] [omx_02.gz_ros_control]: 	Command:
[gazebo-1] [INFO] [1786356465.743272737] [omx_02.gz_ros_control]: 		 position
[gazebo-1] [INFO] [1786356465.743292986] [omx_02.gz_ros_control]: Loading joint: gripper_joint_1
[gazebo-1] [INFO] [1786356465.743297648] [omx_02.gz_ros_control]: 	State:
[gazebo-1] [INFO] [1786356465.743301264] [omx_02.gz_ros_control]: 		 position
[gazebo-1] [INFO] [1786356465.743305228] [omx_02.gz_ros_control]: 		 velocity
[gazebo-1] [INFO] [1786356465.743307835] [omx_02.gz_ros_control]: 	Command:
[gazebo-1] [INFO] [1786356465.743336600] [omx_02.gz_ros_control]: 		 position
[gazebo-1] [INFO] [1786356465.743356666] [omx_02.gz_ros_control]: Loading joint: gripper_joint_2
[gazebo-1] [INFO] [1786356465.743363822] [omx_02.gz_ros_control]: Joint 'gripper_joint_2'is mimicking joint 'gripper_joint_1' with multiplier: -1 and offset: 0
[gazebo-1] [INFO] [1786356465.743368903] [omx_02.gz_ros_control]: 	State:
[gazebo-1] [INFO] [1786356465.743372672] [omx_02.gz_ros_control]: 		 position
[gazebo-1] [INFO] [1786356465.743376621] [omx_02.gz_ros_control]: 		 velocity
[gazebo-1] [INFO] [1786356465.743380719] [omx_02.gz_ros_control]: 		 effort
[gazebo-1] [INFO] [1786356465.743384750] [omx_02.gz_ros_control]: 	Command:
[gazebo-1] [INFO] [1786356465.743428060] [omx_02.controller_manager]: Initialize hardware 'OMXFSystem' 
[gazebo-1] [INFO] [1786356465.743448909] [omx_02.controller_manager.hardware_component.system.OMXFSystem]: Starting async handler with scheduler priority: 50 and policy : synchronized
[gazebo-1] [WARN] [1786356465.743511184] [omx_02.controller_manager.hardware_component.system.OMXFSystem]: Executor is not available during hardware component initialization for 'OMXFSystem'. Skipping node creation!
[gazebo-1] [INFO] [1786356465.743559392] [omx_02.controller_manager]: Successful initialization of hardware 'OMXFSystem'
[gazebo-1] [INFO] [1786356465.743654504] [omx_02.controller_manager]: Activating component 'OMXFSystem'.
[gazebo-1] [INFO] [1786356465.743663534] [resource_manager]: 'configure' hardware 'OMXFSystem' 
[gazebo-1] [INFO] [1786356465.743666586] [omx_02.gz_ros_control]: System Successfully configured!
[gazebo-1] [INFO] [1786356465.743672769] [resource_manager]: Successful 'configure' of hardware 'OMXFSystem'
[gazebo-1] [INFO] [1786356465.743678103] [resource_manager]: 'activate' hardware 'OMXFSystem' 
[gazebo-1] [INFO] [1786356465.743682287] [resource_manager]: Successful 'activate' of hardware 'OMXFSystem'
[gazebo-1] [WARN] [1786356465.743702400] [omx_02.controller_manager]: Component 'OMXFSystem' does not have read or write statistics initialized, skipping registration.
[gazebo-1] [INFO] [1786356465.743709840] [omx_02.controller_manager]: Resource Manager has been successfully initialized. Starting Controller Manager services...
[gazebo-1] [WARN] [1786356465.743781737] [omx_02.controller_manager.hardware_component.system.OMXFSystem]: Could not enable FIFO RT scheduling policy. Consider setting up your user to do FIFO RT scheduling. See [https://control.ros.org/master/doc/ros2_control/controller_manager/doc/userdoc.html] for details.
[gazebo-1] [INFO] [1786356465.767074355] [omx_01.controller_manager]: Configuring controller: 'gripper_controller'
[gazebo-1] [ERROR] [1786356465.767128482] [omx_01.controller_manager]: Controller 'gripper_controller' can not be configured from 'active' state.
[gazebo-1] [INFO] [1786356465.893848102] [omx_01.controller_manager]: Received robot description from topic.
[gazebo-1] [WARN] [1786356465.893891139] [omx_01.controller_manager]: ResourceManager has already loaded a urdf. Ignoring attempt to reload a robot description.
[gazebo-1] [INFO] [1786356465.894175492] [omx_02.controller_manager]: Received robot description from topic.
[gazebo-1] [WARN] [1786356465.894218869] [omx_02.controller_manager]: ResourceManager has already loaded a urdf. Ignoring attempt to reload a robot description.
[gazebo-1] [INFO] [1786356465.894198327] [omx_02.controller_manager]: Received robot description from topic.
[gazebo-1] [WARN] [1786356465.894272771] [omx_02.controller_manager]: ResourceManager has already loaded a urdf. Ignoring attempt to reload a robot description.
[schedule_visualizer_node-4] [INFO] [1786356466.928353095] [schedule_data_node]: Requesting new schedule update because update timed out
[schedule_visualizer_node-4] [INFO] [1786356466.928385328] [schedule_data_node]: [rmf_traffic_ros2::MirrorManager::request_update] Requesting changes for query ID [1] since beginning of recorded history
[rmf_traffic_schedule-1] [INFO] [1786356466.938080393] [rmf_traffic_schedule_primary]: [ScheduleNode::update_mirrors] Sending remedial update starting from the beginning going to 101 for query 1
[gazebo-1] ODE Message 2: Trimesh-trimesh contach hash table bucket overflow - close contacts might not be culled in AddContactToNode() [collision_trimesh_trimesh.cpp:224]
