=== 2026-08-14 18:54:04 project1-ver2 실행 ===
Gazebo 창: true · RViz: false · ROS_DOMAIN_ID: 22
월드에 센서 시스템을 넣었습니다: gz::sim::systems::Sensors, gz::sim::systems::Imu
월드의 충돌 검출기를 bullet 으로 바꿨습니다.
[1/3] Gazebo bringup
[INFO] [launch]: All log files can be found below /home/gyi/.ros/log/2026-08-14-18-54-06-553515-gyi-15UD50T-GX5JK-738041
[INFO] [launch]: Default logging verbosity is set to INFO
[INFO] [gazebo-1]: process started with pid [738175]
[INFO] [gazebo-2]: process started with pid [738176]
[INFO] [robot_state_publisher-3]: process started with pid [738177]
[INFO] [joint_state_publisher-4]: process started with pid [738179]
[INFO] [create-5]: process started with pid [738181]
[INFO] [robot_state_publisher-6]: process started with pid [738182]
[INFO] [create-7]: process started with pid [738183]
[INFO] [spawner-8]: process started with pid [738184]
[INFO] [spawner-9]: process started with pid [738185]
[INFO] [spawner-10]: process started with pid [738186]
[INFO] [robot_state_publisher-11]: process started with pid [738187]
[INFO] [joint_state_publisher-12]: process started with pid [738188]
[INFO] [create-13]: process started with pid [738189]
[INFO] [robot_state_publisher-14]: process started with pid [738190]
[INFO] [create-15]: process started with pid [738195]
[INFO] [spawner-16]: process started with pid [738196]
[INFO] [spawner-17]: process started with pid [738197]
[INFO] [spawner-18]: process started with pid [738206]
[INFO] [parameter_bridge-19]: process started with pid [738207]
[robot_state_publisher-3] [INFO] [1786701249.069493114] [pinky_01.robot_state_publisher]: Robot initialized
[robot_state_publisher-6] [INFO] [1786701249.075180802] [omx_01.robot_state_publisher]: Robot initialized
[create-7] [INFO] [1786701249.095119618] [omx_01.ros_gz_sim]: Requesting list of world names.
[create-5] [INFO] [1786701249.120893377] [pinky_01.ros_gz_sim]: Requesting list of world names.
[create-15] [INFO] [1786701249.133089369] [omx_04.ros_gz_sim]: Requesting list of world names.
[create-13] [INFO] [1786701249.142256648] [pinky_02.ros_gz_sim]: Requesting list of world names.
[robot_state_publisher-14] [INFO] [1786701249.145294914] [omx_04.robot_state_publisher]: Robot initialized
[robot_state_publisher-11] [INFO] [1786701249.157501213] [pinky_02.robot_state_publisher]: Robot initialized
[gazebo-1] [1;33mWarning [Utils.cc:132][0m [/sdf/world[@name="sim_world"]/gui/window:/home/gyi/robosapiens/rmf_maps/project1-ver2/project1-ver2.world:L34]: XML Element[window], child of element[gui], not defined in SDF. Copying[window] as children of [gui].
[gazebo-2] inotify_add_watch(/home/gyi/.config/ibus/bus/59f08e6037ad4e6a8623017e1c5e4353-unix-wayland-0) failed: (No space left on device)
[spawner-10] [INFO] [1786701249.575355403] [omx_01.spawner_gripper_controller]: waiting for service /omx_01/controller_manager/list_controllers to become available...
[gazebo-2] [1;33m[GUI] [Wrn] [Application.cc:908] [0m[1;33m[QT] file:///usr/lib/x86_64-linux-gnu/qt5/qml/QtQuick/Dialogs/DefaultFileDialog.qml:413:17: QML ToolButton: Binding loop detected for property "implicitHeight"[0m[1;33m[0m
[gazebo-2] [1;33m[GUI] [Wrn] [Application.cc:908] [0m[1;33m[QT] file:///usr/lib/x86_64-linux-gnu/qt5/qml/QtQuick/Dialogs/DefaultFileDialog.qml:309:21: QML Button: Binding loop detected for property "implicitHeight"[0m[1;33m[0m
  ↑ 같은 줄 1번 더
[gazebo-2] [1;33m[GUI] [Wrn] [Application.cc:908] [0m[1;33m[QT] file:///usr/lib/x86_64-linux-gnu/qt5/qml/QtQuick/Dialogs/DefaultFileDialog.qml:413:17: QML ToolButton: Binding loop detected for property "implicitHeight"[0m[1;33m[0m
[gazebo-2] [1;33m[GUI] [Wrn] [Application.cc:908] [0m[1;33m[QT] file:///usr/lib/x86_64-linux-gnu/qt5/qml/QtQuick/Dialogs/DefaultFileDialog.qml:309:21: QML Button: Binding loop detected for property "implicitHeight"[0m[1;33m[0m
  ↑ 같은 줄 1번 더
[gazebo-1] [INFO] [1786701249.723736068] [rmf_simulation_door_manager]: Loading DoorManager
[gazebo-2] [1;33m[GUI] [Wrn] [Application.cc:908] [0m[1;33m[QT] file:///usr/lib/x86_64-linux-gnu/qt5/qml/QtQuick/Dialogs/DefaultFileDialog.qml:413:17: QML ToolButton: Binding loop detected for property "implicitHeight"[0m[1;33m[0m
[gazebo-2] [1;33m[GUI] [Wrn] [Application.cc:908] [0m[1;33m[QT] file:///usr/lib/x86_64-linux-gnu/qt5/qml/QtQuick/Dialogs/DefaultFileDialog.qml:309:21: QML Button: Binding loop detected for property "implicitHeight"[0m[1;33m[0m
  ↑ 같은 줄 1번 더
[gazebo-1] [INFO] [1786701249.735648492] [rmf_simulation_lift_manager]: Starting LiftManager
[gazebo-1] [1;33m[Wrn] [SdfEntityCreator.cc:933] [0m[1;33mGazebo does not support Ogre material scripts. See [0m[1;33mhttps://gazebosim.org/api/sim/8/migrationsdf.html#:~:text=Materials [0m[1;33mfor details.[0m[1;33m[0m
[gazebo-1] [1;33m[Wrn] [SdfEntityCreator.cc:939] [0m[1;33mCustom material scripts are not supported.[0m[1;33m[0m
[gazebo-1] [1;33m[Wrn] [SdfEntityCreator.cc:933] [0m[1;33mGazebo does not support Ogre material scripts. See [0m[1;33mhttps://gazebosim.org/api/sim/8/migrationsdf.html#:~:text=Materials [0m[1;33mfor details.[0m[1;33m[0m
[gazebo-1] [1;33m[Wrn] [SdfEntityCreator.cc:939] [0m[1;33mCustom material scripts are not supported.[0m[1;33m[0m
[joint_state_publisher-4] [INFO] [1786701249.753728298] [pinky_01.joint_state_publisher]: Waiting for robot_description to be published on the robot_description topic...
[joint_state_publisher-12] [INFO] [1786701249.757404924] [pinky_02.joint_state_publisher]: Waiting for robot_description to be published on the robot_description topic...
[joint_state_publisher-4] [INFO] [1786701249.857824669] [pinky_01.joint_state_publisher]: Got description, configuring robot
[create-15] [INFO] [1786701249.945232177] [omx_04.ros_gz_sim]: Waiting messages on topic [robot_description].
[create-5] [INFO] [1786701250.045346500] [pinky_01.ros_gz_sim]: Waiting messages on topic [/pinky_01/robot_description].
[parameter_bridge-19] [INFO] [1786701250.114711130] [gz_bridge]: Creating GZ->ROS Bridge: [/clock (gz.msgs.Clock) -> /clock (rosgraph_msgs/msg/Clock)] (Lazy 0)
[parameter_bridge-19] [INFO] [1786701250.116008701] [gz_bridge]: Creating GZ->ROS Bridge: [/tf (gz.msgs.Pose_V) -> /tf (tf2_msgs/msg/TFMessage)] (Lazy 0)
[parameter_bridge-19] [INFO] [1786701250.118276130] [gz_bridge]: Creating GZ->ROS Bridge: [/pinky_01/odom (gz.msgs.Odometry) -> /pinky_01/odom (nav_msgs/msg/Odometry)] (Lazy 0)
[parameter_bridge-19] [INFO] [1786701250.120647971] [gz_bridge]: Creating ROS->GZ Bridge: [/pinky_01/cmd_vel_smoothed (geometry_msgs/msg/Twist) -> /pinky_01/cmd_vel (gz.msgs.Twist)] (Lazy 0)
[parameter_bridge-19] [INFO] [1786701250.121741579] [gz_bridge]: Creating GZ->ROS Bridge: [/pinky_01/scan (gz.msgs.LaserScan) -> /pinky_01/scan (sensor_msgs/msg/LaserScan)] (Lazy 0)
[parameter_bridge-19] [INFO] [1786701250.123814328] [gz_bridge]: Creating GZ->ROS Bridge: [/pinky_01/joint_states (gz.msgs.Model) -> /pinky_01/joint_states (sensor_msgs/msg/JointState)] (Lazy 0)
[parameter_bridge-19] [INFO] [1786701250.124779827] [gz_bridge]: Creating GZ->ROS Bridge: [/pinky_01/imu_raw (gz.msgs.IMU) -> /pinky_01/imu_raw (sensor_msgs/msg/Imu)] (Lazy 0)
[parameter_bridge-19] [INFO] [1786701250.125695141] [gz_bridge]: Creating GZ->ROS Bridge: [/pinky_02/odom (gz.msgs.Odometry) -> /pinky_02/odom (nav_msgs/msg/Odometry)] (Lazy 0)
[parameter_bridge-19] [INFO] [1786701250.126377126] [gz_bridge]: Creating ROS->GZ Bridge: [/pinky_02/cmd_vel_smoothed (geometry_msgs/msg/Twist) -> /pinky_02/cmd_vel (gz.msgs.Twist)] (Lazy 0)
[parameter_bridge-19] [INFO] [1786701250.126910123] [gz_bridge]: Creating GZ->ROS Bridge: [/pinky_02/scan (gz.msgs.LaserScan) -> /pinky_02/scan (sensor_msgs/msg/LaserScan)] (Lazy 0)
[parameter_bridge-19] [INFO] [1786701250.127469027] [gz_bridge]: Creating GZ->ROS Bridge: [/pinky_02/joint_states (gz.msgs.Model) -> /pinky_02/joint_states (sensor_msgs/msg/JointState)] (Lazy 0)
[parameter_bridge-19] [INFO] [1786701250.128247584] [gz_bridge]: Creating GZ->ROS Bridge: [/pinky_02/imu_raw (gz.msgs.IMU) -> /pinky_02/imu_raw (sensor_msgs/msg/Imu)] (Lazy 0)
[create-7] [INFO] [1786701250.145425562] [omx_01.ros_gz_sim]: Waiting messages on topic [robot_description].
[create-5] [INFO] [1786701250.244341867] [pinky_01.ros_gz_sim]: Entity creation successful.
[create-15] [INFO] [1786701250.244429121] [omx_04.ros_gz_sim]: Entity creation successful.
[create-7] [INFO] [1786701250.244471153] [omx_01.ros_gz_sim]: Entity creation successful.
[create-13] [INFO] [1786701250.245882567] [pinky_02.ros_gz_sim]: Waiting messages on topic [/pinky_02/robot_description].
[INFO] [create-15]: process has finished cleanly [pid 738195]
[create-13] [INFO] [1786701250.355196064] [pinky_02.ros_gz_sim]: Entity creation successful.
[INFO] [create-5]: process has finished cleanly [pid 738181]
[INFO] [create-7]: process has finished cleanly [pid 738183]
[INFO] [create-13]: process has finished cleanly [pid 738189]
[gazebo-2] [1;33m[GUI] [Wrn] [Application.cc:908] [0m[1;33m[QT] file:///usr/lib/x86_64-linux-gnu/qt5/qml/QtQuick/Dialogs/DefaultFileDialog.qml:413:17: QML ToolButton: Binding loop detected for property "implicitHeight"[0m[1;33m[0m
[gazebo-2] [1;33m[GUI] [Wrn] [Application.cc:908] [0m[1;33m[QT] file:///usr/lib/x86_64-linux-gnu/qt5/qml/QtQuick/Dialogs/DefaultFileDialog.qml:309:21: QML Button: Binding loop detected for property "implicitHeight"[0m[1;33m[0m
  ↑ 같은 줄 1번 더
[gazebo-2] [1;33m[GUI] [Wrn] [Application.cc:908] [0m[1;33m[QT] file::/ComponentInspector/ComponentInspector.qml:251:3: QML Dialog: Binding loop detected for property "implicitHeight"[0m[1;33m[0m
[gazebo-2] [1;33m[GUI] [Wrn] [Application.cc:908] [0m[1;33m[QT] file:///usr/lib/x86_64-linux-gnu/qt5/qml/QtQuick/Dialogs/DefaultFileDialog.qml:413:17: QML ToolButton: Binding loop detected for property "implicitHeight"[0m[1;33m[0m
[gazebo-2] [1;33m[GUI] [Wrn] [Application.cc:908] [0m[1;33m[QT] file:///usr/lib/x86_64-linux-gnu/qt5/qml/QtQuick/Dialogs/DefaultFileDialog.qml:309:21: QML Button: Binding loop detected for property "implicitHeight"[0m[1;33m[0m
  ↑ 같은 줄 1번 더
[gazebo-2] [1;33m[GUI] [Wrn] [Application.cc:908] [0m[1;33m[QT] file::/toggle_floors/toggle_floors.qml:40: ReferenceError: qfloors is not defined[0m[1;33m[0m
[gazebo-2] [1;33m[GUI] [Wrn] [Application.cc:908] [0m[1;33m[QT] file::/WorldStats/WorldStats.qml:53:3: QML RowLayout: Binding loop detected for property "x"[0m[1;33m[0m
[gazebo-2] [1;33m[GUI] [Wrn] [toggle_floors.cpp:221] [0m[1;33mNode for [0m[1;33mproject1-ver2_L1[0m[1;33mwas not found[0m[1;33m[0m
[gazebo-1] [INFO] [1786701251.329654556] [omx_04.gz_ros_control]: [gz_ros2_control] Fixed joint ['world_fixed'] (Entity='38') is skipped.
[gazebo-1] [INFO] [1786701251.333174014] [omx_04.gz_ros_control]: Loading controller_manager
[gazebo-1] [INFO] [1786701251.354389269] [omx_04.controller_manager]: Using ROS clock for triggering controller manager cycles.
[gazebo-1] [INFO] [1786701251.357972002] [omx_04.controller_manager]: Subscribing to '/omx_04/robot_description' topic for robot description.
[gazebo-1] [WARN] [1786701251.359976512] [omx_04.gz_ros_control]: Waiting RM to load and initialize hardware...
[gazebo-1] [INFO] [1786701251.368400440] [omx_04.controller_manager]: Received robot description from topic.
[gazebo-1] [INFO] [1786701251.368443512] [omx_04.controller_manager]: Enforcing command limits is disabled. Command limits from URDF will be ignored.
[gazebo-1] [INFO] [1786701251.373552566] [omx_04.gz_ros_control]: The position_proportional_gain has been set to: 0.1
[gazebo-1] [INFO] [1786701251.373619863] [omx_04.gz_ros_control]: Loading joint: joint1
[gazebo-1] [INFO] [1786701251.373625595] [omx_04.gz_ros_control]: 	State:
[gazebo-1] [INFO] [1786701251.373630054] [omx_04.gz_ros_control]: 		 position
[gazebo-1] [INFO] [1786701251.373637254] [omx_04.gz_ros_control]: 		 velocity
[gazebo-1] [INFO] [1786701251.373642595] [omx_04.gz_ros_control]: 		 effort
[gazebo-1] [INFO] [1786701251.373645677] [omx_04.gz_ros_control]: 	Command:
[gazebo-1] [INFO] [1786701251.373647591] [omx_04.gz_ros_control]: 		 position
[gazebo-1] [INFO] [1786701251.373657723] [omx_04.gz_ros_control]: Loading joint: joint2
[gazebo-1] [INFO] [1786701251.373659803] [omx_04.gz_ros_control]: 	State:
[gazebo-1] [INFO] [1786701251.373661622] [omx_04.gz_ros_control]: 		 position
[gazebo-1] [INFO] [1786701251.373663485] [omx_04.gz_ros_control]: 		 velocity
[gazebo-1] [INFO] [1786701251.373665812] [omx_04.gz_ros_control]: 		 effort
[gazebo-1] [INFO] [1786701251.373667596] [omx_04.gz_ros_control]: 	Command:
[gazebo-1] [INFO] [1786701251.373669276] [omx_04.gz_ros_control]: 		 position
[gazebo-1] [INFO] [1786701251.373676462] [omx_04.gz_ros_control]: Loading joint: joint3
[gazebo-1] [INFO] [1786701251.373678359] [omx_04.gz_ros_control]: 	State:
[gazebo-1] [INFO] [1786701251.373680139] [omx_04.gz_ros_control]: 		 position
[gazebo-1] [INFO] [1786701251.373681824] [omx_04.gz_ros_control]: 		 velocity
[gazebo-1] [INFO] [1786701251.373683527] [omx_04.gz_ros_control]: 		 effort
[gazebo-1] [INFO] [1786701251.373686095] [omx_04.gz_ros_control]: 	Command:
[gazebo-1] [INFO] [1786701251.373687748] [omx_04.gz_ros_control]: 		 position
[gazebo-1] [INFO] [1786701251.373693102] [omx_04.gz_ros_control]: Loading joint: joint4
[gazebo-1] [INFO] [1786701251.373695019] [omx_04.gz_ros_control]: 	State:
[gazebo-1] [INFO] [1786701251.373696812] [omx_04.gz_ros_control]: 		 position
[gazebo-1] [INFO] [1786701251.373698578] [omx_04.gz_ros_control]: 		 velocity
[gazebo-1] [INFO] [1786701251.373700258] [omx_04.gz_ros_control]: 		 effort
[gazebo-1] [INFO] [1786701251.373701971] [omx_04.gz_ros_control]: 	Command:
[gazebo-1] [INFO] [1786701251.373703688] [omx_04.gz_ros_control]: 		 position
[gazebo-1] [INFO] [1786701251.373709059] [omx_04.gz_ros_control]: Loading joint: gripper_left_joint
[gazebo-1] [INFO] [1786701251.373711281] [omx_04.gz_ros_control]: 	State:
[gazebo-1] [INFO] [1786701251.373713033] [omx_04.gz_ros_control]: 		 position
[gazebo-1] [INFO] [1786701251.373714954] [omx_04.gz_ros_control]: 		 velocity
[gazebo-1] [INFO] [1786701251.373716749] [omx_04.gz_ros_control]: 		 effort
[gazebo-1] [INFO] [1786701251.373718493] [omx_04.gz_ros_control]: 	Command:
[gazebo-1] [INFO] [1786701251.373720136] [omx_04.gz_ros_control]: 		 position
[gazebo-1] [INFO] [1786701251.373727998] [omx_04.gz_ros_control]: Loading joint: gripper_right_joint
[gazebo-1] [INFO] [1786701251.373731205] [omx_04.gz_ros_control]: Joint 'gripper_right_joint'is mimicking joint 'gripper_left_joint' with multiplier: 1 and offset: 0
[gazebo-1] [INFO] [1786701251.373733705] [omx_04.gz_ros_control]: 	State:
[gazebo-1] [INFO] [1786701251.373735359] [omx_04.gz_ros_control]: 		 position
[gazebo-1] [INFO] [1786701251.373737162] [omx_04.gz_ros_control]: 		 velocity
[gazebo-1] [INFO] [1786701251.373740559] [omx_04.gz_ros_control]: 		 effort
[gazebo-1] [INFO] [1786701251.373742349] [omx_04.gz_ros_control]: 	Command:
[gazebo-1] [INFO] [1786701251.373836768] [omx_04.controller_manager]: Initialize hardware 'OpenManipulatorXSystem' 
[gazebo-1] [WARN] [1786701251.373884344] [omx_04.controller_manager.hardware_component.system.OpenManipulatorXSystem]: Executor is not available during hardware component initialization for 'OpenManipulatorXSystem'. Skipping node creation!
[gazebo-1] [INFO] [1786701251.373950396] [omx_04.controller_manager]: Successful initialization of hardware 'OpenManipulatorXSystem'
[gazebo-1] [INFO] [1786701251.374049348] [omx_04.controller_manager]: Activating component 'OpenManipulatorXSystem'.
[gazebo-1] [INFO] [1786701251.374056987] [resource_manager]: 'configure' hardware 'OpenManipulatorXSystem' 
[gazebo-1] [INFO] [1786701251.374061284] [omx_04.gz_ros_control]: System Successfully configured!
[gazebo-1] [INFO] [1786701251.374064791] [resource_manager]: Successful 'configure' of hardware 'OpenManipulatorXSystem'
[gazebo-1] [INFO] [1786701251.374070128] [resource_manager]: 'activate' hardware 'OpenManipulatorXSystem' 
[gazebo-1] [INFO] [1786701251.374081149] [resource_manager]: Successful 'activate' of hardware 'OpenManipulatorXSystem'
[gazebo-1] [WARN] [1786701251.374143288] [omx_04.controller_manager]: Component 'OpenManipulatorXSystem' does not have read or write statistics initialized, skipping registration.
[gazebo-1] [INFO] [1786701251.374149478] [omx_04.controller_manager]: Resource Manager has been successfully initialized. Starting Controller Manager services...
[gazebo-1] [1;33mWarning [Utils.cc:132][0m [/sdf/model[@name="pinky"]/link[@name="base_footprint"]/sensor[@name="pinky_01/camera"]/gz_frame_id:<urdf-string>:L0]: XML Element[gz_frame_id], child of element[sensor], not defined in SDF. Copying[gz_frame_id] as children of [sensor].
[gazebo-1] [1;33mWarning [Utils.cc:132][0m [/sdf/model[@name="pinky"]/link[@name="base_footprint"]/sensor[@name="pinky_01/imu"]/gz_frame_id:<urdf-string>:L0]: XML Element[gz_frame_id], child of element[sensor], not defined in SDF. Copying[gz_frame_id] as children of [sensor].
[gazebo-1] [1;33mWarning [Utils.cc:132][0m [/sdf/model[@name="pinky"]/link[@name="base_footprint"]/sensor[@name="pinky_01/gpu_lidar"]/gz_frame_id:<urdf-string>:L0]: XML Element[gz_frame_id], child of element[sensor], not defined in SDF. Copying[gz_frame_id] as children of [sensor].
[gazebo-1] [INFO] [1786701253.451120275] [omx_01.gz_ros_control]: [gz_ros2_control] Fixed joint ['world_fixed'] (Entity='103') is skipped.
[joint_state_publisher-12] [INFO] [1786701253.455277002] [pinky_02.joint_state_publisher]: Got description, configuring robot
[gazebo-1] [INFO] [1786701253.457045921] [omx_01.gz_ros_control]: Loading controller_manager
[gazebo-1] [INFO] [1786701253.485424329] [omx_01.controller_manager]: Using ROS clock for triggering controller manager cycles.
[gazebo-1] [INFO] [1786701253.486495238] [omx_01.controller_manager]: Subscribing to '/omx_01/robot_description' topic for robot description.
[gazebo-1] [WARN] [1786701253.487119333] [omx_01.gz_ros_control]: Waiting RM to load and initialize hardware...
[gazebo-1] [INFO] [1786701253.496824152] [omx_01.controller_manager]: Received robot description from topic.
[gazebo-1] [INFO] [1786701253.496868845] [omx_01.controller_manager]: Enforcing command limits is disabled. Command limits from URDF will be ignored.
[gazebo-1] [INFO] [1786701253.498928042] [omx_01.gz_ros_control]: The position_proportional_gain has been set to: 0.1
[gazebo-1] [INFO] [1786701253.498964448] [omx_01.gz_ros_control]: Loading joint: joint1
[gazebo-1] [INFO] [1786701253.498968664] [omx_01.gz_ros_control]: 	State:
[gazebo-1] [INFO] [1786701253.498971552] [omx_01.gz_ros_control]: 		 position
[gazebo-1] [INFO] [1786701253.498974682] [omx_01.gz_ros_control]: 		 velocity
[gazebo-1] [INFO] [1786701253.498978278] [omx_01.gz_ros_control]: 		 effort
[gazebo-1] [INFO] [1786701253.498981401] [omx_01.gz_ros_control]: 	Command:
[gazebo-1] [INFO] [1786701253.498983390] [omx_01.gz_ros_control]: 		 position
[gazebo-1] [INFO] [1786701253.498994719] [omx_01.gz_ros_control]: Loading joint: joint2
[gazebo-1] [INFO] [1786701253.498996845] [omx_01.gz_ros_control]: 	State:
[gazebo-1] [INFO] [1786701253.498998821] [omx_01.gz_ros_control]: 		 position
[gazebo-1] [INFO] [1786701253.499000818] [omx_01.gz_ros_control]: 		 velocity
[gazebo-1] [INFO] [1786701253.499002971] [omx_01.gz_ros_control]: 		 effort
[gazebo-1] [INFO] [1786701253.499004797] [omx_01.gz_ros_control]: 	Command:
[gazebo-1] [INFO] [1786701253.499006473] [omx_01.gz_ros_control]: 		 position
[gazebo-1] [INFO] [1786701253.499013217] [omx_01.gz_ros_control]: Loading joint: joint3
[gazebo-1] [INFO] [1786701253.499015156] [omx_01.gz_ros_control]: 	State:
[gazebo-1] [INFO] [1786701253.499016864] [omx_01.gz_ros_control]: 		 position
[gazebo-1] [INFO] [1786701253.499018750] [omx_01.gz_ros_control]: 		 velocity
[gazebo-1] [INFO] [1786701253.499020518] [omx_01.gz_ros_control]: 		 effort
[gazebo-1] [INFO] [1786701253.499022867] [omx_01.gz_ros_control]: 	Command:
[gazebo-1] [INFO] [1786701253.499024547] [omx_01.gz_ros_control]: 		 position
[gazebo-1] [INFO] [1786701253.499030668] [omx_01.gz_ros_control]: Loading joint: joint4
[gazebo-1] [INFO] [1786701253.499032523] [omx_01.gz_ros_control]: 	State:
[gazebo-1] [INFO] [1786701253.499034275] [omx_01.gz_ros_control]: 		 position
[gazebo-1] [INFO] [1786701253.499036049] [omx_01.gz_ros_control]: 		 velocity
[gazebo-1] [INFO] [1786701253.499037794] [omx_01.gz_ros_control]: 		 effort
[gazebo-1] [INFO] [1786701253.499039469] [omx_01.gz_ros_control]: 	Command:
[gazebo-1] [INFO] [1786701253.499041347] [omx_01.gz_ros_control]: 		 position
[gazebo-1] [INFO] [1786701253.499047700] [omx_01.gz_ros_control]: Loading joint: gripper_left_joint
[gazebo-1] [INFO] [1786701253.499066752] [omx_01.gz_ros_control]: 	State:
[gazebo-1] [INFO] [1786701253.499068791] [omx_01.gz_ros_control]: 		 position
[gazebo-1] [INFO] [1786701253.499070713] [omx_01.gz_ros_control]: 		 velocity
[gazebo-1] [INFO] [1786701253.499072723] [omx_01.gz_ros_control]: 		 effort
[gazebo-1] [INFO] [1786701253.499074533] [omx_01.gz_ros_control]: 	Command:
[gazebo-1] [INFO] [1786701253.499076213] [omx_01.gz_ros_control]: 		 position
[gazebo-1] [INFO] [1786701253.499084354] [omx_01.gz_ros_control]: Loading joint: gripper_right_joint
[gazebo-1] [INFO] [1786701253.499087662] [omx_01.gz_ros_control]: Joint 'gripper_right_joint'is mimicking joint 'gripper_left_joint' with multiplier: 1 and offset: 0
[gazebo-1] [INFO] [1786701253.499090212] [omx_01.gz_ros_control]: 	State:
[gazebo-1] [INFO] [1786701253.499092172] [omx_01.gz_ros_control]: 		 position
[gazebo-1] [INFO] [1786701253.499093956] [omx_01.gz_ros_control]: 		 velocity
[gazebo-1] [INFO] [1786701253.499097842] [omx_01.gz_ros_control]: 		 effort
[gazebo-1] [INFO] [1786701253.499099738] [omx_01.gz_ros_control]: 	Command:
[gazebo-1] [INFO] [1786701253.499114819] [omx_01.gz_ros_control]: Loading sensor: pinky_01/imu
[gazebo-1] [INFO] [1786701253.499119607] [omx_01.gz_ros_control]: 	State:
[gazebo-1] [WARN] [1786701253.499121961] [omx_01.gz_ros_control]: IMU sensor 'pinky_01/imu' not found in hardware_info, skipping.
[gazebo-1] [INFO] [1786701253.499145497] [omx_01.controller_manager]: Initialize hardware 'OpenManipulatorXSystem' 
[gazebo-1] [WARN] [1786701253.499153736] [omx_01.controller_manager.hardware_component.system.OpenManipulatorXSystem]: Executor is not available during hardware component initialization for 'OpenManipulatorXSystem'. Skipping node creation!
[gazebo-1] [INFO] [1786701253.499184094] [omx_01.controller_manager]: Successful initialization of hardware 'OpenManipulatorXSystem'
[gazebo-1] [INFO] [1786701253.499244573] [omx_01.controller_manager]: Activating component 'OpenManipulatorXSystem'.
[gazebo-1] [INFO] [1786701253.499248378] [resource_manager]: 'configure' hardware 'OpenManipulatorXSystem' 
[gazebo-1] [INFO] [1786701253.499249913] [omx_01.gz_ros_control]: System Successfully configured!
[gazebo-1] [INFO] [1786701253.499252562] [resource_manager]: Successful 'configure' of hardware 'OpenManipulatorXSystem'
[gazebo-1] [INFO] [1786701253.499255947] [resource_manager]: 'activate' hardware 'OpenManipulatorXSystem' 
[gazebo-1] [INFO] [1786701253.499258432] [resource_manager]: Successful 'activate' of hardware 'OpenManipulatorXSystem'
[gazebo-1] [WARN] [1786701253.499273651] [omx_01.controller_manager]: Component 'OpenManipulatorXSystem' does not have read or write statistics initialized, skipping registration.
[gazebo-1] [INFO] [1786701253.499277265] [omx_01.controller_manager]: Resource Manager has been successfully initialized. Starting Controller Manager services...
[gazebo-1] [INFO] [1786701253.581518055] [omx_01.controller_manager]: Loading controller : 'gripper_controller' of type 'position_controllers/GripperActionController'
[gazebo-1] [INFO] [1786701253.581564450] [omx_01.controller_manager]: Loading controller 'gripper_controller'
[gazebo-1] [INFO] [1786701253.588544323] [omx_01.controller_manager]: Controller 'gripper_controller' node arguments: --ros-args --params-file /home/gyi/robosapiens/robot_model/open_manipulator/install/open_manipulator_bringup/share/open_manipulator_bringup/config/open_manipulator_x/hardware_controller_manager.yaml -p use_sim_time:=true --param use_sim_time:=true 
[gazebo-1] [WARN] [1786701253.607185999] [omx_01.gripper_controller]: [Deprecated]: the `position_controllers/GripperActionController` and `effort_controllers::GripperActionController` controllers are replaced by 'parallel_gripper_controllers/GripperActionController' controller
[spawner-10] [INFO] [1786701253.609875172] [omx_01.spawner_gripper_controller]: Loaded gripper_controller
[gazebo-1] [INFO] [1786701253.611708741] [omx_01.controller_manager]: Configuring controller: 'gripper_controller'
[gazebo-1] [INFO] [1786701253.611934831] [omx_01.gripper_controller]: Action status changes will be monitored at 20.000000 Hz.
[gazebo-1] [INFO] [1786701253.614554336] [omx_01.controller_manager]: Activating controllers: [ gripper_controller ]
[gazebo-1] [1;33mWarning [Utils.cc:132][0m [/sdf/model[@name="pinky"]/link[@name="base_footprint"]/sensor[@name="pinky_02/camera"]/gz_frame_id:<urdf-string>:L0]: XML Element[gz_frame_id], child of element[sensor], not defined in SDF. Copying[gz_frame_id] as children of [sensor].
[gazebo-1] [1;33mWarning [Utils.cc:132][0m [/sdf/model[@name="pinky"]/link[@name="base_footprint"]/sensor[@name="pinky_02/imu"]/gz_frame_id:<urdf-string>:L0]: XML Element[gz_frame_id], child of element[sensor], not defined in SDF. Copying[gz_frame_id] as children of [sensor].
[gazebo-1] [1;33mWarning [Utils.cc:132][0m [/sdf/model[@name="pinky"]/link[@name="base_footprint"]/sensor[@name="pinky_02/gpu_lidar"]/gz_frame_id:<urdf-string>:L0]: XML Element[gz_frame_id], child of element[sensor], not defined in SDF. Copying[gz_frame_id] as children of [sensor].
[gazebo-1] [1;31m[Err] [Physics.cc:1808] [0m[1;31mAttempting to create a mimic constraint for joint [[0m[1;31mgripper_right_joint[0m[1;31m] but the chosen physics engine does not support [0m[1;31mmimic constraints, so no constraint will be [0m[1;31mcreated.[0m[1;31m[0m
[gazebo-1] [1;33m[Wrn] [Component.hh:144] [0m[1;33mTrying to serialize component with data type [[0m[1;33mN2gz3sim11ChargerDataE[0m[1;33m], which doesn't have [0m[1;33m`operator<<`. Component will not be serialized.[0m[1;33m[0m
[gazebo-2] [1;33m[GUI] [Wrn] [EntityComponentManager.cc:1930] [0m[1;33mComponent type [[0m[1;33m1728988591536574887[0m[1;33m] has not been [0m[1;33mregistered in this process, so it can't be deserialized.[0m[1;33m[0m
[gazebo-1] [INFO] [1786701255.852766838] [omx_01.controller_manager]: Successfully switched controllers!
[gazebo-2] [1;33mWarning [Utils.cc:132][0m [/sdf/model[@name="pinky"]/link[@name="base_footprint"]/sensor[@name="pinky_01/camera"]/gz_frame_id:<data-string>:L122]: XML Element[gz_frame_id], child of element[sensor], not defined in SDF. Copying[gz_frame_id] as children of [sensor].
[gazebo-2] [1;33mWarning [Utils.cc:132][0m [/sdf/model[@name="pinky"]/link[@name="base_footprint"]/sensor[@name="pinky_01/imu"]/gz_frame_id:<data-string>:L131]: XML Element[gz_frame_id], child of element[sensor], not defined in SDF. Copying[gz_frame_id] as children of [sensor].
[gazebo-2] [1;33mWarning [Utils.cc:132][0m [/sdf/model[@name="pinky"]/link[@name="base_footprint"]/sensor[@name="pinky_01/gpu_lidar"]/gz_frame_id:<data-string>:L165]: XML Element[gz_frame_id], child of element[sensor], not defined in SDF. Copying[gz_frame_id] as children of [sensor].
[gazebo-2] [1;33mWarning [Utils.cc:132][0m [/sdf/model[@name="pinky"]/link[@name="base_footprint"]/sensor[@name="pinky_02/camera"]/gz_frame_id:<data-string>:L122]: XML Element[gz_frame_id], child of element[sensor], not defined in SDF. Copying[gz_frame_id] as children of [sensor].
[gazebo-2] [1;33mWarning [Utils.cc:132][0m [/sdf/model[@name="pinky"]/link[@name="base_footprint"]/sensor[@name="pinky_02/imu"]/gz_frame_id:<data-string>:L131]: XML Element[gz_frame_id], child of element[sensor], not defined in SDF. Copying[gz_frame_id] as children of [sensor].
[gazebo-2] [1;33mWarning [Utils.cc:132][0m [/sdf/model[@name="pinky"]/link[@name="base_footprint"]/sensor[@name="pinky_02/gpu_lidar"]/gz_frame_id:<data-string>:L165]: XML Element[gz_frame_id], child of element[sensor], not defined in SDF. Copying[gz_frame_id] as children of [sensor].
[spawner-10] [INFO] [1786701256.000700364] [omx_01.spawner_gripper_controller]: Configured and activated gripper_controller
[spawner-18] [INFO] [1786701256.084265248] [omx_04.spawner_gripper_controller]: waiting for service /omx_04/controller_manager/list_controllers to become available...
[INFO] [spawner-10]: process has finished cleanly [pid 738186]
[gazebo-1] [1;33m[Wrn] [Ogre2Camera.cc:423] [0m[1;33mOgre2Camera::SetVisibilityMask: Mask bits [0m[1;33mc0000000[0m[1;33m are set but will be ignored as they conflict with the [0m[1;33mreserved bits used internally by the ogre2 backend.[0m[1;33m[0m
  ↑ 같은 줄 1번 더
[gazebo-1] [INFO] [1786701257.030390360] [omx_04.controller_manager]: Loading controller : 'gripper_controller' of type 'position_controllers/GripperActionController'
[gazebo-1] [INFO] [1786701257.030442783] [omx_04.controller_manager]: Loading controller 'gripper_controller'
[gazebo-1] [INFO] [1786701257.031420495] [omx_04.controller_manager]: Controller 'gripper_controller' node arguments: --ros-args --params-file /home/gyi/robosapiens/robot_model/open_manipulator/install/open_manipulator_bringup/share/open_manipulator_bringup/config/open_manipulator_x/hardware_controller_manager.yaml -p use_sim_time:=true --param use_sim_time:=true 
[gazebo-1] [WARN] [1786701257.044691290] [omx_04.gripper_controller]: [Deprecated]: the `position_controllers/GripperActionController` and `effort_controllers::GripperActionController` controllers are replaced by 'parallel_gripper_controllers/GripperActionController' controller
[spawner-18] [INFO] [1786701257.072140534] [omx_04.spawner_gripper_controller]: Loaded gripper_controller
[gazebo-1] [INFO] [1786701257.073457427] [omx_04.controller_manager]: Configuring controller: 'gripper_controller'
[gazebo-1] [INFO] [1786701257.073513073] [omx_04.gripper_controller]: Action status changes will be monitored at 20.000000 Hz.
[gazebo-1] [INFO] [1786701257.131021343] [omx_04.controller_manager]: Activating controllers: [ gripper_controller ]
[gazebo-1] [INFO] [1786701257.199593474] [omx_04.controller_manager]: Successfully switched controllers!
[spawner-18] [INFO] [1786701257.257655012] [omx_04.spawner_gripper_controller]: Configured and activated gripper_controller
[spawner-17] [INFO] [1786701257.347444804] [omx_04.spawner_arm_controller]: waiting for service /omx_04/controller_manager/list_controllers to become available...
[INFO] [spawner-18]: process has finished cleanly [pid 738206]
[2/3] Open-RMF
[INFO] [launch]: All log files can be found below /home/gyi/.ros/log/2026-08-14-18-54-18-868950-gyi-15UD50T-GX5JK-738971
[INFO] [launch]: Default logging verbosity is set to INFO
[INFO] [rmf_traffic_schedule-1]: process started with pid [739009]
[INFO] [rmf_traffic_blockade-2]: process started with pid [739010]
[INFO] [building_map_server-3]: process started with pid [739011]
[INFO] [schedule_visualizer_node-4]: process started with pid [739012]
[INFO] [fleetstates_visualizer_node-5]: process started with pid [739013]
[INFO] [rmf_visualization_building_systems-6]: process started with pid [739014]
[INFO] [navgraph_visualizer_node-7]: process started with pid [739015]
[INFO] [floorplan_visualizer_node-8]: process started with pid [739016]
[INFO] [obstacle_visualizer_node-9]: process started with pid [739017]
[INFO] [door_supervisor-10]: process started with pid [739018]
[INFO] [lift_supervisor-11]: process started with pid [739019]
[INFO] [mutex_group_supervisor-12]: process started with pid [739020]
[INFO] [rmf_task_dispatcher-13]: process started with pid [739021]
[fleetstates_visualizer_node-5] [INFO] [1786701259.264921794] [fleet_states_visualizer]: Configuring fleet_states_visualizer...
[fleetstates_visualizer_node-5] [INFO] [1786701259.265104476] [fleet_states_visualizer]: Setting parameter initial_map_name to L1
[fleetstates_visualizer_node-5] [INFO] [1786701259.265145015] [fleet_states_visualizer]: Setting parameter fleet_state_nose_scale to 0.500000
[navgraph_visualizer_node-7] [INFO] [1786701259.293340497] [navgraph_visualizer]: Setting parameter initial_map_name to L1
[navgraph_visualizer_node-7] [INFO] [1786701259.294012809] [navgraph_visualizer]: Setting parameter lane_width to 0.120000
[navgraph_visualizer_node-7] [INFO] [1786701259.294042857] [navgraph_visualizer]: Setting parameter lane_transparency to 0.600000
[navgraph_visualizer_node-7] [INFO] [1786701259.294054185] [navgraph_visualizer]: Setting parameter waypoint_scale to 1.000000
[navgraph_visualizer_node-7] [INFO] [1786701259.294064434] [navgraph_visualizer]: Setting parameter text_scale to 0.600000
[navgraph_visualizer_node-7] [INFO] [1786701259.307220080] [navgraph_visualizer]: NavGraph visualizer is running...
[fleetstates_visualizer_node-5] [INFO] [1786701259.320482578] [fleet_states_visualizer]: Running fleet_states_visualizer...
[rmf_task_dispatcher-13] ~Initializing Dispatcher Node~
[obstacle_visualizer_node-9] [INFO] [1786701259.353770236] [rmf_obstacle_visualizer]: Beginning RMF obstacle visualizer node
[rmf_traffic_schedule-1] [INFO] [1786701259.365859895] [rmf_traffic_schedule_primary]: Successfully loaded logfile .rmf_schedule_node.yaml 
[rmf_traffic_schedule-1] [INFO] [1786701259.370860493] [rmf_traffic_schedule_primary]: Set up heartbeat on /rmf_traffic/heartbeat with liveliness lease duration of 10000 ms and deadline of 10000 ms
[schedule_visualizer_node-4] [INFO] [1786701259.379009889] [schedule_visualizer_node]: Setting parameter rate to 10.000000
[schedule_visualizer_node-4] [INFO] [1786701259.379160437] [schedule_visualizer_node]: Setting parameter path_width to 0.200000
[schedule_visualizer_node-4] [INFO] [1786701259.379215387] [schedule_visualizer_node]: Setting parameter initial_map_name to L1
[schedule_visualizer_node-4] [INFO] [1786701259.379258754] [schedule_visualizer_node]: Setting parameter wait_secs to 10
[schedule_visualizer_node-4] [INFO] [1786701259.379298302] [schedule_visualizer_node]: Setting parameter port to 8006
[schedule_visualizer_node-4] [INFO] [1786701259.379332090] [schedule_visualizer_node]: Setting parameter retained_history_count to 50
[floorplan_visualizer_node-8] [INFO] [1786701259.405922689] [floorplan_visualizer]: Configuring floorplan_visualizer...
[floorplan_visualizer_node-8] [INFO] [1786701259.406161422] [floorplan_visualizer]: Setting parameter initial_map_name to L1
[floorplan_visualizer_node-8] [INFO] [1786701259.420086357] [floorplan_visualizer]: Running floorplan_visualizer...
[rmf_task_dispatcher-13] [INFO] [1786701259.421466017] [rmf_dispatcher_node]:  Declared Time Window Param as: 2.000000 secs
[rmf_task_dispatcher-13] [INFO] [1786701259.421620807] [rmf_dispatcher_node]:  Declared Terminated Tasks Max Size Param as: 100
[rmf_task_dispatcher-13] [INFO] [1786701259.421638278] [rmf_dispatcher_node]:  Declared publish_active_tasks_period as: 2 secs
[rmf_task_dispatcher-13] [INFO] [1786701259.421652906] [rmf_dispatcher_node]:  Use timestamp with task_id: false
[rmf_task_dispatcher-13] [INFO] [1786701259.421664592] [rmf_dispatcher_node]:  Use unique hex string with task_id: true
[rmf_task_dispatcher-13] [INFO] [1786701259.436361533] [rmf_dispatcher_node]: Starting task dispatcher node
[rmf_traffic_blockade-2] [INFO] [1786701259.439937266] [rmf_traffic_blockade_node]: Beginning traffic blockade node
[rmf_traffic_schedule-1] [INFO] [1786701260.106792576] [rmf_traffic_schedule_primary]: Beginning traffic schedule node
[rmf_visualization_building_systems-6] [INFO] [1786701260.170326553] [building_systems_visualizer]: Building systems visualizer started...
[gazebo-1] [INFO] [1786701260.352597475] [omx_04.controller_manager]: Loading controller : 'arm_controller' of type 'joint_trajectory_controller/JointTrajectoryController'
[gazebo-1] [INFO] [1786701260.352665986] [omx_04.controller_manager]: Loading controller 'arm_controller'
[gazebo-1] [INFO] [1786701260.356325993] [omx_04.controller_manager]: Controller 'arm_controller' node arguments: --ros-args --params-file /home/gyi/robosapiens/robot_model/open_manipulator/install/open_manipulator_bringup/share/open_manipulator_bringup/config/open_manipulator_x/hardware_controller_manager.yaml -p use_sim_time:=true --param use_sim_time:=true 
[spawner-17] [INFO] [1786701260.422247360] [omx_04.spawner_arm_controller]: Loaded arm_controller
[gazebo-1] [INFO] [1786701260.427982469] [omx_04.controller_manager]: Configuring controller: 'arm_controller'
[gazebo-1] [INFO] [1786701260.428344687] [omx_04.arm_controller]: No specific joint names are used for command interfaces. Using 'joints' parameter.
[gazebo-1] [INFO] [1786701260.428389189] [omx_04.arm_controller]: Command interfaces are [position] and state interfaces are [position velocity].
[gazebo-1] [INFO] [1786701260.428428600] [omx_04.arm_controller]: Using 'splines' interpolation method.
[gazebo-1] [INFO] [1786701260.435925208] [omx_04.arm_controller]: Goals with partial set of joints are allowed
[gazebo-1] [INFO] [1786701260.435959803] [omx_04.arm_controller]: Action status changes will be monitored at 20.00 Hz.
[rmf_traffic_schedule-1] [INFO] [1786701260.434924463] [rmf_traffic_schedule_primary]: Registered new query [1]
[schedule_visualizer_node-4] [INFO] [1786701260.441042126] [schedule_data_node]: Registering to query topic rmf_traffic/query_update_1
[schedule_visualizer_node-4] [INFO] [1786701260.450867479] [schedule_data_node]: [rmf_traffic_ros2::MirrorManager::request_update] Requesting changes for query ID [1] since beginning of recorded history
[rmf_traffic_schedule-1] [INFO] [1786701260.454668075] [rmf_traffic_schedule_primary]: [ScheduleNode::update_mirrors] Sending remedial update starting from the beginning going to 0 for query 1
[gazebo-1] [INFO] [1786701260.456551852] [omx_04.arm_controller]: Setting initial scaling factor to 1.000000
[gazebo-1] [INFO] [1786701260.456608058] [omx_04.arm_controller]: No scaling interface set. This controller will not read speed scaling from the hardware.
[schedule_visualizer_node-4] [INFO] [1786701260.476898197] [schedule_visualizer_node]: Successfully connected to rmf_traffic_schedule node.
[schedule_visualizer_node-4] [INFO] [1786701260.477609577] [schedule_data_node]: Mirror handling new sync of 1 queries from schedule node [8d8aa116-2d23-4628-97e9-db5e09ab6227]
[building_map_server-3] [INFO] [1786701260.499493891] [building_map_server]: loading map path: /home/gyi/robosapiens/rmf_maps/project1-ver2/project1-ver2.building.yaml
[building_map_server-3] [INFO] [1786701260.504555785] [building_map_server]: opening: /home/gyi/robosapiens/rmf_maps/project1-ver2/gwanghee.png
[building_map_server-3] [INFO] [1786701260.505261754] [building_map_server]: read 179943 byte image
[building_map_server-3] [INFO] [1786701260.506122230] [building_map_server]: unable to generate GeoJSON for this map.
[building_map_server-3] [INFO] [1786701260.514190453] [building_map_server]: publishing map...
[building_map_server-3] [INFO] [1786701260.515648530] [building_map_server]: ready to serve map: "project1-ver2"  Ctrl+C to exit...
[gazebo-1] [INFO] [1786701260.548301772] [omx_04.controller_manager]: Activating controllers: [ arm_controller ]
[gazebo-1] [INFO] [1786701260.657139722] [omx_04.controller_manager]: Successfully switched controllers!
[spawner-17] [INFO] [1786701260.768209162] [omx_04.spawner_arm_controller]: Configured and activated arm_controller
[spawner-9] [INFO] [1786701260.871342194] [omx_01.spawner_arm_controller]: waiting for service /omx_01/controller_manager/list_controllers to become available...
[INFO] [spawner-17]: process has finished cleanly [pid 738197]
[gazebo-1] [INFO] [1786701263.790802751] [omx_01.controller_manager]: Loading controller : 'arm_controller' of type 'joint_trajectory_controller/JointTrajectoryController'
[gazebo-1] [INFO] [1786701263.790858638] [omx_01.controller_manager]: Loading controller 'arm_controller'
[gazebo-1] [INFO] [1786701263.792133798] [omx_01.controller_manager]: Controller 'arm_controller' node arguments: --ros-args --params-file /home/gyi/robosapiens/robot_model/open_manipulator/install/open_manipulator_bringup/share/open_manipulator_bringup/config/open_manipulator_x/hardware_controller_manager.yaml -p use_sim_time:=true --param use_sim_time:=true 
[spawner-9] [INFO] [1786701263.896632807] [omx_01.spawner_arm_controller]: Loaded arm_controller
[gazebo-1] [INFO] [1786701263.899318411] [omx_01.controller_manager]: Configuring controller: 'arm_controller'
[gazebo-1] [INFO] [1786701263.899552249] [omx_01.arm_controller]: No specific joint names are used for command interfaces. Using 'joints' parameter.
[gazebo-1] [INFO] [1786701263.899579659] [omx_01.arm_controller]: Command interfaces are [position] and state interfaces are [position velocity].
[gazebo-1] [INFO] [1786701263.899592493] [omx_01.arm_controller]: Using 'splines' interpolation method.
[gazebo-1] [INFO] [1786701263.902077703] [omx_01.arm_controller]: Goals with partial set of joints are allowed
[gazebo-1] [INFO] [1786701263.902110766] [omx_01.arm_controller]: Action status changes will be monitored at 20.00 Hz.
[gazebo-1] [INFO] [1786701263.912078783] [omx_01.arm_controller]: Setting initial scaling factor to 1.000000
[gazebo-1] [INFO] [1786701263.912136435] [omx_01.arm_controller]: No scaling interface set. This controller will not read speed scaling from the hardware.
[gazebo-1] [INFO] [1786701264.292530481] [omx_01.controller_manager]: Activating controllers: [ arm_controller ]
[gazebo-1] [INFO] [1786701264.366701577] [omx_01.controller_manager]: Successfully switched controllers!
[spawner-9] [INFO] [1786701264.694632312] [omx_01.spawner_arm_controller]: Configured and activated arm_controller
[spawner-16] [INFO] [1786701264.827417859] [omx_04.spawner_joint_state_broadcaster]: waiting for service /omx_04/controller_manager/list_controllers to become available...
[INFO] [spawner-9]: process has finished cleanly [pid 738185]
[gazebo-1] [INFO] [1786701266.272888545] [omx_04.controller_manager]: Loading controller : 'joint_state_broadcaster' of type 'joint_state_broadcaster/JointStateBroadcaster'
[gazebo-1] [INFO] [1786701266.272934575] [omx_04.controller_manager]: Loading controller 'joint_state_broadcaster'
[gazebo-1] [INFO] [1786701266.278702061] [omx_04.controller_manager]: Controller 'joint_state_broadcaster' node arguments: --ros-args --params-file /home/gyi/robosapiens/robot_model/open_manipulator/install/open_manipulator_bringup/share/open_manipulator_bringup/config/open_manipulator_x/hardware_controller_manager.yaml -p use_sim_time:=true --param use_sim_time:=true 
[spawner-16] [INFO] [1786701266.348811811] [omx_04.spawner_joint_state_broadcaster]: Loaded joint_state_broadcaster
[gazebo-1] [INFO] [1786701266.350203298] [omx_04.controller_manager]: Configuring controller: 'joint_state_broadcaster'
[gazebo-1] [INFO] [1786701266.350312301] [omx_04.joint_state_broadcaster]: 'joints' or 'interfaces' parameter is empty. All available state interfaces will be published
[gazebo-1] [INFO] [1786701266.441371332] [omx_04.controller_manager]: Activating controllers: [ joint_state_broadcaster ]
[gazebo-1] [INFO] [1786701266.535218871] [omx_04.controller_manager]: Successfully switched controllers!
[spawner-16] [INFO] [1786701266.630811737] [omx_04.spawner_joint_state_broadcaster]: Configured and activated joint_state_broadcaster
[spawner-8] [INFO] [1786701266.747903846] [omx_01.spawner_joint_state_broadcaster]: waiting for service /omx_01/controller_manager/list_controllers to become available...
[INFO] [spawner-16]: process has finished cleanly [pid 738196]
[gazebo-1] [INFO] [1786701268.251123704] [omx_01.controller_manager]: Loading controller : 'joint_state_broadcaster' of type 'joint_state_broadcaster/JointStateBroadcaster'
[gazebo-1] [INFO] [1786701268.251168077] [omx_01.controller_manager]: Loading controller 'joint_state_broadcaster'
[gazebo-1] [INFO] [1786701268.253438631] [omx_01.controller_manager]: Controller 'joint_state_broadcaster' node arguments: --ros-args --params-file /home/gyi/robosapiens/robot_model/open_manipulator/install/open_manipulator_bringup/share/open_manipulator_bringup/config/open_manipulator_x/hardware_controller_manager.yaml -p use_sim_time:=true --param use_sim_time:=true 
[spawner-8] [INFO] [1786701268.322485745] [omx_01.spawner_joint_state_broadcaster]: Loaded joint_state_broadcaster
[gazebo-1] [INFO] [1786701268.324412434] [omx_01.controller_manager]: Configuring controller: 'joint_state_broadcaster'
[gazebo-1] [INFO] [1786701268.324524973] [omx_01.joint_state_broadcaster]: 'joints' or 'interfaces' parameter is empty. All available state interfaces will be published
[gazebo-1] [INFO] [1786701268.413546870] [omx_01.controller_manager]: Activating controllers: [ joint_state_broadcaster ]
[gazebo-1] [INFO] [1786701268.513721864] [omx_01.controller_manager]: Successfully switched controllers!
[spawner-8] [INFO] [1786701268.611324965] [omx_01.spawner_joint_state_broadcaster]: Configured and activated joint_state_broadcaster
[INFO] [spawner-8]: process has finished cleanly [pid 738184]
[3/3] Nav2 와 RMF 어댑터
[INFO] [launch]: All log files can be found below /home/gyi/.ros/log/2026-08-14-18-54-30-895644-gyi-15UD50T-GX5JK-739457
[INFO] [launch]: Default logging verbosity is set to INFO
[INFO] [map_server-1]: process started with pid [739463]
[INFO] [lifecycle_manager-2]: process started with pid [739464]
[INFO] [amcl-3]: process started with pid [739465]
[INFO] [controller_server-4]: process started with pid [739466]
[INFO] [smoother_server-5]: process started with pid [739467]
[INFO] [planner_server-6]: process started with pid [739468]
[INFO] [behavior_server-7]: process started with pid [739469]
[INFO] [bt_navigator-8]: process started with pid [739470]
[INFO] [waypoint_follower-9]: process started with pid [739471]
[INFO] [velocity_smoother-10]: process started with pid [739472]
[INFO] [lifecycle_manager-11]: process started with pid [739473]
[INFO] [amcl-12]: process started with pid [739474]
[INFO] [controller_server-13]: process started with pid [739475]
[INFO] [smoother_server-14]: process started with pid [739476]
[INFO] [planner_server-15]: process started with pid [739477]
[INFO] [behavior_server-16]: process started with pid [739478]
[INFO] [bt_navigator-17]: process started with pid [739479]
[INFO] [waypoint_follower-18]: process started with pid [739480]
[INFO] [velocity_smoother-19]: process started with pid [739481]
[INFO] [lifecycle_manager-20]: process started with pid [739482]
[INFO] [python3-21]: process started with pid [739483]
[INFO] [python3-22]: process started with pid [739484]
[INFO] [python3-23]: process started with pid [739487]
[controller_server-13] [INFO] [1786701271.197945250] [pinky_02.controller_server]: 
[controller_server-13] 	controller_server lifecycle node launched. 
[controller_server-13] 	Waiting on external lifecycle transitions to activate
[controller_server-13] 	See https://design.ros2.org/articles/node_lifecycle.html for more information.
[velocity_smoother-19] [INFO] [1786701271.198619076] [pinky_02.velocity_smoother]: 
[velocity_smoother-19] 	velocity_smoother lifecycle node launched. 
[velocity_smoother-19] 	Waiting on external lifecycle transitions to activate
[velocity_smoother-19] 	See https://design.ros2.org/articles/node_lifecycle.html for more information.
[controller_server-13] [INFO] [1786701271.215791980] [pinky_02.controller_server]: Creating controller server
[controller_server-13] [INFO] [1786701271.260872392] [pinky_02.local_costmap.local_costmap]: 
[controller_server-13] 	local_costmap lifecycle node launched. 
[controller_server-13] 	Waiting on external lifecycle transitions to activate
[controller_server-13] 	See https://design.ros2.org/articles/node_lifecycle.html for more information.
[controller_server-13] [INFO] [1786701271.264453452] [pinky_02.local_costmap.local_costmap]: Creating Costmap
[waypoint_follower-9] [INFO] [1786701271.277255768] [pinky_01.waypoint_follower]: 
[waypoint_follower-9] 	waypoint_follower lifecycle node launched. 
[waypoint_follower-9] 	Waiting on external lifecycle transitions to activate
[waypoint_follower-9] 	See https://design.ros2.org/articles/node_lifecycle.html for more information.
[waypoint_follower-9] [INFO] [1786701271.282392350] [pinky_01.waypoint_follower]: Creating
[behavior_server-7] [INFO] [1786701271.387260584] [pinky_01.behavior_server]: 
[behavior_server-7] 	behavior_server lifecycle node launched. 
[behavior_server-7] 	Waiting on external lifecycle transitions to activate
[behavior_server-7] 	See https://design.ros2.org/articles/node_lifecycle.html for more information.
[planner_server-6] [INFO] [1786701272.074071948] [pinky_01.planner_server]: 
[planner_server-6] 	planner_server lifecycle node launched. 
[planner_server-6] 	Waiting on external lifecycle transitions to activate
[planner_server-6] 	See https://design.ros2.org/articles/node_lifecycle.html for more information.
[bt_navigator-8] [INFO] [1786701272.080937214] [pinky_01.bt_navigator]: 
[bt_navigator-8] 	bt_navigator lifecycle node launched. 
[bt_navigator-8] 	Waiting on external lifecycle transitions to activate
[bt_navigator-8] 	See https://design.ros2.org/articles/node_lifecycle.html for more information.
[planner_server-6] [INFO] [1786701272.083815870] [pinky_01.planner_server]: Creating
[bt_navigator-8] [INFO] [1786701272.093168702] [pinky_01.bt_navigator]: Creating
[lifecycle_manager-2] [INFO] [1786701272.157789205] [lifecycle_manager_map]: Creating
[lifecycle_manager-2] [INFO] [1786701272.168144297] [lifecycle_manager_map]: [34m[1mCreating and initializing lifecycle service clients[0m[0m
[lifecycle_manager-20] [INFO] [1786701272.226911256] [pinky_02.lifecycle_manager_navigation]: Creating
[planner_server-6] [INFO] [1786701272.235325528] [pinky_01.global_costmap.global_costmap]: 
[planner_server-6] 	global_costmap lifecycle node launched. 
[planner_server-6] 	Waiting on external lifecycle transitions to activate
[planner_server-6] 	See https://design.ros2.org/articles/node_lifecycle.html for more information.
[planner_server-6] [INFO] [1786701272.240269927] [pinky_01.global_costmap.global_costmap]: Creating Costmap
[lifecycle_manager-20] [INFO] [1786701272.248183749] [pinky_02.lifecycle_manager_navigation]: [34m[1mCreating and initializing lifecycle service clients[0m[0m
[behavior_server-16] [INFO] [1786701272.299796950] [pinky_02.behavior_server]: 
[behavior_server-16] 	behavior_server lifecycle node launched. 
[behavior_server-16] 	Waiting on external lifecycle transitions to activate
[behavior_server-16] 	See https://design.ros2.org/articles/node_lifecycle.html for more information.
[python3-21] [retreat_to_charger_interval] value is not provided, default to 10 seconds
[python3-21] Default fleet finishing task set to [nothing]
[python3-21] Maximum delay is not provided, default to 10.0
[amcl-3] [INFO] [1786701272.450868460] [pinky_01.amcl]: 
[amcl-3] 	amcl lifecycle node launched. 
[amcl-3] 	Waiting on external lifecycle transitions to activate
[amcl-3] 	See https://design.ros2.org/articles/node_lifecycle.html for more information.
[amcl-3] [INFO] [1786701272.455091979] [pinky_01.amcl]: Creating
[lifecycle_manager-11] [INFO] [1786701272.494337314] [pinky_01.lifecycle_manager_navigation]: Creating
[python3-23] [INFO] [1786701272.533480075] [project1_ver2_sensor_relay]: [pinky_01] /pinky_01 를 봅니다.
[python3-23] [INFO] [1786701272.538199166] [project1_ver2_sensor_relay]: [pinky_02] /pinky_02 를 봅니다.
[lifecycle_manager-11] [INFO] [1786701272.539105382] [pinky_01.lifecycle_manager_navigation]: [34m[1mCreating and initializing lifecycle service clients[0m[0m
[smoother_server-5] [INFO] [1786701272.578031093] [pinky_01.smoother_server]: 
[smoother_server-5] 	smoother_server lifecycle node launched. 
[smoother_server-5] 	Waiting on external lifecycle transitions to activate
[smoother_server-5] 	See https://design.ros2.org/articles/node_lifecycle.html for more information.
[bt_navigator-17] [INFO] [1786701272.614837455] [pinky_02.bt_navigator]: 
[bt_navigator-17] 	bt_navigator lifecycle node launched. 
[bt_navigator-17] 	Waiting on external lifecycle transitions to activate
[bt_navigator-17] 	See https://design.ros2.org/articles/node_lifecycle.html for more information.
[bt_navigator-17] [INFO] [1786701272.636469480] [pinky_02.bt_navigator]: Creating
[smoother_server-5] [INFO] [1786701272.638285598] [pinky_01.smoother_server]: Creating smoother server
[python3-22] [INFO] [1786701272.665389814] [project1_ver2_workcell]: 워크셀 2대, 맡은 자리 2곳을 RMF 에 이었습니다.
[waypoint_follower-18] [INFO] [1786701272.819969712] [pinky_02.waypoint_follower]: 
[waypoint_follower-18] 	waypoint_follower lifecycle node launched. 
[waypoint_follower-18] 	Waiting on external lifecycle transitions to activate
[waypoint_follower-18] 	See https://design.ros2.org/articles/node_lifecycle.html for more information.
[waypoint_follower-18] [INFO] [1786701272.822114122] [pinky_02.waypoint_follower]: Creating
RMF↔Nav2 어댑터가 떴습니다.
[amcl-12] [INFO] [1786701272.862014108] [pinky_02.amcl]: 
[amcl-12] 	amcl lifecycle node launched. 
[amcl-12] 	Waiting on external lifecycle transitions to activate
[amcl-12] 	See https://design.ros2.org/articles/node_lifecycle.html for more information.
[amcl-12] [INFO] [1786701272.876564138] [pinky_02.amcl]: Creating
[smoother_server-14] [INFO] [1786701272.924246727] [pinky_02.smoother_server]: 
[smoother_server-14] 	smoother_server lifecycle node launched. 
[smoother_server-14] 	Waiting on external lifecycle transitions to activate
[smoother_server-14] 	See https://design.ros2.org/articles/node_lifecycle.html for more information.
[map_server-1] [INFO] [1786701272.936659533] [map_server]: 
[map_server-1] 	map_server lifecycle node launched. 
[map_server-1] 	Waiting on external lifecycle transitions to activate
[map_server-1] 	See https://design.ros2.org/articles/node_lifecycle.html for more information.
[map_server-1] [INFO] [1786701272.936836129] [map_server]: Creating
[controller_server-4] [INFO] [1786701272.946171660] [pinky_01.controller_server]: 
[controller_server-4] 	controller_server lifecycle node launched. 
[controller_server-4] 	Waiting on external lifecycle transitions to activate
[controller_server-4] 	See https://design.ros2.org/articles/node_lifecycle.html for more information.
[planner_server-15] [INFO] [1786701272.971762462] [pinky_02.planner_server]: 
[planner_server-15] 	planner_server lifecycle node launched. 
[planner_server-15] 	Waiting on external lifecycle transitions to activate
[planner_server-15] 	See https://design.ros2.org/articles/node_lifecycle.html for more information.
[smoother_server-14] [INFO] [1786701272.992048289] [pinky_02.smoother_server]: Creating smoother server
[velocity_smoother-10] [INFO] [1786701272.993012190] [pinky_01.velocity_smoother]: 
[velocity_smoother-10] 	velocity_smoother lifecycle node launched. 
[velocity_smoother-10] 	Waiting on external lifecycle transitions to activate
[velocity_smoother-10] 	See https://design.ros2.org/articles/node_lifecycle.html for more information.
[planner_server-15] [INFO] [1786701273.017661884] [pinky_02.planner_server]: Creating
[controller_server-4] [INFO] [1786701273.036402210] [pinky_01.controller_server]: Creating controller server
[planner_server-15] [INFO] [1786701273.410559014] [pinky_02.global_costmap.global_costmap]: 
[planner_server-15] 	global_costmap lifecycle node launched. 
[planner_server-15] 	Waiting on external lifecycle transitions to activate
[planner_server-15] 	See https://design.ros2.org/articles/node_lifecycle.html for more information.
[planner_server-15] [INFO] [1786701273.412249689] [pinky_02.global_costmap.global_costmap]: Creating Costmap
[controller_server-4] [INFO] [1786701273.429367497] [pinky_01.local_costmap.local_costmap]: 
[controller_server-4] 	local_costmap lifecycle node launched. 
[controller_server-4] 	Waiting on external lifecycle transitions to activate
[controller_server-4] 	See https://design.ros2.org/articles/node_lifecycle.html for more information.
[controller_server-4] [INFO] [1786701273.431464250] [pinky_01.local_costmap.local_costmap]: Creating Costmap
[lifecycle_manager-11] [INFO] [1786701273.627432941] [pinky_01.lifecycle_manager_navigation]: [34m[1mStarting managed nodes bringup...[0m[0m
[lifecycle_manager-11] [INFO] [1786701273.627503883] [pinky_01.lifecycle_manager_navigation]: [34m[1mConfiguring amcl[0m[0m
[amcl-3] [INFO] [1786701273.628488162] [pinky_01.amcl]: Configuring
[amcl-3] [INFO] [1786701273.628605349] [pinky_01.amcl]: initTransforms
[amcl-3] [INFO] [1786701273.710380809] [pinky_01.amcl]: initPubSub
[python3-21] [INFO] [1786701273.722421300] [project1_pinky_fleet_adapter]: Parameter [discovery_timeout] set to: 60.000000
[amcl-3] [INFO] [1786701273.746963197] [pinky_01.amcl]: Subscribed to map topic.
[lifecycle_manager-11] [INFO] [1786701273.814195015] [pinky_01.lifecycle_manager_navigation]: [34m[1mConfiguring controller_server[0m[0m
[lifecycle_manager-2] [INFO] [1786701273.835652398] [lifecycle_manager_map]: [34m[1mStarting managed nodes bringup...[0m[0m
[lifecycle_manager-2] [INFO] [1786701273.835708003] [lifecycle_manager_map]: [34m[1mConfiguring map_server[0m[0m
[map_server-1] [INFO] [1786701273.838499876] [map_server]: Configuring
[map_server-1] [INFO] [1786701273.838590188] [map_io]: Loading yaml file: /home/gyi/robosapiens/rmf_maps/project1-ver2/nav2_map/project1-ver2.yaml
[map_server-1] [INFO] [1786701273.839117153] [map_io]: resolution: 0.005994
[map_server-1] [INFO] [1786701273.839136530] [map_io]: origin[0]: -1.23864
[map_server-1] [INFO] [1786701273.839143583] [map_io]: origin[1]: -3.24145
[map_server-1] [INFO] [1786701273.839148809] [map_io]: origin[2]: 0
[map_server-1] [INFO] [1786701273.839154203] [map_io]: free_thresh: 0.196
[map_server-1] [INFO] [1786701273.839159378] [map_io]: occupied_thresh: 0.65
[map_server-1] [INFO] [1786701273.839166033] [map_io]: mode: trinary
[map_server-1] [INFO] [1786701273.839172235] [map_io]: negate: 0
[controller_server-4] [INFO] [1786701273.841650291] [pinky_01.controller_server]: Configuring controller interface
[controller_server-4] [INFO] [1786701273.841681813] [pinky_01.controller_server]: getting progress checker plugins..
[map_server-1] [INFO] [1786701273.842852247] [map_io]: Loading image_file: /home/gyi/robosapiens/rmf_maps/project1-ver2/nav2_map/project1-ver2.pgm
[controller_server-4] [INFO] [1786701273.847162708] [pinky_01.controller_server]: getting goal checker plugins..
[controller_server-4] [INFO] [1786701273.848889078] [pinky_01.controller_server]: Controller frequency set to 20.0000Hz
[controller_server-4] [INFO] [1786701273.848971239] [pinky_01.local_costmap.local_costmap]: Configuring
[map_server-1] [INFO] [1786701273.863101594] [map_io]: Read map /home/gyi/robosapiens/rmf_maps/project1-ver2/nav2_map/project1-ver2.pgm: 800 X 615 map @ 0.005994 m/cell
[controller_server-4] [INFO] [1786701273.892169375] [pinky_01.local_costmap.local_costmap]: Using plugin "voxel_layer"
[controller_server-4] [INFO] [1786701273.905320429] [pinky_01.local_costmap.local_costmap]: Subscribed to Topics: scan
[lifecycle_manager-2] [INFO] [1786701273.927003549] [lifecycle_manager_map]: [34m[1mActivating map_server[0m[0m
[map_server-1] [INFO] [1786701273.929409027] [map_server]: Activating
[map_server-1] [INFO] [1786701273.934788246] [map_server]: Creating bond (map_server) to lifecycle manager.
[amcl-3] [INFO] [1786701273.935802142] [pinky_01.amcl]: Received a 800 X 615 map @ 0.006 m/pix
[controller_server-4] [INFO] [1786701273.957835040] [pinky_01.local_costmap.local_costmap]: Initialized plugin "voxel_layer"
[controller_server-4] [INFO] [1786701273.957905522] [pinky_01.local_costmap.local_costmap]: Using plugin "inflation_layer"
[controller_server-4] [INFO] [1786701273.969999778] [pinky_01.local_costmap.local_costmap]: Initialized plugin "inflation_layer"
[lifecycle_manager-20] [INFO] [1786701273.993721216] [pinky_02.lifecycle_manager_navigation]: [34m[1mStarting managed nodes bringup...[0m[0m
[lifecycle_manager-20] [INFO] [1786701273.993856085] [pinky_02.lifecycle_manager_navigation]: [34m[1mConfiguring amcl[0m[0m
[amcl-12] [INFO] [1786701273.995297148] [pinky_02.amcl]: Configuring
[amcl-12] [INFO] [1786701273.995423526] [pinky_02.amcl]: initTransforms
[amcl-12] [INFO] [1786701274.033347968] [pinky_02.amcl]: initPubSub
[lifecycle_manager-2] [INFO] [1786701274.061791831] [lifecycle_manager_map]: Server map_server connected with bond.
[lifecycle_manager-2] [INFO] [1786701274.061856424] [lifecycle_manager_map]: [34m[1mManaged nodes are active[0m[0m
[lifecycle_manager-2] [INFO] [1786701274.061872354] [lifecycle_manager_map]: [34m[1mCreating bond timer...[0m[0m
[controller_server-4] [INFO] [1786701274.064387839] [pinky_01.controller_server]: Created progress_checker : progress_checker of type nav2_controller::SimpleProgressChecker
[controller_server-4] [INFO] [1786701274.067873037] [pinky_01.controller_server]: Controller Server has progress_checker  progress checkers available.
[controller_server-4] [INFO] [1786701274.071581477] [pinky_01.controller_server]: Created goal checker : general_goal_checker of type nav2_controller::SimpleGoalChecker
[controller_server-4] [INFO] [1786701274.077113607] [pinky_01.controller_server]: Controller Server has general_goal_checker  goal checkers available.
[controller_server-4] [INFO] [1786701274.078977173] [pinky_01.controller_server]: Created controller : FollowPath of type nav2_regulated_pure_pursuit_controller::RegulatedPurePursuitController
[amcl-12] [INFO] [1786701274.084137815] [pinky_02.amcl]: Subscribed to map topic.
[controller_server-4] [INFO] [1786701274.105744979] [pinky_01.controller_server]: Controller Server has FollowPath  controllers available.
[amcl-12] [INFO] [1786701274.114351062] [pinky_02.amcl]: Received a 800 X 615 map @ 0.006 m/pix
[lifecycle_manager-20] [INFO] [1786701274.119612456] [pinky_02.lifecycle_manager_navigation]: [34m[1mConfiguring controller_server[0m[0m
[controller_server-13] [INFO] [1786701274.122785819] [pinky_02.controller_server]: Configuring controller interface
[controller_server-13] [INFO] [1786701274.122824647] [pinky_02.controller_server]: getting progress checker plugins..
[controller_server-13] [INFO] [1786701274.124203426] [pinky_02.controller_server]: getting goal checker plugins..
[controller_server-13] [INFO] [1786701274.128079424] [pinky_02.controller_server]: Controller frequency set to 20.0000Hz
[controller_server-13] [INFO] [1786701274.128181456] [pinky_02.local_costmap.local_costmap]: Configuring
[lifecycle_manager-11] [INFO] [1786701274.142701415] [pinky_01.lifecycle_manager_navigation]: [34m[1mConfiguring smoother_server[0m[0m
[smoother_server-5] [INFO] [1786701274.143048534] [pinky_01.smoother_server]: Configuring smoother server
[controller_server-13] [INFO] [1786701274.158704049] [pinky_02.local_costmap.local_costmap]: Using plugin "voxel_layer"
[controller_server-13] [INFO] [1786701274.168219204] [pinky_02.local_costmap.local_costmap]: Subscribed to Topics: scan
[smoother_server-5] [INFO] [1786701274.188532840] [pinky_01.smoother_server]: Created smoother : simple_smoother of type nav2_smoother::SimpleSmoother
[smoother_server-5] [INFO] [1786701274.201443047] [pinky_01.smoother_server]: Smoother Server has simple_smoother  smoothers available.
[controller_server-13] [INFO] [1786701274.209407603] [pinky_02.local_costmap.local_costmap]: Initialized plugin "voxel_layer"
[controller_server-13] [INFO] [1786701274.209457522] [pinky_02.local_costmap.local_costmap]: Using plugin "inflation_layer"
[controller_server-13] [INFO] [1786701274.216935087] [pinky_02.local_costmap.local_costmap]: Initialized plugin "inflation_layer"
[lifecycle_manager-11] [INFO] [1786701274.245834907] [pinky_01.lifecycle_manager_navigation]: [34m[1mConfiguring planner_server[0m[0m
[planner_server-6] [INFO] [1786701274.246726793] [pinky_01.planner_server]: Configuring
[planner_server-6] [INFO] [1786701274.246782213] [pinky_01.global_costmap.global_costmap]: Configuring
[controller_server-13] [INFO] [1786701274.278068894] [pinky_02.controller_server]: Created progress_checker : progress_checker of type nav2_controller::SimpleProgressChecker
[controller_server-13] [INFO] [1786701274.278771136] [pinky_02.controller_server]: Controller Server has progress_checker  progress checkers available.
[controller_server-13] [INFO] [1786701274.279752356] [pinky_02.controller_server]: Created goal checker : general_goal_checker of type nav2_controller::SimpleGoalChecker
[planner_server-6] [INFO] [1786701274.281560008] [pinky_01.global_costmap.global_costmap]: Using plugin "static_layer"
[controller_server-13] [INFO] [1786701274.289869330] [pinky_02.controller_server]: Controller Server has general_goal_checker  goal checkers available.
[controller_server-13] [INFO] [1786701274.291988123] [pinky_02.controller_server]: Created controller : FollowPath of type nav2_regulated_pure_pursuit_controller::RegulatedPurePursuitController
[planner_server-6] [INFO] [1786701274.292154823] [pinky_01.global_costmap.global_costmap]: Subscribing to the map topic (/nav2_map) with transient local durability
[planner_server-6] [INFO] [1786701274.325762249] [pinky_01.global_costmap.global_costmap]: Initialized plugin "static_layer"
[planner_server-6] [INFO] [1786701274.325810855] [pinky_01.global_costmap.global_costmap]: Using plugin "obstacle_layer"
[planner_server-6] [INFO] [1786701274.344946615] [pinky_01.global_costmap.global_costmap]: Subscribed to Topics: scan
[planner_server-6] [INFO] [1786701274.398386825] [pinky_01.global_costmap.global_costmap]: Initialized plugin "obstacle_layer"
[planner_server-6] [INFO] [1786701274.398434579] [pinky_01.global_costmap.global_costmap]: Using plugin "inflation_layer"
[planner_server-6] [INFO] [1786701274.399142094] [pinky_01.global_costmap.global_costmap]: Initialized plugin "inflation_layer"
[controller_server-13] [INFO] [1786701274.408666443] [pinky_02.controller_server]: Controller Server has FollowPath  controllers available.
[lifecycle_manager-20] [INFO] [1786701274.466959477] [pinky_02.lifecycle_manager_navigation]: [34m[1mConfiguring smoother_server[0m[0m
[smoother_server-14] [INFO] [1786701274.468507887] [pinky_02.smoother_server]: Configuring smoother server
[planner_server-6] [INFO] [1786701274.526073524] [pinky_01.global_costmap.global_costmap]: StaticLayer: Resizing costmap to 800 X 615 at 0.005994 m/pix
[planner_server-6] [INFO] [1786701274.526157860] [pinky_01.planner_server]: Created global planner plugin GridBased of type nav2_navfn_planner::NavfnPlanner
[planner_server-6] [INFO] [1786701274.526187250] [pinky_01.planner_server]: Configuring plugin GridBased of type NavfnPlanner
[planner_server-6] [INFO] [1786701274.527671494] [pinky_01.planner_server]: Planner Server has GridBased  planners available.
[smoother_server-14] [INFO] [1786701274.528149782] [pinky_02.smoother_server]: Created smoother : simple_smoother of type nav2_smoother::SimpleSmoother
[smoother_server-14] [INFO] [1786701274.533671551] [pinky_02.smoother_server]: Smoother Server has simple_smoother  smoothers available.
[lifecycle_manager-11] [INFO] [1786701274.567787116] [pinky_01.lifecycle_manager_navigation]: [34m[1mConfiguring behavior_server[0m[0m
[lifecycle_manager-20] [INFO] [1786701274.569761880] [pinky_02.lifecycle_manager_navigation]: [34m[1mConfiguring planner_server[0m[0m
[behavior_server-7] [INFO] [1786701274.569861113] [pinky_01.behavior_server]: Configuring
[planner_server-15] [INFO] [1786701274.572885233] [pinky_02.planner_server]: Configuring
[planner_server-15] [INFO] [1786701274.572924757] [pinky_02.global_costmap.global_costmap]: Configuring
[behavior_server-7] [INFO] [1786701274.601218522] [pinky_01.behavior_server]: Creating behavior plugin spin of type nav2_behaviors::Spin
[behavior_server-7] [INFO] [1786701274.603324330] [pinky_01.behavior_server]: Creating behavior plugin backup of type nav2_behaviors::BackUp
[planner_server-15] [INFO] [1786701274.607224339] [pinky_02.global_costmap.global_costmap]: Using plugin "static_layer"
[behavior_server-7] [INFO] [1786701274.607761163] [pinky_01.behavior_server]: Creating behavior plugin drive_on_heading of type nav2_behaviors::DriveOnHeading
[behavior_server-7] [INFO] [1786701274.610363317] [pinky_01.behavior_server]: Creating behavior plugin assisted_teleop of type nav2_behaviors::AssistedTeleop
[behavior_server-7] [INFO] [1786701274.614856034] [pinky_01.behavior_server]: Creating behavior plugin wait of type nav2_behaviors::Wait
[planner_server-15] [INFO] [1786701274.616608146] [pinky_02.global_costmap.global_costmap]: Subscribing to the map topic (/nav2_map) with transient local durability
[planner_server-15] [INFO] [1786701274.620518767] [pinky_02.global_costmap.global_costmap]: Initialized plugin "static_layer"
[planner_server-15] [INFO] [1786701274.620588515] [pinky_02.global_costmap.global_costmap]: Using plugin "obstacle_layer"
[planner_server-15] [INFO] [1786701274.621272790] [pinky_02.global_costmap.global_costmap]: Subscribed to Topics: scan
[planner_server-15] [INFO] [1786701274.635915637] [pinky_02.global_costmap.global_costmap]: Initialized plugin "obstacle_layer"
[planner_server-15] [INFO] [1786701274.637073790] [pinky_02.global_costmap.global_costmap]: Using plugin "inflation_layer"
[behavior_server-7] [INFO] [1786701274.638619336] [pinky_01.behavior_server]: Configuring spin
[planner_server-15] [INFO] [1786701274.643696227] [pinky_02.global_costmap.global_costmap]: Initialized plugin "inflation_layer"
[behavior_server-7] [INFO] [1786701274.665305704] [pinky_01.behavior_server]: Configuring backup
[behavior_server-7] [INFO] [1786701274.684649146] [pinky_01.behavior_server]: Configuring drive_on_heading
[behavior_server-7] [INFO] [1786701274.713161993] [pinky_01.behavior_server]: Configuring assisted_teleop
[planner_server-15] [INFO] [1786701274.733251474] [pinky_02.global_costmap.global_costmap]: StaticLayer: Resizing costmap to 800 X 615 at 0.005994 m/pix
[planner_server-15] [INFO] [1786701274.735162041] [pinky_02.planner_server]: Created global planner plugin GridBased of type nav2_navfn_planner::NavfnPlanner
[planner_server-15] [INFO] [1786701274.735628026] [pinky_02.planner_server]: Configuring plugin GridBased of type NavfnPlanner
[planner_server-15] [INFO] [1786701274.738837376] [pinky_02.planner_server]: Planner Server has GridBased  planners available.
[rmf_traffic_schedule-1] [INFO] [1786701274.744786361] [rmf_traffic_schedule_primary]: A new mirror is tracking query ID [1]
[schedule_visualizer_node-4] [INFO] [1786701274.745270203] [schedule_data_node]: Mirror handling new sync of 1 queries from schedule node [8d8aa116-2d23-4628-97e9-db5e09ab6227]
[behavior_server-7] [INFO] [1786701274.746233570] [pinky_01.behavior_server]: Configuring wait
[lifecycle_manager-11] [INFO] [1786701274.769181153] [pinky_01.lifecycle_manager_navigation]: [34m[1mConfiguring bt_navigator[0m[0m
[bt_navigator-8] [INFO] [1786701274.769897203] [pinky_01.bt_navigator]: Configuring
[bt_navigator-8] [INFO] [1786701274.795677337] [pinky_01.bt_navigator]: Creating navigator id navigate_to_pose of type nav2_bt_navigator::NavigateToPoseNavigator
[lifecycle_manager-20] [INFO] [1786701274.796495314] [pinky_02.lifecycle_manager_navigation]: [34m[1mConfiguring behavior_server[0m[0m
[behavior_server-16] [INFO] [1786701274.796892538] [pinky_02.behavior_server]: Configuring
[behavior_server-16] [INFO] [1786701274.815246498] [pinky_02.behavior_server]: Creating behavior plugin spin of type nav2_behaviors::Spin
[python3-21] [INFO] [1786701274.819281691] [project1_pinky_fleet_adapter]: Registering to query topic rmf_traffic/query_update_1
[behavior_server-16] [INFO] [1786701274.821687137] [pinky_02.behavior_server]: Creating behavior plugin backup of type nav2_behaviors::BackUp
[behavior_server-16] [INFO] [1786701274.823419488] [pinky_02.behavior_server]: Creating behavior plugin drive_on_heading of type nav2_behaviors::DriveOnHeading
[behavior_server-16] [INFO] [1786701274.827076749] [pinky_02.behavior_server]: Creating behavior plugin assisted_teleop of type nav2_behaviors::AssistedTeleop
[behavior_server-16] [INFO] [1786701274.830700867] [pinky_02.behavior_server]: Creating behavior plugin wait of type nav2_behaviors::Wait
[behavior_server-16] [INFO] [1786701274.853140695] [pinky_02.behavior_server]: Configuring spin
[behavior_server-16] [INFO] [1786701274.881165907] [pinky_02.behavior_server]: Configuring backup
[behavior_server-16] [INFO] [1786701274.909438258] [pinky_02.behavior_server]: Configuring drive_on_heading
[behavior_server-16] [INFO] [1786701274.932605249] [pinky_02.behavior_server]: Configuring assisted_teleop
[python3-21] [INFO] [1786701274.937124382] [project1_pinky_fleet_adapter]: Mirror handling new sync of 1 queries from schedule node [8d8aa116-2d23-4628-97e9-db5e09ab6227]
[behavior_server-16] [INFO] [1786701274.960063202] [pinky_02.behavior_server]: Configuring wait
[lifecycle_manager-20] [INFO] [1786701274.977103862] [pinky_02.lifecycle_manager_navigation]: [34m[1mConfiguring bt_navigator[0m[0m
[bt_navigator-17] [INFO] [1786701274.977476861] [pinky_02.bt_navigator]: Configuring
[bt_navigator-8] [INFO] [1786701274.998959358] [pinky_01.bt_navigator]: Creating navigator id navigate_through_poses of type nav2_bt_navigator::NavigateThroughPosesNavigator
[bt_navigator-17] [INFO] [1786701275.003768155] [pinky_02.bt_navigator]: Creating navigator id navigate_to_pose of type nav2_bt_navigator::NavigateToPoseNavigator
[lifecycle_manager-11] [INFO] [1786701275.088947876] [pinky_01.lifecycle_manager_navigation]: [34m[1mConfiguring waypoint_follower[0m[0m
[waypoint_follower-9] [INFO] [1786701275.090515281] [pinky_01.waypoint_follower]: Configuring
[waypoint_follower-9] [INFO] [1786701275.147906236] [pinky_01.waypoint_follower]: Created waypoint_task_executor : wait_at_waypoint of type nav2_waypoint_follower::WaitAtWaypoint
[lifecycle_manager-11] [INFO] [1786701275.150001429] [pinky_01.lifecycle_manager_navigation]: [34m[1mConfiguring velocity_smoother[0m[0m
[bt_navigator-17] [INFO] [1786701275.164467261] [pinky_02.bt_navigator]: Creating navigator id navigate_through_poses of type nav2_bt_navigator::NavigateThroughPosesNavigator
[lifecycle_manager-20] [INFO] [1786701275.255969886] [pinky_02.lifecycle_manager_navigation]: [34m[1mConfiguring waypoint_follower[0m[0m
[waypoint_follower-18] [INFO] [1786701275.256686777] [pinky_02.waypoint_follower]: Configuring
[waypoint_follower-18] [INFO] [1786701275.305034962] [pinky_02.waypoint_follower]: Created waypoint_task_executor : wait_at_waypoint of type nav2_waypoint_follower::WaitAtWaypoint
[lifecycle_manager-20] [INFO] [1786701275.307482171] [pinky_02.lifecycle_manager_navigation]: [34m[1mConfiguring velocity_smoother[0m[0m
[velocity_smoother-19] [INFO] [1786701275.308054656] [pinky_02.velocity_smoother]: Configuring velocity smoother
[lifecycle_manager-20] [INFO] [1786701275.318121264] [pinky_02.lifecycle_manager_navigation]: [34m[1mActivating amcl[0m[0m
[amcl-12] [INFO] [1786701275.318553820] [pinky_02.amcl]: Activating
[amcl-12] [INFO] [1786701275.318641685] [pinky_02.amcl]: initialPoseReceived
[amcl-12] [INFO] [1786701275.318800576] [pinky_02.amcl]: Setting pose (1.750000): 1.612 -0.717 0.000
[amcl-12] [INFO] [1786701275.319571647] [pinky_02.amcl]: Creating bond (amcl) to lifecycle manager.
[velocity_smoother-10] [INFO] [1786701275.409388301] [pinky_01.velocity_smoother]: Configuring velocity smoother
[lifecycle_manager-20] [INFO] [1786701275.444655135] [pinky_02.lifecycle_manager_navigation]: Server amcl connected with bond.
[lifecycle_manager-20] [INFO] [1786701275.444707535] [pinky_02.lifecycle_manager_navigation]: [34m[1mActivating controller_server[0m[0m
[controller_server-13] [INFO] [1786701275.451163295] [pinky_02.controller_server]: Activating
[controller_server-13] [INFO] [1786701275.451204249] [pinky_02.local_costmap.local_costmap]: Activating
[controller_server-13] [INFO] [1786701275.451211937] [pinky_02.local_costmap.local_costmap]: Checking transform
[controller_server-13] [INFO] [1786701275.451313891] [pinky_02.local_costmap.local_costmap]: start
[lifecycle_manager-11] [INFO] [1786701275.453424345] [pinky_01.lifecycle_manager_navigation]: [34m[1mActivating amcl[0m[0m
[amcl-3] [INFO] [1786701275.457161180] [pinky_01.amcl]: Activating
[amcl-3] [INFO] [1786701275.457225846] [pinky_01.amcl]: initialPoseReceived
[amcl-3] [INFO] [1786701275.457321840] [pinky_01.amcl]: Setting pose (1.760000): 1.613 -1.088 0.000
[amcl-3] [INFO] [1786701275.459804415] [pinky_01.amcl]: Creating bond (amcl) to lifecycle manager.
[lifecycle_manager-11] [INFO] [1786701275.591884727] [pinky_01.lifecycle_manager_navigation]: Server amcl connected with bond.
[lifecycle_manager-11] [INFO] [1786701275.591936583] [pinky_01.lifecycle_manager_navigation]: [34m[1mActivating controller_server[0m[0m
[controller_server-4] [INFO] [1786701275.592526308] [pinky_01.controller_server]: Activating
[controller_server-4] [INFO] [1786701275.592568761] [pinky_01.local_costmap.local_costmap]: Activating
[controller_server-4] [INFO] [1786701275.592575611] [pinky_01.local_costmap.local_costmap]: Checking transform
[controller_server-4] [INFO] [1786701275.592691116] [pinky_01.local_costmap.local_costmap]: start
[controller_server-13] [INFO] [1786701275.665340669] [pinky_02.controller_server]: Activating controller: FollowPath of type regulated_pure_pursuit_controller::RegulatedPurePursuitController
[controller_server-13] [INFO] [1786701275.665394577] [pinky_02.controller_server]: Creating bond (controller_server) to lifecycle manager.
[lifecycle_manager-20] [INFO] [1786701275.775945528] [pinky_02.lifecycle_manager_navigation]: Server controller_server connected with bond.
[lifecycle_manager-20] [INFO] [1786701275.776018122] [pinky_02.lifecycle_manager_navigation]: [34m[1mActivating smoother_server[0m[0m
[smoother_server-14] [INFO] [1786701275.776554769] [pinky_02.smoother_server]: Activating
[smoother_server-14] [INFO] [1786701275.776593699] [pinky_02.smoother_server]: Creating bond (smoother_server) to lifecycle manager.
[controller_server-4] [INFO] [1786701275.795656666] [pinky_01.controller_server]: Activating controller: FollowPath of type regulated_pure_pursuit_controller::RegulatedPurePursuitController
[controller_server-4] [INFO] [1786701275.795711144] [pinky_01.controller_server]: Creating bond (controller_server) to lifecycle manager.
[lifecycle_manager-20] [INFO] [1786701275.885548861] [pinky_02.lifecycle_manager_navigation]: Server smoother_server connected with bond.
[lifecycle_manager-20] [INFO] [1786701275.885581699] [pinky_02.lifecycle_manager_navigation]: [34m[1mActivating planner_server[0m[0m
[planner_server-15] [INFO] [1786701275.886023344] [pinky_02.planner_server]: Activating
[planner_server-15] [INFO] [1786701275.886062948] [pinky_02.global_costmap.global_costmap]: Activating
[planner_server-15] [INFO] [1786701275.886074239] [pinky_02.global_costmap.global_costmap]: Checking transform
[planner_server-15] [INFO] [1786701275.886111755] [pinky_02.global_costmap.global_costmap]: Timed out waiting for transform from pinky_02/base_footprint to map to become available, tf error: Invalid frame ID "map" passed to canTransform argument target_frame - frame does not exist
[lifecycle_manager-11] [INFO] [1786701275.905056864] [pinky_01.lifecycle_manager_navigation]: Server controller_server connected with bond.
[lifecycle_manager-11] [INFO] [1786701275.905100094] [pinky_01.lifecycle_manager_navigation]: [34m[1mActivating smoother_server[0m[0m
[smoother_server-5] [INFO] [1786701275.905637292] [pinky_01.smoother_server]: Activating
[smoother_server-5] [INFO] [1786701275.905673059] [pinky_01.smoother_server]: Creating bond (smoother_server) to lifecycle manager.
[lifecycle_manager-11] [INFO] [1786701276.016565694] [pinky_01.lifecycle_manager_navigation]: Server smoother_server connected with bond.
[lifecycle_manager-11] [INFO] [1786701276.016613644] [pinky_01.lifecycle_manager_navigation]: [34m[1mActivating planner_server[0m[0m
[planner_server-6] [INFO] [1786701276.017027375] [pinky_01.planner_server]: Activating
[planner_server-6] [INFO] [1786701276.017050559] [pinky_01.global_costmap.global_costmap]: Activating
[planner_server-6] [INFO] [1786701276.017054828] [pinky_01.global_costmap.global_costmap]: Checking transform
[planner_server-6] [INFO] [1786701276.017079829] [pinky_01.global_costmap.global_costmap]: Timed out waiting for transform from pinky_01/base_footprint to map to become available, tf error: Invalid frame ID "map" passed to canTransform argument target_frame - frame does not exist
[amcl-12] [INFO] [1786701276.057256484] [pinky_02.amcl]: createLaserObject
[amcl-3] [INFO] [1786701276.057838102] [pinky_01.amcl]: createLaserObject
[python3-21] [WARN] [1786701276.119551499] [project1_pinky_fleet_adapter]: [FleetUpdateHandle::set_retreat_to_charger_interval] This parameter is no longer being used.
[python3-21] [INFO] [1786701276.119611503] [project1_pinky_fleet_adapter]: Fleet [project1_pinky] is configured to perform delivery tasks
[python3-21] [INFO] [1786701276.119626742] [project1_pinky_fleet_adapter]: Fleet [project1_pinky] is configured to perform patrol tasks
[python3-21] [INFO] [1786701276.119683107] [project1_pinky_fleet_adapter]: Finished configuring Easy Full Control adapter for fleet [project1_pinky]
[python3-21] [INFO] [1786701276.193242890] [project1_pinky_nav2_adapter]: project1_pinky 를 Nav2 에 이었습니다. 로봇 2대, 0.10초마다 알립니다.
[planner_server-15] [INFO] [1786701276.386220455] [pinky_02.global_costmap.global_costmap]: Timed out waiting for transform from pinky_02/base_footprint to map to become available, tf error: Lookup would require extrapolation at time 1.830000, but only time 2.800000 is in the buffer, when looking up transform from frame [pinky_02/base_footprint] to frame [map]
[planner_server-6] [INFO] [1786701276.517185397] [pinky_01.global_costmap.global_costmap]: Timed out waiting for transform from pinky_01/base_footprint to map to become available, tf error: Lookup would require extrapolation at time 1.850000, but only time 2.800000 is in the buffer, when looking up transform from frame [pinky_01/base_footprint] to frame [map]
[planner_server-15] [INFO] [1786701276.886219705] [pinky_02.global_costmap.global_costmap]: Timed out waiting for transform from pinky_02/base_footprint to map to become available, tf error: Lookup would require extrapolation at time 1.870000, but only time 2.800000 is in the buffer, when looking up transform from frame [pinky_02/base_footprint] to frame [map]
[planner_server-6] [INFO] [1786701277.017227655] [pinky_01.global_costmap.global_costmap]: Timed out waiting for transform from pinky_01/base_footprint to map to become available, tf error: Lookup would require extrapolation at time 1.890000, but only time 2.800000 is in the buffer, when looking up transform from frame [pinky_01/base_footprint] to frame [map]
[planner_server-15] [INFO] [1786701277.386190903] [pinky_02.global_costmap.global_costmap]: Timed out waiting for transform from pinky_02/base_footprint to map to become available, tf error: Lookup would require extrapolation into the past.  Requested time 1.930000 but the earliest data is at time 2.800000, when looking up transform from frame [pinky_02/base_footprint] to frame [map]
[planner_server-6] [INFO] [1786701277.517191366] [pinky_01.global_costmap.global_costmap]: Timed out waiting for transform from pinky_01/base_footprint to map to become available, tf error: Lookup would require extrapolation into the past.  Requested time 1.950000 but the earliest data is at time 2.800000, when looking up transform from frame [pinky_01/base_footprint] to frame [map]
[planner_server-15] [INFO] [1786701277.886188487] [pinky_02.global_costmap.global_costmap]: Timed out waiting for transform from pinky_02/base_footprint to map to become available, tf error: Lookup would require extrapolation into the past.  Requested time 1.990000 but the earliest data is at time 2.800000, when looking up transform from frame [pinky_02/base_footprint] to frame [map]
[planner_server-6] [INFO] [1786701278.017174819] [pinky_01.global_costmap.global_costmap]: Timed out waiting for transform from pinky_01/base_footprint to map to become available, tf error: Lookup would require extrapolation into the past.  Requested time 1.990000 but the earliest data is at time 2.800000, when looking up transform from frame [pinky_01/base_footprint] to frame [map]
[planner_server-15] [INFO] [1786701278.386214721] [pinky_02.global_costmap.global_costmap]: Timed out waiting for transform from pinky_02/base_footprint to map to become available, tf error: Lookup would require extrapolation into the past.  Requested time 2.030000 but the earliest data is at time 2.800000, when looking up transform from frame [pinky_02/base_footprint] to frame [map]
[planner_server-6] [INFO] [1786701278.517154717] [pinky_01.global_costmap.global_costmap]: Timed out waiting for transform from pinky_01/base_footprint to map to become available, tf error: Lookup would require extrapolation into the past.  Requested time 2.050000 but the earliest data is at time 2.800000, when looking up transform from frame [pinky_01/base_footprint] to frame [map]
[planner_server-15] [INFO] [1786701278.886173140] [pinky_02.global_costmap.global_costmap]: Timed out waiting for transform from pinky_02/base_footprint to map to become available, tf error: Lookup would require extrapolation into the past.  Requested time 2.090000 but the earliest data is at time 2.800000, when looking up transform from frame [pinky_02/base_footprint] to frame [map]
[planner_server-6] [INFO] [1786701279.017158514] [pinky_01.global_costmap.global_costmap]: Timed out waiting for transform from pinky_01/base_footprint to map to become available, tf error: Lookup would require extrapolation into the past.  Requested time 2.090000 but the earliest data is at time 2.800000, when looking up transform from frame [pinky_01/base_footprint] to frame [map]
[planner_server-15] [INFO] [1786701279.386178229] [pinky_02.global_costmap.global_costmap]: Timed out waiting for transform from pinky_02/base_footprint to map to become available, tf error: Lookup would require extrapolation into the past.  Requested time 2.130000 but the earliest data is at time 2.800000, when looking up transform from frame [pinky_02/base_footprint] to frame [map]
[planner_server-6] [INFO] [1786701279.517186540] [pinky_01.global_costmap.global_costmap]: Timed out waiting for transform from pinky_01/base_footprint to map to become available, tf error: Lookup would require extrapolation into the past.  Requested time 2.130000 but the earliest data is at time 2.800000, when looking up transform from frame [pinky_01/base_footprint] to frame [map]
[planner_server-15] [INFO] [1786701279.886176435] [pinky_02.global_costmap.global_costmap]: Timed out waiting for transform from pinky_02/base_footprint to map to become available, tf error: Lookup would require extrapolation into the past.  Requested time 2.170000 but the earliest data is at time 2.800000, when looking up transform from frame [pinky_02/base_footprint] to frame [map]
[planner_server-6] [INFO] [1786701280.017190725] [pinky_01.global_costmap.global_costmap]: Timed out waiting for transform from pinky_01/base_footprint to map to become available, tf error: Lookup would require extrapolation into the past.  Requested time 2.190000 but the earliest data is at time 2.800000, when looking up transform from frame [pinky_01/base_footprint] to frame [map]
[planner_server-15] [INFO] [1786701280.386182597] [pinky_02.global_costmap.global_costmap]: Timed out waiting for transform from pinky_02/base_footprint to map to become available, tf error: Lookup would require extrapolation into the past.  Requested time 2.230000 but the earliest data is at time 2.800000, when looking up transform from frame [pinky_02/base_footprint] to frame [map]
[schedule_visualizer_node-4] [INFO] [1786701280.478668171] [schedule_data_node]: Requesting new schedule update because update timed out
[schedule_visualizer_node-4] [INFO] [1786701280.478715525] [schedule_data_node]: [rmf_traffic_ros2::MirrorManager::request_update] Requesting changes for query ID [1] since beginning of recorded history
[rmf_traffic_schedule-1] [INFO] [1786701280.484424516] [rmf_traffic_schedule_primary]: [ScheduleNode::update_mirrors] Sending remedial update starting from the beginning going to 0 for query 1
[planner_server-6] [INFO] [1786701280.517191771] [pinky_01.global_costmap.global_costmap]: Timed out waiting for transform from pinky_01/base_footprint to map to become available, tf error: Lookup would require extrapolation into the past.  Requested time 2.230000 but the earliest data is at time 2.800000, when looking up transform from frame [pinky_01/base_footprint] to frame [map]
[planner_server-15] [INFO] [1786701280.886181165] [pinky_02.global_costmap.global_costmap]: Timed out waiting for transform from pinky_02/base_footprint to map to become available, tf error: Lookup would require extrapolation into the past.  Requested time 2.270000 but the earliest data is at time 2.800000, when looking up transform from frame [pinky_02/base_footprint] to frame [map]
[planner_server-6] [INFO] [1786701281.017158504] [pinky_01.global_costmap.global_costmap]: Timed out waiting for transform from pinky_01/base_footprint to map to become available, tf error: Lookup would require extrapolation into the past.  Requested time 2.270000 but the earliest data is at time 2.800000, when looking up transform from frame [pinky_01/base_footprint] to frame [map]
[planner_server-15] [INFO] [1786701281.386180309] [pinky_02.global_costmap.global_costmap]: Timed out waiting for transform from pinky_02/base_footprint to map to become available, tf error: Lookup would require extrapolation into the past.  Requested time 2.310000 but the earliest data is at time 2.800000, when looking up transform from frame [pinky_02/base_footprint] to frame [map]
[planner_server-6] [INFO] [1786701281.517155801] [pinky_01.global_costmap.global_costmap]: Timed out waiting for transform from pinky_01/base_footprint to map to become available, tf error: Lookup would require extrapolation into the past.  Requested time 2.330000 but the earliest data is at time 2.800000, when looking up transform from frame [pinky_01/base_footprint] to frame [map]
[planner_server-15] [INFO] [1786701281.886289426] [pinky_02.global_costmap.global_costmap]: Timed out waiting for transform from pinky_02/base_footprint to map to become available, tf error: Lookup would require extrapolation into the past.  Requested time 2.350000 but the earliest data is at time 2.800000, when looking up transform from frame [pinky_02/base_footprint] to frame [map]
[planner_server-6] [INFO] [1786701282.017156520] [pinky_01.global_costmap.global_costmap]: Timed out waiting for transform from pinky_01/base_footprint to map to become available, tf error: Lookup would require extrapolation into the past.  Requested time 2.370000 but the earliest data is at time 2.800000, when looking up transform from frame [pinky_01/base_footprint] to frame [map]
[planner_server-15] [INFO] [1786701282.386180244] [pinky_02.global_costmap.global_costmap]: Timed out waiting for transform from pinky_02/base_footprint to map to become available, tf error: Lookup would require extrapolation into the past.  Requested time 2.410000 but the earliest data is at time 2.800000, when looking up transform from frame [pinky_02/base_footprint] to frame [map]
[planner_server-6] [INFO] [1786701282.517195631] [pinky_01.global_costmap.global_costmap]: Timed out waiting for transform from pinky_01/base_footprint to map to become available, tf error: Lookup would require extrapolation into the past.  Requested time 2.410000 but the earliest data is at time 2.800000, when looking up transform from frame [pinky_01/base_footprint] to frame [map]
[planner_server-15] [INFO] [1786701282.886189428] [pinky_02.global_costmap.global_costmap]: Timed out waiting for transform from pinky_02/base_footprint to map to become available, tf error: Lookup would require extrapolation into the past.  Requested time 2.450000 but the earliest data is at time 2.800000, when looking up transform from frame [pinky_02/base_footprint] to frame [map]
[planner_server-6] [INFO] [1786701283.017181052] [pinky_01.global_costmap.global_costmap]: Timed out waiting for transform from pinky_01/base_footprint to map to become available, tf error: Lookup would require extrapolation into the past.  Requested time 2.470000 but the earliest data is at time 2.800000, when looking up transform from frame [pinky_01/base_footprint] to frame [map]
[planner_server-15] [INFO] [1786701283.386189535] [pinky_02.global_costmap.global_costmap]: Timed out waiting for transform from pinky_02/base_footprint to map to become available, tf error: Lookup would require extrapolation into the past.  Requested time 2.490000 but the earliest data is at time 2.800000, when looking up transform from frame [pinky_02/base_footprint] to frame [map]
[planner_server-6] [INFO] [1786701283.517165792] [pinky_01.global_costmap.global_costmap]: Timed out waiting for transform from pinky_01/base_footprint to map to become available, tf error: Lookup would require extrapolation into the past.  Requested time 2.510000 but the earliest data is at time 2.800000, when looking up transform from frame [pinky_01/base_footprint] to frame [map]
[planner_server-15] [INFO] [1786701283.886178480] [pinky_02.global_costmap.global_costmap]: Timed out waiting for transform from pinky_02/base_footprint to map to become available, tf error: Lookup would require extrapolation into the past.  Requested time 2.550000 but the earliest data is at time 2.800000, when looking up transform from frame [pinky_02/base_footprint] to frame [map]
[planner_server-6] [INFO] [1786701284.017148004] [pinky_01.global_costmap.global_costmap]: Timed out waiting for transform from pinky_01/base_footprint to map to become available, tf error: Lookup would require extrapolation into the past.  Requested time 2.550000 but the earliest data is at time 2.800000, when looking up transform from frame [pinky_01/base_footprint] to frame [map]
[planner_server-15] [INFO] [1786701284.386223779] [pinky_02.global_costmap.global_costmap]: Timed out waiting for transform from pinky_02/base_footprint to map to become available, tf error: Lookup would require extrapolation into the past.  Requested time 2.590000 but the earliest data is at time 2.800000, when looking up transform from frame [pinky_02/base_footprint] to frame [map]
[planner_server-6] [INFO] [1786701284.517160513] [pinky_01.global_costmap.global_costmap]: Timed out waiting for transform from pinky_01/base_footprint to map to become available, tf error: Lookup would require extrapolation into the past.  Requested time 2.590000 but the earliest data is at time 2.800000, when looking up transform from frame [pinky_01/base_footprint] to frame [map]
[planner_server-15] [INFO] [1786701284.886185365] [pinky_02.global_costmap.global_costmap]: Timed out waiting for transform from pinky_02/base_footprint to map to become available, tf error: Lookup would require extrapolation into the past.  Requested time 2.630000 but the earliest data is at time 2.800000, when looking up transform from frame [pinky_02/base_footprint] to frame [map]
[planner_server-6] [INFO] [1786701285.017161307] [pinky_01.global_costmap.global_costmap]: Timed out waiting for transform from pinky_01/base_footprint to map to become available, tf error: Lookup would require extrapolation into the past.  Requested time 2.650000 but the earliest data is at time 2.800000, when looking up transform from frame [pinky_01/base_footprint] to frame [map]
[planner_server-15] [INFO] [1786701285.386168961] [pinky_02.global_costmap.global_costmap]: Timed out waiting for transform from pinky_02/base_footprint to map to become available, tf error: Lookup would require extrapolation into the past.  Requested time 2.690000 but the earliest data is at time 2.800000, when looking up transform from frame [pinky_02/base_footprint] to frame [map]
[planner_server-6] [INFO] [1786701285.517152271] [pinky_01.global_costmap.global_costmap]: Timed out waiting for transform from pinky_01/base_footprint to map to become available, tf error: Lookup would require extrapolation into the past.  Requested time 2.690000 but the earliest data is at time 2.800000, when looking up transform from frame [pinky_01/base_footprint] to frame [map]
[planner_server-15] [INFO] [1786701285.886348008] [pinky_02.global_costmap.global_costmap]: Timed out waiting for transform from pinky_02/base_footprint to map to become available, tf error: Lookup would require extrapolation into the past.  Requested time 2.730000 but the earliest data is at time 2.800000, when looking up transform from frame [pinky_02/base_footprint] to frame [map]
[planner_server-6] [INFO] [1786701286.017192301] [pinky_01.global_costmap.global_costmap]: Timed out waiting for transform from pinky_01/base_footprint to map to become available, tf error: Lookup would require extrapolation into the past.  Requested time 2.750000 but the earliest data is at time 2.800000, when looking up transform from frame [pinky_01/base_footprint] to frame [map]
[planner_server-15] [INFO] [1786701286.386177185] [pinky_02.global_costmap.global_costmap]: Timed out waiting for transform from pinky_02/base_footprint to map to become available, tf error: Lookup would require extrapolation into the past.  Requested time 2.790000 but the earliest data is at time 2.800000, when looking up transform from frame [pinky_02/base_footprint] to frame [map]
[planner_server-6] [INFO] [1786701286.517150528] [pinky_01.global_costmap.global_costmap]: Timed out waiting for transform from pinky_01/base_footprint to map to become available, tf error: Lookup would require extrapolation into the past.  Requested time 2.790000 but the earliest data is at time 2.800000, when looking up transform from frame [pinky_01/base_footprint] to frame [map]
[planner_server-15] [INFO] [1786701286.886254239] [pinky_02.global_costmap.global_costmap]: start
[planner_server-6] [INFO] [1786701287.017206725] [pinky_01.global_costmap.global_costmap]: start
[python3-21] [INFO] [1786701287.362677969] [project1_pinky_fleet_adapter]: Adding robot [pinky_02] to fleet [project1_pinky].
[python3-21] [INFO] [1786701287.363625654] [project1_pinky_nav2_adapter]: [pinky_02] RMF 에 붙었습니다.
[rmf_traffic_schedule-1] [INFO] [1786701287.365512571] [rmf_traffic_schedule_primary]: Registered participant [0] named [pinky_02] owned by [project1_pinky]
[python3-21] [INFO] [1786701287.392085649] [project1_pinky_fleet_adapter]: Added a robot named [pinky_02] with participant ID [0]
[python3-21] [INFO] [1786701287.401314784] [project1_pinky_fleet_adapter]: Successfully added robot [pinky_02] to the fleet [project1_pinky].
[python3-21] [INFO] [1786701287.401413964] [project1_pinky_fleet_adapter]: Charger waypoint for robot [project1_pinky/pinky_02] set to index [4]
[planner_server-15] [INFO] [1786701287.939898122] [pinky_02.planner_server]: Activating plugin GridBased of type NavfnPlanner
[planner_server-15] [INFO] [1786701287.944690500] [pinky_02.planner_server]: Creating bond (planner_server) to lifecycle manager.
[lifecycle_manager-20] [INFO] [1786701288.056468152] [pinky_02.lifecycle_manager_navigation]: Server planner_server connected with bond.
[lifecycle_manager-20] [INFO] [1786701288.056562619] [pinky_02.lifecycle_manager_navigation]: [34m[1mActivating behavior_server[0m[0m
[behavior_server-16] [INFO] [1786701288.057314214] [pinky_02.behavior_server]: Activating
[behavior_server-16] [INFO] [1786701288.057351308] [pinky_02.behavior_server]: Activating spin
[behavior_server-16] [INFO] [1786701288.057365027] [pinky_02.behavior_server]: Activating backup
[behavior_server-16] [INFO] [1786701288.057376368] [pinky_02.behavior_server]: Activating drive_on_heading
[behavior_server-16] [INFO] [1786701288.057387476] [pinky_02.behavior_server]: Activating assisted_teleop
[behavior_server-16] [INFO] [1786701288.057398458] [pinky_02.behavior_server]: Activating wait
[behavior_server-16] [INFO] [1786701288.057413382] [pinky_02.behavior_server]: Creating bond (behavior_server) to lifecycle manager.
[planner_server-6] [INFO] [1786701288.070555326] [pinky_01.planner_server]: Activating plugin GridBased of type NavfnPlanner
[planner_server-6] [INFO] [1786701288.075112461] [pinky_01.planner_server]: Creating bond (planner_server) to lifecycle manager.
[lifecycle_manager-20] [INFO] [1786701288.174253564] [pinky_02.lifecycle_manager_navigation]: Server behavior_server connected with bond.
[lifecycle_manager-20] [INFO] [1786701288.174336007] [pinky_02.lifecycle_manager_navigation]: [34m[1mActivating bt_navigator[0m[0m
[bt_navigator-17] [INFO] [1786701288.175059419] [pinky_02.bt_navigator]: Activating
[lifecycle_manager-11] [INFO] [1786701288.186917736] [pinky_01.lifecycle_manager_navigation]: Server planner_server connected with bond.
[lifecycle_manager-11] [INFO] [1786701288.186978064] [pinky_01.lifecycle_manager_navigation]: [34m[1mActivating behavior_server[0m[0m
[behavior_server-7] [INFO] [1786701288.187648519] [pinky_01.behavior_server]: Activating
[behavior_server-7] [INFO] [1786701288.187684494] [pinky_01.behavior_server]: Activating spin
[behavior_server-7] [INFO] [1786701288.187700624] [pinky_01.behavior_server]: Activating backup
[behavior_server-7] [INFO] [1786701288.187712734] [pinky_01.behavior_server]: Activating drive_on_heading
[behavior_server-7] [INFO] [1786701288.187725796] [pinky_01.behavior_server]: Activating assisted_teleop
[behavior_server-7] [INFO] [1786701288.187738132] [pinky_01.behavior_server]: Activating wait
[behavior_server-7] [INFO] [1786701288.187754615] [pinky_01.behavior_server]: Creating bond (behavior_server) to lifecycle manager.
[lifecycle_manager-11] [INFO] [1786701288.302024659] [pinky_01.lifecycle_manager_navigation]: Server behavior_server connected with bond.
[lifecycle_manager-11] [INFO] [1786701288.302087244] [pinky_01.lifecycle_manager_navigation]: [34m[1mActivating bt_navigator[0m[0m
[bt_navigator-8] [INFO] [1786701288.303677753] [pinky_01.bt_navigator]: Activating
[bt_navigator-17] [INFO] [1786701288.415172900] [pinky_02.bt_navigator]: Creating bond (bt_navigator) to lifecycle manager.
[lifecycle_manager-20] [INFO] [1786701288.535294410] [pinky_02.lifecycle_manager_navigation]: Server bt_navigator connected with bond.
[lifecycle_manager-20] [INFO] [1786701288.535512200] [pinky_02.lifecycle_manager_navigation]: [34m[1mActivating waypoint_follower[0m[0m
[waypoint_follower-18] [INFO] [1786701288.536509623] [pinky_02.waypoint_follower]: Activating
[waypoint_follower-18] [INFO] [1786701288.536581419] [pinky_02.waypoint_follower]: Creating bond (waypoint_follower) to lifecycle manager.
[bt_navigator-8] [INFO] [1786701288.558206720] [pinky_01.bt_navigator]: Creating bond (bt_navigator) to lifecycle manager.
[lifecycle_manager-20] [INFO] [1786701288.661880686] [pinky_02.lifecycle_manager_navigation]: Server waypoint_follower connected with bond.
[lifecycle_manager-20] [INFO] [1786701288.661940698] [pinky_02.lifecycle_manager_navigation]: [34m[1mActivating velocity_smoother[0m[0m
[velocity_smoother-19] [INFO] [1786701288.662673592] [pinky_02.velocity_smoother]: Activating
[velocity_smoother-19] [INFO] [1786701288.662769541] [pinky_02.velocity_smoother]: Creating bond (velocity_smoother) to lifecycle manager.
[lifecycle_manager-11] [INFO] [1786701288.676503942] [pinky_01.lifecycle_manager_navigation]: Server bt_navigator connected with bond.
[lifecycle_manager-11] [INFO] [1786701288.676658250] [pinky_01.lifecycle_manager_navigation]: [34m[1mActivating waypoint_follower[0m[0m
[waypoint_follower-9] [INFO] [1786701288.677348562] [pinky_01.waypoint_follower]: Activating
[waypoint_follower-9] [INFO] [1786701288.677400679] [pinky_01.waypoint_follower]: Creating bond (waypoint_follower) to lifecycle manager.
[lifecycle_manager-20] [INFO] [1786701288.776745043] [pinky_02.lifecycle_manager_navigation]: Server velocity_smoother connected with bond.
[lifecycle_manager-20] [INFO] [1786701288.776831548] [pinky_02.lifecycle_manager_navigation]: [34m[1mManaged nodes are active[0m[0m
[lifecycle_manager-20] [INFO] [1786701288.776848778] [pinky_02.lifecycle_manager_navigation]: [34m[1mCreating bond timer...[0m[0m
[lifecycle_manager-11] [INFO] [1786701288.791668881] [pinky_01.lifecycle_manager_navigation]: Server waypoint_follower connected with bond.
[lifecycle_manager-11] [INFO] [1786701288.791735378] [pinky_01.lifecycle_manager_navigation]: [34m[1mActivating velocity_smoother[0m[0m
[velocity_smoother-10] [INFO] [1786701288.792609484] [pinky_01.velocity_smoother]: Activating
[velocity_smoother-10] [INFO] [1786701288.792712165] [pinky_01.velocity_smoother]: Creating bond (velocity_smoother) to lifecycle manager.
[lifecycle_manager-11] [INFO] [1786701288.908022558] [pinky_01.lifecycle_manager_navigation]: Server velocity_smoother connected with bond.
[lifecycle_manager-11] [INFO] [1786701288.908086560] [pinky_01.lifecycle_manager_navigation]: [34m[1mManaged nodes are active[0m[0m
[lifecycle_manager-11] [INFO] [1786701288.908105125] [pinky_01.lifecycle_manager_navigation]: [34m[1mCreating bond timer...[0m[0m
[python3-21] [INFO] [1786701291.632952404] [project1_pinky_fleet_adapter]: Adding robot [pinky_01] to fleet [project1_pinky].
[python3-21] [INFO] [1786701291.634103511] [project1_pinky_nav2_adapter]: [pinky_01] RMF 에 붙었습니다.
[rmf_traffic_schedule-1] [INFO] [1786701291.634815819] [rmf_traffic_schedule_primary]: Registered participant [1] named [pinky_01] owned by [project1_pinky]
[python3-21] [INFO] [1786701291.678825117] [project1_pinky_fleet_adapter]: Added a robot named [pinky_01] with participant ID [1]
[python3-21] [INFO] [1786701291.700529512] [project1_pinky_fleet_adapter]: Successfully added robot [pinky_01] to the fleet [project1_pinky].
[python3-21] [INFO] [1786701291.701464590] [project1_pinky_fleet_adapter]: Charger waypoint for robot [project1_pinky/pinky_01] set to index [5]
[schedule_visualizer_node-4] [INFO] [1786701300.484812718] [schedule_data_node]: Requesting new schedule update because update timed out
[schedule_visualizer_node-4] [INFO] [1786701300.484886895] [schedule_data_node]: [rmf_traffic_ros2::MirrorManager::request_update] Requesting changes for query ID [1] since version [0]
[python3-21] [INFO] [1786701300.486210735] [project1_pinky_fleet_adapter]: Requesting new schedule update because update timed out
[python3-21] [INFO] [1786701300.486272041] [project1_pinky_fleet_adapter]: [rmf_traffic_ros2::MirrorManager::request_update] Requesting changes for query ID [1] since version [0]
[python3-21] [INFO] [1786701311.054151976] [project1_pinky_fleet_adapter]: Direct request [rmf_control_ui-cad780a7] successfully queued for robot [pinky_01]
[python3-21] [INFO] [1786701311.060423059] [project1_pinky_fleet_adapter]: Beginning next task [rmf_control_ui-cad780a7] for robot [project1_pinky/pinky_01]
[python3-21] [INFO] [1786701311.064542797] [project1_pinky_fleet_adapter]: Selecting a new go_to_place location from [1] choices for robot [project1_pinky/pinky_01]
[python3-21] [INFO] [1786701311.064610904] [project1_pinky_fleet_adapter]: Got distance from [1] as 1.181184
[python3-21] [INFO] [1786701311.064734474] [project1_pinky_fleet_adapter]: Planning for [project1_pinky/pinky_01] to [대기1] from one of these locations:
[python3-21]  -- L1 < 1.61328 -1.08775> [충전2] | on waypoint | orientation -8.73937e-12
[python3-21] [INFO] [1786701311.071357184] [project1_pinky_fleet_adapter]: Beginning new task [rmf_control_ui-cad780a7] for [project1_pinky/pinky_01]. Remaining queue size: 0
[python3-21] [INFO] [1786701311.095277371] [project1_pinky_fleet_adapter]: Executing final go_to_place [대기1] for robot [project1_pinky/pinky_01]
[python3-21] [INFO] [1786701311.099679985] [project1_pinky_fleet_adapter]: [project1_pinky/pinky_01] Moving to [place:대기1] via
[python3-21]  -- t=0 #5 <     1.61328     -1.08775 -1.52531e-13> yaw=-8.73937e-12 approach lanes:
[python3-21]  -- t=1.51868 #5 < 1.61328 -1.08775  1.57489> yaw=90.2345 approach lanes:
[python3-21]  -- t=2.30191 #4 <  1.61176 -0.717166   1.57489> yaw=90.2345 approach lanes: 10
[python3-21]  -- t=3.24283 #4 <  1.61176 -0.717166   2.28313> yaw=130.814 approach lanes:
[python3-21]  -- t=4.28077 #1 <  1.23636 -0.282471   2.28313> yaw=130.814 approach lanes: 7
[python3-21] [INFO] [1786701311.113913495] [project1_pinky_nav2_adapter]: [pinky_01] -> (1.612, -0.717, 131도) 지도 [L1]
[bt_navigator-8] [INFO] [1786701311.125739020] [pinky_01.bt_navigator]: Begin navigating from current location (1.61, -1.09) to (1.61, -0.72)
[controller_server-4] [INFO] [1786701311.169847591] [pinky_01.controller_server]: Received a goal, begin computing control effort.
[controller_server-4] [WARN] [1786701311.169917198] [pinky_01.controller_server]: No goal checker was specified in parameter 'current_goal_checker'. Server will use only plugin loaded general_goal_checker . This warning will appear once.
[controller_server-4] [WARN] [1786701311.169942640] [pinky_01.controller_server]: No progress checker was specified in parameter 'current_progress_checker'. Server will use only plugin loaded progress_checker . This warning will appear once.
[parameter_bridge-19] [INFO] [1786701311.195824958] [gz_bridge]: Passing message from ROS geometry_msgs/msg/Twist to Gazebo gz.msgs.Twist (showing msg only once per type)
[controller_server-4] [INFO] [1786701312.221352024] [pinky_01.controller_server]: Passing new path to controller.
  ↑ 같은 줄 18번 더
[controller_server-4] [WARN] [1786701331.024991457] [pinky_01.controller_server]: RegulatedPurePursuitController detected collision ahead!
  ↑ 같은 줄 13번 더
[controller_server-4] [INFO] [1786701331.721339849] [pinky_01.controller_server]: Passing new path to controller.
[controller_server-4] [WARN] [1786701331.722160275] [pinky_01.controller_server]: RegulatedPurePursuitController detected collision ahead!
  ↑ 같은 줄 20번 더
[controller_server-4] [INFO] [1786701332.771397243] [pinky_01.controller_server]: Passing new path to controller.
[controller_server-4] [WARN] [1786701332.772158018] [pinky_01.controller_server]: RegulatedPurePursuitController detected collision ahead!
  ↑ 같은 줄 20번 더
[controller_server-4] [INFO] [1786701333.821342081] [pinky_01.controller_server]: Passing new path to controller.
[controller_server-4] [WARN] [1786701333.822085123] [pinky_01.controller_server]: RegulatedPurePursuitController detected collision ahead!
  ↑ 같은 줄 17번 더
[controller_server-4] [ERROR] [1786701334.672036893] [pinky_01.controller_server]: Controller patience exceeded
[controller_server-4] [WARN] [1786701334.672127984] [pinky_01.controller_server]: [follow_path] [ActionServer] Aborting handle.
[controller_server-4] [INFO] [1786701334.691683615] [pinky_01.local_costmap.local_costmap]: Received request to clear entirely the local_costmap
[controller_server-4] [INFO] [1786701334.692258523] [pinky_01.controller_server]: Received a goal, begin computing control effort.
[controller_server-4] [WARN] [1786701334.802999006] [pinky_01.controller_server]: RegulatedPurePursuitController detected collision ahead!
[controller_server-4] [WARN] [1786701334.803147056] [pinky_01.controller_server]: Control loop missed its desired rate of 20.0000 Hz. Current loop rate is 100.0000 Hz.
[controller_server-4] [WARN] [1786701334.803736693] [pinky_01.controller_server]: RegulatedPurePursuitController detected collision ahead!
[controller_server-4] [INFO] [1786701334.853260138] [pinky_01.controller_server]: Passing new path to controller.
[controller_server-4] [WARN] [1786701334.854018925] [pinky_01.controller_server]: RegulatedPurePursuitController detected collision ahead!
  ↑ 같은 줄 14번 더
[controller_server-4] [INFO] [1786701335.853261982] [pinky_01.controller_server]: Passing new path to controller.
[controller_server-4] [WARN] [1786701336.253915804] [pinky_01.controller_server]: RegulatedPurePursuitController detected collision ahead!
  ↑ 같은 줄 12번 더
[controller_server-4] [INFO] [1786701336.903247710] [pinky_01.controller_server]: Passing new path to controller.
[controller_server-4] [WARN] [1786701336.903868139] [pinky_01.controller_server]: RegulatedPurePursuitController detected collision ahead!
  ↑ 같은 줄 19번 더
[controller_server-4] [INFO] [1786701337.903251073] [pinky_01.controller_server]: Passing new path to controller.
[controller_server-4] [WARN] [1786701337.904000129] [pinky_01.controller_server]: RegulatedPurePursuitController detected collision ahead!
  ↑ 같은 줄 1번 더
[controller_server-4] [INFO] [1786701338.953247497] [pinky_01.controller_server]: Passing new path to controller.
[controller_server-4] [WARN] [1786701339.003778455] [pinky_01.controller_server]: RegulatedPurePursuitController detected collision ahead!
  ↑ 같은 줄 18번 더
[controller_server-4] [INFO] [1786701339.953257305] [pinky_01.controller_server]: Passing new path to controller.
[controller_server-4] [WARN] [1786701339.953939145] [pinky_01.controller_server]: RegulatedPurePursuitController detected collision ahead!
  ↑ 같은 줄 20번 더
[controller_server-4] [INFO] [1786701341.003250741] [pinky_01.controller_server]: Passing new path to controller.
[controller_server-4] [WARN] [1786701341.003888206] [pinky_01.controller_server]: RegulatedPurePursuitController detected collision ahead!
  ↑ 같은 줄 19번 더
[controller_server-4] [INFO] [1786701342.003246474] [pinky_01.controller_server]: Passing new path to controller.
[controller_server-4] [WARN] [1786701342.003992544] [pinky_01.controller_server]: RegulatedPurePursuitController detected collision ahead!
  ↑ 같은 줄 20번 더
[controller_server-4] [INFO] [1786701343.053259929] [pinky_01.controller_server]: Passing new path to controller.
[controller_server-4] [WARN] [1786701343.054788348] [pinky_01.controller_server]: RegulatedPurePursuitController detected collision ahead!
  ↑ 같은 줄 1번 더
[controller_server-4] [ERROR] [1786701343.104035661] [pinky_01.controller_server]: Controller patience exceeded
[controller_server-4] [WARN] [1786701343.104156722] [pinky_01.controller_server]: [follow_path] [ActionServer] Aborting handle.
[controller_server-4] [INFO] [1786701343.122084516] [pinky_01.local_costmap.local_costmap]: Received request to clear entirely the local_costmap
[planner_server-6] [INFO] [1786701343.122517591] [pinky_01.global_costmap.global_costmap]: Received request to clear entirely the global_costmap
[planner_server-6] [WARN] [1786701344.030263998] [pinky_01.planner_server]: Planner loop missed its desired rate of 20.0000 Hz. Current loop rate is 14.2857 Hz
[controller_server-4] [INFO] [1786701344.041903465] [pinky_01.controller_server]: Received a goal, begin computing control effort.
[controller_server-4] [WARN] [1786701344.043007270] [pinky_01.controller_server]: RegulatedPurePursuitController detected collision ahead!
  ↑ 같은 줄 7번 더
[controller_server-4] [INFO] [1786701345.092078205] [pinky_01.controller_server]: Passing new path to controller.
  ↑ 같은 줄 3번 더
[controller_server-4] [WARN] [1786701348.192908375] [pinky_01.controller_server]: RegulatedPurePursuitController detected collision ahead!
  ↑ 같은 줄 12번 더
[controller_server-4] [INFO] [1786701349.192090416] [pinky_01.controller_server]: Passing new path to controller.
  ↑ 같은 줄 1번 더
[controller_server-4] [WARN] [1786701350.243028400] [pinky_01.controller_server]: RegulatedPurePursuitController detected collision ahead!
  ↑ 같은 줄 19번 더
[controller_server-4] [INFO] [1786701351.242102617] [pinky_01.controller_server]: Passing new path to controller.
[controller_server-4] [WARN] [1786701351.243048370] [pinky_01.controller_server]: RegulatedPurePursuitController detected collision ahead!
  ↑ 같은 줄 20번 더
[controller_server-4] [INFO] [1786701352.292089868] [pinky_01.controller_server]: Passing new path to controller.
[controller_server-4] [WARN] [1786701352.292903933] [pinky_01.controller_server]: RegulatedPurePursuitController detected collision ahead!
  ↑ 같은 줄 14번 더
[controller_server-4] [INFO] [1786701353.292106377] [pinky_01.controller_server]: Passing new path to controller.
  ↑ 같은 줄 5번 더
[controller_server-4] [WARN] [1786701358.442969814] [pinky_01.controller_server]: RegulatedPurePursuitController detected collision ahead!
  ↑ 같은 줄 7번 더
[controller_server-4] [INFO] [1786701359.442100521] [pinky_01.controller_server]: Passing new path to controller.
  ↑ 같은 줄 9번 더
[controller_server-4] [WARN] [1786701368.744816170] [pinky_01.controller_server]: RegulatedPurePursuitController detected collision ahead!
  ↑ 같은 줄 19번 더
[controller_server-4] [INFO] [1786701369.742103586] [pinky_01.controller_server]: Passing new path to controller.
[controller_server-4] [WARN] [1786701369.743118166] [pinky_01.controller_server]: RegulatedPurePursuitController detected collision ahead!
  ↑ 같은 줄 17번 더
[controller_server-4] [INFO] [1786701370.792113786] [pinky_01.controller_server]: Passing new path to controller.
[controller_server-4] [WARN] [1786701371.585991584] [pinky_01.controller_server]: Control loop missed its desired rate of 20.0000 Hz. Current loop rate is inf Hz.
[controller_server-4] [INFO] [1786701371.786114362] [pinky_01.controller_server]: Passing new path to controller.
  ↑ 같은 줄 1번 더
[controller_server-4] [WARN] [1786701372.836726020] [pinky_01.controller_server]: RegulatedPurePursuitController detected collision ahead!
  ↑ 같은 줄 20번 더
[controller_server-4] [INFO] [1786701373.886115410] [pinky_01.controller_server]: Passing new path to controller.
[controller_server-4] [WARN] [1786701373.886917445] [pinky_01.controller_server]: RegulatedPurePursuitController detected collision ahead!
  ↑ 같은 줄 5번 더
[controller_server-4] [INFO] [1786701374.886129752] [pinky_01.controller_server]: Passing new path to controller.
[controller_server-4] [WARN] [1786701375.286477797] [pinky_01.controller_server]: RegulatedPurePursuitController detected collision ahead!
  ↑ 같은 줄 12번 더
[controller_server-4] [INFO] [1786701375.936132489] [pinky_01.controller_server]: Passing new path to controller.
[controller_server-4] [WARN] [1786701375.936593466] [pinky_01.controller_server]: RegulatedPurePursuitController detected collision ahead!
  ↑ 같은 줄 19번 더
[controller_server-4] [INFO] [1786701376.936147027] [pinky_01.controller_server]: Passing new path to controller.
[controller_server-4] [WARN] [1786701376.936957577] [pinky_01.controller_server]: RegulatedPurePursuitController detected collision ahead!
  ↑ 같은 줄 20번 더
[controller_server-4] [INFO] [1786701377.986108396] [pinky_01.controller_server]: Passing new path to controller.
[controller_server-4] [WARN] [1786701377.986945857] [pinky_01.controller_server]: RegulatedPurePursuitController detected collision ahead!
  ↑ 같은 줄 19번 더
[controller_server-4] [INFO] [1786701378.986111231] [pinky_01.controller_server]: Passing new path to controller.
[controller_server-4] [WARN] [1786701378.987207938] [pinky_01.controller_server]: RegulatedPurePursuitController detected collision ahead!
  ↑ 같은 줄 1번 더
[controller_server-4] [ERROR] [1786701379.037067001] [pinky_01.controller_server]: Controller patience exceeded
[controller_server-4] [WARN] [1786701379.037258848] [pinky_01.controller_server]: [follow_path] [ActionServer] Aborting handle.
[controller_server-4] [INFO] [1786701379.051494607] [pinky_01.local_costmap.local_costmap]: Received request to clear entirely the local_costmap
[controller_server-4] [INFO] [1786701379.052052977] [pinky_01.controller_server]: Received a goal, begin computing control effort.
[controller_server-4] [WARN] [1786701379.202548696] [pinky_01.controller_server]: RegulatedPurePursuitController detected collision ahead!
[controller_server-4] [WARN] [1786701379.202657162] [pinky_01.controller_server]: Control loop missed its desired rate of 20.0000 Hz. Current loop rate is 100.0000 Hz.
[controller_server-4] [WARN] [1786701379.202969378] [pinky_01.controller_server]: RegulatedPurePursuitController detected collision ahead!
  ↑ 같은 줄 2번 더
[controller_server-4] [INFO] [1786701380.002754841] [pinky_01.controller_server]: Passing new path to controller.
[controller_server-4] [WARN] [1786701380.522764551] [pinky_01.controller_server]: Control loop missed its desired rate of 20.0000 Hz. Current loop rate is inf Hz.
[controller_server-4] [INFO] [1786701381.023632178] [pinky_01.controller_server]: Passing new path to controller.
[controller_server-4] [WARN] [1786701381.424368771] [pinky_01.controller_server]: RegulatedPurePursuitController detected collision ahead!
  ↑ 같은 줄 12번 더
[controller_server-4] [INFO] [1786701382.073634651] [pinky_01.controller_server]: Passing new path to controller.
  ↑ 같은 줄 9번 더
[controller_server-4] [WARN] [1786701391.624189023] [pinky_01.controller_server]: RegulatedPurePursuitController detected collision ahead!
  ↑ 같은 줄 14번 더
[controller_server-4] [INFO] [1786701392.373621183] [pinky_01.controller_server]: Passing new path to controller.
[controller_server-4] [WARN] [1786701392.374673936] [pinky_01.controller_server]: RegulatedPurePursuitController detected collision ahead!
  ↑ 같은 줄 11번 더
[controller_server-4] [INFO] [1786701393.373656005] [pinky_01.controller_server]: Passing new path to controller.
[controller_server-4] [WARN] [1786701393.774120829] [pinky_01.controller_server]: RegulatedPurePursuitController detected collision ahead!
  ↑ 같은 줄 12번 더
[controller_server-4] [INFO] [1786701394.424029749] [pinky_01.controller_server]: Passing new path to controller.
[controller_server-4] [WARN] [1786701394.424979356] [pinky_01.controller_server]: RegulatedPurePursuitController detected collision ahead!
  ↑ 같은 줄 19번 더
[controller_server-4] [INFO] [1786701395.423656234] [pinky_01.controller_server]: Passing new path to controller.
[controller_server-4] [WARN] [1786701395.424802580] [pinky_01.controller_server]: RegulatedPurePursuitController detected collision ahead!
  ↑ 같은 줄 19번 더
[controller_server-4] [INFO] [1786701396.473655188] [pinky_01.controller_server]: Passing new path to controller.
[controller_server-4] [WARN] [1786701396.675754838] [pinky_01.controller_server]: Control loop missed its desired rate of 20.0000 Hz. Current loop rate is inf Hz.
[controller_server-4] [INFO] [1786701397.475878710] [pinky_01.controller_server]: Passing new path to controller.
  ↑ 같은 줄 1번 더
[amcl-3] [INFO] [1786701399.348319335] [pinky_01.amcl]: initialPoseReceived
[amcl-3] [WARN] [1786701399.348483323] [pinky_01.amcl]: Failed to transform initial pose in time (Lookup would require extrapolation into the future.  Requested time 11.100000 but the latest data is at time 11.090000, when looking up transform from frame [pinky_01/base_footprint] to frame [pinky_01/odom])
[amcl-3] [INFO] [1786701399.348693668] [pinky_01.amcl]: Setting pose (11.100000): 1.613 -1.088 -0.000
[controller_server-4] [INFO] [1786701399.525906859] [pinky_01.controller_server]: Passing new path to controller.
  ↑ 같은 줄 32번 더
[controller_server-4] [WARN] [1786701432.526679942] [pinky_01.controller_server]: RegulatedPurePursuitController detected collision ahead!
  ↑ 같은 줄 16번 더
[controller_server-4] [INFO] [1786701433.375899135] [pinky_01.controller_server]: Passing new path to controller.
[controller_server-4] [WARN] [1786701433.377045465] [pinky_01.controller_server]: RegulatedPurePursuitController detected collision ahead!
  ↑ 같은 줄 12번 더
[controller_server-4] [INFO] [1786701434.425881123] [pinky_01.controller_server]: Passing new path to controller.
[controller_server-4] [WARN] [1786701434.976656727] [pinky_01.controller_server]: RegulatedPurePursuitController detected collision ahead!
  ↑ 같은 줄 9번 더
[controller_server-4] [INFO] [1786701435.475893063] [pinky_01.controller_server]: Passing new path to controller.
[controller_server-4] [WARN] [1786701435.476808846] [pinky_01.controller_server]: RegulatedPurePursuitController detected collision ahead!
  ↑ 같은 줄 19번 더
[controller_server-4] [INFO] [1786701436.475871431] [pinky_01.controller_server]: Passing new path to controller.
  ↑ 같은 줄 1번 더
[controller_server-4] [WARN] [1786701437.577070938] [pinky_01.controller_server]: RegulatedPurePursuitController detected collision ahead!
  ↑ 같은 줄 18번 더
[controller_server-4] [INFO] [1786701438.525854754] [pinky_01.controller_server]: Passing new path to controller.
[controller_server-4] [WARN] [1786701438.526603812] [pinky_01.controller_server]: RegulatedPurePursuitController detected collision ahead!
  ↑ 같은 줄 20번 더
[controller_server-4] [INFO] [1786701439.575892419] [pinky_01.controller_server]: Passing new path to controller.
[controller_server-4] [WARN] [1786701439.576994848] [pinky_01.controller_server]: RegulatedPurePursuitController detected collision ahead!
  ↑ 같은 줄 19번 더
[controller_server-4] [INFO] [1786701440.575891931] [pinky_01.controller_server]: Passing new path to controller.
[controller_server-4] [WARN] [1786701440.576966342] [pinky_01.controller_server]: RegulatedPurePursuitController detected collision ahead!
  ↑ 같은 줄 19번 더
[controller_server-4] [INFO] [1786701441.575912399] [pinky_01.controller_server]: Passing new path to controller.
[controller_server-4] [WARN] [1786701441.576606987] [pinky_01.controller_server]: RegulatedPurePursuitController detected collision ahead!
[controller_server-4] [ERROR] [1786701441.576667927] [pinky_01.controller_server]: Controller patience exceeded
[controller_server-4] [WARN] [1786701441.576763300] [pinky_01.controller_server]: [follow_path] [ActionServer] Aborting handle.
[behavior_server-7] [INFO] [1786701441.601739334] [pinky_01.behavior_server]: Running spin
[behavior_server-7] [INFO] [1786701441.601975492] [pinky_01.behavior_server]: Turning 1.57 for spin behavior.
[behavior_server-7] [INFO] [1786701465.902194625] [pinky_01.behavior_server]: spin completed successfully
[controller_server-4] [INFO] [1786701465.936485974] [pinky_01.controller_server]: Received a goal, begin computing control effort.
[controller_server-4] [INFO] [1786701466.986655012] [pinky_01.controller_server]: Passing new path to controller.
  ↑ 같은 줄 24번 더
[controller_server-4] [WARN] [1786701492.287571839] [pinky_01.controller_server]: RegulatedPurePursuitController detected collision ahead!
  ↑ 같은 줄 6번 더
[controller_server-4] [INFO] [1786701492.636727236] [pinky_01.controller_server]: Passing new path to controller.
[controller_server-4] [WARN] [1786701492.637725236] [pinky_01.controller_server]: RegulatedPurePursuitController detected collision ahead!
  ↑ 같은 줄 15번 더
[controller_server-4] [INFO] [1786701493.636645472] [pinky_01.controller_server]: Passing new path to controller.
[controller_server-4] [WARN] [1786701494.637352308] [pinky_01.controller_server]: RegulatedPurePursuitController detected collision ahead!
[controller_server-4] [INFO] [1786701494.686648101] [pinky_01.controller_server]: Passing new path to controller.
[controller_server-4] [WARN] [1786701494.687518652] [pinky_01.controller_server]: RegulatedPurePursuitController detected collision ahead!
  ↑ 같은 줄 19번 더
[controller_server-4] [INFO] [1786701495.686632317] [pinky_01.controller_server]: Passing new path to controller.
[controller_server-4] [WARN] [1786701495.687362502] [pinky_01.controller_server]: RegulatedPurePursuitController detected collision ahead!
  ↑ 같은 줄 20번 더
[controller_server-4] [INFO] [1786701496.736649089] [pinky_01.controller_server]: Passing new path to controller.
[controller_server-4] [WARN] [1786701496.737509317] [pinky_01.controller_server]: RegulatedPurePursuitController detected collision ahead!
  ↑ 같은 줄 1번 더
[controller_server-4] [INFO] [1786701497.736649060] [pinky_01.controller_server]: Passing new path to controller.
  ↑ 같은 줄 1번 더
[controller_server-4] [WARN] [1786701499.037359940] [pinky_01.controller_server]: RegulatedPurePursuitController detected collision ahead!
[controller_server-4] [INFO] [1786701499.786649277] [pinky_01.controller_server]: Passing new path to controller.
[controller_server-4] [WARN] [1786701499.787655422] [pinky_01.controller_server]: RegulatedPurePursuitController detected collision ahead!
  ↑ 같은 줄 20번 더
[controller_server-4] [INFO] [1786701500.836683369] [pinky_01.controller_server]: Passing new path to controller.
[controller_server-4] [WARN] [1786701500.837963716] [pinky_01.controller_server]: RegulatedPurePursuitController detected collision ahead!
  ↑ 같은 줄 19번 더
[controller_server-4] [INFO] [1786701501.836648024] [pinky_01.controller_server]: Passing new path to controller.
[controller_server-4] [WARN] [1786701501.837571677] [pinky_01.controller_server]: RegulatedPurePursuitController detected collision ahead!
  ↑ 같은 줄 20번 더
[controller_server-4] [INFO] [1786701502.886650802] [pinky_01.controller_server]: Passing new path to controller.
[controller_server-4] [WARN] [1786701502.887609752] [pinky_01.controller_server]: RegulatedPurePursuitController detected collision ahead!
  ↑ 같은 줄 15번 더
[controller_server-4] [ERROR] [1786701503.637368349] [pinky_01.controller_server]: Controller patience exceeded
[controller_server-4] [WARN] [1786701503.637476203] [pinky_01.controller_server]: [follow_path] [ActionServer] Aborting handle.
[controller_server-4] [INFO] [1786701503.654878597] [pinky_01.local_costmap.local_costmap]: Received request to clear entirely the local_costmap
[controller_server-4] [INFO] [1786701503.655628351] [pinky_01.controller_server]: Received a goal, begin computing control effort.
[controller_server-4] [WARN] [1786701503.796348655] [pinky_01.controller_server]: RegulatedPurePursuitController detected collision ahead!
[controller_server-4] [WARN] [1786701503.796487272] [pinky_01.controller_server]: Control loop missed its desired rate of 20.0000 Hz. Current loop rate is 100.0000 Hz.
[controller_server-4] [WARN] [1786701503.797081466] [pinky_01.controller_server]: RegulatedPurePursuitController detected collision ahead!
  ↑ 같은 줄 1번 더
[controller_server-4] [INFO] [1786701503.896560801] [pinky_01.controller_server]: Passing new path to controller.
[controller_server-4] [WARN] [1786701503.897334888] [pinky_01.controller_server]: RegulatedPurePursuitController detected collision ahead!
  ↑ 같은 줄 20번 더
[controller_server-4] [INFO] [1786701504.946578748] [pinky_01.controller_server]: Passing new path to controller.
  ↑ 같은 줄 1번 더
[controller_server-4] [WARN] [1786701506.397106421] [pinky_01.controller_server]: RegulatedPurePursuitController detected collision ahead!
  ↑ 같은 줄 11번 더
[controller_server-4] [INFO] [1786701506.996630147] [pinky_01.controller_server]: Passing new path to controller.
[controller_server-4] [WARN] [1786701506.997385350] [pinky_01.controller_server]: RegulatedPurePursuitController detected collision ahead!
  ↑ 같은 줄 19번 더
[controller_server-4] [INFO] [1786701507.996575002] [pinky_01.controller_server]: Passing new path to controller.
  ↑ 같은 줄 5번 더
[controller_server-4] [WARN] [1786701513.447201216] [pinky_01.controller_server]: RegulatedPurePursuitController detected collision ahead!
  ↑ 같은 줄 13번 더
[controller_server-4] [INFO] [1786701514.146608223] [pinky_01.controller_server]: Passing new path to controller.
[controller_server-4] [WARN] [1786701514.147131796] [pinky_01.controller_server]: RegulatedPurePursuitController detected collision ahead!
  ↑ 같은 줄 20번 더
[controller_server-4] [INFO] [1786701515.196571367] [pinky_01.controller_server]: Passing new path to controller.
[controller_server-4] [WARN] [1786701515.197406772] [pinky_01.controller_server]: RegulatedPurePursuitController detected collision ahead!
  ↑ 같은 줄 19번 더
[controller_server-4] [INFO] [1786701516.196584856] [pinky_01.controller_server]: Passing new path to controller.
[controller_server-4] [WARN] [1786701516.197488286] [pinky_01.controller_server]: RegulatedPurePursuitController detected collision ahead!
  ↑ 같은 줄 20번 더
[controller_server-4] [INFO] [1786701517.246584346] [pinky_01.controller_server]: Passing new path to controller.
[controller_server-4] [WARN] [1786701517.247434860] [pinky_01.controller_server]: RegulatedPurePursuitController detected collision ahead!
  ↑ 같은 줄 4번 더
[controller_server-4] [ERROR] [1786701517.447350634] [pinky_01.controller_server]: Controller patience exceeded
[controller_server-4] [WARN] [1786701517.447478867] [pinky_01.controller_server]: [follow_path] [ActionServer] Aborting handle.
[behavior_server-7] [INFO] [1786701517.465167099] [pinky_01.behavior_server]: Running wait
[python3-21] [INFO] [1786701576.119834878] [project1_pinky_fleet_adapter]: Cache sizes:
[python3-21]  - DifferentialDrive: 128
[python3-21]  - ShortestPath: 40
[python3-21]  - Euclidean: 0
[behavior_server-7] [INFO] [1786701587.365448915] [pinky_01.behavior_server]: wait completed successfully
[controller_server-4] [INFO] [1786701587.401303002] [pinky_01.controller_server]: Received a goal, begin computing control effort.
[controller_server-4] [WARN] [1786701587.401880655] [pinky_01.controller_server]: RegulatedPurePursuitController detected collision ahead!
  ↑ 같은 줄 20번 더
[controller_server-4] [INFO] [1786701588.451460491] [pinky_01.controller_server]: Passing new path to controller.
[controller_server-4] [WARN] [1786701588.452206366] [pinky_01.controller_server]: RegulatedPurePursuitController detected collision ahead!
  ↑ 같은 줄 20번 더
[controller_server-4] [INFO] [1786701589.501428483] [pinky_01.controller_server]: Passing new path to controller.
[controller_server-4] [WARN] [1786701589.501931579] [pinky_01.controller_server]: RegulatedPurePursuitController detected collision ahead!
  ↑ 같은 줄 20번 더
[controller_server-4] [INFO] [1786701590.551835632] [pinky_01.controller_server]: Passing new path to controller.
[controller_server-4] [WARN] [1786701590.555454360] [pinky_01.controller_server]: RegulatedPurePursuitController detected collision ahead!
  ↑ 같은 줄 19번 더
[controller_server-4] [INFO] [1786701591.551462096] [pinky_01.controller_server]: Passing new path to controller.
[controller_server-4] [WARN] [1786701591.557452273] [pinky_01.controller_server]: RegulatedPurePursuitController detected collision ahead!
  ↑ 같은 줄 17번 더
[controller_server-4] [ERROR] [1786701592.401896447] [pinky_01.controller_server]: Controller patience exceeded
[controller_server-4] [WARN] [1786701592.401991476] [pinky_01.controller_server]: [follow_path] [ActionServer] Aborting handle.
[controller_server-4] [INFO] [1786701592.418384376] [pinky_01.local_costmap.local_costmap]: Received request to clear entirely the local_costmap
[controller_server-4] [INFO] [1786701592.419007592] [pinky_01.controller_server]: Received a goal, begin computing control effort.
[controller_server-4] [INFO] [1786701592.599139032] [pinky_01.controller_server]: Passing new path to controller.
[controller_server-4] [WARN] [1786701592.599812938] [pinky_01.controller_server]: RegulatedPurePursuitController detected collision ahead!
[controller_server-4] [WARN] [1786701592.599943992] [pinky_01.controller_server]: Control loop missed its desired rate of 20.0000 Hz. Current loop rate is 100.0000 Hz.
[controller_server-4] [WARN] [1786701592.600415163] [pinky_01.controller_server]: RegulatedPurePursuitController detected collision ahead!
  ↑ 같은 줄 20번 더
[controller_server-4] [INFO] [1786701593.650048406] [pinky_01.controller_server]: Passing new path to controller.
[controller_server-4] [WARN] [1786701593.650441674] [pinky_01.controller_server]: RegulatedPurePursuitController detected collision ahead!
  ↑ 같은 줄 19번 더
[controller_server-4] [INFO] [1786701594.650064019] [pinky_01.controller_server]: Passing new path to controller.
[controller_server-4] [WARN] [1786701594.650851313] [pinky_01.controller_server]: RegulatedPurePursuitController detected collision ahead!
  ↑ 같은 줄 20번 더
[controller_server-4] [INFO] [1786701595.700074055] [pinky_01.controller_server]: Passing new path to controller.
[controller_server-4] [WARN] [1786701595.700939132] [pinky_01.controller_server]: RegulatedPurePursuitController detected collision ahead!
  ↑ 같은 줄 16번 더
[controller_server-4] [ERROR] [1786701596.500445181] [pinky_01.controller_server]: Controller patience exceeded
[controller_server-4] [WARN] [1786701596.500508120] [pinky_01.controller_server]: [follow_path] [ActionServer] Aborting handle.
[behavior_server-7] [INFO] [1786701596.518659916] [pinky_01.behavior_server]: Running backup
[behavior_server-7] [INFO] [1786701625.847571792] [pinky_01.behavior_server]: backup completed successfully
[controller_server-4] [INFO] [1786701625.896784263] [pinky_01.controller_server]: Received a goal, begin computing control effort.
[controller_server-4] [INFO] [1786701626.947010335] [pinky_01.controller_server]: Passing new path to controller.
  ↑ 같은 줄 3번 더
[controller_server-4] [WARN] [1786701630.666248515] [pinky_01.controller_server]: Control loop missed its desired rate of 20.0000 Hz. Current loop rate is inf Hz.
[controller_server-4] [INFO] [1786701631.016498925] [pinky_01.controller_server]: Passing new path to controller.
  ↑ 같은 줄 4번 더
[controller_server-4] [WARN] [1786701635.117208904] [pinky_01.controller_server]: RegulatedPurePursuitController detected collision ahead!
  ↑ 같은 줄 20번 더
[controller_server-4] [INFO] [1786701636.166413314] [pinky_01.controller_server]: Passing new path to controller.
[controller_server-4] [WARN] [1786701636.167161477] [pinky_01.controller_server]: RegulatedPurePursuitController detected collision ahead!
  ↑ 같은 줄 4번 더
[controller_server-4] [INFO] [1786701637.166390058] [pinky_01.controller_server]: Passing new path to controller.
[controller_server-4] [WARN] [1786701637.567110194] [pinky_01.controller_server]: RegulatedPurePursuitController detected collision ahead!
  ↑ 같은 줄 12번 더
[controller_server-4] [INFO] [1786701638.216383368] [pinky_01.controller_server]: Passing new path to controller.
[controller_server-4] [WARN] [1786701638.217074039] [pinky_01.controller_server]: RegulatedPurePursuitController detected collision ahead!
  ↑ 같은 줄 5번 더
[controller_server-4] [INFO] [1786701639.216376667] [pinky_01.controller_server]: Passing new path to controller.
  ↑ 같은 줄 2번 더
[controller_server-4] [WARN] [1786701641.467060670] [pinky_01.controller_server]: RegulatedPurePursuitController detected collision ahead!
  ↑ 같은 줄 17번 더
[controller_server-4] [INFO] [1786701642.366424756] [pinky_01.controller_server]: Passing new path to controller.
[controller_server-4] [WARN] [1786701642.367498202] [pinky_01.controller_server]: RegulatedPurePursuitController detected collision ahead!
  ↑ 같은 줄 19번 더
[controller_server-4] [INFO] [1786701643.366415497] [pinky_01.controller_server]: Passing new path to controller.
  ↑ 같은 줄 7번 더
[controller_server-4] [WARN] [1786701651.167090186] [pinky_01.controller_server]: RegulatedPurePursuitController detected collision ahead!
  ↑ 같은 줄 8번 더
[controller_server-4] [INFO] [1786701651.616385715] [pinky_01.controller_server]: Passing new path to controller.
[controller_server-4] [WARN] [1786701651.617174069] [pinky_01.controller_server]: RegulatedPurePursuitController detected collision ahead!
  ↑ 같은 줄 19번 더
[controller_server-4] [INFO] [1786701652.616380065] [pinky_01.controller_server]: Passing new path to controller.
[controller_server-4] [WARN] [1786701652.617215829] [pinky_01.controller_server]: RegulatedPurePursuitController detected collision ahead!
  ↑ 같은 줄 20번 더
[controller_server-4] [INFO] [1786701653.666595515] [pinky_01.controller_server]: Passing new path to controller.
[controller_server-4] [WARN] [1786701654.417015997] [pinky_01.controller_server]: RegulatedPurePursuitController detected collision ahead!
  ↑ 같은 줄 4번 더
[controller_server-4] [INFO] [1786701654.666385423] [pinky_01.controller_server]: Passing new path to controller.
[controller_server-4] [WARN] [1786701654.667144047] [pinky_01.controller_server]: RegulatedPurePursuitController detected collision ahead!
  ↑ 같은 줄 20번 더
[controller_server-4] [INFO] [1786701655.716385455] [pinky_01.controller_server]: Passing new path to controller.
[controller_server-4] [WARN] [1786701655.717070504] [pinky_01.controller_server]: RegulatedPurePursuitController detected collision ahead!
  ↑ 같은 줄 19번 더
[controller_server-4] [INFO] [1786701656.716390715] [pinky_01.controller_server]: Passing new path to controller.
[controller_server-4] [WARN] [1786701656.717189284] [pinky_01.controller_server]: RegulatedPurePursuitController detected collision ahead!
  ↑ 같은 줄 20번 더
[controller_server-4] [INFO] [1786701657.766397435] [pinky_01.controller_server]: Passing new path to controller.
[controller_server-4] [WARN] [1786701657.770790373] [pinky_01.controller_server]: RegulatedPurePursuitController detected collision ahead!
  ↑ 같은 줄 14번 더
[controller_server-4] [ERROR] [1786701658.467127661] [pinky_01.controller_server]: Controller patience exceeded
[controller_server-4] [WARN] [1786701658.467256732] [pinky_01.controller_server]: [follow_path] [ActionServer] Aborting handle.
[controller_server-4] [INFO] [1786701658.478726909] [pinky_01.local_costmap.local_costmap]: Received request to clear entirely the local_costmap
[controller_server-4] [INFO] [1786701658.480019640] [pinky_01.controller_server]: Received a goal, begin computing control effort.
[controller_server-4] [WARN] [1786701658.600729666] [pinky_01.controller_server]: RegulatedPurePursuitController detected collision ahead!
[controller_server-4] [WARN] [1786701658.600825931] [pinky_01.controller_server]: Control loop missed its desired rate of 20.0000 Hz. Current loop rate is 100.0000 Hz.
[controller_server-4] [WARN] [1786701658.601100025] [pinky_01.controller_server]: RegulatedPurePursuitController detected collision ahead!
  ↑ 같은 줄 2번 더
[controller_server-4] [INFO] [1786701658.750915358] [pinky_01.controller_server]: Passing new path to controller.
[controller_server-4] [WARN] [1786701658.751680917] [pinky_01.controller_server]: RegulatedPurePursuitController detected collision ahead!
  ↑ 같은 줄 20번 더
[controller_server-4] [INFO] [1786701659.800918724] [pinky_01.controller_server]: Passing new path to controller.
[controller_server-4] [WARN] [1786701659.801745407] [pinky_01.controller_server]: RegulatedPurePursuitController detected collision ahead!
  ↑ 같은 줄 20번 더
[controller_server-4] [INFO] [1786701660.850931125] [pinky_01.controller_server]: Passing new path to controller.
[controller_server-4] [WARN] [1786701660.851806175] [pinky_01.controller_server]: RegulatedPurePursuitController detected collision ahead!
  ↑ 같은 줄 19번 더
[controller_server-4] [INFO] [1786701661.850930538] [pinky_01.controller_server]: Passing new path to controller.
[controller_server-4] [WARN] [1786701661.851715178] [pinky_01.controller_server]: RegulatedPurePursuitController detected collision ahead!
  ↑ 같은 줄 20번 더
[controller_server-4] [INFO] [1786701662.901013550] [pinky_01.controller_server]: Passing new path to controller.
[controller_server-4] [WARN] [1786701662.902914857] [pinky_01.controller_server]: RegulatedPurePursuitController detected collision ahead!
[controller_server-4] [ERROR] [1786701662.902980832] [pinky_01.controller_server]: Controller patience exceeded
[controller_server-4] [WARN] [1786701662.903073688] [pinky_01.controller_server]: [follow_path] [ActionServer] Aborting handle.
[controller_server-4] [INFO] [1786701662.929548760] [pinky_01.local_costmap.local_costmap]: Received request to clear entirely the local_costmap
[planner_server-6] [INFO] [1786701662.931092126] [pinky_01.global_costmap.global_costmap]: Received request to clear entirely the global_costmap
[controller_server-4] [INFO] [1786701663.058780947] [pinky_01.controller_server]: Received a goal, begin computing control effort.
[controller_server-4] [INFO] [1786701664.108926542] [pinky_01.controller_server]: Passing new path to controller.
  ↑ 같은 줄 1번 더
[controller_server-4] [WARN] [1786701665.659613230] [pinky_01.controller_server]: RegulatedPurePursuitController detected collision ahead!
  ↑ 같은 줄 9번 더
[controller_server-4] [INFO] [1786701666.158925028] [pinky_01.controller_server]: Passing new path to controller.
[controller_server-4] [WARN] [1786701666.159644113] [pinky_01.controller_server]: RegulatedPurePursuitController detected collision ahead!
  ↑ 같은 줄 20번 더
[controller_server-4] [INFO] [1786701667.208923361] [pinky_01.controller_server]: Passing new path to controller.
[controller_server-4] [WARN] [1786701667.209747113] [pinky_01.controller_server]: RegulatedPurePursuitController detected collision ahead!
  ↑ 같은 줄 19번 더
[controller_server-4] [INFO] [1786701668.208910617] [pinky_01.controller_server]: Passing new path to controller.
[controller_server-4] [WARN] [1786701668.209339954] [pinky_01.controller_server]: RegulatedPurePursuitController detected collision ahead!
  ↑ 같은 줄 20번 더
[controller_server-4] [INFO] [1786701669.258923592] [pinky_01.controller_server]: Passing new path to controller.
[controller_server-4] [WARN] [1786701669.259467288] [pinky_01.controller_server]: RegulatedPurePursuitController detected collision ahead!
  ↑ 같은 줄 1번 더
[controller_server-4] [ERROR] [1786701669.309853725] [pinky_01.controller_server]: Controller patience exceeded
[controller_server-4] [WARN] [1786701669.309980191] [pinky_01.controller_server]: [follow_path] [ActionServer] Aborting handle.
[controller_server-4] [INFO] [1786701669.328611943] [pinky_01.local_costmap.local_costmap]: Received request to clear entirely the local_costmap
[controller_server-4] [INFO] [1786701669.329025964] [pinky_01.controller_server]: Received a goal, begin computing control effort.
[controller_server-4] [WARN] [1786701669.399848280] [pinky_01.controller_server]: RegulatedPurePursuitController detected collision ahead!
[controller_server-4] [WARN] [1786701669.400041271] [pinky_01.controller_server]: Control loop missed its desired rate of 20.0000 Hz. Current loop rate is inf Hz.
[controller_server-4] [WARN] [1786701669.400687572] [pinky_01.controller_server]: RegulatedPurePursuitController detected collision ahead!
  ↑ 같은 줄 17번 더
[controller_server-4] [INFO] [1786701670.300136675] [pinky_01.controller_server]: Passing new path to controller.
[controller_server-4] [WARN] [1786701670.300906314] [pinky_01.controller_server]: RegulatedPurePursuitController detected collision ahead!
  ↑ 같은 줄 19번 더
[controller_server-4] [INFO] [1786701671.300165148] [pinky_01.controller_server]: Passing new path to controller.
[controller_server-4] [WARN] [1786701671.301159903] [pinky_01.controller_server]: RegulatedPurePursuitController detected collision ahead!
  ↑ 같은 줄 20번 더
[controller_server-4] [INFO] [1786701672.351996276] [pinky_01.controller_server]: Passing new path to controller.
[controller_server-4] [WARN] [1786701672.367668354] [pinky_01.controller_server]: RegulatedPurePursuitController detected collision ahead!
  ↑ 같은 줄 19번 더
[controller_server-4] [INFO] [1786701673.350165555] [pinky_01.controller_server]: Passing new path to controller.
[controller_server-4] [WARN] [1786701673.351211336] [pinky_01.controller_server]: RegulatedPurePursuitController detected collision ahead!
  ↑ 같은 줄 16번 더
[controller_server-4] [ERROR] [1786701674.150995720] [pinky_01.controller_server]: Controller patience exceeded
[controller_server-4] [WARN] [1786701674.151201099] [pinky_01.controller_server]: [follow_path] [ActionServer] Aborting handle.
[behavior_server-7] [INFO] [1786701674.170609118] [pinky_01.behavior_server]: Running spin
[behavior_server-7] [INFO] [1786701674.170691414] [pinky_01.behavior_server]: Turning 1.57 for spin behavior.
[behavior_server-7] [WARN] [1786701678.170959465] [pinky_01.behavior_server]: Collision Ahead - Exiting Spin
[behavior_server-7] [WARN] [1786701678.170996757] [pinky_01.behavior_server]: spin failed
[behavior_server-7] [WARN] [1786701678.171009593] [pinky_01.behavior_server]: [spin] [ActionServer] Aborting handle.
[behavior_server-7] [INFO] [1786701678.190320269] [pinky_01.behavior_server]: Running wait
[behavior_server-7] [INFO] [1786701744.790592482] [pinky_01.behavior_server]: wait completed successfully
[controller_server-4] [INFO] [1786701744.830899889] [pinky_01.controller_server]: Received a goal, begin computing control effort.
[controller_server-4] [WARN] [1786701744.831604477] [pinky_01.controller_server]: RegulatedPurePursuitController detected collision ahead!
  ↑ 같은 줄 20번 더
[controller_server-4] [INFO] [1786701745.881069718] [pinky_01.controller_server]: Passing new path to controller.
[controller_server-4] [WARN] [1786701745.882050254] [pinky_01.controller_server]: RegulatedPurePursuitController detected collision ahead!
  ↑ 같은 줄 20번 더
[controller_server-4] [INFO] [1786701746.931029985] [pinky_01.controller_server]: Passing new path to controller.
[controller_server-4] [WARN] [1786701746.931761923] [pinky_01.controller_server]: RegulatedPurePursuitController detected collision ahead!
  ↑ 같은 줄 19번 더
[controller_server-4] [INFO] [1786701747.931052282] [pinky_01.controller_server]: Passing new path to controller.
[controller_server-4] [WARN] [1786701747.931916951] [pinky_01.controller_server]: RegulatedPurePursuitController detected collision ahead!
  ↑ 같은 줄 13번 더
[controller_server-4] [ERROR] [1786701748.581814636] [pinky_01.controller_server]: Controller patience exceeded
[controller_server-4] [WARN] [1786701748.581903344] [pinky_01.controller_server]: [follow_path] [ActionServer] Aborting handle.
[controller_server-4] [INFO] [1786701748.601438603] [pinky_01.local_costmap.local_costmap]: Received request to clear entirely the local_costmap
[controller_server-4] [INFO] [1786701748.602321982] [pinky_01.controller_server]: Received a goal, begin computing control effort.
[controller_server-4] [WARN] [1786701748.803236759] [pinky_01.controller_server]: RegulatedPurePursuitController detected collision ahead!
[controller_server-4] [WARN] [1786701748.803480906] [pinky_01.controller_server]: Control loop missed its desired rate of 20.0000 Hz. Current loop rate is 100.0000 Hz.
[controller_server-4] [WARN] [1786701748.804198961] [pinky_01.controller_server]: RegulatedPurePursuitController detected collision ahead!
  ↑ 같은 줄 2번 더
[controller_server-4] [INFO] [1786701748.953591813] [pinky_01.controller_server]: Passing new path to controller.
[controller_server-4] [WARN] [1786701748.954614422] [pinky_01.controller_server]: RegulatedPurePursuitController detected collision ahead!
  ↑ 같은 줄 20번 더
[controller_server-4] [INFO] [1786701750.003585666] [pinky_01.controller_server]: Passing new path to controller.
[controller_server-4] [WARN] [1786701750.004596958] [pinky_01.controller_server]: RegulatedPurePursuitController detected collision ahead!
  ↑ 같은 줄 19번 더
[controller_server-4] [INFO] [1786701751.003628240] [pinky_01.controller_server]: Passing new path to controller.
[controller_server-4] [WARN] [1786701751.004504285] [pinky_01.controller_server]: RegulatedPurePursuitController detected collision ahead!
  ↑ 같은 줄 20번 더
[controller_server-4] [INFO] [1786701752.053577669] [pinky_01.controller_server]: Passing new path to controller.
[controller_server-4] [WARN] [1786701752.054363827] [pinky_01.controller_server]: RegulatedPurePursuitController detected collision ahead!
  ↑ 같은 줄 18번 더
[controller_server-4] [ERROR] [1786701752.954298947] [pinky_01.controller_server]: Controller patience exceeded
[controller_server-4] [WARN] [1786701752.954406084] [pinky_01.controller_server]: [follow_path] [ActionServer] Aborting handle.
[bt_navigator-8] [WARN] [1786701753.173946149] [pinky_01.bt_navigator]: [navigate_to_pose] [ActionServer] Aborting handle.
[bt_navigator-8] [ERROR] [1786701753.175258244] [pinky_01.bt_navigator]: Goal failed
[python3-21] [ERROR] [1786701753.179132698] [project1_pinky_nav2_adapter]: [pinky_01] 목적지에 닿지 못했습니다 (Nav2 status 6). 도착 반경이 코스트맵 한 칸보다 촘촘하면 영영 못 맞춥니다.
[python3-21] [INFO] [1786701753.188360510] [project1_pinky_nav2_adapter]: [pinky_01] -> (1.236, -0.282, 131도) 지도 [L1]
[bt_navigator-8] [INFO] [1786701753.197390847] [pinky_01.bt_navigator]: Begin navigating from current location (1.73, -0.84) to (1.24, -0.28)
[controller_server-4] [INFO] [1786701753.239177856] [pinky_01.controller_server]: Received a goal, begin computing control effort.
[controller_server-4] [WARN] [1786701753.241560412] [pinky_01.controller_server]: RegulatedPurePursuitController detected collision ahead!
  ↑ 같은 줄 20번 더
[controller_server-4] [INFO] [1786701754.289779886] [pinky_01.controller_server]: Passing new path to controller.
[controller_server-4] [WARN] [1786701754.290925198] [pinky_01.controller_server]: RegulatedPurePursuitController detected collision ahead!
  ↑ 같은 줄 20번 더
[controller_server-4] [INFO] [1786701755.339794472] [pinky_01.controller_server]: Passing new path to controller.
[controller_server-4] [WARN] [1786701755.341529339] [pinky_01.controller_server]: RegulatedPurePursuitController detected collision ahead!
  ↑ 같은 줄 19번 더
[controller_server-4] [INFO] [1786701756.339791723] [pinky_01.controller_server]: Passing new path to controller.
[controller_server-4] [WARN] [1786701756.340896229] [pinky_01.controller_server]: RegulatedPurePursuitController detected collision ahead!
  ↑ 같은 줄 19번 더
[controller_server-4] [ERROR] [1786701757.291090711] [pinky_01.controller_server]: Controller patience exceeded
[controller_server-4] [WARN] [1786701757.291216934] [pinky_01.controller_server]: [follow_path] [ActionServer] Aborting handle.
[controller_server-4] [INFO] [1786701757.308073805] [pinky_01.local_costmap.local_costmap]: Received request to clear entirely the local_costmap
[controller_server-4] [INFO] [1786701757.308647622] [pinky_01.controller_server]: Received a goal, begin computing control effort.
[controller_server-4] [INFO] [1786701757.398771678] [pinky_01.controller_server]: Passing new path to controller.
[controller_server-4] [WARN] [1786701757.400099196] [pinky_01.controller_server]: RegulatedPurePursuitController detected collision ahead!
[controller_server-4] [WARN] [1786701757.400204244] [pinky_01.controller_server]: Control loop missed its desired rate of 20.0000 Hz. Current loop rate is 100.0000 Hz.
[controller_server-4] [WARN] [1786701757.401360971] [pinky_01.controller_server]: RegulatedPurePursuitController detected collision ahead!
  ↑ 같은 줄 19번 더
[controller_server-4] [INFO] [1786701758.400307238] [pinky_01.controller_server]: Passing new path to controller.
[controller_server-4] [WARN] [1786701758.401952938] [pinky_01.controller_server]: RegulatedPurePursuitController detected collision ahead!
  ↑ 같은 줄 20번 더
[controller_server-4] [INFO] [1786701759.450303959] [pinky_01.controller_server]: Passing new path to controller.
[controller_server-4] [WARN] [1786701759.452243972] [pinky_01.controller_server]: RegulatedPurePursuitController detected collision ahead!
  ↑ 같은 줄 19번 더
[controller_server-4] [INFO] [1786701760.450308723] [pinky_01.controller_server]: Passing new path to controller.
[controller_server-4] [WARN] [1786701760.452190275] [pinky_01.controller_server]: RegulatedPurePursuitController detected collision ahead!
  ↑ 같은 줄 16번 더
[controller_server-4] [ERROR] [1786701761.251787440] [pinky_01.controller_server]: Controller patience exceeded
[controller_server-4] [WARN] [1786701761.251926312] [pinky_01.controller_server]: [follow_path] [ActionServer] Aborting handle.
[controller_server-4] [INFO] [1786701761.268154561] [pinky_01.local_costmap.local_costmap]: Received request to clear entirely the local_costmap
[planner_server-6] [INFO] [1786701761.268560021] [pinky_01.global_costmap.global_costmap]: Received request to clear entirely the global_costmap
[controller_server-4] [INFO] [1786701762.058415298] [pinky_01.controller_server]: Received a goal, begin computing control effort.
[controller_server-4] [WARN] [1786701762.059975175] [pinky_01.controller_server]: RegulatedPurePursuitController detected collision ahead!
  ↑ 같은 줄 20번 더
[controller_server-4] [INFO] [1786701763.108563824] [pinky_01.controller_server]: Passing new path to controller.
[controller_server-4] [WARN] [1786701763.110000754] [pinky_01.controller_server]: RegulatedPurePursuitController detected collision ahead!
  ↑ 같은 줄 20번 더
[controller_server-4] [INFO] [1786701764.158571927] [pinky_01.controller_server]: Passing new path to controller.
[controller_server-4] [WARN] [1786701764.159971922] [pinky_01.controller_server]: RegulatedPurePursuitController detected collision ahead!
  ↑ 같은 줄 19번 더
[controller_server-4] [INFO] [1786701765.158578065] [pinky_01.controller_server]: Passing new path to controller.
[controller_server-4] [WARN] [1786701765.160200330] [pinky_01.controller_server]: RegulatedPurePursuitController detected collision ahead!
  ↑ 같은 줄 6번 더
[controller_server-4] [ERROR] [1786701765.459918334] [pinky_01.controller_server]: Controller patience exceeded
[controller_server-4] [WARN] [1786701765.460054228] [pinky_01.controller_server]: [follow_path] [ActionServer] Aborting handle.
[controller_server-4] [INFO] [1786701765.477959312] [pinky_01.local_costmap.local_costmap]: Received request to clear entirely the local_costmap
[controller_server-4] [INFO] [1786701765.478389958] [pinky_01.controller_server]: Received a goal, begin computing control effort.
[controller_server-4] [WARN] [1786701765.599166420] [pinky_01.controller_server]: RegulatedPurePursuitController detected collision ahead!
[controller_server-4] [WARN] [1786701765.599277219] [pinky_01.controller_server]: Control loop missed its desired rate of 20.0000 Hz. Current loop rate is 100.0000 Hz.
[controller_server-4] [WARN] [1786701765.599895055] [pinky_01.controller_server]: RegulatedPurePursuitController detected collision ahead!
  ↑ 같은 줄 11번 더
[controller_server-4] [INFO] [1786701766.199379880] [pinky_01.controller_server]: Passing new path to controller.
[controller_server-4] [WARN] [1786701766.201397033] [pinky_01.controller_server]: RegulatedPurePursuitController detected collision ahead!
  ↑ 같은 줄 19번 더
[controller_server-4] [INFO] [1786701767.199365713] [pinky_01.controller_server]: Passing new path to controller.
[controller_server-4] [WARN] [1786701767.200485946] [pinky_01.controller_server]: RegulatedPurePursuitController detected collision ahead!
  ↑ 같은 줄 20번 더
[controller_server-4] [INFO] [1786701768.249400220] [pinky_01.controller_server]: Passing new path to controller.
[controller_server-4] [WARN] [1786701768.251030718] [pinky_01.controller_server]: RegulatedPurePursuitController detected collision ahead!
  ↑ 같은 줄 14번 더
[controller_server-4] [ERROR] [1786701768.950858219] [pinky_01.controller_server]: Controller patience exceeded
[controller_server-4] [WARN] [1786701768.950957933] [pinky_01.controller_server]: [follow_path] [ActionServer] Aborting handle.
[behavior_server-7] [INFO] [1786701768.968376195] [pinky_01.behavior_server]: Running spin
[behavior_server-7] [INFO] [1786701768.968525605] [pinky_01.behavior_server]: Turning 1.57 for spin behavior.
[behavior_server-7] [WARN] [1786701777.868762640] [pinky_01.behavior_server]: Collision Ahead - Exiting Spin
[behavior_server-7] [WARN] [1786701777.868796113] [pinky_01.behavior_server]: spin failed
[behavior_server-7] [WARN] [1786701777.868807358] [pinky_01.behavior_server]: [spin] [ActionServer] Aborting handle.
[behavior_server-7] [INFO] [1786701777.887928049] [pinky_01.behavior_server]: Running wait
[behavior_server-7] [INFO] [1786701842.688156259] [pinky_01.behavior_server]: wait completed successfully
[controller_server-4] [INFO] [1786701842.727370625] [pinky_01.controller_server]: Received a goal, begin computing control effort.
[controller_server-4] [INFO] [1786701843.777572129] [pinky_01.controller_server]: Passing new path to controller.
  ↑ 같은 줄 2번 더
[controller_server-4] [WARN] [1786701846.028944667] [pinky_01.controller_server]: RegulatedPurePursuitController detected collision ahead!
  ↑ 같은 줄 16번 더
[controller_server-4] [INFO] [1786701846.877648586] [pinky_01.controller_server]: Passing new path to controller.
[controller_server-4] [WARN] [1786701846.879078733] [pinky_01.controller_server]: RegulatedPurePursuitController detected collision ahead!
  ↑ 같은 줄 11번 더
[controller_server-4] [INFO] [1786701847.877556281] [pinky_01.controller_server]: Passing new path to controller.
  ↑ 같은 줄 1번 더
[controller_server-4] [WARN] [1786701849.028228636] [pinky_01.controller_server]: RegulatedPurePursuitController detected collision ahead!
  ↑ 같은 줄 15번 더
[controller_server-4] [INFO] [1786701849.927569261] [pinky_01.controller_server]: Passing new path to controller.
  ↑ 같은 줄 5번 더
[controller_server-4] [WARN] [1786701855.829799564] [pinky_01.controller_server]: RegulatedPurePursuitController detected collision ahead!
  ↑ 같은 줄 5번 더
[controller_server-4] [INFO] [1786701856.128137044] [pinky_01.controller_server]: Passing new path to controller.
[controller_server-4] [WARN] [1786701856.129784978] [pinky_01.controller_server]: RegulatedPurePursuitController detected collision ahead!
  ↑ 같은 줄 20번 더
[controller_server-4] [INFO] [1786701857.177556578] [pinky_01.controller_server]: Passing new path to controller.
[controller_server-4] [WARN] [1786701857.179156042] [pinky_01.controller_server]: RegulatedPurePursuitController detected collision ahead!
  ↑ 같은 줄 19번 더
[controller_server-4] [INFO] [1786701858.177546469] [pinky_01.controller_server]: Passing new path to controller.
[controller_server-4] [WARN] [1786701858.179065484] [pinky_01.controller_server]: RegulatedPurePursuitController detected collision ahead!
  ↑ 같은 줄 20번 더
[controller_server-4] [INFO] [1786701859.227614383] [pinky_01.controller_server]: Passing new path to controller.
[controller_server-4] [WARN] [1786701859.229242097] [pinky_01.controller_server]: RegulatedPurePursuitController detected collision ahead!
  ↑ 같은 줄 6번 더
[controller_server-4] [ERROR] [1786701859.528957149] [pinky_01.controller_server]: Controller patience exceeded
[controller_server-4] [WARN] [1786701859.529121274] [pinky_01.controller_server]: [follow_path] [ActionServer] Aborting handle.
[controller_server-4] [INFO] [1786701859.548348442] [pinky_01.local_costmap.local_costmap]: Received request to clear entirely the local_costmap
[controller_server-4] [INFO] [1786701859.548914799] [pinky_01.controller_server]: Received a goal, begin computing control effort.
[controller_server-4] [WARN] [1786701859.599736598] [pinky_01.controller_server]: RegulatedPurePursuitController detected collision ahead!
[controller_server-4] [WARN] [1786701859.599834564] [pinky_01.controller_server]: Control loop missed its desired rate of 20.0000 Hz. Current loop rate is inf Hz.
[controller_server-4] [WARN] [1786701859.601059327] [pinky_01.controller_server]: RegulatedPurePursuitController detected collision ahead!
  ↑ 같은 줄 12번 더
[controller_server-4] [INFO] [1786701860.249915994] [pinky_01.controller_server]: Passing new path to controller.
[controller_server-4] [WARN] [1786701860.250969269] [pinky_01.controller_server]: RegulatedPurePursuitController detected collision ahead!
  ↑ 같은 줄 14번 더
[controller_server-4] [INFO] [1786701861.249941158] [pinky_01.controller_server]: Passing new path to controller.
[controller_server-4] [WARN] [1786701862.001571989] [pinky_01.controller_server]: RegulatedPurePursuitController detected collision ahead!
  ↑ 같은 줄 5번 더
[controller_server-4] [INFO] [1786701862.299888449] [pinky_01.controller_server]: Passing new path to controller.
[controller_server-4] [WARN] [1786701862.301602336] [pinky_01.controller_server]: RegulatedPurePursuitController detected collision ahead!
  ↑ 같은 줄 19번 더
[controller_server-4] [INFO] [1786701863.300047858] [pinky_01.controller_server]: Passing new path to controller.
[controller_server-4] [WARN] [1786701863.302141438] [pinky_01.controller_server]: RegulatedPurePursuitController detected collision ahead!
  ↑ 같은 줄 20번 더
[controller_server-4] [INFO] [1786701864.349944796] [pinky_01.controller_server]: Passing new path to controller.
[controller_server-4] [WARN] [1786701864.351740039] [pinky_01.controller_server]: RegulatedPurePursuitController detected collision ahead!
  ↑ 같은 줄 19번 더
[controller_server-4] [INFO] [1786701865.349953243] [pinky_01.controller_server]: Passing new path to controller.
[controller_server-4] [WARN] [1786701865.350897665] [pinky_01.controller_server]: RegulatedPurePursuitController detected collision ahead!
  ↑ 같은 줄 13번 더
[controller_server-4] [ERROR] [1786701866.000784978] [pinky_01.controller_server]: Controller patience exceeded
[controller_server-4] [WARN] [1786701866.000875867] [pinky_01.controller_server]: [follow_path] [ActionServer] Aborting handle.
[behavior_server-7] [INFO] [1786701866.018462079] [pinky_01.behavior_server]: Running backup
[python3-21] [INFO] [1786701876.119969498] [project1_pinky_fleet_adapter]: Cache sizes:
[python3-21]  - DifferentialDrive: 128
[python3-21]  - ShortestPath: 40
[python3-21]  - Euclidean: 0
[behavior_server-7] [INFO] [1786701891.880519249] [pinky_01.behavior_server]: backup completed successfully
[controller_server-4] [INFO] [1786701892.231215575] [pinky_01.controller_server]: Received a goal, begin computing control effort.
[controller_server-4] [INFO] [1786701893.281850394] [pinky_01.controller_server]: Passing new path to controller.
  ↑ 같은 줄 8번 더
[controller_server-4] [WARN] [1786701902.407238405] [pinky_01.controller_server]: Control loop missed its desired rate of 20.0000 Hz. Current loop rate is inf Hz.
[controller_server-4] [INFO] [1786701902.507383547] [pinky_01.controller_server]: Passing new path to controller.
  ↑ 같은 줄 15번 더
[controller_server-4] [WARN] [1786701918.008368630] [pinky_01.controller_server]: RegulatedPurePursuitController detected collision ahead!
  ↑ 같은 줄 9번 더
[controller_server-4] [INFO] [1786701918.957413787] [pinky_01.controller_server]: Passing new path to controller.
[controller_server-4] [WARN] [1786701919.807866853] [pinky_01.controller_server]: RegulatedPurePursuitController detected collision ahead!
  ↑ 같은 줄 2번 더
[controller_server-4] [INFO] [1786701919.957398981] [pinky_01.controller_server]: Passing new path to controller.
[controller_server-4] [WARN] [1786701919.958794418] [pinky_01.controller_server]: RegulatedPurePursuitController detected collision ahead!
  ↑ 같은 줄 4번 더
[controller_server-4] [INFO] [1786701920.957381145] [pinky_01.controller_server]: Passing new path to controller.
  ↑ 같은 줄 8번 더
[controller_server-4] [WARN] [1786701929.757841764] [pinky_01.controller_server]: RegulatedPurePursuitController detected collision ahead!
  ↑ 같은 줄 8번 더
[controller_server-4] [INFO] [1786701930.207383764] [pinky_01.controller_server]: Passing new path to controller.
[controller_server-4] [WARN] [1786701930.208658678] [pinky_01.controller_server]: RegulatedPurePursuitController detected collision ahead!
  ↑ 같은 줄 11번 더
[controller_server-4] [INFO] [1786701931.257357487] [pinky_01.controller_server]: Passing new path to controller.
[controller_server-4] [WARN] [1786701931.258416587] [pinky_01.controller_server]: RegulatedPurePursuitController detected collision ahead!
  ↑ 같은 줄 10번 더
[controller_server-4] [INFO] [1786701932.257382202] [pinky_01.controller_server]: Passing new path to controller.
  ↑ 같은 줄 2번 더
[controller_server-4] [WARN] [1786701935.108245099] [pinky_01.controller_server]: RegulatedPurePursuitController detected collision ahead!
  ↑ 같은 줄 4번 더
[controller_server-4] [INFO] [1786701935.357397210] [pinky_01.controller_server]: Passing new path to controller.
[controller_server-4] [WARN] [1786701935.358511868] [pinky_01.controller_server]: RegulatedPurePursuitController detected collision ahead!
  ↑ 같은 줄 5번 더
[controller_server-4] [INFO] [1786701936.407379870] [pinky_01.controller_server]: Passing new path to controller.
  ↑ 같은 줄 1번 더
[controller_server-4] [WARN] [1786701937.558020443] [pinky_01.controller_server]: RegulatedPurePursuitController detected collision ahead!
  ↑ 같은 줄 17번 더
[controller_server-4] [INFO] [1786701938.457383991] [pinky_01.controller_server]: Passing new path to controller.
[controller_server-4] [WARN] [1786701938.458244367] [pinky_01.controller_server]: RegulatedPurePursuitController detected collision ahead!
  ↑ 같은 줄 4번 더
[controller_server-4] [INFO] [1786701939.457409275] [pinky_01.controller_server]: Passing new path to controller.
[controller_server-4] [WARN] [1786701940.357856888] [pinky_01.controller_server]: RegulatedPurePursuitController detected collision ahead!
  ↑ 같은 줄 2번 더
[controller_server-4] [INFO] [1786701940.507384577] [pinky_01.controller_server]: Passing new path to controller.
[controller_server-4] [WARN] [1786701940.508073723] [pinky_01.controller_server]: RegulatedPurePursuitController detected collision ahead!
  ↑ 같은 줄 11번 더
[controller_server-4] [INFO] [1786701941.507373761] [pinky_01.controller_server]: Passing new path to controller.
  ↑ 같은 줄 1번 더
[controller_server-4] [WARN] [1786701942.807850626] [pinky_01.controller_server]: RegulatedPurePursuitController detected collision ahead!
  ↑ 같은 줄 14번 더
[controller_server-4] [INFO] [1786701943.557392230] [pinky_01.controller_server]: Passing new path to controller.
[controller_server-4] [WARN] [1786701943.557764718] [pinky_01.controller_server]: RegulatedPurePursuitController detected collision ahead!
  ↑ 같은 줄 2번 더
[controller_server-4] [INFO] [1786701944.607374447] [pinky_01.controller_server]: Passing new path to controller.
[controller_server-4] [WARN] [1786701944.608049932] [pinky_01.controller_server]: RegulatedPurePursuitController detected collision ahead!
  ↑ 같은 줄 14번 더
[controller_server-4] [INFO] [1786701945.607411368] [pinky_01.controller_server]: Passing new path to controller.
[controller_server-4] [WARN] [1786701945.608044055] [pinky_01.controller_server]: RegulatedPurePursuitController detected collision ahead!
  ↑ 같은 줄 20번 더
[controller_server-4] [INFO] [1786701946.657379188] [pinky_01.controller_server]: Passing new path to controller.
[controller_server-4] [WARN] [1786701946.907711955] [pinky_01.controller_server]: RegulatedPurePursuitController detected collision ahead!
  ↑ 같은 줄 14번 더
[controller_server-4] [INFO] [1786701947.657409532] [pinky_01.controller_server]: Passing new path to controller.
  ↑ 같은 줄 2번 더
[controller_server-4] [WARN] [1786701950.157579491] [pinky_01.controller_server]: RegulatedPurePursuitController detected collision ahead!
  ↑ 같은 줄 11번 더
[controller_server-4] [INFO] [1786701950.757374340] [pinky_01.controller_server]: Passing new path to controller.
[controller_server-4] [WARN] [1786701950.758093623] [pinky_01.controller_server]: RegulatedPurePursuitController detected collision ahead!
  ↑ 같은 줄 8번 더
[controller_server-4] [INFO] [1786701951.757377365] [pinky_01.controller_server]: Passing new path to controller.
[controller_server-4] [WARN] [1786701952.183491743] [pinky_01.controller_server]: Control loop missed its desired rate of 20.0000 Hz. Current loop rate is inf Hz.
[controller_server-4] [WARN] [1786701952.633943180] [pinky_01.controller_server]: RegulatedPurePursuitController detected collision ahead!
  ↑ 같은 줄 2번 더
[controller_server-4] [INFO] [1786701952.784129463] [pinky_01.controller_server]: Passing new path to controller.
[controller_server-4] [WARN] [1786701952.785845359] [pinky_01.controller_server]: RegulatedPurePursuitController detected collision ahead!
[controller_server-4] [INFO] [1786701953.833645643] [pinky_01.controller_server]: Passing new path to controller.
[controller_server-4] [WARN] [1786701954.433928883] [pinky_01.controller_server]: RegulatedPurePursuitController detected collision ahead!
  ↑ 같은 줄 7번 더
[controller_server-4] [INFO] [1786701954.833640965] [pinky_01.controller_server]: Passing new path to controller.
[controller_server-4] [WARN] [1786701954.834189487] [pinky_01.controller_server]: RegulatedPurePursuitController detected collision ahead!
  ↑ 같은 줄 10번 더
[controller_server-4] [INFO] [1786701955.883623440] [pinky_01.controller_server]: Passing new path to controller.
  ↑ 같은 줄 5번 더
[controller_server-4] [INFO] [1786701961.184025190] [pinky_01.controller_server]: Reached the goal!
[bt_navigator-8] [INFO] [1786701961.205250917] [pinky_01.bt_navigator]: Goal succeeded
[python3-21] [INFO] [1786701961.206425722] [project1_pinky_nav2_adapter]: [pinky_01] 도착했습니다.
[python3-21] [INFO] [1786701961.208058238] [project1_pinky_fleet_adapter]: Selecting a new go_to_place location from [1] choices for robot [project1_pinky/pinky_01]
[python3-21] [INFO] [1786701961.208114019] [project1_pinky_fleet_adapter]: Got distance from [2] as 1.100553
[python3-21] [INFO] [1786701961.208285787] [project1_pinky_fleet_adapter]: Planning for [project1_pinky/pinky_01] to [대기2] from one of these locations:
[python3-21]  -- lane 7: { L1 <  1.61176 -0.717166> [충전1] } -> { L1 <  1.23636 -0.282471> [대기1] } | location <  1.24039 -0.376206> | orientation 113.869
[python3-21]  -- lane 6: { L1 <  1.23636 -0.282471> [대기1] } -> { L1 <  1.61176 -0.717166> [충전1] } | location <  1.24039 -0.376206> | orientation 113.869
[python3-21] [INFO] [1786701961.211543466] [project1_pinky_fleet_adapter]: Executing final go_to_place [대기2] for robot [project1_pinky/pinky_01]
[python3-21] [INFO] [1786701961.212162984] [project1_pinky_fleet_adapter]: [project1_pinky/pinky_01] Moving to [place:대기2] via
[python3-21]  -- t=0 <  1.24039 -0.376206   1.98739> yaw=113.869 approach lanes:
[python3-21]  -- t=0.683333 <  1.24039 -0.376206   1.61383> yaw=92.4657 approach lanes:
[python3-21]  -- t=1.07078 #1 <  1.23636 -0.282471   1.61383> yaw=92.4657 approach lanes: 7
[python3-21]  -- t=2.56092 #1 <  1.23636 -0.282471  -3.13728> yaw=-179.753 approach lanes:
[python3-21]  -- t=3.86419 #2 < 0.449743 -0.285866  -3.13728> yaw=-179.753 approach lanes: 2
[python3-21] [INFO] [1786701961.213693065] [project1_pinky_nav2_adapter]: [pinky_01] -> (0.450, -0.286, -180도) 지도 [L1]
[bt_navigator-8] [INFO] [1786701961.216704330] [pinky_01.bt_navigator]: Begin navigating from current location (1.24, -0.38) to (0.45, -0.29)
[controller_server-4] [INFO] [1786701961.237518838] [pinky_01.controller_server]: Received a goal, begin computing control effort.
[controller_server-4] [INFO] [1786701962.287667748] [pinky_01.controller_server]: Passing new path to controller.
  ↑ 같은 줄 7번 더
[controller_server-4] [WARN] [1786701970.438840687] [pinky_01.controller_server]: RegulatedPurePursuitController detected collision ahead!
[controller_server-4] [INFO] [1786701970.487658924] [pinky_01.controller_server]: Passing new path to controller.
[controller_server-4] [WARN] [1786701970.489045343] [pinky_01.controller_server]: RegulatedPurePursuitController detected collision ahead!
  ↑ 같은 줄 20번 더
[controller_server-4] [INFO] [1786701971.537689075] [pinky_01.controller_server]: Passing new path to controller.
[controller_server-4] [WARN] [1786701971.539173481] [pinky_01.controller_server]: RegulatedPurePursuitController detected collision ahead!
  ↑ 같은 줄 15번 더
[controller_server-4] [INFO] [1786701972.537697124] [pinky_01.controller_server]: Passing new path to controller.
[controller_server-4] [WARN] [1786701973.389191137] [pinky_01.controller_server]: RegulatedPurePursuitController detected collision ahead!
  ↑ 같은 줄 3번 더
[controller_server-4] [INFO] [1786701973.587665386] [pinky_01.controller_server]: Passing new path to controller.
[controller_server-4] [WARN] [1786701973.589367670] [pinky_01.controller_server]: RegulatedPurePursuitController detected collision ahead!
  ↑ 같은 줄 4번 더
[controller_server-4] [INFO] [1786701974.587671243] [pinky_01.controller_server]: Passing new path to controller.
  ↑ 같은 줄 1번 더
[controller_server-4] [WARN] [1786701976.238909926] [pinky_01.controller_server]: RegulatedPurePursuitController detected collision ahead!
  ↑ 같은 줄 7번 더
[controller_server-4] [INFO] [1786701976.637669913] [pinky_01.controller_server]: Passing new path to controller.
[controller_server-4] [WARN] [1786701976.639027376] [pinky_01.controller_server]: RegulatedPurePursuitController detected collision ahead!
  ↑ 같은 줄 20번 더
[controller_server-4] [INFO] [1786701977.687664925] [pinky_01.controller_server]: Passing new path to controller.
[controller_server-4] [WARN] [1786701977.688917311] [pinky_01.controller_server]: RegulatedPurePursuitController detected collision ahead!
  ↑ 같은 줄 2번 더
[controller_server-4] [INFO] [1786701978.687653279] [pinky_01.controller_server]: Passing new path to controller.
[controller_server-4] [WARN] [1786701979.238296834] [pinky_01.controller_server]: RegulatedPurePursuitController detected collision ahead!
  ↑ 같은 줄 4번 더
[controller_server-4] [INFO] [1786701979.737662550] [pinky_01.controller_server]: Passing new path to controller.
[controller_server-4] [WARN] [1786701979.738357262] [pinky_01.controller_server]: RegulatedPurePursuitController detected collision ahead!
  ↑ 같은 줄 19번 더
[controller_server-4] [INFO] [1786701980.737673034] [pinky_01.controller_server]: Passing new path to controller.
[controller_server-4] [WARN] [1786701980.739470615] [pinky_01.controller_server]: RegulatedPurePursuitController detected collision ahead!
  ↑ 같은 줄 20번 더
[controller_server-4] [INFO] [1786701981.787659058] [pinky_01.controller_server]: Passing new path to controller.
[controller_server-4] [WARN] [1786701981.789014390] [pinky_01.controller_server]: RegulatedPurePursuitController detected collision ahead!
  ↑ 같은 줄 19번 더
[planner_server-6] [WARN] [1786701982.758213371] [pinky_01.planner_server]: GridBased plugin failed to plan from (1.14, -0.30) to (0.45, -0.29): "Failed to create plan with tolerance of: 0.500000"
[planner_server-6] [WARN] [1786701982.758295870] [pinky_01.planner_server]: [compute_path_to_pose] [ActionServer] Aborting handle.
[planner_server-6] [INFO] [1786701982.772337747] [pinky_01.global_costmap.global_costmap]: Received request to clear entirely the global_costmap
[controller_server-4] [WARN] [1786701982.789034723] [pinky_01.controller_server]: RegulatedPurePursuitController detected collision ahead!
  ↑ 같은 줄 5번 더
[controller_server-4] [INFO] [1786701983.087658879] [pinky_01.controller_server]: Passing new path to controller.
[controller_server-4] [WARN] [1786701983.638383893] [pinky_01.controller_server]: RegulatedPurePursuitController detected collision ahead!
  ↑ 같은 줄 8번 더
[controller_server-4] [INFO] [1786701984.087673889] [pinky_01.controller_server]: Passing new path to controller.
[controller_server-4] [WARN] [1786701984.089038813] [pinky_01.controller_server]: RegulatedPurePursuitController detected collision ahead!
  ↑ 같은 줄 20번 더
[controller_server-4] [INFO] [1786701985.137669997] [pinky_01.controller_server]: Passing new path to controller.
[controller_server-4] [WARN] [1786701985.139181529] [pinky_01.controller_server]: RegulatedPurePursuitController detected collision ahead!
  ↑ 같은 줄 19번 더
[controller_server-4] [INFO] [1786701986.137680748] [pinky_01.controller_server]: Passing new path to controller.
[controller_server-4] [WARN] [1786701986.139453219] [pinky_01.controller_server]: RegulatedPurePursuitController detected collision ahead!
  ↑ 같은 줄 5번 더
[controller_server-4] [INFO] [1786701987.187663570] [pinky_01.controller_server]: Passing new path to controller.
[controller_server-4] [WARN] [1786701987.738329638] [pinky_01.controller_server]: RegulatedPurePursuitController detected collision ahead!
  ↑ 같은 줄 8번 더
[controller_server-4] [INFO] [1786701988.187656738] [pinky_01.controller_server]: Passing new path to controller.
[controller_server-4] [WARN] [1786701988.188983537] [pinky_01.controller_server]: RegulatedPurePursuitController detected collision ahead!
  ↑ 같은 줄 20번 더
[controller_server-4] [INFO] [1786701989.237668942] [pinky_01.controller_server]: Passing new path to controller.
[controller_server-4] [WARN] [1786701989.238819495] [pinky_01.controller_server]: RegulatedPurePursuitController detected collision ahead!
  ↑ 같은 줄 19번 더
[controller_server-4] [INFO] [1786701990.237686003] [pinky_01.controller_server]: Passing new path to controller.
[controller_server-4] [WARN] [1786701990.238937784] [pinky_01.controller_server]: RegulatedPurePursuitController detected collision ahead!
  ↑ 같은 줄 20번 더
[controller_server-4] [INFO] [1786701991.287674786] [pinky_01.controller_server]: Passing new path to controller.
[controller_server-4] [WARN] [1786701991.289084852] [pinky_01.controller_server]: RegulatedPurePursuitController detected collision ahead!
  ↑ 같은 줄 7번 더
[controller_server-4] [ERROR] [1786701991.638859591] [pinky_01.controller_server]: Controller patience exceeded
[controller_server-4] [WARN] [1786701991.639006937] [pinky_01.controller_server]: [follow_path] [ActionServer] Aborting handle.
[controller_server-4] [INFO] [1786701991.652345113] [pinky_01.local_costmap.local_costmap]: Received request to clear entirely the local_costmap
[controller_server-4] [INFO] [1786701991.652884725] [pinky_01.controller_server]: Received a goal, begin computing control effort.
[controller_server-4] [WARN] [1786701991.804001956] [pinky_01.controller_server]: RegulatedPurePursuitController detected collision ahead!
[controller_server-4] [WARN] [1786701991.804212074] [pinky_01.controller_server]: Control loop missed its desired rate of 20.0000 Hz. Current loop rate is 100.0000 Hz.
[controller_server-4] [WARN] [1786701991.804953403] [pinky_01.controller_server]: RegulatedPurePursuitController detected collision ahead!
  ↑ 같은 줄 9번 더
[controller_server-4] [INFO] [1786701992.304855105] [pinky_01.controller_server]: Passing new path to controller.
[controller_server-4] [WARN] [1786701992.312948659] [pinky_01.controller_server]: RegulatedPurePursuitController detected collision ahead!
  ↑ 같은 줄 19번 더
[controller_server-4] [INFO] [1786701993.304340513] [pinky_01.controller_server]: Passing new path to controller.
[controller_server-4] [WARN] [1786701993.305328797] [pinky_01.controller_server]: RegulatedPurePursuitController detected collision ahead!
  ↑ 같은 줄 20번 더
[controller_server-4] [INFO] [1786701994.354354298] [pinky_01.controller_server]: Passing new path to controller.
[controller_server-4] [WARN] [1786701994.355738873] [pinky_01.controller_server]: RegulatedPurePursuitController detected collision ahead!
  ↑ 같은 줄 20번 더
[controller_server-4] [INFO] [1786701995.404368908] [pinky_01.controller_server]: Passing new path to controller.
[controller_server-4] [WARN] [1786701995.406062164] [pinky_01.controller_server]: RegulatedPurePursuitController detected collision ahead!
  ↑ 같은 줄 12번 더
[controller_server-4] [ERROR] [1786701996.005553807] [pinky_01.controller_server]: Controller patience exceeded
[controller_server-4] [WARN] [1786701996.005705190] [pinky_01.controller_server]: [follow_path] [ActionServer] Aborting handle.
[controller_server-4] [INFO] [1786701996.025254471] [pinky_01.local_costmap.local_costmap]: Received request to clear entirely the local_costmap
[planner_server-6] [INFO] [1786701996.025588921] [pinky_01.global_costmap.global_costmap]: Received request to clear entirely the global_costmap
[planner_server-6] [WARN] [1786701997.029381241] [pinky_01.planner_server]: Planner loop missed its desired rate of 20.0000 Hz. Current loop rate is 12.5000 Hz
[controller_server-4] [INFO] [1786701997.045648847] [pinky_01.controller_server]: Received a goal, begin computing control effort.
[controller_server-4] [WARN] [1786701997.046974323] [pinky_01.controller_server]: RegulatedPurePursuitController detected collision ahead!
  ↑ 같은 줄 20번 더
[controller_server-4] [INFO] [1786701998.095857856] [pinky_01.controller_server]: Passing new path to controller.
[controller_server-4] [WARN] [1786701998.097168520] [pinky_01.controller_server]: RegulatedPurePursuitController detected collision ahead!
  ↑ 같은 줄 20번 더
[controller_server-4] [INFO] [1786701999.145867402] [pinky_01.controller_server]: Passing new path to controller.
[controller_server-4] [WARN] [1786701999.147137562] [pinky_01.controller_server]: RegulatedPurePursuitController detected collision ahead!
  ↑ 같은 줄 19번 더
[controller_server-4] [INFO] [1786702000.145858331] [pinky_01.controller_server]: Passing new path to controller.
[controller_server-4] [WARN] [1786702000.147023735] [pinky_01.controller_server]: RegulatedPurePursuitController detected collision ahead!
  ↑ 같은 줄 12번 더
[controller_server-4] [ERROR] [1786702000.747038786] [pinky_01.controller_server]: Controller patience exceeded
[controller_server-4] [WARN] [1786702000.747165441] [pinky_01.controller_server]: [follow_path] [ActionServer] Aborting handle.
[controller_server-4] [INFO] [1786702000.765220290] [pinky_01.local_costmap.local_costmap]: Received request to clear entirely the local_costmap
[controller_server-4] [INFO] [1786702000.765744399] [pinky_01.controller_server]: Received a goal, begin computing control effort.
[controller_server-4] [WARN] [1786702000.796894959] [pinky_01.controller_server]: RegulatedPurePursuitController detected collision ahead!
  ↑ 같은 줄 7번 더
[controller_server-4] [INFO] [1786702001.165882095] [pinky_01.controller_server]: Passing new path to controller.
[controller_server-4] [WARN] [1786702001.167304162] [pinky_01.controller_server]: RegulatedPurePursuitController detected collision ahead!
  ↑ 같은 줄 20번 더
[controller_server-4] [INFO] [1786702002.216741016] [pinky_01.controller_server]: Passing new path to controller.
[controller_server-4] [WARN] [1786702002.218402680] [pinky_01.controller_server]: RegulatedPurePursuitController detected collision ahead!
  ↑ 같은 줄 19번 더
[controller_server-4] [INFO] [1786702003.215881337] [pinky_01.controller_server]: Passing new path to controller.
[controller_server-4] [WARN] [1786702003.217438868] [pinky_01.controller_server]: RegulatedPurePursuitController detected collision ahead!
  ↑ 같은 줄 20번 더
[controller_server-4] [INFO] [1786702004.265885449] [pinky_01.controller_server]: Passing new path to controller.
[controller_server-4] [WARN] [1786702004.267046086] [pinky_01.controller_server]: RegulatedPurePursuitController detected collision ahead!
  ↑ 같은 줄 19번 더
[controller_server-4] [INFO] [1786702005.265888056] [pinky_01.controller_server]: Passing new path to controller.
[controller_server-4] [WARN] [1786702005.267394688] [pinky_01.controller_server]: RegulatedPurePursuitController detected collision ahead!
  ↑ 같은 줄 1번 더
[controller_server-4] [ERROR] [1786702005.317149188] [pinky_01.controller_server]: Controller patience exceeded
[controller_server-4] [WARN] [1786702005.317319054] [pinky_01.controller_server]: [follow_path] [ActionServer] Aborting handle.
[behavior_server-7] [INFO] [1786702005.335821667] [pinky_01.behavior_server]: Running spin
[behavior_server-7] [INFO] [1786702005.335902919] [pinky_01.behavior_server]: Turning 1.57 for spin behavior.
[behavior_server-7] [INFO] [1786702032.736316260] [pinky_01.behavior_server]: spin completed successfully
[controller_server-4] [INFO] [1786702032.774312721] [pinky_01.controller_server]: Received a goal, begin computing control effort.
[controller_server-4] [WARN] [1786702033.461154697] [pinky_01.controller_server]: Control loop missed its desired rate of 20.0000 Hz. Current loop rate is inf Hz.
[controller_server-4] [INFO] [1786702033.811335766] [pinky_01.controller_server]: Passing new path to controller.
  ↑ 같은 줄 8번 더
[controller_server-4] [WARN] [1786702042.412483684] [pinky_01.controller_server]: RegulatedPurePursuitController detected collision ahead!
  ↑ 같은 줄 12번 더
[controller_server-4] [INFO] [1786702043.061349780] [pinky_01.controller_server]: Passing new path to controller.
[controller_server-4] [WARN] [1786702043.062832719] [pinky_01.controller_server]: RegulatedPurePursuitController detected collision ahead!
  ↑ 같은 줄 3번 더
[controller_server-4] [INFO] [1786702044.111342142] [pinky_01.controller_server]: Passing new path to controller.
  ↑ 같은 줄 3번 더
[controller_server-4] [WARN] [1786702047.612372083] [pinky_01.controller_server]: RegulatedPurePursuitController detected collision ahead!
  ↑ 같은 줄 7번 더
[controller_server-4] [INFO] [1786702048.211327552] [pinky_01.controller_server]: Passing new path to controller.
  ↑ 같은 줄 11번 더
[controller_server-4] [WARN] [1786702060.212133189] [pinky_01.controller_server]: RegulatedPurePursuitController detected collision ahead!
  ↑ 같은 줄 5번 더
[controller_server-4] [INFO] [1786702060.511364802] [pinky_01.controller_server]: Passing new path to controller.
[controller_server-4] [WARN] [1786702060.512062941] [pinky_01.controller_server]: RegulatedPurePursuitController detected collision ahead!
  ↑ 같은 줄 19번 더
[controller_server-4] [INFO] [1786702061.511330370] [pinky_01.controller_server]: Passing new path to controller.
[controller_server-4] [WARN] [1786702061.512575845] [pinky_01.controller_server]: RegulatedPurePursuitController detected collision ahead!
  ↑ 같은 줄 19번 더
[controller_server-4] [INFO] [1786702062.511345424] [pinky_01.controller_server]: Passing new path to controller.
[controller_server-4] [WARN] [1786702062.512853051] [pinky_01.controller_server]: RegulatedPurePursuitController detected collision ahead!
  ↑ 같은 줄 20번 더
[controller_server-4] [INFO] [1786702063.561332869] [pinky_01.controller_server]: Passing new path to controller.
[controller_server-4] [WARN] [1786702063.562681476] [pinky_01.controller_server]: RegulatedPurePursuitController detected collision ahead!
  ↑ 같은 줄 15번 더
[controller_server-4] [ERROR] [1786702064.312872231] [pinky_01.controller_server]: Controller patience exceeded
[controller_server-4] [WARN] [1786702064.312992483] [pinky_01.controller_server]: [follow_path] [ActionServer] Aborting handle.
[controller_server-4] [INFO] [1786702064.330119851] [pinky_01.local_costmap.local_costmap]: Received request to clear entirely the local_costmap
[controller_server-4] [INFO] [1786702064.330687238] [pinky_01.controller_server]: Received a goal, begin computing control effort.
[controller_server-4] [WARN] [1786702064.402001726] [pinky_01.controller_server]: RegulatedPurePursuitController detected collision ahead!
[controller_server-4] [WARN] [1786702064.402182978] [pinky_01.controller_server]: Control loop missed its desired rate of 20.0000 Hz. Current loop rate is inf Hz.
[controller_server-4] [WARN] [1786702064.402997155] [pinky_01.controller_server]: RegulatedPurePursuitController detected collision ahead!
  ↑ 같은 줄 3번 더
[controller_server-4] [INFO] [1786702064.602283895] [pinky_01.controller_server]: Passing new path to controller.
[controller_server-4] [WARN] [1786702064.603563260] [pinky_01.controller_server]: RegulatedPurePursuitController detected collision ahead!
  ↑ 같은 줄 19번 더
[controller_server-4] [INFO] [1786702065.602273092] [pinky_01.controller_server]: Passing new path to controller.
[controller_server-4] [WARN] [1786702065.602844386] [pinky_01.controller_server]: RegulatedPurePursuitController detected collision ahead!
  ↑ 같은 줄 20번 더
[controller_server-4] [INFO] [1786702066.652275145] [pinky_01.controller_server]: Passing new path to controller.
[controller_server-4] [WARN] [1786702066.652935140] [pinky_01.controller_server]: RegulatedPurePursuitController detected collision ahead!
  ↑ 같은 줄 19번 더
[controller_server-4] [INFO] [1786702067.652290561] [pinky_01.controller_server]: Passing new path to controller.
[controller_server-4] [WARN] [1786702067.653174207] [pinky_01.controller_server]: RegulatedPurePursuitController detected collision ahead!
  ↑ 같은 줄 4번 더
[controller_server-4] [ERROR] [1786702067.852887000] [pinky_01.controller_server]: Controller patience exceeded
[controller_server-4] [WARN] [1786702067.852949989] [pinky_01.controller_server]: [follow_path] [ActionServer] Aborting handle.
[behavior_server-7] [INFO] [1786702067.870072142] [pinky_01.behavior_server]: Running wait
[behavior_server-7] [INFO] [1786702136.270443535] [pinky_01.behavior_server]: wait completed successfully
[controller_server-4] [INFO] [1786702136.305783761] [pinky_01.controller_server]: Received a goal, begin computing control effort.
[controller_server-4] [WARN] [1786702136.306834490] [pinky_01.controller_server]: RegulatedPurePursuitController detected collision ahead!
  ↑ 같은 줄 20번 더
[controller_server-4] [INFO] [1786702137.355925303] [pinky_01.controller_server]: Passing new path to controller.
[controller_server-4] [WARN] [1786702137.356500050] [pinky_01.controller_server]: RegulatedPurePursuitController detected collision ahead!
[controller_server-4] [INFO] [1786702138.405916893] [pinky_01.controller_server]: Passing new path to controller.
[controller_server-4] [WARN] [1786702138.407011677] [pinky_01.controller_server]: RegulatedPurePursuitController detected collision ahead!
  ↑ 같은 줄 19번 더
[controller_server-4] [INFO] [1786702139.405919067] [pinky_01.controller_server]: Passing new path to controller.
[controller_server-4] [WARN] [1786702139.406932363] [pinky_01.controller_server]: RegulatedPurePursuitController detected collision ahead!
  ↑ 같은 줄 20번 더
[controller_server-4] [INFO] [1786702140.455924986] [pinky_01.controller_server]: Passing new path to controller.
[controller_server-4] [WARN] [1786702140.456997746] [pinky_01.controller_server]: RegulatedPurePursuitController detected collision ahead!
  ↑ 같은 줄 19번 더
[controller_server-4] [INFO] [1786702141.455928819] [pinky_01.controller_server]: Passing new path to controller.
[controller_server-4] [WARN] [1786702141.457179091] [pinky_01.controller_server]: RegulatedPurePursuitController detected collision ahead!
  ↑ 같은 줄 10번 더
[controller_server-4] [INFO] [1786702142.505931726] [pinky_01.controller_server]: Passing new path to controller.
[controller_server-4] [WARN] [1786702143.109255739] [pinky_01.controller_server]: RegulatedPurePursuitController detected collision ahead!
  ↑ 같은 줄 7번 더
[controller_server-4] [INFO] [1786702143.506031268] [pinky_01.controller_server]: Passing new path to controller.
[controller_server-4] [WARN] [1786702143.508524452] [pinky_01.controller_server]: RegulatedPurePursuitController detected collision ahead!
  ↑ 같은 줄 20번 더
[controller_server-4] [INFO] [1786702144.555926848] [pinky_01.controller_server]: Passing new path to controller.
[controller_server-4] [WARN] [1786702144.556752588] [pinky_01.controller_server]: RegulatedPurePursuitController detected collision ahead!
  ↑ 같은 줄 19번 더
[controller_server-4] [INFO] [1786702145.555926817] [pinky_01.controller_server]: Passing new path to controller.
[controller_server-4] [WARN] [1786702145.557147478] [pinky_01.controller_server]: RegulatedPurePursuitController detected collision ahead!
  ↑ 같은 줄 20번 더
[controller_server-4] [INFO] [1786702146.605914650] [pinky_01.controller_server]: Passing new path to controller.
[controller_server-4] [WARN] [1786702146.607051841] [pinky_01.controller_server]: RegulatedPurePursuitController detected collision ahead!
  ↑ 같은 줄 6번 더
[controller_server-4] [ERROR] [1786702146.906919883] [pinky_01.controller_server]: Controller patience exceeded
[controller_server-4] [WARN] [1786702146.906997861] [pinky_01.controller_server]: [follow_path] [ActionServer] Aborting handle.
[controller_server-4] [INFO] [1786702146.925945032] [pinky_01.local_costmap.local_costmap]: Received request to clear entirely the local_costmap
[controller_server-4] [INFO] [1786702146.926552379] [pinky_01.controller_server]: Received a goal, begin computing control effort.
[controller_server-4] [WARN] [1786702146.997161486] [pinky_01.controller_server]: RegulatedPurePursuitController detected collision ahead!
[controller_server-4] [WARN] [1786702146.997265382] [pinky_01.controller_server]: Control loop missed its desired rate of 20.0000 Hz. Current loop rate is 100.0000 Hz.
[controller_server-4] [WARN] [1786702146.997698789] [pinky_01.controller_server]: RegulatedPurePursuitController detected collision ahead!
  ↑ 같은 줄 11번 더
[controller_server-4] [INFO] [1786702147.597368211] [pinky_01.controller_server]: Passing new path to controller.
[controller_server-4] [WARN] [1786702147.598564744] [pinky_01.controller_server]: RegulatedPurePursuitController detected collision ahead!
  ↑ 같은 줄 20번 더
[controller_server-4] [INFO] [1786702148.647374356] [pinky_01.controller_server]: Passing new path to controller.
[controller_server-4] [WARN] [1786702148.648693339] [pinky_01.controller_server]: RegulatedPurePursuitController detected collision ahead!
  ↑ 같은 줄 19번 더
[controller_server-4] [INFO] [1786702149.647354402] [pinky_01.controller_server]: Passing new path to controller.
[controller_server-4] [WARN] [1786702149.648435285] [pinky_01.controller_server]: RegulatedPurePursuitController detected collision ahead!
  ↑ 같은 줄 17번 더
[controller_server-4] [ERROR] [1786702150.497907061] [pinky_01.controller_server]: Controller patience exceeded
[controller_server-4] [WARN] [1786702150.497984520] [pinky_01.controller_server]: [follow_path] [ActionServer] Aborting handle.
[behavior_server-7] [INFO] [1786702150.516032127] [pinky_01.behavior_server]: Running backup
[python3-21] [INFO] [1786702176.119817194] [project1_pinky_fleet_adapter]: Cache sizes:
[python3-21]  - DifferentialDrive: 136
[python3-21]  - ShortestPath: 40
[python3-21]  - Euclidean: 0
[behavior_server-7] [INFO] [1786702176.816332648] [pinky_01.behavior_server]: backup completed successfully
[controller_server-4] [INFO] [1786702176.847499134] [pinky_01.controller_server]: Received a goal, begin computing control effort.
[controller_server-4] [WARN] [1786702177.599135697] [pinky_01.controller_server]: RegulatedPurePursuitController detected collision ahead!
  ↑ 같은 줄 5번 더
[controller_server-4] [INFO] [1786702177.897663652] [pinky_01.controller_server]: Passing new path to controller.
[controller_server-4] [WARN] [1786702177.899118143] [pinky_01.controller_server]: RegulatedPurePursuitController detected collision ahead!
  ↑ 같은 줄 17번 더
[controller_server-4] [INFO] [1786702178.947673594] [pinky_01.controller_server]: Passing new path to controller.
  ↑ 같은 줄 4번 더
[controller_server-4] [WARN] [1786702183.799493601] [pinky_01.controller_server]: RegulatedPurePursuitController detected collision ahead!
  ↑ 같은 줄 4번 더
[controller_server-4] [INFO] [1786702184.047675704] [pinky_01.controller_server]: Passing new path to controller.
[controller_server-4] [WARN] [1786702184.049195377] [pinky_01.controller_server]: RegulatedPurePursuitController detected collision ahead!
  ↑ 같은 줄 20번 더
[controller_server-4] [INFO] [1786702185.098889778] [pinky_01.controller_server]: Passing new path to controller.
[controller_server-4] [WARN] [1786702185.115061345] [pinky_01.controller_server]: RegulatedPurePursuitController detected collision ahead!
  ↑ 같은 줄 11번 더
[controller_server-4] [INFO] [1786702186.097698971] [pinky_01.controller_server]: Passing new path to controller.
  ↑ 같은 줄 1번 더
[controller_server-4] [WARN] [1786702187.150659530] [pinky_01.controller_server]: RegulatedPurePursuitController detected collision ahead!
[controller_server-4] [INFO] [1786702188.147674050] [pinky_01.controller_server]: Passing new path to controller.
[controller_server-4] [WARN] [1786702188.198963861] [pinky_01.controller_server]: RegulatedPurePursuitController detected collision ahead!
  ↑ 같은 줄 19번 더
[controller_server-4] [INFO] [1786702189.197687439] [pinky_01.controller_server]: Passing new path to controller.
[controller_server-4] [WARN] [1786702189.200601439] [pinky_01.controller_server]: RegulatedPurePursuitController detected collision ahead!
  ↑ 같은 줄 1번 더
[controller_server-4] [INFO] [1786702190.197691109] [pinky_01.controller_server]: Passing new path to controller.
[controller_server-4] [WARN] [1786702190.199966616] [pinky_01.controller_server]: RegulatedPurePursuitController detected collision ahead!
  ↑ 같은 줄 20번 더
[controller_server-4] [INFO] [1786702191.247703937] [pinky_01.controller_server]: Passing new path to controller.
[controller_server-4] [WARN] [1786702191.249882025] [pinky_01.controller_server]: RegulatedPurePursuitController detected collision ahead!
  ↑ 같은 줄 19번 더
[controller_server-4] [INFO] [1786702192.247677733] [pinky_01.controller_server]: Passing new path to controller.
[controller_server-4] [WARN] [1786702192.248746508] [pinky_01.controller_server]: RegulatedPurePursuitController detected collision ahead!
  ↑ 같은 줄 20번 더
[controller_server-4] [INFO] [1786702193.297692816] [pinky_01.controller_server]: Passing new path to controller.
[controller_server-4] [WARN] [1786702193.302130437] [pinky_01.controller_server]: RegulatedPurePursuitController detected collision ahead!
  ↑ 같은 줄 20번 더
[controller_server-4] [INFO] [1786702194.347939999] [pinky_01.controller_server]: Passing new path to controller.
[controller_server-4] [WARN] [1786702194.352357543] [pinky_01.controller_server]: RegulatedPurePursuitController detected collision ahead!
  ↑ 같은 줄 19번 더
[controller_server-4] [INFO] [1786702195.348252929] [pinky_01.controller_server]: Passing new path to controller.
[controller_server-4] [WARN] [1786702195.350442737] [pinky_01.controller_server]: RegulatedPurePursuitController detected collision ahead!
  ↑ 같은 줄 20번 더
[controller_server-4] [INFO] [1786702196.397686094] [pinky_01.controller_server]: Passing new path to controller.
[controller_server-4] [WARN] [1786702196.399710945] [pinky_01.controller_server]: RegulatedPurePursuitController detected collision ahead!
  ↑ 같은 줄 10번 더
[controller_server-4] [ERROR] [1786702196.898704721] [pinky_01.controller_server]: Controller patience exceeded
[controller_server-4] [WARN] [1786702196.898829101] [pinky_01.controller_server]: [follow_path] [ActionServer] Aborting handle.
[controller_server-4] [INFO] [1786702196.911902654] [pinky_01.local_costmap.local_costmap]: Received request to clear entirely the local_costmap
[controller_server-4] [INFO] [1786702196.912939088] [pinky_01.controller_server]: Received a goal, begin computing control effort.
[controller_server-4] [WARN] [1786702197.004882244] [pinky_01.controller_server]: RegulatedPurePursuitController detected collision ahead!
[controller_server-4] [WARN] [1786702197.005126294] [pinky_01.controller_server]: Control loop missed its desired rate of 20.0000 Hz. Current loop rate is inf Hz.
[controller_server-4] [WARN] [1786702197.006850268] [pinky_01.controller_server]: RegulatedPurePursuitController detected collision ahead!
  ↑ 같은 줄 7번 더
[controller_server-4] [INFO] [1786702197.405248937] [pinky_01.controller_server]: Passing new path to controller.
[controller_server-4] [WARN] [1786702197.407143719] [pinky_01.controller_server]: RegulatedPurePursuitController detected collision ahead!
  ↑ 같은 줄 20번 더
[controller_server-4] [INFO] [1786702198.455228707] [pinky_01.controller_server]: Passing new path to controller.
[controller_server-4] [WARN] [1786702198.456284710] [pinky_01.controller_server]: RegulatedPurePursuitController detected collision ahead!
  ↑ 같은 줄 19번 더
[controller_server-4] [INFO] [1786702199.455265198] [pinky_01.controller_server]: Passing new path to controller.
[controller_server-4] [WARN] [1786702199.457261986] [pinky_01.controller_server]: RegulatedPurePursuitController detected collision ahead!
  ↑ 같은 줄 20번 더
[controller_server-4] [INFO] [1786702200.505238681] [pinky_01.controller_server]: Passing new path to controller.
[controller_server-4] [WARN] [1786702200.507317727] [pinky_01.controller_server]: RegulatedPurePursuitController detected collision ahead!
  ↑ 같은 줄 19번 더
[controller_server-4] [INFO] [1786702201.505256893] [pinky_01.controller_server]: Passing new path to controller.
[controller_server-4] [WARN] [1786702201.507260109] [pinky_01.controller_server]: RegulatedPurePursuitController detected collision ahead!
  ↑ 같은 줄 20번 더
[controller_server-4] [INFO] [1786702202.555259117] [pinky_01.controller_server]: Passing new path to controller.
[controller_server-4] [WARN] [1786702202.557943923] [pinky_01.controller_server]: RegulatedPurePursuitController detected collision ahead!
  ↑ 같은 줄 19번 더
[controller_server-4] [INFO] [1786702203.555273278] [pinky_01.controller_server]: Passing new path to controller.
[controller_server-4] [WARN] [1786702203.557065949] [pinky_01.controller_server]: RegulatedPurePursuitController detected collision ahead!
  ↑ 같은 줄 1번 더
[controller_server-4] [ERROR] [1786702203.608190377] [pinky_01.controller_server]: Controller patience exceeded
[controller_server-4] [WARN] [1786702203.608405133] [pinky_01.controller_server]: [follow_path] [ActionServer] Aborting handle.
[controller_server-4] [INFO] [1786702203.623222374] [pinky_01.local_costmap.local_costmap]: Received request to clear entirely the local_costmap
[planner_server-6] [INFO] [1786702203.623955092] [pinky_01.global_costmap.global_costmap]: Received request to clear entirely the global_costmap
[controller_server-4] [INFO] [1786702204.072898176] [pinky_01.controller_server]: Received a goal, begin computing control effort.
[controller_server-4] [WARN] [1786702204.075376481] [pinky_01.controller_server]: RegulatedPurePursuitController detected collision ahead!
  ↑ 같은 줄 20번 더
[controller_server-4] [INFO] [1786702205.123169861] [pinky_01.controller_server]: Passing new path to controller.
[controller_server-4] [WARN] [1786702205.126028452] [pinky_01.controller_server]: RegulatedPurePursuitController detected collision ahead!
  ↑ 같은 줄 20번 더
[controller_server-4] [INFO] [1786702206.173143749] [pinky_01.controller_server]: Passing new path to controller.
[controller_server-4] [WARN] [1786702206.174417581] [pinky_01.controller_server]: RegulatedPurePursuitController detected collision ahead!
  ↑ 같은 줄 19번 더
[controller_server-4] [INFO] [1786702207.173142522] [pinky_01.controller_server]: Passing new path to controller.
[controller_server-4] [WARN] [1786702207.175400528] [pinky_01.controller_server]: RegulatedPurePursuitController detected collision ahead!
  ↑ 같은 줄 20번 더
[controller_server-4] [INFO] [1786702208.223133687] [pinky_01.controller_server]: Passing new path to controller.
[controller_server-4] [WARN] [1786702208.225407458] [pinky_01.controller_server]: RegulatedPurePursuitController detected collision ahead!
  ↑ 같은 줄 19번 더
[controller_server-4] [INFO] [1786702209.223117401] [pinky_01.controller_server]: Passing new path to controller.
[controller_server-4] [WARN] [1786702209.224916027] [pinky_01.controller_server]: RegulatedPurePursuitController detected collision ahead!
  ↑ 같은 줄 20번 더
[controller_server-4] [INFO] [1786702210.273113474] [pinky_01.controller_server]: Passing new path to controller.
[controller_server-4] [WARN] [1786702210.274523625] [pinky_01.controller_server]: RegulatedPurePursuitController detected collision ahead!
  ↑ 같은 줄 7번 더
[controller_server-4] [ERROR] [1786702210.624708287] [pinky_01.controller_server]: Controller patience exceeded
[controller_server-4] [WARN] [1786702210.624832062] [pinky_01.controller_server]: [follow_path] [ActionServer] Aborting handle.
[controller_server-4] [INFO] [1786702210.641799638] [pinky_01.local_costmap.local_costmap]: Received request to clear entirely the local_costmap
[controller_server-4] [INFO] [1786702210.642500101] [pinky_01.controller_server]: Received a goal, begin computing control effort.
[controller_server-4] [WARN] [1786702210.804257980] [pinky_01.controller_server]: RegulatedPurePursuitController detected collision ahead!
[controller_server-4] [WARN] [1786702210.804561742] [pinky_01.controller_server]: Control loop missed its desired rate of 20.0000 Hz. Current loop rate is 100.0000 Hz.
[controller_server-4] [WARN] [1786702210.806156051] [pinky_01.controller_server]: RegulatedPurePursuitController detected collision ahead!
  ↑ 같은 줄 9번 더
[controller_server-4] [INFO] [1786702211.304687759] [pinky_01.controller_server]: Passing new path to controller.
[controller_server-4] [WARN] [1786702211.306150580] [pinky_01.controller_server]: RegulatedPurePursuitController detected collision ahead!
  ↑ 같은 줄 19번 더
[controller_server-4] [INFO] [1786702212.304675122] [pinky_01.controller_server]: Passing new path to controller.
[controller_server-4] [WARN] [1786702212.306008794] [pinky_01.controller_server]: RegulatedPurePursuitController detected collision ahead!
  ↑ 같은 줄 20번 더
[controller_server-4] [INFO] [1786702213.354713717] [pinky_01.controller_server]: Passing new path to controller.
[controller_server-4] [WARN] [1786702213.356493476] [pinky_01.controller_server]: RegulatedPurePursuitController detected collision ahead!
[controller_server-4] [INFO] [1786702214.354677118] [pinky_01.controller_server]: Passing new path to controller.
[controller_server-4] [WARN] [1786702214.605762959] [pinky_01.controller_server]: RegulatedPurePursuitController detected collision ahead!
  ↑ 같은 줄 15번 더
[controller_server-4] [INFO] [1786702215.404672892] [pinky_01.controller_server]: Passing new path to controller.
[controller_server-4] [WARN] [1786702215.405932363] [pinky_01.controller_server]: RegulatedPurePursuitController detected collision ahead!
  ↑ 같은 줄 19번 더
[controller_server-4] [INFO] [1786702216.404672809] [pinky_01.controller_server]: Passing new path to controller.
[controller_server-4] [WARN] [1786702216.405810031] [pinky_01.controller_server]: RegulatedPurePursuitController detected collision ahead!
  ↑ 같은 줄 7번 더
[controller_server-4] [INFO] [1786702217.454706396] [pinky_01.controller_server]: Passing new path to controller.
  ↑ 같은 줄 1번 더
[controller_server-4] [WARN] [1786702218.456179456] [pinky_01.controller_server]: RegulatedPurePursuitController detected collision ahead!
  ↑ 같은 줄 2번 더
[controller_server-4] [WARN] [1786702218.878698376] [pinky_01.controller_server]: Control loop missed its desired rate of 20.0000 Hz. Current loop rate is inf Hz.
[controller_server-4] [WARN] [1786702218.881210622] [pinky_01.controller_server]: RegulatedPurePursuitController detected collision ahead!
  ↑ 같은 줄 11번 더
[controller_server-4] [INFO] [1786702219.478893087] [pinky_01.controller_server]: Passing new path to controller.
[controller_server-4] [WARN] [1786702220.430524383] [pinky_01.controller_server]: RegulatedPurePursuitController detected collision ahead!
  ↑ 같은 줄 1번 더
[controller_server-4] [INFO] [1786702220.528857027] [pinky_01.controller_server]: Passing new path to controller.
[controller_server-4] [WARN] [1786702220.530832667] [pinky_01.controller_server]: RegulatedPurePursuitController detected collision ahead!
  ↑ 같은 줄 5번 더
[controller_server-4] [INFO] [1786702221.528838221] [pinky_01.controller_server]: Passing new path to controller.
  ↑ 같은 줄 1번 더
[controller_server-4] [WARN] [1786702223.030097848] [pinky_01.controller_server]: RegulatedPurePursuitController detected collision ahead!
  ↑ 같은 줄 10번 더
[controller_server-4] [INFO] [1786702223.578939377] [pinky_01.controller_server]: Passing new path to controller.
[controller_server-4] [WARN] [1786702223.581243839] [pinky_01.controller_server]: RegulatedPurePursuitController detected collision ahead!
  ↑ 같은 줄 20번 더
[controller_server-4] [INFO] [1786702224.628860956] [pinky_01.controller_server]: Passing new path to controller.
[controller_server-4] [WARN] [1786702224.630970375] [pinky_01.controller_server]: RegulatedPurePursuitController detected collision ahead!
  ↑ 같은 줄 19번 더
[controller_server-4] [INFO] [1786702225.628832555] [pinky_01.controller_server]: Passing new path to controller.
[controller_server-4] [WARN] [1786702225.629621774] [pinky_01.controller_server]: RegulatedPurePursuitController detected collision ahead!
  ↑ 같은 줄 20번 더
[controller_server-4] [INFO] [1786702226.678879299] [pinky_01.controller_server]: Passing new path to controller.
[controller_server-4] [WARN] [1786702226.698379942] [pinky_01.controller_server]: RegulatedPurePursuitController detected collision ahead!
  ↑ 같은 줄 19번 더
[controller_server-4] [INFO] [1786702227.679860492] [pinky_01.controller_server]: Passing new path to controller.
[controller_server-4] [WARN] [1786702227.683501233] [pinky_01.controller_server]: RegulatedPurePursuitController detected collision ahead!
  ↑ 같은 줄 20번 더
[controller_server-4] [INFO] [1786702228.728845513] [pinky_01.controller_server]: Passing new path to controller.
[controller_server-4] [WARN] [1786702228.730363362] [pinky_01.controller_server]: RegulatedPurePursuitController detected collision ahead!
  ↑ 같은 줄 16번 더
[controller_server-4] [ERROR] [1786702229.530400191] [pinky_01.controller_server]: Controller patience exceeded
[controller_server-4] [WARN] [1786702229.530597059] [pinky_01.controller_server]: [follow_path] [ActionServer] Aborting handle.
[behavior_server-7] [INFO] [1786702229.545142852] [pinky_01.behavior_server]: Running spin
[behavior_server-7] [INFO] [1786702229.545272598] [pinky_01.behavior_server]: Turning 1.57 for spin behavior.
[behavior_server-7] [WARN] [1786702249.046417033] [pinky_01.behavior_server]: Collision Ahead - Exiting Spin
[behavior_server-7] [WARN] [1786702249.047074082] [pinky_01.behavior_server]: spin failed
[behavior_server-7] [WARN] [1786702249.047103930] [pinky_01.behavior_server]: [spin] [ActionServer] Aborting handle.
[behavior_server-7] [INFO] [1786702249.063732789] [pinky_01.behavior_server]: Running wait
[behavior_server-7] [INFO] [1786702331.168640452] [pinky_01.behavior_server]: wait completed successfully
[controller_server-4] [INFO] [1786702331.205140722] [pinky_01.controller_server]: Received a goal, begin computing control effort.
[controller_server-4] [INFO] [1786702332.255293425] [pinky_01.controller_server]: Passing new path to controller.
  ↑ 같은 줄 6번 더
[controller_server-4] [WARN] [1786702338.806669262] [pinky_01.controller_server]: RegulatedPurePursuitController detected collision ahead!
  ↑ 같은 줄 11번 더
[controller_server-4] [INFO] [1786702339.405297984] [pinky_01.controller_server]: Passing new path to controller.
[controller_server-4] [WARN] [1786702339.506481242] [pinky_01.controller_server]: RegulatedPurePursuitController detected collision ahead!
  ↑ 같은 줄 18번 더
[controller_server-4] [INFO] [1786702340.455304353] [pinky_01.controller_server]: Passing new path to controller.
[controller_server-4] [WARN] [1786702340.456507959] [pinky_01.controller_server]: RegulatedPurePursuitController detected collision ahead!
  ↑ 같은 줄 19번 더
[controller_server-4] [INFO] [1786702341.455299900] [pinky_01.controller_server]: Passing new path to controller.
[controller_server-4] [WARN] [1786702341.456470028] [pinky_01.controller_server]: RegulatedPurePursuitController detected collision ahead!
  ↑ 같은 줄 20번 더
[controller_server-4] [INFO] [1786702342.505294746] [pinky_01.controller_server]: Passing new path to controller.
[controller_server-4] [WARN] [1786702342.506903096] [pinky_01.controller_server]: RegulatedPurePursuitController detected collision ahead!
  ↑ 같은 줄 19번 더
[controller_server-4] [INFO] [1786702343.505296726] [pinky_01.controller_server]: Passing new path to controller.
[controller_server-4] [WARN] [1786702343.506455371] [pinky_01.controller_server]: RegulatedPurePursuitController detected collision ahead!
  ↑ 같은 줄 4번 더
[controller_server-4] [ERROR] [1786702343.706374624] [pinky_01.controller_server]: Controller patience exceeded
[controller_server-4] [WARN] [1786702343.706455170] [pinky_01.controller_server]: [follow_path] [ActionServer] Aborting handle.
[controller_server-4] [INFO] [1786702343.725000172] [pinky_01.local_costmap.local_costmap]: Received request to clear entirely the local_costmap
[controller_server-4] [INFO] [1786702343.725853136] [pinky_01.controller_server]: Received a goal, begin computing control effort.
[controller_server-4] [WARN] [1786702343.796800875] [pinky_01.controller_server]: RegulatedPurePursuitController detected collision ahead!
[controller_server-4] [WARN] [1786702343.796974350] [pinky_01.controller_server]: Control loop missed its desired rate of 20.0000 Hz. Current loop rate is inf Hz.
[controller_server-4] [WARN] [1786702343.797926623] [pinky_01.controller_server]: RegulatedPurePursuitController detected collision ahead!
  ↑ 같은 줄 14번 더
[controller_server-4] [INFO] [1786702344.547118801] [pinky_01.controller_server]: Passing new path to controller.
[controller_server-4] [WARN] [1786702344.548423368] [pinky_01.controller_server]: RegulatedPurePursuitController detected collision ahead!
  ↑ 같은 줄 20번 더
[controller_server-4] [INFO] [1786702345.597076383] [pinky_01.controller_server]: Passing new path to controller.
[controller_server-4] [WARN] [1786702345.598317303] [pinky_01.controller_server]: RegulatedPurePursuitController detected collision ahead!
  ↑ 같은 줄 19번 더
[controller_server-4] [INFO] [1786702346.597069162] [pinky_01.controller_server]: Passing new path to controller.
[controller_server-4] [WARN] [1786702346.599008875] [pinky_01.controller_server]: RegulatedPurePursuitController detected collision ahead!
  ↑ 같은 줄 20번 더
[controller_server-4] [INFO] [1786702347.647154477] [pinky_01.controller_server]: Passing new path to controller.
[controller_server-4] [WARN] [1786702347.648855422] [pinky_01.controller_server]: RegulatedPurePursuitController detected collision ahead!
  ↑ 같은 줄 19번 더
[controller_server-4] [INFO] [1786702348.647109757] [pinky_01.controller_server]: Passing new path to controller.
[controller_server-4] [WARN] [1786702348.647900999] [pinky_01.controller_server]: RegulatedPurePursuitController detected collision ahead!
  ↑ 같은 줄 5번 더
[controller_server-4] [ERROR] [1786702348.898259702] [pinky_01.controller_server]: Controller patience exceeded
[controller_server-4] [WARN] [1786702348.898360418] [pinky_01.controller_server]: [follow_path] [ActionServer] Aborting handle.
[bt_navigator-8] [WARN] [1786702348.924215219] [pinky_01.bt_navigator]: [navigate_to_pose] [ActionServer] Aborting handle.
[bt_navigator-8] [ERROR] [1786702348.924426386] [pinky_01.bt_navigator]: Goal failed
[python3-21] [ERROR] [1786702348.926004598] [project1_pinky_nav2_adapter]: [pinky_01] 목적지에 닿지 못했습니다 (Nav2 status 6). 도착 반경이 코스트맵 한 칸보다 촘촘하면 영영 못 맞춥니다.
[python3-21] [INFO] [1786702348.928408758] [project1_pinky_fleet_adapter]: Selecting a new go_to_place location from [1] choices for robot [project1_pinky/pinky_01]
[python3-21] [INFO] [1786702348.928522490] [project1_pinky_fleet_adapter]: Got distance from [3] as 1.437603
[python3-21] [INFO] [1786702348.928787322] [project1_pinky_fleet_adapter]: Planning for [project1_pinky/pinky_01] to [픽업1] from one of these locations:
[python3-21]  -- lane 2: { L1 <  1.23636 -0.282471> [대기1] } -> { L1 < 0.449743 -0.285866> [대기2] } | location <  1.01492 -0.332957> | orientation -167.941
[python3-21]  -- lane 3: { L1 < 0.449743 -0.285866> [대기2] } -> { L1 <  1.23636 -0.282471> [대기1] } | location <  1.01492 -0.332957> | orientation -167.941
[python3-21] [INFO] [1786702348.931470184] [project1_pinky_fleet_adapter]: Executing final go_to_place [픽업1] for robot [project1_pinky/pinky_01]
[python3-21] [INFO] [1786702348.932346143] [project1_pinky_fleet_adapter]: [project1_pinky/pinky_01] Moving to [place:픽업1] via
[python3-21]  -- t=0 <  1.01492 -0.332957  -2.93113> yaw=-167.941 approach lanes:
[python3-21]  -- t=0.605798 <  1.01492 -0.332957   3.05846> yaw=175.237 approach lanes:
[python3-21]  -- t=1.63472 #2 < 0.449743 -0.285866   3.05846> yaw=175.237 approach lanes: 2
[python3-21]  -- t=3.21137 #2 < 0.449743 -0.285866  -1.56288> yaw=-89.5462 approach lanes:
[python3-21]  -- t=4.26005 #3 <  0.45436 -0.868793  -1.56288> yaw=-89.5462 approach lanes: 4
[python3-21] [INFO] [1786702348.935485713] [project1_pinky_nav2_adapter]: [pinky_01] -> (0.450, -0.286, -90도) 지도 [L1]
[bt_navigator-8] [INFO] [1786702348.937272207] [pinky_01.bt_navigator]: Begin navigating from current location (1.01, -0.33) to (0.45, -0.29)
[controller_server-4] [INFO] [1786702348.958032588] [pinky_01.controller_server]: Received a goal, begin computing control effort.
[controller_server-4] [WARN] [1786702348.959333964] [pinky_01.controller_server]: RegulatedPurePursuitController detected collision ahead!
  ↑ 같은 줄 20번 더
[controller_server-4] [INFO] [1786702350.008234474] [pinky_01.controller_server]: Passing new path to controller.
[controller_server-4] [WARN] [1786702350.009887746] [pinky_01.controller_server]: RegulatedPurePursuitController detected collision ahead!
  ↑ 같은 줄 19번 더
[controller_server-4] [INFO] [1786702351.008339311] [pinky_01.controller_server]: Passing new path to controller.
[controller_server-4] [WARN] [1786702351.012018196] [pinky_01.controller_server]: RegulatedPurePursuitController detected collision ahead!
  ↑ 같은 줄 20번 더
[controller_server-4] [INFO] [1786702352.058211832] [pinky_01.controller_server]: Passing new path to controller.
[controller_server-4] [WARN] [1786702352.059640139] [pinky_01.controller_server]: RegulatedPurePursuitController detected collision ahead!
  ↑ 같은 줄 19번 더
[controller_server-4] [INFO] [1786702353.058199996] [pinky_01.controller_server]: Passing new path to controller.
[controller_server-4] [WARN] [1786702353.059746658] [pinky_01.controller_server]: RegulatedPurePursuitController detected collision ahead!
  ↑ 같은 줄 20번 더
[controller_server-4] [INFO] [1786702354.108216717] [pinky_01.controller_server]: Passing new path to controller.
[controller_server-4] [WARN] [1786702354.109688289] [pinky_01.controller_server]: RegulatedPurePursuitController detected collision ahead!
  ↑ 같은 줄 5번 더
[controller_server-4] [ERROR] [1786702354.359638117] [pinky_01.controller_server]: Controller patience exceeded
[controller_server-4] [WARN] [1786702354.359787107] [pinky_01.controller_server]: [follow_path] [ActionServer] Aborting handle.
[controller_server-4] [INFO] [1786702354.375966121] [pinky_01.local_costmap.local_costmap]: Received request to clear entirely the local_costmap
[controller_server-4] [INFO] [1786702354.377229255] [pinky_01.controller_server]: Received a goal, begin computing control effort.
[controller_server-4] [WARN] [1786702354.398729822] [pinky_01.controller_server]: RegulatedPurePursuitController detected collision ahead!
  ↑ 같은 줄 14번 더
[controller_server-4] [INFO] [1786702355.127415829] [pinky_01.controller_server]: Passing new path to controller.
[controller_server-4] [WARN] [1786702355.129189699] [pinky_01.controller_server]: RegulatedPurePursuitController detected collision ahead!
  ↑ 같은 줄 19번 더
[controller_server-4] [INFO] [1786702356.127427660] [pinky_01.controller_server]: Passing new path to controller.
[controller_server-4] [WARN] [1786702356.129770494] [pinky_01.controller_server]: RegulatedPurePursuitController detected collision ahead!
  ↑ 같은 줄 20번 더
[controller_server-4] [INFO] [1786702357.177444049] [pinky_01.controller_server]: Passing new path to controller.
[controller_server-4] [WARN] [1786702357.178861268] [pinky_01.controller_server]: RegulatedPurePursuitController detected collision ahead!
  ↑ 같은 줄 6번 더
[controller_server-4] [WARN] [1786702357.541289425] [pinky_01.controller_server]: Control loop missed its desired rate of 20.0000 Hz. Current loop rate is inf Hz.
[controller_server-4] [WARN] [1786702357.543078829] [pinky_01.controller_server]: RegulatedPurePursuitController detected collision ahead!
  ↑ 같은 줄 12번 더
[controller_server-4] [INFO] [1786702358.191452344] [pinky_01.controller_server]: Passing new path to controller.
[controller_server-4] [WARN] [1786702358.194654359] [pinky_01.controller_server]: RegulatedPurePursuitController detected collision ahead!
  ↑ 같은 줄 20번 더
[controller_server-4] [INFO] [1786702359.241451310] [pinky_01.controller_server]: Passing new path to controller.
[controller_server-4] [WARN] [1786702359.243636967] [pinky_01.controller_server]: RegulatedPurePursuitController detected collision ahead!
  ↑ 같은 줄 19번 더
[controller_server-4] [INFO] [1786702360.241470614] [pinky_01.controller_server]: Passing new path to controller.
[controller_server-4] [WARN] [1786702360.243916198] [pinky_01.controller_server]: RegulatedPurePursuitController detected collision ahead!
  ↑ 같은 줄 20번 더
[controller_server-4] [INFO] [1786702361.291463242] [pinky_01.controller_server]: Passing new path to controller.
[controller_server-4] [WARN] [1786702361.293651006] [pinky_01.controller_server]: RegulatedPurePursuitController detected collision ahead!
  ↑ 같은 줄 19번 더
[controller_server-4] [INFO] [1786702362.291449999] [pinky_01.controller_server]: Passing new path to controller.
[controller_server-4] [WARN] [1786702362.292870729] [pinky_01.controller_server]: RegulatedPurePursuitController detected collision ahead!
  ↑ 같은 줄 2번 더
[controller_server-4] [ERROR] [1786702362.392327707] [pinky_01.controller_server]: Controller patience exceeded
[controller_server-4] [WARN] [1786702362.392414446] [pinky_01.controller_server]: [follow_path] [ActionServer] Aborting handle.
[controller_server-4] [INFO] [1786702362.404800509] [pinky_01.local_costmap.local_costmap]: Received request to clear entirely the local_costmap
[planner_server-6] [INFO] [1786702362.405216541] [pinky_01.global_costmap.global_costmap]: Received request to clear entirely the global_costmap
[controller_server-4] [INFO] [1786702363.055147702] [pinky_01.controller_server]: Received a goal, begin computing control effort.
[controller_server-4] [WARN] [1786702363.055902051] [pinky_01.controller_server]: RegulatedPurePursuitController detected collision ahead!
  ↑ 같은 줄 20번 더
[controller_server-4] [INFO] [1786702364.105393579] [pinky_01.controller_server]: Passing new path to controller.
[controller_server-4] [WARN] [1786702364.106500489] [pinky_01.controller_server]: RegulatedPurePursuitController detected collision ahead!
  ↑ 같은 줄 20번 더
[controller_server-4] [INFO] [1786702365.155303789] [pinky_01.controller_server]: Passing new path to controller.
[controller_server-4] [WARN] [1786702365.156783703] [pinky_01.controller_server]: RegulatedPurePursuitController detected collision ahead!
  ↑ 같은 줄 19번 더
[controller_server-4] [INFO] [1786702366.155584201] [pinky_01.controller_server]: Passing new path to controller.
[controller_server-4] [WARN] [1786702366.156966633] [pinky_01.controller_server]: RegulatedPurePursuitController detected collision ahead!
  ↑ 같은 줄 20번 더
[controller_server-4] [INFO] [1786702367.205304793] [pinky_01.controller_server]: Passing new path to controller.
[controller_server-4] [WARN] [1786702367.207205871] [pinky_01.controller_server]: RegulatedPurePursuitController detected collision ahead!
  ↑ 같은 줄 14번 더
[controller_server-4] [ERROR] [1786702367.906913738] [pinky_01.controller_server]: Controller patience exceeded
[controller_server-4] [WARN] [1786702367.906997252] [pinky_01.controller_server]: [follow_path] [ActionServer] Aborting handle.
[controller_server-4] [INFO] [1786702367.924715382] [pinky_01.local_costmap.local_costmap]: Received request to clear entirely the local_costmap
[controller_server-4] [INFO] [1786702367.925253243] [pinky_01.controller_server]: Received a goal, begin computing control effort.
[controller_server-4] [WARN] [1786702368.006661374] [pinky_01.controller_server]: RegulatedPurePursuitController detected collision ahead!
[controller_server-4] [WARN] [1786702368.006846349] [pinky_01.controller_server]: Control loop missed its desired rate of 20.0000 Hz. Current loop rate is inf Hz.
[controller_server-4] [WARN] [1786702368.015077905] [pinky_01.controller_server]: RegulatedPurePursuitController detected collision ahead!
  ↑ 같은 줄 3번 더
[controller_server-4] [INFO] [1786702368.206971500] [pinky_01.controller_server]: Passing new path to controller.
[controller_server-4] [WARN] [1786702368.209095943] [pinky_01.controller_server]: RegulatedPurePursuitController detected collision ahead!
  ↑ 같은 줄 20번 더
[controller_server-4] [INFO] [1786702369.256960987] [pinky_01.controller_server]: Passing new path to controller.
[controller_server-4] [WARN] [1786702369.258370351] [pinky_01.controller_server]: RegulatedPurePursuitController detected collision ahead!
  ↑ 같은 줄 20번 더
[controller_server-4] [INFO] [1786702370.306952799] [pinky_01.controller_server]: Passing new path to controller.
[controller_server-4] [WARN] [1786702370.308300842] [pinky_01.controller_server]: RegulatedPurePursuitController detected collision ahead!
  ↑ 같은 줄 19번 더
[controller_server-4] [INFO] [1786702371.306955835] [pinky_01.controller_server]: Passing new path to controller.
[controller_server-4] [WARN] [1786702371.308162764] [pinky_01.controller_server]: RegulatedPurePursuitController detected collision ahead!
  ↑ 같은 줄 20번 더
[controller_server-4] [INFO] [1786702372.356952227] [pinky_01.controller_server]: Passing new path to controller.
[controller_server-4] [WARN] [1786702372.357979603] [pinky_01.controller_server]: RegulatedPurePursuitController detected collision ahead!
  ↑ 같은 줄 1번 더
[controller_server-4] [ERROR] [1786702372.407981044] [pinky_01.controller_server]: Controller patience exceeded
[controller_server-4] [WARN] [1786702372.408154893] [pinky_01.controller_server]: [follow_path] [ActionServer] Aborting handle.
[behavior_server-7] [INFO] [1786702372.425361905] [pinky_01.behavior_server]: Running spin
[behavior_server-7] [INFO] [1786702372.426259894] [pinky_01.behavior_server]: Turning 1.57 for spin behavior.
[behavior_server-7] [WARN] [1786702381.526587685] [pinky_01.behavior_server]: Collision Ahead - Exiting Spin
[behavior_server-7] [WARN] [1786702381.526626928] [pinky_01.behavior_server]: spin failed
[behavior_server-7] [WARN] [1786702381.526639931] [pinky_01.behavior_server]: [spin] [ActionServer] Aborting handle.
[behavior_server-7] [INFO] [1786702381.545594016] [pinky_01.behavior_server]: Running wait
[behavior_server-7] [INFO] [1786702454.945836990] [pinky_01.behavior_server]: wait completed successfully
[controller_server-4] [INFO] [1786702454.977469731] [pinky_01.controller_server]: Received a goal, begin computing control effort.
[controller_server-4] [INFO] [1786702456.029290690] [pinky_01.controller_server]: Passing new path to controller.
  ↑ 같은 줄 1번 더
[controller_server-4] [WARN] [1786702457.801210669] [pinky_01.controller_server]: Control loop missed its desired rate of 20.0000 Hz. Current loop rate is 33.3333 Hz.
[controller_server-4] [INFO] [1786702458.101340159] [pinky_01.controller_server]: Passing new path to controller.
  ↑ 같은 줄 6번 더
[controller_server-4] [WARN] [1786702464.302225547] [pinky_01.controller_server]: RegulatedPurePursuitController detected collision ahead!
  ↑ 같은 줄 18번 더
[controller_server-4] [INFO] [1786702465.251384072] [pinky_01.controller_server]: Passing new path to controller.
[controller_server-4] [WARN] [1786702465.252686752] [pinky_01.controller_server]: RegulatedPurePursuitController detected collision ahead!
  ↑ 같은 줄 20번 더
[controller_server-4] [INFO] [1786702466.302962943] [pinky_01.controller_server]: Passing new path to controller.
[controller_server-4] [WARN] [1786702466.310465811] [pinky_01.controller_server]: RegulatedPurePursuitController detected collision ahead!
[controller_server-4] [WARN] [1786702466.366601706] [pinky_01.controller_server]: Control loop missed its desired rate of 20.0000 Hz. Current loop rate is inf Hz.
[controller_server-4] [WARN] [1786702466.376278641] [pinky_01.controller_server]: RegulatedPurePursuitController detected collision ahead!
  ↑ 같은 줄 18번 더
[controller_server-4] [INFO] [1786702467.323354980] [pinky_01.controller_server]: Passing new path to controller.
[controller_server-4] [WARN] [1786702467.329198108] [pinky_01.controller_server]: RegulatedPurePursuitController detected collision ahead!
  ↑ 같은 줄 19번 더
[controller_server-4] [INFO] [1786702468.316771329] [pinky_01.controller_server]: Passing new path to controller.
[controller_server-4] [WARN] [1786702468.318407106] [pinky_01.controller_server]: RegulatedPurePursuitController detected collision ahead!
  ↑ 같은 줄 16번 더
[controller_server-4] [ERROR] [1786702469.117282931] [pinky_01.controller_server]: Controller patience exceeded
[controller_server-4] [WARN] [1786702469.117367047] [pinky_01.controller_server]: [follow_path] [ActionServer] Aborting handle.
[controller_server-4] [INFO] [1786702469.129033440] [pinky_01.local_costmap.local_costmap]: Received request to clear entirely the local_costmap
[controller_server-4] [INFO] [1786702469.129446800] [pinky_01.controller_server]: Received a goal, begin computing control effort.
[controller_server-4] [WARN] [1786702469.200462833] [pinky_01.controller_server]: RegulatedPurePursuitController detected collision ahead!
[controller_server-4] [WARN] [1786702469.200600233] [pinky_01.controller_server]: Control loop missed its desired rate of 20.0000 Hz. Current loop rate is inf Hz.
[controller_server-4] [WARN] [1786702469.201497282] [pinky_01.controller_server]: RegulatedPurePursuitController detected collision ahead!
  ↑ 같은 줄 2번 더
[controller_server-4] [INFO] [1786702469.350710356] [pinky_01.controller_server]: Passing new path to controller.
[controller_server-4] [WARN] [1786702469.351901809] [pinky_01.controller_server]: RegulatedPurePursuitController detected collision ahead!
  ↑ 같은 줄 20번 더
[controller_server-4] [INFO] [1786702470.400694379] [pinky_01.controller_server]: Passing new path to controller.
[controller_server-4] [WARN] [1786702470.401695543] [pinky_01.controller_server]: RegulatedPurePursuitController detected collision ahead!
  ↑ 같은 줄 19번 더
[controller_server-4] [INFO] [1786702471.400689503] [pinky_01.controller_server]: Passing new path to controller.
[controller_server-4] [WARN] [1786702471.401275379] [pinky_01.controller_server]: RegulatedPurePursuitController detected collision ahead!
  ↑ 같은 줄 20번 더
[controller_server-4] [INFO] [1786702472.450695053] [pinky_01.controller_server]: Passing new path to controller.
[controller_server-4] [WARN] [1786702472.451352388] [pinky_01.controller_server]: RegulatedPurePursuitController detected collision ahead!
  ↑ 같은 줄 2번 더
[controller_server-4] [ERROR] [1786702472.551344793] [pinky_01.controller_server]: Controller patience exceeded
[controller_server-4] [WARN] [1786702472.551427796] [pinky_01.controller_server]: [follow_path] [ActionServer] Aborting handle.
[behavior_server-7] [INFO] [1786702472.569451392] [pinky_01.behavior_server]: Running backup
[python3-21] [INFO] [1786702476.121809172] [project1_pinky_fleet_adapter]: Cache sizes:
[python3-21]  - DifferentialDrive: 140
[python3-21]  - ShortestPath: 40
[python3-21]  - Euclidean: 0
[behavior_server-7] [WARN] [1786702478.869856843] [pinky_01.behavior_server]: Collision Ahead - Exiting DriveOnHeading
[behavior_server-7] [WARN] [1786702478.869929002] [pinky_01.behavior_server]: backup failed
[behavior_server-7] [WARN] [1786702478.869943081] [pinky_01.behavior_server]: [backup] [ActionServer] Aborting handle.
[controller_server-4] [INFO] [1786702478.888991908] [pinky_01.local_costmap.local_costmap]: Received request to clear entirely the local_costmap
[planner_server-6] [INFO] [1786702478.889239021] [pinky_01.global_costmap.global_costmap]: Received request to clear entirely the global_costmap
[controller_server-4] [INFO] [1786702479.050720443] [pinky_01.controller_server]: Received a goal, begin computing control effort.
[controller_server-4] [WARN] [1786702479.051912581] [pinky_01.controller_server]: RegulatedPurePursuitController detected collision ahead!
  ↑ 같은 줄 20번 더
[controller_server-4] [INFO] [1786702480.100964893] [pinky_01.controller_server]: Passing new path to controller.
[controller_server-4] [WARN] [1786702480.102185289] [pinky_01.controller_server]: RegulatedPurePursuitController detected collision ahead!
  ↑ 같은 줄 20번 더
[controller_server-4] [INFO] [1786702481.151602160] [pinky_01.controller_server]: Passing new path to controller.
[controller_server-4] [WARN] [1786702481.172587966] [pinky_01.controller_server]: RegulatedPurePursuitController detected collision ahead!
  ↑ 같은 줄 19번 더
[controller_server-4] [INFO] [1786702482.150932571] [pinky_01.controller_server]: Passing new path to controller.
[controller_server-4] [WARN] [1786702482.151593453] [pinky_01.controller_server]: RegulatedPurePursuitController detected collision ahead!
  ↑ 같은 줄 18번 더
[controller_server-4] [ERROR] [1786702483.051748301] [pinky_01.controller_server]: Controller patience exceeded
[controller_server-4] [WARN] [1786702483.051863488] [pinky_01.controller_server]: [follow_path] [ActionServer] Aborting handle.
[controller_server-4] [INFO] [1786702483.069201787] [pinky_01.local_costmap.local_costmap]: Received request to clear entirely the local_costmap
[controller_server-4] [INFO] [1786702483.069816904] [pinky_01.controller_server]: Received a goal, begin computing control effort.
[controller_server-4] [INFO] [1786702483.199989333] [pinky_01.controller_server]: Passing new path to controller.
[controller_server-4] [WARN] [1786702483.201364331] [pinky_01.controller_server]: RegulatedPurePursuitController detected collision ahead!
[controller_server-4] [WARN] [1786702483.201599384] [pinky_01.controller_server]: Control loop missed its desired rate of 20.0000 Hz. Current loop rate is 100.0000 Hz.
[controller_server-4] [WARN] [1786702483.202563120] [pinky_01.controller_server]: RegulatedPurePursuitController detected collision ahead!
  ↑ 같은 줄 19번 더
[controller_server-4] [INFO] [1786702484.201702583] [pinky_01.controller_server]: Passing new path to controller.
[controller_server-4] [WARN] [1786702484.203035564] [pinky_01.controller_server]: RegulatedPurePursuitController detected collision ahead!
  ↑ 같은 줄 20번 더
[controller_server-4] [INFO] [1786702485.251708404] [pinky_01.controller_server]: Passing new path to controller.
[controller_server-4] [WARN] [1786702485.252870504] [pinky_01.controller_server]: RegulatedPurePursuitController detected collision ahead!
  ↑ 같은 줄 20번 더
[controller_server-4] [INFO] [1786702486.301891809] [pinky_01.controller_server]: Passing new path to controller.
[controller_server-4] [WARN] [1786702486.308052052] [pinky_01.controller_server]: RegulatedPurePursuitController detected collision ahead!
  ↑ 같은 줄 13번 더
[controller_server-4] [ERROR] [1786702486.952947451] [pinky_01.controller_server]: Controller patience exceeded
[controller_server-4] [WARN] [1786702486.953108907] [pinky_01.controller_server]: [follow_path] [ActionServer] Aborting handle.
[behavior_server-7] [INFO] [1786702486.970735019] [pinky_01.behavior_server]: Running spin
[behavior_server-7] [INFO] [1786702486.970813719] [pinky_01.behavior_server]: Turning 1.57 for spin behavior.
[behavior_server-7] [INFO] [1786702508.671039981] [pinky_01.behavior_server]: spin completed successfully
[controller_server-4] [INFO] [1786702508.710568946] [pinky_01.controller_server]: Received a goal, begin computing control effort.
[controller_server-4] [INFO] [1786702509.760740397] [pinky_01.controller_server]: Passing new path to controller.
  ↑ 같은 줄 15번 더
[INFO] [gazebo-2]: process has finished cleanly [pid 738176]
[controller_server-4] [INFO] [1786702526.160803022] [pinky_01.controller_server]: Passing new path to controller.
  ↑ 같은 줄 6번 더
[controller_server-4] [WARN] [1786702533.011588851] [pinky_01.controller_server]: RegulatedPurePursuitController detected collision ahead!
  ↑ 같은 줄 6번 더
[controller_server-4] [INFO] [1786702533.360736116] [pinky_01.controller_server]: Passing new path to controller.
[controller_server-4] [WARN] [1786702533.361716532] [pinky_01.controller_server]: RegulatedPurePursuitController detected collision ahead!
  ↑ 같은 줄 19번 더
[controller_server-4] [INFO] [1786702534.360735236] [pinky_01.controller_server]: Passing new path to controller.
[controller_server-4] [WARN] [1786702534.361814733] [pinky_01.controller_server]: RegulatedPurePursuitController detected collision ahead!
  ↑ 같은 줄 20번 더
[controller_server-4] [INFO] [1786702535.410734003] [pinky_01.controller_server]: Passing new path to controller.
[controller_server-4] [WARN] [1786702535.411804939] [pinky_01.controller_server]: RegulatedPurePursuitController detected collision ahead!
  ↑ 같은 줄 14번 더
[controller_server-4] [ERROR] [1786702536.111800965] [pinky_01.controller_server]: Controller patience exceeded
[controller_server-4] [WARN] [1786702536.111894725] [pinky_01.controller_server]: [follow_path] [ActionServer] Aborting handle.
[controller_server-4] [INFO] [1786702536.130317519] [pinky_01.local_costmap.local_costmap]: Received request to clear entirely the local_costmap
[controller_server-4] [INFO] [1786702536.130855521] [pinky_01.controller_server]: Received a goal, begin computing control effort.
[controller_server-4] [WARN] [1786702536.201474904] [pinky_01.controller_server]: RegulatedPurePursuitController detected collision ahead!
[controller_server-4] [WARN] [1786702536.201553150] [pinky_01.controller_server]: Control loop missed its desired rate of 20.0000 Hz. Current loop rate is 100.0000 Hz.
[controller_server-4] [WARN] [1786702536.202068103] [pinky_01.controller_server]: RegulatedPurePursuitController detected collision ahead!
  ↑ 같은 줄 3번 더
[controller_server-4] [INFO] [1786702536.401641363] [pinky_01.controller_server]: Passing new path to controller.
[controller_server-4] [WARN] [1786702536.402584228] [pinky_01.controller_server]: RegulatedPurePursuitController detected collision ahead!
  ↑ 같은 줄 8번 더
[controller_server-4] [INFO] [1786702537.451674750] [pinky_01.controller_server]: Passing new path to controller.
[controller_server-4] [WARN] [1786702537.452836111] [pinky_01.controller_server]: RegulatedPurePursuitController detected collision ahead!
  ↑ 같은 줄 19번 더
[controller_server-4] [INFO] [1786702538.451643248] [pinky_01.controller_server]: Passing new path to controller.
[controller_server-4] [WARN] [1786702538.452410034] [pinky_01.controller_server]: RegulatedPurePursuitController detected collision ahead!
  ↑ 같은 줄 20번 더
[controller_server-4] [INFO] [1786702539.501631026] [pinky_01.controller_server]: Passing new path to controller.
[controller_server-4] [WARN] [1786702539.502599732] [pinky_01.controller_server]: RegulatedPurePursuitController detected collision ahead!
  ↑ 같은 줄 13번 더
[controller_server-4] [ERROR] [1786702540.152660105] [pinky_01.controller_server]: Controller patience exceeded
[controller_server-4] [WARN] [1786702540.152750342] [pinky_01.controller_server]: [follow_path] [ActionServer] Aborting handle.
[behavior_server-7] [INFO] [1786702540.170269992] [pinky_01.behavior_server]: Running wait
