=== 2026-08-12 11:22:18 project1 실행 ===
Gazebo 창: true · RViz: true
월드에 센서 시스템이 이미 있습니다.
월드에 충돌 검출기가 이미 지정돼 있습니다.
[1/3] Gazebo bringup
[INFO] [launch]: All log files can be found below /home/gyi/.ros/log/2026-08-12-11-22-20-347866-gyi-15UD50T-GX5JK-119867
[INFO] [launch]: Default logging verbosity is set to INFO
[INFO] [gazebo-1]: process started with pid [119957]
[INFO] [gazebo-2]: process started with pid [119958]
[INFO] [robot_state_publisher-3]: process started with pid [119959]
[INFO] [joint_state_publisher-4]: process started with pid [119961]
[INFO] [create-5]: process started with pid [119963]
[INFO] [robot_state_publisher-6]: process started with pid [119964]
[INFO] [joint_state_publisher-7]: process started with pid [119965]
[INFO] [create-8]: process started with pid [119966]
[INFO] [robot_state_publisher-9]: process started with pid [119967]
[INFO] [create-10]: process started with pid [119968]
[INFO] [spawner-11]: process started with pid [119969]
[INFO] [spawner-12]: process started with pid [119970]
[INFO] [spawner-13]: process started with pid [119971]
[INFO] [robot_state_publisher-14]: process started with pid [119972]
[INFO] [create-15]: process started with pid [119975]
[INFO] [spawner-16]: process started with pid [119980]
[INFO] [spawner-17]: process started with pid [119981]
[INFO] [spawner-18]: process started with pid [119986]
[INFO] [parameter_bridge-19]: process started with pid [119989]
[robot_state_publisher-3] [INFO] [1786501342.577610139] [pinky_01.robot_state_publisher]: Robot initialized
[robot_state_publisher-6] [INFO] [1786501342.609185760] [pinky_02.robot_state_publisher]: Robot initialized
[create-5] [INFO] [1786501342.619158657] [pinky_01.ros_gz_sim]: Requesting list of world names.
[create-10] [INFO] [1786501342.625189716] [omx_01.ros_gz_sim]: Requesting list of world names.
[robot_state_publisher-9] [INFO] [1786501342.629359414] [omx_01.robot_state_publisher]: Robot initialized
[create-8] [INFO] [1786501342.645987237] [pinky_02.ros_gz_sim]: Requesting list of world names.
[create-15] [INFO] [1786501342.655433476] [omx_02.ros_gz_sim]: Requesting list of world names.
[robot_state_publisher-14] [INFO] [1786501342.680345452] [omx_02.robot_state_publisher]: Robot initialized
[gazebo-1] [1;33mWarning [Utils.cc:132][0m [/sdf/world[@name="sim_world"]/gui/window:/home/gyi/robosapiens/rmf_maps/project1/project1.world:L34]: XML Element[window], child of element[gui], not defined in SDF. Copying[window] as children of [gui].
[gazebo-1] [INFO] [1786501343.162282573] [rmf_simulation_door_manager]: Loading DoorManager
[spawner-13] [INFO] [1786501343.188479484] [omx_01.spawner_gripper_controller]: waiting for service /omx_01/controller_manager/list_controllers to become available...
[gazebo-2] [1;33m[GUI] [Wrn] [Application.cc:908] [0m[1;33m[QT] file:///usr/lib/x86_64-linux-gnu/qt5/qml/QtQuick/Dialogs/DefaultFileDialog.qml:413:17: QML ToolButton: Binding loop detected for property "implicitHeight"[0m[1;33m[0m
[gazebo-2] [1;33m[GUI] [Wrn] [Application.cc:908] [0m[1;33m[QT] file:///usr/lib/x86_64-linux-gnu/qt5/qml/QtQuick/Dialogs/DefaultFileDialog.qml:309:21: QML Button: Binding loop detected for property "implicitHeight"[0m[1;33m[0m
  ↑ 같은 줄 1번 더
[gazebo-2] [1;33m[GUI] [Wrn] [Application.cc:908] [0m[1;33m[QT] file:///usr/lib/x86_64-linux-gnu/qt5/qml/QtQuick/Dialogs/DefaultFileDialog.qml:413:17: QML ToolButton: Binding loop detected for property "implicitHeight"[0m[1;33m[0m
[gazebo-2] [1;33m[GUI] [Wrn] [Application.cc:908] [0m[1;33m[QT] file:///usr/lib/x86_64-linux-gnu/qt5/qml/QtQuick/Dialogs/DefaultFileDialog.qml:309:21: QML Button: Binding loop detected for property "implicitHeight"[0m[1;33m[0m
  ↑ 같은 줄 1번 더
[joint_state_publisher-7] [INFO] [1786501343.219868142] [pinky_02.joint_state_publisher]: Waiting for robot_description to be published on the robot_description topic...
[joint_state_publisher-4] [INFO] [1786501343.258841301] [pinky_01.joint_state_publisher]: Waiting for robot_description to be published on the robot_description topic...
[gazebo-2] [1;33m[GUI] [Wrn] [Application.cc:908] [0m[1;33m[QT] file:///usr/lib/x86_64-linux-gnu/qt5/qml/QtQuick/Dialogs/DefaultFileDialog.qml:413:17: QML ToolButton: Binding loop detected for property "implicitHeight"[0m[1;33m[0m
[gazebo-2] [1;33m[GUI] [Wrn] [Application.cc:908] [0m[1;33m[QT] file:///usr/lib/x86_64-linux-gnu/qt5/qml/QtQuick/Dialogs/DefaultFileDialog.qml:309:21: QML Button: Binding loop detected for property "implicitHeight"[0m[1;33m[0m
  ↑ 같은 줄 1번 더
[gazebo-1] [INFO] [1786501343.395056533] [rmf_simulation_lift_manager]: Starting LiftManager
[gazebo-1] [1;33m[Wrn] [SdfEntityCreator.cc:933] [0m[1;33mGazebo does not support Ogre material scripts. See [0m[1;33mhttps://gazebosim.org/api/sim/8/migrationsdf.html#:~:text=Materials [0m[1;33mfor details.[0m[1;33m[0m
[gazebo-1] [1;33m[Wrn] [SdfEntityCreator.cc:939] [0m[1;33mCustom material scripts are not supported.[0m[1;33m[0m
[gazebo-1] [1;33m[Wrn] [SdfEntityCreator.cc:933] [0m[1;33mGazebo does not support Ogre material scripts. See [0m[1;33mhttps://gazebosim.org/api/sim/8/migrationsdf.html#:~:text=Materials [0m[1;33mfor details.[0m[1;33m[0m
[gazebo-1] [1;33m[Wrn] [SdfEntityCreator.cc:939] [0m[1;33mCustom material scripts are not supported.[0m[1;33m[0m
[joint_state_publisher-4] [INFO] [1786501343.399985756] [pinky_01.joint_state_publisher]: Got description, configuring robot
[create-8] [INFO] [1786501343.552033592] [pinky_02.ros_gz_sim]: Waiting messages on topic [/pinky_02/robot_description].
[create-10] [INFO] [1786501343.605769735] [omx_01.ros_gz_sim]: Waiting messages on topic [robot_description].
[create-5] [INFO] [1786501343.705769761] [pinky_01.ros_gz_sim]: Waiting messages on topic [/pinky_01/robot_description].
[parameter_bridge-19] [INFO] [1786501343.739966788] [gz_bridge]: Creating GZ->ROS Bridge: [/clock (gz.msgs.Clock) -> /clock (rosgraph_msgs/msg/Clock)] (Lazy 0)
[parameter_bridge-19] [INFO] [1786501343.741727938] [gz_bridge]: Creating GZ->ROS Bridge: [/tf (gz.msgs.Pose_V) -> /tf (tf2_msgs/msg/TFMessage)] (Lazy 0)
[parameter_bridge-19] [INFO] [1786501343.744105035] [gz_bridge]: Creating GZ->ROS Bridge: [/pinky_01/odom (gz.msgs.Odometry) -> /pinky_01/odom (nav_msgs/msg/Odometry)] (Lazy 0)
[parameter_bridge-19] [INFO] [1786501343.745541223] [gz_bridge]: Creating ROS->GZ Bridge: [/pinky_01/cmd_vel (geometry_msgs/msg/Twist) -> /pinky_01/cmd_vel (gz.msgs.Twist)] (Lazy 0)
[parameter_bridge-19] [INFO] [1786501343.746328707] [gz_bridge]: Creating GZ->ROS Bridge: [/pinky_01/scan (gz.msgs.LaserScan) -> /pinky_01/scan (sensor_msgs/msg/LaserScan)] (Lazy 0)
[parameter_bridge-19] [INFO] [1786501343.747658944] [gz_bridge]: Creating GZ->ROS Bridge: [/pinky_01/joint_states (gz.msgs.Model) -> /pinky_01/joint_states (sensor_msgs/msg/JointState)] (Lazy 0)
[parameter_bridge-19] [INFO] [1786501343.748255080] [gz_bridge]: Creating GZ->ROS Bridge: [/pinky_01/camera/camera_info (gz.msgs.CameraInfo) -> /pinky_01/camera/camera_info (sensor_msgs/msg/CameraInfo)] (Lazy 0)
[parameter_bridge-19] [INFO] [1786501343.748900670] [gz_bridge]: Creating GZ->ROS Bridge: [/pinky_01/camera/image_raw (gz.msgs.Image) -> /pinky_01/camera/image_raw (sensor_msgs/msg/Image)] (Lazy 0)
[parameter_bridge-19] [INFO] [1786501343.749628635] [gz_bridge]: Creating GZ->ROS Bridge: [/pinky_01/imu_raw (gz.msgs.IMU) -> /pinky_01/imu_raw (sensor_msgs/msg/Imu)] (Lazy 0)
[parameter_bridge-19] [INFO] [1786501343.750481454] [gz_bridge]: Creating GZ->ROS Bridge: [/pinky_02/odom (gz.msgs.Odometry) -> /pinky_02/odom (nav_msgs/msg/Odometry)] (Lazy 0)
[parameter_bridge-19] [INFO] [1786501343.751307492] [gz_bridge]: Creating ROS->GZ Bridge: [/pinky_02/cmd_vel (geometry_msgs/msg/Twist) -> /pinky_02/cmd_vel (gz.msgs.Twist)] (Lazy 0)
[parameter_bridge-19] [INFO] [1786501343.752043232] [gz_bridge]: Creating GZ->ROS Bridge: [/pinky_02/scan (gz.msgs.LaserScan) -> /pinky_02/scan (sensor_msgs/msg/LaserScan)] (Lazy 0)
[parameter_bridge-19] [INFO] [1786501343.752729073] [gz_bridge]: Creating GZ->ROS Bridge: [/pinky_02/joint_states (gz.msgs.Model) -> /pinky_02/joint_states (sensor_msgs/msg/JointState)] (Lazy 0)
[parameter_bridge-19] [INFO] [1786501343.753457167] [gz_bridge]: Creating GZ->ROS Bridge: [/pinky_02/camera/camera_info (gz.msgs.CameraInfo) -> /pinky_02/camera/camera_info (sensor_msgs/msg/CameraInfo)] (Lazy 0)
[parameter_bridge-19] [INFO] [1786501343.754039682] [gz_bridge]: Creating GZ->ROS Bridge: [/pinky_02/camera/image_raw (gz.msgs.Image) -> /pinky_02/camera/image_raw (sensor_msgs/msg/Image)] (Lazy 0)
[parameter_bridge-19] [INFO] [1786501343.754500427] [gz_bridge]: Creating GZ->ROS Bridge: [/pinky_02/imu_raw (gz.msgs.IMU) -> /pinky_02/imu_raw (sensor_msgs/msg/Imu)] (Lazy 0)
[create-8] [INFO] [1786501343.905306573] [pinky_02.ros_gz_sim]: Entity creation successful.
[create-10] [INFO] [1786501343.905446761] [omx_01.ros_gz_sim]: Entity creation successful.
[create-5] [INFO] [1786501343.905535052] [pinky_01.ros_gz_sim]: Entity creation successful.
[create-15] [INFO] [1786501343.906439712] [omx_02.ros_gz_sim]: Waiting messages on topic [robot_description].
[create-15] [INFO] [1786501343.918483743] [omx_02.ros_gz_sim]: Entity creation successful.
[INFO] [create-10]: process has finished cleanly [pid 119968]
[INFO] [create-5]: process has finished cleanly [pid 119963]
[INFO] [create-8]: process has finished cleanly [pid 119966]
[INFO] [create-15]: process has finished cleanly [pid 119975]
[joint_state_publisher-7] [INFO] [1786501344.068691580] [pinky_02.joint_state_publisher]: Got description, configuring robot
[gazebo-2] [1;33m[GUI] [Wrn] [Application.cc:908] [0m[1;33m[QT] file:///usr/lib/x86_64-linux-gnu/qt5/qml/QtQuick/Dialogs/DefaultFileDialog.qml:413:17: QML ToolButton: Binding loop detected for property "implicitHeight"[0m[1;33m[0m
[gazebo-2] [1;33m[GUI] [Wrn] [Application.cc:908] [0m[1;33m[QT] file:///usr/lib/x86_64-linux-gnu/qt5/qml/QtQuick/Dialogs/DefaultFileDialog.qml:309:21: QML Button: Binding loop detected for property "implicitHeight"[0m[1;33m[0m
  ↑ 같은 줄 1번 더
[gazebo-2] [1;33m[GUI] [Wrn] [Application.cc:908] [0m[1;33m[QT] file::/ComponentInspector/ComponentInspector.qml:251:3: QML Dialog: Binding loop detected for property "implicitHeight"[0m[1;33m[0m
[gazebo-2] [1;33m[GUI] [Wrn] [Application.cc:908] [0m[1;33m[QT] file:///usr/lib/x86_64-linux-gnu/qt5/qml/QtQuick/Dialogs/DefaultFileDialog.qml:413:17: QML ToolButton: Binding loop detected for property "implicitHeight"[0m[1;33m[0m
[gazebo-2] [1;33m[GUI] [Wrn] [Application.cc:908] [0m[1;33m[QT] file:///usr/lib/x86_64-linux-gnu/qt5/qml/QtQuick/Dialogs/DefaultFileDialog.qml:309:21: QML Button: Binding loop detected for property "implicitHeight"[0m[1;33m[0m
  ↑ 같은 줄 1번 더
[gazebo-2] [1;33m[GUI] [Wrn] [Application.cc:908] [0m[1;33m[QT] file::/toggle_floors/toggle_floors.qml:40: ReferenceError: qfloors is not defined[0m[1;33m[0m
[gazebo-2] [1;33m[GUI] [Wrn] [Application.cc:908] [0m[1;33m[QT] file::/WorldStats/WorldStats.qml:53:3: QML RowLayout: Binding loop detected for property "x"[0m[1;33m[0m
[gazebo-1] [1;33mWarning [Utils.cc:132][0m [/sdf/model[@name="pinky"]/link[@name="base_footprint"]/sensor[@name="pinky_02/camera"]/gz_frame_id:<urdf-string>:L0]: XML Element[gz_frame_id], child of element[sensor], not defined in SDF. Copying[gz_frame_id] as children of [sensor].
[gazebo-1] [1;33mWarning [Utils.cc:132][0m [/sdf/model[@name="pinky"]/link[@name="base_footprint"]/sensor[@name="pinky_02/imu"]/gz_frame_id:<urdf-string>:L0]: XML Element[gz_frame_id], child of element[sensor], not defined in SDF. Copying[gz_frame_id] as children of [sensor].
[gazebo-1] [1;33mWarning [Utils.cc:132][0m [/sdf/model[@name="pinky"]/link[@name="base_footprint"]/sensor[@name="pinky_02/gpu_lidar"]/gz_frame_id:<urdf-string>:L0]: XML Element[gz_frame_id], child of element[sensor], not defined in SDF. Copying[gz_frame_id] as children of [sensor].
[gazebo-2] [1;33m[GUI] [Wrn] [toggle_floors.cpp:221] [0m[1;33mNode for [0m[1;33mproject1_L1[0m[1;33mwas not found[0m[1;33m[0m
[gazebo-1] [INFO] [1786501344.886366170] [omx_01.gz_ros_control]: [gz_ros2_control] Fixed joint ['world_fixed'] (Entity='73') is skipped.
[gazebo-1] [INFO] [1786501344.889738657] [omx_01.gz_ros_control]: Loading controller_manager
[gazebo-1] [INFO] [1786501344.918910344] [omx_01.controller_manager]: Using ROS clock for triggering controller manager cycles.
[gazebo-1] [INFO] [1786501344.923637981] [omx_01.controller_manager]: Subscribing to '/omx_01/robot_description' topic for robot description.
[gazebo-1] [WARN] [1786501344.928644038] [omx_01.gz_ros_control]: Waiting RM to load and initialize hardware...
[gazebo-1] [INFO] [1786501344.933948464] [omx_01.controller_manager]: Received robot description from topic.
[gazebo-1] [INFO] [1786501344.933985734] [omx_01.controller_manager]: Enforcing command limits is disabled. Command limits from URDF will be ignored.
[gazebo-1] [INFO] [1786501344.938569242] [omx_01.gz_ros_control]: The position_proportional_gain has been set to: 0.1
[gazebo-1] [INFO] [1786501344.938668996] [omx_01.gz_ros_control]: Loading joint: joint1
[gazebo-1] [INFO] [1786501344.938677971] [omx_01.gz_ros_control]: 	State:
[gazebo-1] [INFO] [1786501344.938684893] [omx_01.gz_ros_control]: 		 position
[gazebo-1] [INFO] [1786501344.938689356] [omx_01.gz_ros_control]: 		 velocity
[gazebo-1] [INFO] [1786501344.938695888] [omx_01.gz_ros_control]: 		 effort
[gazebo-1] [INFO] [1786501344.938700121] [omx_01.gz_ros_control]: 	Command:
[gazebo-1] [INFO] [1786501344.938702922] [omx_01.gz_ros_control]: 		 position
[gazebo-1] [INFO] [1786501344.938713346] [omx_01.gz_ros_control]: Loading joint: joint2
[gazebo-1] [INFO] [1786501344.938715452] [omx_01.gz_ros_control]: 	State:
[gazebo-1] [INFO] [1786501344.938717385] [omx_01.gz_ros_control]: 		 position
[gazebo-1] [INFO] [1786501344.938719299] [omx_01.gz_ros_control]: 		 velocity
[gazebo-1] [INFO] [1786501344.938721590] [omx_01.gz_ros_control]: 		 effort
[gazebo-1] [INFO] [1786501344.938723407] [omx_01.gz_ros_control]: 	Command:
[gazebo-1] [INFO] [1786501344.938726264] [omx_01.gz_ros_control]: 		 position
[gazebo-1] [INFO] [1786501344.938736541] [omx_01.gz_ros_control]: Loading joint: joint3
[gazebo-1] [INFO] [1786501344.938740109] [omx_01.gz_ros_control]: 	State:
[gazebo-1] [INFO] [1786501344.938742228] [omx_01.gz_ros_control]: 		 position
[gazebo-1] [INFO] [1786501344.938743935] [omx_01.gz_ros_control]: 		 velocity
[gazebo-1] [INFO] [1786501344.938745756] [omx_01.gz_ros_control]: 		 effort
[gazebo-1] [INFO] [1786501344.938748391] [omx_01.gz_ros_control]: 	Command:
[gazebo-1] [INFO] [1786501344.938750051] [omx_01.gz_ros_control]: 		 position
[gazebo-1] [INFO] [1786501344.938757723] [omx_01.gz_ros_control]: Loading joint: joint4
[gazebo-1] [INFO] [1786501344.938760937] [omx_01.gz_ros_control]: 	State:
[gazebo-1] [INFO] [1786501344.938763838] [omx_01.gz_ros_control]: 		 position
[gazebo-1] [INFO] [1786501344.938766364] [omx_01.gz_ros_control]: 		 velocity
[gazebo-1] [INFO] [1786501344.938768145] [omx_01.gz_ros_control]: 		 effort
[gazebo-1] [INFO] [1786501344.938769804] [omx_01.gz_ros_control]: 	Command:
[gazebo-1] [INFO] [1786501344.938771679] [omx_01.gz_ros_control]: 		 position
[gazebo-1] [INFO] [1786501344.938777490] [omx_01.gz_ros_control]: Loading joint: gripper_left_joint
[gazebo-1] [INFO] [1786501344.938779730] [omx_01.gz_ros_control]: 	State:
[gazebo-1] [INFO] [1786501344.938781505] [omx_01.gz_ros_control]: 		 position
[gazebo-1] [INFO] [1786501344.938783296] [omx_01.gz_ros_control]: 		 velocity
[gazebo-1] [INFO] [1786501344.938784997] [omx_01.gz_ros_control]: 		 effort
[gazebo-1] [INFO] [1786501344.938786767] [omx_01.gz_ros_control]: 	Command:
[gazebo-1] [INFO] [1786501344.938788622] [omx_01.gz_ros_control]: 		 position
[gazebo-1] [INFO] [1786501344.938796909] [omx_01.gz_ros_control]: Loading joint: gripper_right_joint
[gazebo-1] [INFO] [1786501344.938800378] [omx_01.gz_ros_control]: Joint 'gripper_right_joint'is mimicking joint 'gripper_left_joint' with multiplier: 1 and offset: 0
[gazebo-1] [INFO] [1786501344.938803165] [omx_01.gz_ros_control]: 	State:
[gazebo-1] [INFO] [1786501344.938804864] [omx_01.gz_ros_control]: 		 position
[gazebo-1] [INFO] [1786501344.938806596] [omx_01.gz_ros_control]: 		 velocity
[gazebo-1] [INFO] [1786501344.938809507] [omx_01.gz_ros_control]: 		 effort
[gazebo-1] [INFO] [1786501344.938811402] [omx_01.gz_ros_control]: 	Command:
[gazebo-1] [INFO] [1786501344.938866169] [omx_01.gz_ros_control]: Loading sensor: pinky_02/imu
[gazebo-1] [INFO] [1786501344.938871161] [omx_01.gz_ros_control]: 	State:
[gazebo-1] [WARN] [1786501344.938898157] [omx_01.gz_ros_control]: IMU sensor 'pinky_02/imu' not found in hardware_info, skipping.
[gazebo-1] [INFO] [1786501344.938993105] [omx_01.controller_manager]: Initialize hardware 'OpenManipulatorXSystem' 
[gazebo-1] [WARN] [1786501344.939009990] [omx_01.controller_manager.hardware_component.system.OpenManipulatorXSystem]: Executor is not available during hardware component initialization for 'OpenManipulatorXSystem'. Skipping node creation!
[gazebo-1] [INFO] [1786501344.939076056] [omx_01.controller_manager]: Successful initialization of hardware 'OpenManipulatorXSystem'
[gazebo-1] [INFO] [1786501344.939198944] [omx_01.controller_manager]: Activating component 'OpenManipulatorXSystem'.
[gazebo-1] [INFO] [1786501344.939208834] [resource_manager]: 'configure' hardware 'OpenManipulatorXSystem' 
[gazebo-1] [INFO] [1786501344.939213860] [omx_01.gz_ros_control]: System Successfully configured!
[gazebo-1] [INFO] [1786501344.939217849] [resource_manager]: Successful 'configure' of hardware 'OpenManipulatorXSystem'
[gazebo-1] [INFO] [1786501344.939225245] [resource_manager]: 'activate' hardware 'OpenManipulatorXSystem' 
[gazebo-1] [INFO] [1786501344.939239382] [resource_manager]: Successful 'activate' of hardware 'OpenManipulatorXSystem'
[gazebo-1] [WARN] [1786501344.939310981] [omx_01.controller_manager]: Component 'OpenManipulatorXSystem' does not have read or write statistics initialized, skipping registration.
[gazebo-1] [INFO] [1786501344.939316104] [omx_01.controller_manager]: Resource Manager has been successfully initialized. Starting Controller Manager services...
[gazebo-1] [INFO] [1786501345.192608075] [omx_01.controller_manager]: Loading controller : 'gripper_controller' of type 'position_controllers/GripperActionController'
[gazebo-1] [INFO] [1786501345.192657120] [omx_01.controller_manager]: Loading controller 'gripper_controller'
[gazebo-1] [INFO] [1786501345.198461130] [omx_01.controller_manager]: Controller 'gripper_controller' node arguments: --ros-args --params-file /home/gyi/robosapiens/open_manipulator/install/open_manipulator_bringup/share/open_manipulator_bringup/config/open_manipulator_x/hardware_controller_manager.yaml -p use_sim_time:=true --param use_sim_time:=true 
[gazebo-1] [WARN] [1786501345.215058352] [omx_01.gripper_controller]: [Deprecated]: the `position_controllers/GripperActionController` and `effort_controllers::GripperActionController` controllers are replaced by 'parallel_gripper_controllers/GripperActionController' controller
[spawner-13] [INFO] [1786501345.216510713] [omx_01.spawner_gripper_controller]: Loaded gripper_controller
[gazebo-1] [INFO] [1786501345.217780676] [omx_01.controller_manager]: Configuring controller: 'gripper_controller'
[gazebo-1] [INFO] [1786501345.218093139] [omx_01.gripper_controller]: Action status changes will be monitored at 20.000000 Hz.
[gazebo-1] [INFO] [1786501345.219526325] [omx_01.controller_manager]: Activating controllers: [ gripper_controller ]
[gazebo-1] [1;33mWarning [Utils.cc:132][0m [/sdf/model[@name="pinky"]/link[@name="base_footprint"]/sensor[@name="pinky_01/camera"]/gz_frame_id:<urdf-string>:L0]: XML Element[gz_frame_id], child of element[sensor], not defined in SDF. Copying[gz_frame_id] as children of [sensor].
[gazebo-1] [1;33mWarning [Utils.cc:132][0m [/sdf/model[@name="pinky"]/link[@name="base_footprint"]/sensor[@name="pinky_01/imu"]/gz_frame_id:<urdf-string>:L0]: XML Element[gz_frame_id], child of element[sensor], not defined in SDF. Copying[gz_frame_id] as children of [sensor].
[gazebo-1] [1;33mWarning [Utils.cc:132][0m [/sdf/model[@name="pinky"]/link[@name="base_footprint"]/sensor[@name="pinky_01/gpu_lidar"]/gz_frame_id:<urdf-string>:L0]: XML Element[gz_frame_id], child of element[sensor], not defined in SDF. Copying[gz_frame_id] as children of [sensor].
[gazebo-1] [INFO] [1786501347.005429414] [omx_02.gz_ros_control]: [gz_ros2_control] Fixed joint ['world_fixed'] (Entity='138') is skipped.
[gazebo-1] [INFO] [1786501347.008142505] [omx_02.gz_ros_control]: Loading controller_manager
[gazebo-1] [INFO] [1786501347.029123964] [omx_02.controller_manager]: Using ROS clock for triggering controller manager cycles.
[gazebo-1] [INFO] [1786501347.030619690] [omx_02.controller_manager]: Subscribing to '/omx_02/robot_description' topic for robot description.
[gazebo-1] [WARN] [1786501347.031322094] [omx_02.gz_ros_control]: Waiting RM to load and initialize hardware...
[gazebo-1] [INFO] [1786501347.040968895] [omx_02.controller_manager]: Received robot description from topic.
[gazebo-1] [INFO] [1786501347.041026873] [omx_02.controller_manager]: Enforcing command limits is disabled. Command limits from URDF will be ignored.
[gazebo-1] [INFO] [1786501347.043383805] [omx_02.gz_ros_control]: The position_proportional_gain has been set to: 0.1
[gazebo-1] [INFO] [1786501347.043451802] [omx_02.gz_ros_control]: Loading joint: joint1
[gazebo-1] [INFO] [1786501347.043455886] [omx_02.gz_ros_control]: 	State:
[gazebo-1] [INFO] [1786501347.043459102] [omx_02.gz_ros_control]: 		 position
[gazebo-1] [INFO] [1786501347.043461555] [omx_02.gz_ros_control]: 		 velocity
[gazebo-1] [INFO] [1786501347.043465349] [omx_02.gz_ros_control]: 		 effort
[gazebo-1] [INFO] [1786501347.043467856] [omx_02.gz_ros_control]: 	Command:
[gazebo-1] [INFO] [1786501347.043469588] [omx_02.gz_ros_control]: 		 position
[gazebo-1] [INFO] [1786501347.043497660] [omx_02.gz_ros_control]: Loading joint: joint2
[gazebo-1] [INFO] [1786501347.043499712] [omx_02.gz_ros_control]: 	State:
[gazebo-1] [INFO] [1786501347.043501544] [omx_02.gz_ros_control]: 		 position
[gazebo-1] [INFO] [1786501347.043503418] [omx_02.gz_ros_control]: 		 velocity
[gazebo-1] [INFO] [1786501347.043505717] [omx_02.gz_ros_control]: 		 effort
[gazebo-1] [INFO] [1786501347.043507333] [omx_02.gz_ros_control]: 	Command:
[gazebo-1] [INFO] [1786501347.043508887] [omx_02.gz_ros_control]: 		 position
[gazebo-1] [INFO] [1786501347.043515322] [omx_02.gz_ros_control]: Loading joint: joint3
[gazebo-1] [INFO] [1786501347.043517626] [omx_02.gz_ros_control]: 	State:
[gazebo-1] [INFO] [1786501347.043519249] [omx_02.gz_ros_control]: 		 position
[gazebo-1] [INFO] [1786501347.043520875] [omx_02.gz_ros_control]: 		 velocity
[gazebo-1] [INFO] [1786501347.043522542] [omx_02.gz_ros_control]: 		 effort
[gazebo-1] [INFO] [1786501347.043524750] [omx_02.gz_ros_control]: 	Command:
[gazebo-1] [INFO] [1786501347.043526308] [omx_02.gz_ros_control]: 		 position
[gazebo-1] [INFO] [1786501347.043532879] [omx_02.gz_ros_control]: Loading joint: joint4
[gazebo-1] [INFO] [1786501347.043534904] [omx_02.gz_ros_control]: 	State:
[gazebo-1] [INFO] [1786501347.043536535] [omx_02.gz_ros_control]: 		 position
[gazebo-1] [INFO] [1786501347.043538237] [omx_02.gz_ros_control]: 		 velocity
[gazebo-1] [INFO] [1786501347.043539797] [omx_02.gz_ros_control]: 		 effort
[gazebo-1] [INFO] [1786501347.043541337] [omx_02.gz_ros_control]: 	Command:
[gazebo-1] [INFO] [1786501347.043542862] [omx_02.gz_ros_control]: 		 position
[gazebo-1] [INFO] [1786501347.043555755] [omx_02.gz_ros_control]: Loading joint: gripper_left_joint
[gazebo-1] [INFO] [1786501347.043558920] [omx_02.gz_ros_control]: 	State:
[gazebo-1] [INFO] [1786501347.043562183] [omx_02.gz_ros_control]: 		 position
[gazebo-1] [INFO] [1786501347.043564782] [omx_02.gz_ros_control]: 		 velocity
[gazebo-1] [INFO] [1786501347.043567645] [omx_02.gz_ros_control]: 		 effort
[gazebo-1] [INFO] [1786501347.043570302] [omx_02.gz_ros_control]: 	Command:
[gazebo-1] [INFO] [1786501347.043572540] [omx_02.gz_ros_control]: 		 position
[gazebo-1] [INFO] [1786501347.043581634] [omx_02.gz_ros_control]: Loading joint: gripper_right_joint
[gazebo-1] [INFO] [1786501347.043584840] [omx_02.gz_ros_control]: Joint 'gripper_right_joint'is mimicking joint 'gripper_left_joint' with multiplier: 1 and offset: 0
[gazebo-1] [INFO] [1786501347.043587259] [omx_02.gz_ros_control]: 	State:
[gazebo-1] [INFO] [1786501347.043589102] [omx_02.gz_ros_control]: 		 position
[gazebo-1] [INFO] [1786501347.043590855] [omx_02.gz_ros_control]: 		 velocity
[gazebo-1] [INFO] [1786501347.043593547] [omx_02.gz_ros_control]: 		 effort
[gazebo-1] [INFO] [1786501347.043595417] [omx_02.gz_ros_control]: 	Command:
[gazebo-1] [INFO] [1786501347.043610840] [omx_02.gz_ros_control]: Loading sensor: pinky_02/imu
[gazebo-1] [INFO] [1786501347.043617252] [omx_02.gz_ros_control]: 	State:
[gazebo-1] [WARN] [1786501347.043619904] [omx_02.gz_ros_control]: IMU sensor 'pinky_02/imu' not found in hardware_info, skipping.
[gazebo-1] [INFO] [1786501347.043622985] [omx_02.gz_ros_control]: Loading sensor: pinky_01/imu
[gazebo-1] [INFO] [1786501347.043624841] [omx_02.gz_ros_control]: 	State:
[gazebo-1] [WARN] [1786501347.043626597] [omx_02.gz_ros_control]: IMU sensor 'pinky_01/imu' not found in hardware_info, skipping.
[gazebo-1] [INFO] [1786501347.043664836] [omx_02.controller_manager]: Initialize hardware 'OpenManipulatorXSystem' 
[gazebo-1] [WARN] [1786501347.043676072] [omx_02.controller_manager.hardware_component.system.OpenManipulatorXSystem]: Executor is not available during hardware component initialization for 'OpenManipulatorXSystem'. Skipping node creation!
[gazebo-1] [INFO] [1786501347.043744429] [omx_02.controller_manager]: Successful initialization of hardware 'OpenManipulatorXSystem'
[gazebo-1] [INFO] [1786501347.043873051] [omx_02.controller_manager]: Activating component 'OpenManipulatorXSystem'.
[gazebo-1] [INFO] [1786501347.043886240] [resource_manager]: 'configure' hardware 'OpenManipulatorXSystem' 
[gazebo-1] [INFO] [1786501347.043890333] [omx_02.gz_ros_control]: System Successfully configured!
[gazebo-1] [INFO] [1786501347.043903116] [resource_manager]: Successful 'configure' of hardware 'OpenManipulatorXSystem'
[gazebo-1] [INFO] [1786501347.043909212] [resource_manager]: 'activate' hardware 'OpenManipulatorXSystem' 
[gazebo-1] [INFO] [1786501347.043914400] [resource_manager]: Successful 'activate' of hardware 'OpenManipulatorXSystem'
[gazebo-1] [WARN] [1786501347.043953720] [omx_02.controller_manager]: Component 'OpenManipulatorXSystem' does not have read or write statistics initialized, skipping registration.
[gazebo-1] [INFO] [1786501347.043987889] [omx_02.controller_manager]: Resource Manager has been successfully initialized. Starting Controller Manager services...
[gazebo-1] [1;31m[Err] [Physics.cc:1808] [0m[1;31mAttempting to create a mimic constraint for joint [[0m[1;31mgripper_right_joint[0m[1;31m] but the chosen physics engine does not support [0m[1;31mmimic constraints, so no constraint will be [0m[1;31mcreated.[0m[1;31m[0m
[gazebo-1] [1;33m[Wrn] [Component.hh:144] [0m[1;33mTrying to serialize component with data type [[0m[1;33mN2gz3sim11ChargerDataE[0m[1;33m], which doesn't have [0m[1;33m`operator<<`. Component will not be serialized.[0m[1;33m[0m
[gazebo-2] [1;33m[GUI] [Wrn] [EntityComponentManager.cc:1930] [0m[1;33mComponent type [[0m[1;33m1728988591536574887[0m[1;33m] has not been [0m[1;33mregistered in this process, so it can't be deserialized.[0m[1;33m[0m
[gazebo-1] [INFO] [1786501349.330459002] [omx_01.controller_manager]: Successfully switched controllers!
[gazebo-2] [1;33mWarning [Utils.cc:132][0m [/sdf/model[@name="pinky"]/link[@name="base_footprint"]/sensor[@name="pinky_01/camera"]/gz_frame_id:<data-string>:L122]: XML Element[gz_frame_id], child of element[sensor], not defined in SDF. Copying[gz_frame_id] as children of [sensor].
[gazebo-2] [1;33mWarning [Utils.cc:132][0m [/sdf/model[@name="pinky"]/link[@name="base_footprint"]/sensor[@name="pinky_01/imu"]/gz_frame_id:<data-string>:L131]: XML Element[gz_frame_id], child of element[sensor], not defined in SDF. Copying[gz_frame_id] as children of [sensor].
[gazebo-2] [1;33mWarning [Utils.cc:132][0m [/sdf/model[@name="pinky"]/link[@name="base_footprint"]/sensor[@name="pinky_01/gpu_lidar"]/gz_frame_id:<data-string>:L165]: XML Element[gz_frame_id], child of element[sensor], not defined in SDF. Copying[gz_frame_id] as children of [sensor].
[gazebo-2] [1;33mWarning [Utils.cc:132][0m [/sdf/model[@name="pinky"]/link[@name="base_footprint"]/sensor[@name="pinky_02/camera"]/gz_frame_id:<data-string>:L122]: XML Element[gz_frame_id], child of element[sensor], not defined in SDF. Copying[gz_frame_id] as children of [sensor].
[gazebo-2] [1;33mWarning [Utils.cc:132][0m [/sdf/model[@name="pinky"]/link[@name="base_footprint"]/sensor[@name="pinky_02/imu"]/gz_frame_id:<data-string>:L131]: XML Element[gz_frame_id], child of element[sensor], not defined in SDF. Copying[gz_frame_id] as children of [sensor].
[gazebo-2] [1;33mWarning [Utils.cc:132][0m [/sdf/model[@name="pinky"]/link[@name="base_footprint"]/sensor[@name="pinky_02/gpu_lidar"]/gz_frame_id:<data-string>:L165]: XML Element[gz_frame_id], child of element[sensor], not defined in SDF. Copying[gz_frame_id] as children of [sensor].
[spawner-13] [INFO] [1786501349.487357688] [omx_01.spawner_gripper_controller]: Configured and activated gripper_controller
[spawner-12] [INFO] [1786501349.607501139] [omx_01.spawner_arm_controller]: waiting for service /omx_01/controller_manager/list_controllers to become available...
[INFO] [spawner-13]: process has finished cleanly [pid 119971]
[gazebo-1] [1;33m[Wrn] [Ogre2Camera.cc:423] [0m[1;33mOgre2Camera::SetVisibilityMask: Mask bits [0m[1;33mc0000000[0m[1;33m are set but will be ignored as they conflict with the [0m[1;33mreserved bits used internally by the ogre2 backend.[0m[1;33m[0m
  ↑ 같은 줄 1번 더
[gazebo-1] [INFO] [1786501350.860454109] [omx_01.controller_manager]: Loading controller : 'arm_controller' of type 'joint_trajectory_controller/JointTrajectoryController'
[gazebo-1] [INFO] [1786501350.860490582] [omx_01.controller_manager]: Loading controller 'arm_controller'
[gazebo-1] [INFO] [1786501350.866185166] [omx_01.controller_manager]: Controller 'arm_controller' node arguments: --ros-args --params-file /home/gyi/robosapiens/open_manipulator/install/open_manipulator_bringup/share/open_manipulator_bringup/config/open_manipulator_x/hardware_controller_manager.yaml -p use_sim_time:=true --param use_sim_time:=true 
[spawner-12] [INFO] [1786501350.930324989] [omx_01.spawner_arm_controller]: Loaded arm_controller
[gazebo-1] [INFO] [1786501350.932255775] [omx_01.controller_manager]: Configuring controller: 'arm_controller'
[gazebo-1] [INFO] [1786501350.932514263] [omx_01.arm_controller]: No specific joint names are used for command interfaces. Using 'joints' parameter.
[gazebo-1] [INFO] [1786501350.932561997] [omx_01.arm_controller]: Command interfaces are [position] and state interfaces are [position velocity].
[gazebo-1] [INFO] [1786501350.932599173] [omx_01.arm_controller]: Using 'splines' interpolation method.
[gazebo-1] [INFO] [1786501350.936747861] [omx_01.arm_controller]: Goals with partial set of joints are allowed
[gazebo-1] [INFO] [1786501350.936810102] [omx_01.arm_controller]: Action status changes will be monitored at 20.00 Hz.
[gazebo-1] [INFO] [1786501350.942585897] [omx_01.arm_controller]: Setting initial scaling factor to 1.000000
[gazebo-1] [INFO] [1786501350.942619357] [omx_01.arm_controller]: No scaling interface set. This controller will not read speed scaling from the hardware.
[gazebo-1] [INFO] [1786501351.002934585] [omx_01.controller_manager]: Activating controllers: [ arm_controller ]
[gazebo-1] [INFO] [1786501351.058560465] [omx_01.controller_manager]: Successfully switched controllers!
[spawner-12] [INFO] [1786501351.138480771] [omx_01.spawner_arm_controller]: Configured and activated arm_controller
[spawner-16] [INFO] [1786501351.229130061] [omx_02.spawner_joint_state_broadcaster]: waiting for service /omx_02/controller_manager/list_controllers to become available...
[INFO] [spawner-12]: process has finished cleanly [pid 119970]
[gazebo-1] [INFO] [1786501353.487238292] [omx_02.controller_manager]: Loading controller : 'joint_state_broadcaster' of type 'joint_state_broadcaster/JointStateBroadcaster'
[gazebo-1] [INFO] [1786501353.487276919] [omx_02.controller_manager]: Loading controller 'joint_state_broadcaster'
[gazebo-1] [INFO] [1786501353.491553691] [omx_02.controller_manager]: Controller 'joint_state_broadcaster' node arguments: --ros-args --params-file /home/gyi/robosapiens/open_manipulator/install/open_manipulator_bringup/share/open_manipulator_bringup/config/open_manipulator_x/hardware_controller_manager.yaml -p use_sim_time:=true --param use_sim_time:=true 
[spawner-16] [INFO] [1786501353.561537931] [omx_02.spawner_joint_state_broadcaster]: Loaded joint_state_broadcaster
[gazebo-1] [INFO] [1786501353.563234105] [omx_02.controller_manager]: Configuring controller: 'joint_state_broadcaster'
[gazebo-1] [INFO] [1786501353.563397035] [omx_02.joint_state_broadcaster]: 'joints' or 'interfaces' parameter is empty. All available state interfaces will be published
[gazebo-1] [INFO] [1786501353.675009566] [omx_02.controller_manager]: Activating controllers: [ joint_state_broadcaster ]
[2/3] Open-RMF
[gazebo-1] [INFO] [1786501353.789254218] [omx_02.controller_manager]: Successfully switched controllers!
[spawner-16] [INFO] [1786501353.879383773] [omx_02.spawner_joint_state_broadcaster]: Configured and activated joint_state_broadcaster
[spawner-17] [INFO] [1786501353.985746539] [omx_02.spawner_arm_controller]: waiting for service /omx_02/controller_manager/list_controllers to become available...
[INFO] [spawner-16]: process has finished cleanly [pid 119980]
[INFO] [launch]: All log files can be found below /home/gyi/.ros/log/2026-08-12-11-22-34-120463-gyi-15UD50T-GX5JK-120657
[INFO] [launch]: Default logging verbosity is set to INFO
[INFO] [rmf_traffic_schedule-1]: process started with pid [120683]
[INFO] [rmf_traffic_blockade-2]: process started with pid [120684]
[INFO] [building_map_server-3]: process started with pid [120685]
[INFO] [schedule_visualizer_node-4]: process started with pid [120686]
[INFO] [fleetstates_visualizer_node-5]: process started with pid [120687]
[INFO] [rmf_visualization_building_systems-6]: process started with pid [120688]
[INFO] [navgraph_visualizer_node-7]: process started with pid [120689]
[INFO] [floorplan_visualizer_node-8]: process started with pid [120690]
[INFO] [obstacle_visualizer_node-9]: process started with pid [120691]
[INFO] [door_supervisor-10]: process started with pid [120692]
[INFO] [lift_supervisor-11]: process started with pid [120693]
[INFO] [mutex_group_supervisor-12]: process started with pid [120694]
[INFO] [rmf_task_dispatcher-13]: process started with pid [120695]
[fleetstates_visualizer_node-5] [INFO] [1786501354.427421695] [fleet_states_visualizer]: Configuring fleet_states_visualizer...
[fleetstates_visualizer_node-5] [INFO] [1786501354.427601123] [fleet_states_visualizer]: Setting parameter initial_map_name to L1
[fleetstates_visualizer_node-5] [INFO] [1786501354.427629529] [fleet_states_visualizer]: Setting parameter fleet_state_nose_scale to 0.500000
[fleetstates_visualizer_node-5] [INFO] [1786501354.440075615] [fleet_states_visualizer]: Running fleet_states_visualizer...
[obstacle_visualizer_node-9] [INFO] [1786501354.467156143] [rmf_obstacle_visualizer]: Beginning RMF obstacle visualizer node
[rmf_task_dispatcher-13] ~Initializing Dispatcher Node~
[navgraph_visualizer_node-7] [INFO] [1786501354.479073621] [navgraph_visualizer]: Setting parameter initial_map_name to L1
[navgraph_visualizer_node-7] [INFO] [1786501354.479212246] [navgraph_visualizer]: Setting parameter lane_width to 0.100000
[navgraph_visualizer_node-7] [INFO] [1786501354.479247993] [navgraph_visualizer]: Setting parameter lane_transparency to 0.600000
[navgraph_visualizer_node-7] [INFO] [1786501354.479273621] [navgraph_visualizer]: Setting parameter waypoint_scale to 1.000000
[navgraph_visualizer_node-7] [INFO] [1786501354.479301814] [navgraph_visualizer]: Setting parameter text_scale to 0.600000
[navgraph_visualizer_node-7] [INFO] [1786501354.492961390] [navgraph_visualizer]: NavGraph visualizer is running...
[rmf_task_dispatcher-13] [INFO] [1786501354.508497970] [rmf_dispatcher_node]:  Declared Time Window Param as: 2.000000 secs
[rmf_task_dispatcher-13] [INFO] [1786501354.508883322] [rmf_dispatcher_node]:  Declared Terminated Tasks Max Size Param as: 100
[rmf_task_dispatcher-13] [INFO] [1786501354.508908977] [rmf_dispatcher_node]:  Declared publish_active_tasks_period as: 2 secs
[rmf_task_dispatcher-13] [INFO] [1786501354.508931901] [rmf_dispatcher_node]:  Use timestamp with task_id: false
[rmf_task_dispatcher-13] [INFO] [1786501354.508943330] [rmf_dispatcher_node]:  Use unique hex string with task_id: true
[rmf_task_dispatcher-13] [INFO] [1786501354.525334423] [rmf_dispatcher_node]: Starting task dispatcher node
[rmf_traffic_schedule-1] [INFO] [1786501354.537659944] [rmf_traffic_schedule_primary]: Successfully loaded logfile .rmf_schedule_node.yaml 
[rmf_traffic_schedule-1] [INFO] [1786501354.541595458] [rmf_traffic_schedule_primary]: Set up heartbeat on /rmf_traffic/heartbeat with liveliness lease duration of 10000 ms and deadline of 10000 ms
[rmf_traffic_schedule-1] [INFO] [1786501354.603174396] [rmf_traffic_schedule_primary]: Beginning traffic schedule node
[rmf_traffic_blockade-2] [INFO] [1786501354.905462501] [rmf_traffic_blockade_node]: Beginning traffic blockade node
[floorplan_visualizer_node-8] [INFO] [1786501354.945127254] [floorplan_visualizer]: Configuring floorplan_visualizer...
[floorplan_visualizer_node-8] [INFO] [1786501354.945504735] [floorplan_visualizer]: Setting parameter initial_map_name to L1
[schedule_visualizer_node-4] [INFO] [1786501354.954095226] [schedule_visualizer_node]: Setting parameter rate to 10.000000
[schedule_visualizer_node-4] [INFO] [1786501354.954231098] [schedule_visualizer_node]: Setting parameter path_width to 0.200000
[schedule_visualizer_node-4] [INFO] [1786501354.954268549] [schedule_visualizer_node]: Setting parameter initial_map_name to L1
[schedule_visualizer_node-4] [INFO] [1786501354.954304455] [schedule_visualizer_node]: Setting parameter wait_secs to 10
[schedule_visualizer_node-4] [INFO] [1786501354.954329493] [schedule_visualizer_node]: Setting parameter port to 8006
[schedule_visualizer_node-4] [INFO] [1786501354.954361503] [schedule_visualizer_node]: Setting parameter retained_history_count to 50
[floorplan_visualizer_node-8] [INFO] [1786501354.960277741] [floorplan_visualizer]: Running floorplan_visualizer...
[rmf_traffic_schedule-1] [INFO] [1786501355.071830034] [rmf_traffic_schedule_primary]: Registered new query [1]
[schedule_visualizer_node-4] [INFO] [1786501355.079984060] [schedule_data_node]: Registering to query topic rmf_traffic/query_update_1
[schedule_visualizer_node-4] [INFO] [1786501355.095979573] [schedule_data_node]: [rmf_traffic_ros2::MirrorManager::request_update] Requesting changes for query ID [1] since beginning of recorded history
[rmf_traffic_schedule-1] [INFO] [1786501355.104700538] [rmf_traffic_schedule_primary]: [ScheduleNode::update_mirrors] Sending remedial update starting from the beginning going to 4 for query 1
[schedule_visualizer_node-4] [INFO] [1786501355.134201237] [schedule_visualizer_node]: Successfully connected to rmf_traffic_schedule node.
[schedule_visualizer_node-4] [INFO] [1786501355.135790102] [schedule_data_node]: Mirror handling new sync of 1 queries from schedule node [f20a0fa9-52db-4141-843a-beed99bca88f]
[rmf_visualization_building_systems-6] [INFO] [1786501355.135985987] [building_systems_visualizer]: Building systems visualizer started...
[building_map_server-3] [INFO] [1786501355.336720529] [building_map_server]: loading map path: /home/gyi/robosapiens/rmf_maps/project1/project1.building.yaml
[building_map_server-3] [INFO] [1786501355.340277836] [building_map_server]: opening: /home/gyi/robosapiens/rmf_maps/project1/gwanghee.png
[building_map_server-3] [INFO] [1786501355.340712879] [building_map_server]: read 179943 byte image
[building_map_server-3] [INFO] [1786501355.341348458] [building_map_server]: unable to generate GeoJSON for this map.
[building_map_server-3] [INFO] [1786501355.347028825] [building_map_server]: publishing map...
[building_map_server-3] [INFO] [1786501355.348071649] [building_map_server]: ready to serve map: "project1"  Ctrl+C to exit...
[gazebo-1] [INFO] [1786501357.083262156] [omx_02.controller_manager]: Loading controller : 'arm_controller' of type 'joint_trajectory_controller/JointTrajectoryController'
[gazebo-1] [INFO] [1786501357.083333827] [omx_02.controller_manager]: Loading controller 'arm_controller'
[gazebo-1] [INFO] [1786501357.084997804] [omx_02.controller_manager]: Controller 'arm_controller' node arguments: --ros-args --params-file /home/gyi/robosapiens/open_manipulator/install/open_manipulator_bringup/share/open_manipulator_bringup/config/open_manipulator_x/hardware_controller_manager.yaml -p use_sim_time:=true --param use_sim_time:=true 
[spawner-17] [INFO] [1786501357.186125017] [omx_02.spawner_arm_controller]: Loaded arm_controller
[gazebo-1] [INFO] [1786501357.189898404] [omx_02.controller_manager]: Configuring controller: 'arm_controller'
[gazebo-1] [INFO] [1786501357.190096590] [omx_02.arm_controller]: No specific joint names are used for command interfaces. Using 'joints' parameter.
[gazebo-1] [INFO] [1786501357.190116049] [omx_02.arm_controller]: Command interfaces are [position] and state interfaces are [position velocity].
[gazebo-1] [INFO] [1786501357.190123598] [omx_02.arm_controller]: Using 'splines' interpolation method.
[gazebo-1] [INFO] [1786501357.194234504] [omx_02.arm_controller]: Goals with partial set of joints are allowed
[gazebo-1] [INFO] [1786501357.194277860] [omx_02.arm_controller]: Action status changes will be monitored at 20.00 Hz.
[gazebo-1] [INFO] [1786501357.211814087] [omx_02.arm_controller]: Setting initial scaling factor to 1.000000
[gazebo-1] [INFO] [1786501357.211874748] [omx_02.arm_controller]: No scaling interface set. This controller will not read speed scaling from the hardware.
[gazebo-1] [INFO] [1786501357.295662713] [omx_02.controller_manager]: Activating controllers: [ arm_controller ]
[gazebo-1] [INFO] [1786501357.385547160] [omx_02.controller_manager]: Successfully switched controllers!
[spawner-17] [INFO] [1786501357.524680013] [omx_02.spawner_arm_controller]: Configured and activated arm_controller
[spawner-18] [INFO] [1786501358.000697182] [omx_02.spawner_gripper_controller]: waiting for service /omx_02/controller_manager/list_controllers to become available...
[INFO] [spawner-17]: process has finished cleanly [pid 119981]
[gazebo-1] [INFO] [1786501359.754778104] [omx_02.controller_manager]: Loading controller : 'gripper_controller' of type 'position_controllers/GripperActionController'
[gazebo-1] [INFO] [1786501359.754811712] [omx_02.controller_manager]: Loading controller 'gripper_controller'
[gazebo-1] [INFO] [1786501359.755450744] [omx_02.controller_manager]: Controller 'gripper_controller' node arguments: --ros-args --params-file /home/gyi/robosapiens/open_manipulator/install/open_manipulator_bringup/share/open_manipulator_bringup/config/open_manipulator_x/hardware_controller_manager.yaml -p use_sim_time:=true --param use_sim_time:=true 
[gazebo-1] [WARN] [1786501359.778934544] [omx_02.gripper_controller]: [Deprecated]: the `position_controllers/GripperActionController` and `effort_controllers::GripperActionController` controllers are replaced by 'parallel_gripper_controllers/GripperActionController' controller
[spawner-18] [INFO] [1786501359.803955283] [omx_02.spawner_gripper_controller]: Loaded gripper_controller
[gazebo-1] [INFO] [1786501359.806555066] [omx_02.controller_manager]: Configuring controller: 'gripper_controller'
[gazebo-1] [INFO] [1786501359.806626080] [omx_02.gripper_controller]: Action status changes will be monitored at 20.000000 Hz.
[gazebo-1] [INFO] [1786501359.899892923] [omx_02.controller_manager]: Activating controllers: [ gripper_controller ]
[gazebo-1] [INFO] [1786501360.003844003] [omx_02.controller_manager]: Successfully switched controllers!
[spawner-18] [INFO] [1786501360.099444923] [omx_02.spawner_gripper_controller]: Configured and activated gripper_controller
[spawner-11] [INFO] [1786501360.252437619] [omx_01.spawner_joint_state_broadcaster]: waiting for service /omx_01/controller_manager/list_controllers to become available...
[INFO] [spawner-18]: process has finished cleanly [pid 119986]
[gazebo-1] [INFO] [1786501363.007371666] [omx_01.controller_manager]: Loading controller : 'joint_state_broadcaster' of type 'joint_state_broadcaster/JointStateBroadcaster'
[gazebo-1] [INFO] [1786501363.007422930] [omx_01.controller_manager]: Loading controller 'joint_state_broadcaster'
[gazebo-1] [INFO] [1786501363.009645438] [omx_01.controller_manager]: Controller 'joint_state_broadcaster' node arguments: --ros-args --params-file /home/gyi/robosapiens/open_manipulator/install/open_manipulator_bringup/share/open_manipulator_bringup/config/open_manipulator_x/hardware_controller_manager.yaml -p use_sim_time:=true --param use_sim_time:=true 
[spawner-11] [INFO] [1786501363.069710620] [omx_01.spawner_joint_state_broadcaster]: Loaded joint_state_broadcaster
[gazebo-1] [INFO] [1786501363.072406075] [omx_01.controller_manager]: Configuring controller: 'joint_state_broadcaster'
[gazebo-1] [INFO] [1786501363.072490098] [omx_01.joint_state_broadcaster]: 'joints' or 'interfaces' parameter is empty. All available state interfaces will be published
[gazebo-1] [INFO] [1786501363.168676633] [omx_01.controller_manager]: Activating controllers: [ joint_state_broadcaster ]
[gazebo-1] [INFO] [1786501363.274157518] [omx_01.controller_manager]: Successfully switched controllers!
[spawner-11] [INFO] [1786501363.377233641] [omx_01.spawner_joint_state_broadcaster]: Configured and activated joint_state_broadcaster
[INFO] [spawner-11]: process has finished cleanly [pid 119969]
[3/3] Nav2 와 RMF 어댑터
[INFO] [launch]: All log files can be found below /home/gyi/.ros/log/2026-08-12-11-22-46-004237-gyi-15UD50T-GX5JK-121182
[INFO] [launch]: Default logging verbosity is set to INFO
[INFO] [map_server-1]: process started with pid [121189]
[INFO] [lifecycle_manager-2]: process started with pid [121190]
[INFO] [amcl-3]: process started with pid [121191]
[INFO] [controller_server-4]: process started with pid [121192]
[INFO] [smoother_server-5]: process started with pid [121193]
[INFO] [planner_server-6]: process started with pid [121194]
[INFO] [behavior_server-7]: process started with pid [121195]
[INFO] [bt_navigator-8]: process started with pid [121196]
[INFO] [waypoint_follower-9]: process started with pid [121197]
[INFO] [velocity_smoother-10]: process started with pid [121198]
[INFO] [lifecycle_manager-11]: process started with pid [121199]
[INFO] [amcl-12]: process started with pid [121200]
[INFO] [controller_server-13]: process started with pid [121201]
[INFO] [smoother_server-14]: process started with pid [121202]
[INFO] [planner_server-15]: process started with pid [121203]
[INFO] [behavior_server-16]: process started with pid [121204]
[INFO] [bt_navigator-17]: process started with pid [121205]
[INFO] [waypoint_follower-18]: process started with pid [121206]
[INFO] [velocity_smoother-19]: process started with pid [121207]
[INFO] [lifecycle_manager-20]: process started with pid [121208]
[INFO] [python3-21]: process started with pid [121213]
[INFO] [python3-22]: process started with pid [121220]
[lifecycle_manager-2] [INFO] [1786501366.385520869] [lifecycle_manager_map]: Creating
[lifecycle_manager-2] [INFO] [1786501366.403562789] [lifecycle_manager_map]: [34m[1mCreating and initializing lifecycle service clients[0m[0m
[controller_server-4] [INFO] [1786501366.450398292] [pinky_01.controller_server]: 
[controller_server-4] 	controller_server lifecycle node launched. 
[controller_server-4] 	Waiting on external lifecycle transitions to activate
[controller_server-4] 	See https://design.ros2.org/articles/node_lifecycle.html for more information.
[controller_server-4] [INFO] [1786501366.488786510] [pinky_01.controller_server]: Creating controller server
[controller_server-4] [INFO] [1786501366.522456959] [pinky_01.local_costmap.local_costmap]: 
[controller_server-4] 	local_costmap lifecycle node launched. 
[controller_server-4] 	Waiting on external lifecycle transitions to activate
[controller_server-4] 	See https://design.ros2.org/articles/node_lifecycle.html for more information.
[controller_server-4] [INFO] [1786501366.524648656] [pinky_01.local_costmap.local_costmap]: Creating Costmap
[amcl-12] [INFO] [1786501366.974452388] [pinky_02.amcl]: 
[amcl-12] 	amcl lifecycle node launched. 
[amcl-12] 	Waiting on external lifecycle transitions to activate
[amcl-12] 	See https://design.ros2.org/articles/node_lifecycle.html for more information.
[lifecycle_manager-20] [INFO] [1786501366.974489888] [pinky_02.lifecycle_manager_navigation]: Creating
[amcl-12] [INFO] [1786501366.976402459] [pinky_02.amcl]: Creating
[lifecycle_manager-20] [INFO] [1786501366.979310980] [pinky_02.lifecycle_manager_navigation]: [34m[1mCreating and initializing lifecycle service clients[0m[0m
[controller_server-13] [INFO] [1786501367.020499234] [pinky_02.controller_server]: 
[controller_server-13] 	controller_server lifecycle node launched. 
[controller_server-13] 	Waiting on external lifecycle transitions to activate
[controller_server-13] 	See https://design.ros2.org/articles/node_lifecycle.html for more information.
[map_server-1] [INFO] [1786501367.022351176] [map_server]: 
[map_server-1] 	map_server lifecycle node launched. 
[map_server-1] 	Waiting on external lifecycle transitions to activate
[map_server-1] 	See https://design.ros2.org/articles/node_lifecycle.html for more information.
[map_server-1] [INFO] [1786501367.022488051] [map_server]: Creating
[bt_navigator-8] [INFO] [1786501367.027541022] [pinky_01.bt_navigator]: 
[bt_navigator-8] 	bt_navigator lifecycle node launched. 
[bt_navigator-8] 	Waiting on external lifecycle transitions to activate
[bt_navigator-8] 	See https://design.ros2.org/articles/node_lifecycle.html for more information.
[bt_navigator-8] [INFO] [1786501367.033151473] [pinky_01.bt_navigator]: Creating
[controller_server-13] [INFO] [1786501367.050795115] [pinky_02.controller_server]: Creating controller server
[bt_navigator-17] [INFO] [1786501367.136715684] [pinky_02.bt_navigator]: 
[bt_navigator-17] 	bt_navigator lifecycle node launched. 
[bt_navigator-17] 	Waiting on external lifecycle transitions to activate
[bt_navigator-17] 	See https://design.ros2.org/articles/node_lifecycle.html for more information.
[bt_navigator-17] [INFO] [1786501367.143013660] [pinky_02.bt_navigator]: Creating
[waypoint_follower-9] [INFO] [1786501367.154183065] [pinky_01.waypoint_follower]: 
[waypoint_follower-9] 	waypoint_follower lifecycle node launched. 
[waypoint_follower-9] 	Waiting on external lifecycle transitions to activate
[waypoint_follower-9] 	See https://design.ros2.org/articles/node_lifecycle.html for more information.
[waypoint_follower-9] [INFO] [1786501367.155756379] [pinky_01.waypoint_follower]: Creating
[velocity_smoother-19] [INFO] [1786501367.179150865] [pinky_02.velocity_smoother]: 
[velocity_smoother-19] 	velocity_smoother lifecycle node launched. 
[velocity_smoother-19] 	Waiting on external lifecycle transitions to activate
[velocity_smoother-19] 	See https://design.ros2.org/articles/node_lifecycle.html for more information.
[behavior_server-7] [INFO] [1786501367.197480178] [pinky_01.behavior_server]: 
[behavior_server-7] 	behavior_server lifecycle node launched. 
[behavior_server-7] 	Waiting on external lifecycle transitions to activate
[behavior_server-7] 	See https://design.ros2.org/articles/node_lifecycle.html for more information.
[behavior_server-16] [INFO] [1786501367.207099615] [pinky_02.behavior_server]: 
[behavior_server-16] 	behavior_server lifecycle node launched. 
[behavior_server-16] 	Waiting on external lifecycle transitions to activate
[behavior_server-16] 	See https://design.ros2.org/articles/node_lifecycle.html for more information.
[waypoint_follower-18] [INFO] [1786501367.246146307] [pinky_02.waypoint_follower]: 
[waypoint_follower-18] 	waypoint_follower lifecycle node launched. 
[waypoint_follower-18] 	Waiting on external lifecycle transitions to activate
[waypoint_follower-18] 	See https://design.ros2.org/articles/node_lifecycle.html for more information.
[waypoint_follower-18] [INFO] [1786501367.247949131] [pinky_02.waypoint_follower]: Creating
[controller_server-13] [INFO] [1786501367.280851924] [pinky_02.local_costmap.local_costmap]: 
[controller_server-13] 	local_costmap lifecycle node launched. 
[controller_server-13] 	Waiting on external lifecycle transitions to activate
[controller_server-13] 	See https://design.ros2.org/articles/node_lifecycle.html for more information.
[planner_server-6] [INFO] [1786501367.282877373] [pinky_01.planner_server]: 
[planner_server-6] 	planner_server lifecycle node launched. 
[planner_server-6] 	Waiting on external lifecycle transitions to activate
[planner_server-6] 	See https://design.ros2.org/articles/node_lifecycle.html for more information.
[controller_server-13] [INFO] [1786501367.283051150] [pinky_02.local_costmap.local_costmap]: Creating Costmap
[planner_server-6] [INFO] [1786501367.293689052] [pinky_01.planner_server]: Creating
[lifecycle_manager-11] [INFO] [1786501367.307274810] [pinky_01.lifecycle_manager_navigation]: Creating
[smoother_server-14] [INFO] [1786501367.311021286] [pinky_02.smoother_server]: 
[smoother_server-14] 	smoother_server lifecycle node launched. 
[smoother_server-14] 	Waiting on external lifecycle transitions to activate
[smoother_server-14] 	See https://design.ros2.org/articles/node_lifecycle.html for more information.
[lifecycle_manager-11] [INFO] [1786501367.324208482] [pinky_01.lifecycle_manager_navigation]: [34m[1mCreating and initializing lifecycle service clients[0m[0m
[smoother_server-14] [INFO] [1786501367.335745113] [pinky_02.smoother_server]: Creating smoother server
[velocity_smoother-10] [INFO] [1786501367.353768420] [pinky_01.velocity_smoother]: 
[velocity_smoother-10] 	velocity_smoother lifecycle node launched. 
[velocity_smoother-10] 	Waiting on external lifecycle transitions to activate
[velocity_smoother-10] 	See https://design.ros2.org/articles/node_lifecycle.html for more information.
[amcl-3] [INFO] [1786501367.444864236] [pinky_01.amcl]: 
[amcl-3] 	amcl lifecycle node launched. 
[amcl-3] 	Waiting on external lifecycle transitions to activate
[amcl-3] 	See https://design.ros2.org/articles/node_lifecycle.html for more information.
[amcl-3] [INFO] [1786501367.446804718] [pinky_01.amcl]: Creating
[smoother_server-5] [INFO] [1786501367.564202616] [pinky_01.smoother_server]: 
[smoother_server-5] 	smoother_server lifecycle node launched. 
[smoother_server-5] 	Waiting on external lifecycle transitions to activate
[smoother_server-5] 	See https://design.ros2.org/articles/node_lifecycle.html for more information.
[smoother_server-5] [INFO] [1786501367.604465304] [pinky_01.smoother_server]: Creating smoother server
[planner_server-15] [INFO] [1786501367.697037712] [pinky_02.planner_server]: 
[planner_server-15] 	planner_server lifecycle node launched. 
[planner_server-15] 	Waiting on external lifecycle transitions to activate
[planner_server-15] 	See https://design.ros2.org/articles/node_lifecycle.html for more information.
[planner_server-15] [INFO] [1786501367.707402560] [pinky_02.planner_server]: Creating
[planner_server-6] [INFO] [1786501367.728981573] [pinky_01.global_costmap.global_costmap]: 
[planner_server-6] 	global_costmap lifecycle node launched. 
[planner_server-6] 	Waiting on external lifecycle transitions to activate
[planner_server-6] 	See https://design.ros2.org/articles/node_lifecycle.html for more information.
[planner_server-6] [INFO] [1786501367.756888596] [pinky_01.global_costmap.global_costmap]: Creating Costmap
[python3-22] [INFO] [1786501367.936002006] [project1_sensor_relay]: [PK_01] /pinky_01 를 봅니다.
RMF↔Nav2 어댑터가 떴습니다.
[python3-22] [INFO] [1786501367.981829548] [project1_sensor_relay]: [PK_02] /pinky_02 를 봅니다.
[python3-21] [retreat_to_charger_interval] value is not provided, default to 10 seconds
[python3-21] Default fleet finishing task set to [park]
[python3-21] Maximum delay is not provided, default to 10.0
[lifecycle_manager-2] [INFO] [1786501368.412447176] [lifecycle_manager_map]: Waiting for service map_server/get_state...
[planner_server-15] [INFO] [1786501368.434812169] [pinky_02.global_costmap.global_costmap]: 
[planner_server-15] 	global_costmap lifecycle node launched. 
[planner_server-15] 	Waiting on external lifecycle transitions to activate
[planner_server-15] 	See https://design.ros2.org/articles/node_lifecycle.html for more information.
[planner_server-15] [INFO] [1786501368.440633697] [pinky_02.global_costmap.global_costmap]: Creating Costmap
[lifecycle_manager-2] [INFO] [1786501368.905126171] [lifecycle_manager_map]: [34m[1mStarting managed nodes bringup...[0m[0m
[lifecycle_manager-2] [INFO] [1786501368.905209653] [lifecycle_manager_map]: [34m[1mConfiguring map_server[0m[0m
[map_server-1] [INFO] [1786501368.910524458] [map_server]: Configuring
[map_server-1] [INFO] [1786501368.910647022] [map_io]: Loading yaml file: /home/gyi/robosapiens/rmf_maps/project1/nav2_map/project1.yaml
[map_server-1] [INFO] [1786501368.913485541] [map_io]: resolution: 0.005994
[map_server-1] [INFO] [1786501368.914317961] [map_io]: origin[0]: -1.23864
[map_server-1] [INFO] [1786501368.914331156] [map_io]: origin[1]: -3.24145
[map_server-1] [INFO] [1786501368.914339039] [map_io]: origin[2]: 0
[map_server-1] [INFO] [1786501368.914347221] [map_io]: free_thresh: 0.196
[map_server-1] [INFO] [1786501368.914354475] [map_io]: occupied_thresh: 0.65
[map_server-1] [INFO] [1786501368.914364592] [map_io]: mode: trinary
[map_server-1] [INFO] [1786501368.914372369] [map_io]: negate: 0
[map_server-1] [INFO] [1786501368.915596022] [map_io]: Loading image_file: /home/gyi/robosapiens/rmf_maps/project1/nav2_map/project1.pgm
[map_server-1] [INFO] [1786501368.986210806] [map_io]: Read map /home/gyi/robosapiens/rmf_maps/project1/nav2_map/project1.pgm: 800 X 615 map @ 0.005994 m/cell
[python3-21] [INFO] [1786501369.070637908] [project1_pinky_fleet_adapter]: Parameter [discovery_timeout] set to: 60.000000
[lifecycle_manager-2] [INFO] [1786501369.099467606] [lifecycle_manager_map]: [34m[1mActivating map_server[0m[0m
[map_server-1] [INFO] [1786501369.103400543] [map_server]: Activating
[map_server-1] [INFO] [1786501369.104544287] [map_server]: Creating bond (map_server) to lifecycle manager.
[lifecycle_manager-11] [INFO] [1786501369.238623630] [pinky_01.lifecycle_manager_navigation]: [34m[1mStarting managed nodes bringup...[0m[0m
[lifecycle_manager-11] [INFO] [1786501369.238683026] [pinky_01.lifecycle_manager_navigation]: [34m[1mConfiguring amcl[0m[0m
[amcl-3] [INFO] [1786501369.248342216] [pinky_01.amcl]: Configuring
[amcl-3] [INFO] [1786501369.250379856] [pinky_01.amcl]: initTransforms
[rmf_traffic_schedule-1] [INFO] [1786501369.332428082] [rmf_traffic_schedule_primary]: A new mirror is tracking query ID [1]
[schedule_visualizer_node-4] [INFO] [1786501369.339727198] [schedule_data_node]: Mirror handling new sync of 1 queries from schedule node [f20a0fa9-52db-4141-843a-beed99bca88f]
[python3-21] [INFO] [1786501369.346981791] [project1_pinky_fleet_adapter]: Registering to query topic rmf_traffic/query_update_1
[lifecycle_manager-2] [INFO] [1786501369.411470663] [lifecycle_manager_map]: Server map_server connected with bond.
[lifecycle_manager-2] [INFO] [1786501369.411536360] [lifecycle_manager_map]: [34m[1mManaged nodes are active[0m[0m
[lifecycle_manager-2] [INFO] [1786501369.411564516] [lifecycle_manager_map]: [34m[1mCreating bond timer...[0m[0m
[amcl-3] [INFO] [1786501369.422414434] [pinky_01.amcl]: initPubSub
[amcl-3] [INFO] [1786501369.541066692] [pinky_01.amcl]: Subscribed to map topic.
[amcl-3] [INFO] [1786501369.607322788] [pinky_01.amcl]: Received a 800 X 615 map @ 0.006 m/pix
[lifecycle_manager-11] [INFO] [1786501369.627626633] [pinky_01.lifecycle_manager_navigation]: [34m[1mConfiguring controller_server[0m[0m
[controller_server-4] [INFO] [1786501369.628452496] [pinky_01.controller_server]: Configuring controller interface
[controller_server-4] [INFO] [1786501369.628493222] [pinky_01.controller_server]: getting progress checker plugins..
[controller_server-4] [INFO] [1786501369.633586022] [pinky_01.controller_server]: getting goal checker plugins..
[controller_server-4] [INFO] [1786501369.639449556] [pinky_01.controller_server]: Controller frequency set to 20.0000Hz
[controller_server-4] [INFO] [1786501369.639570902] [pinky_01.local_costmap.local_costmap]: Configuring
[lifecycle_manager-20] [INFO] [1786501369.646358269] [pinky_02.lifecycle_manager_navigation]: [34m[1mStarting managed nodes bringup...[0m[0m
[lifecycle_manager-20] [INFO] [1786501369.646410103] [pinky_02.lifecycle_manager_navigation]: [34m[1mConfiguring amcl[0m[0m
[amcl-12] [INFO] [1786501369.648482458] [pinky_02.amcl]: Configuring
[amcl-12] [INFO] [1786501369.648588208] [pinky_02.amcl]: initTransforms
[python3-21] [INFO] [1786501369.693309813] [project1_pinky_fleet_adapter]: Mirror handling new sync of 1 queries from schedule node [f20a0fa9-52db-4141-843a-beed99bca88f]
[controller_server-4] [INFO] [1786501369.743537377] [pinky_01.local_costmap.local_costmap]: Using plugin "voxel_layer"
[amcl-12] [INFO] [1786501369.756252288] [pinky_02.amcl]: initPubSub
[controller_server-4] [INFO] [1786501369.768951999] [pinky_01.local_costmap.local_costmap]: Subscribed to Topics: scan
[python3-21] [WARN] [1786501369.786634951] [project1_pinky_fleet_adapter]: [FleetUpdateHandle::set_retreat_to_charger_interval] This parameter is no longer being used.
[python3-21] [INFO] [1786501369.786859105] [project1_pinky_fleet_adapter]: Fleet [project1_pinky] is configured to perform delivery tasks
[python3-21] [INFO] [1786501369.786898904] [project1_pinky_fleet_adapter]: Fleet [project1_pinky] is configured to perform patrol tasks
[python3-21] [INFO] [1786501369.786989572] [project1_pinky_fleet_adapter]: Finished configuring Easy Full Control adapter for fleet [project1_pinky]
[amcl-12] [INFO] [1786501369.812363314] [pinky_02.amcl]: Subscribed to map topic.
[controller_server-4] [INFO] [1786501369.834525566] [pinky_01.local_costmap.local_costmap]: Initialized plugin "voxel_layer"
[controller_server-4] [INFO] [1786501369.834594195] [pinky_01.local_costmap.local_costmap]: Using plugin "inflation_layer"
[controller_server-4] [INFO] [1786501369.840229252] [pinky_01.local_costmap.local_costmap]: Initialized plugin "inflation_layer"
[python3-21] [INFO] [1786501369.882516472] [project1_pinky_nav2_adapter]: project1_pinky 를 Nav2 에 이었습니다. 로봇 2대, 0.10초마다 알립니다.
[amcl-12] [INFO] [1786501369.889649159] [pinky_02.amcl]: Received a 800 X 615 map @ 0.006 m/pix
[lifecycle_manager-20] [INFO] [1786501369.902652071] [pinky_02.lifecycle_manager_navigation]: [34m[1mConfiguring controller_server[0m[0m
[controller_server-13] [INFO] [1786501369.906253851] [pinky_02.controller_server]: Configuring controller interface
[controller_server-13] [INFO] [1786501369.906306756] [pinky_02.controller_server]: getting progress checker plugins..
[controller_server-13] [INFO] [1786501369.910026151] [pinky_02.controller_server]: getting goal checker plugins..
[controller_server-13] [INFO] [1786501369.916888729] [pinky_02.controller_server]: Controller frequency set to 20.0000Hz
[controller_server-13] [INFO] [1786501369.917023631] [pinky_02.local_costmap.local_costmap]: Configuring
[controller_server-13] [INFO] [1786501370.007300425] [pinky_02.local_costmap.local_costmap]: Using plugin "voxel_layer"
[controller_server-4] [INFO] [1786501370.031122225] [pinky_01.controller_server]: Created progress_checker : progress_checker of type nav2_controller::SimpleProgressChecker
[controller_server-4] [INFO] [1786501370.035581678] [pinky_01.controller_server]: Controller Server has progress_checker  progress checkers available.
[controller_server-4] [INFO] [1786501370.037041500] [pinky_01.controller_server]: Created goal checker : general_goal_checker of type nav2_controller::SimpleGoalChecker
[controller_server-4] [INFO] [1786501370.040993564] [pinky_01.controller_server]: Controller Server has general_goal_checker  goal checkers available.
[controller_server-4] [INFO] [1786501370.043663212] [pinky_01.controller_server]: Created controller : FollowPath of type nav2_regulated_pure_pursuit_controller::RegulatedPurePursuitController
[controller_server-13] [INFO] [1786501370.054785044] [pinky_02.local_costmap.local_costmap]: Subscribed to Topics: scan
[controller_server-4] [INFO] [1786501370.104529485] [pinky_01.controller_server]: Controller Server has FollowPath  controllers available.
[lifecycle_manager-11] [INFO] [1786501370.157862509] [pinky_01.lifecycle_manager_navigation]: [34m[1mConfiguring smoother_server[0m[0m
[smoother_server-5] [INFO] [1786501370.159478473] [pinky_01.smoother_server]: Configuring smoother server
[controller_server-13] [INFO] [1786501370.167987626] [pinky_02.local_costmap.local_costmap]: Initialized plugin "voxel_layer"
[controller_server-13] [INFO] [1786501370.168045004] [pinky_02.local_costmap.local_costmap]: Using plugin "inflation_layer"
[controller_server-13] [INFO] [1786501370.171350736] [pinky_02.local_costmap.local_costmap]: Initialized plugin "inflation_layer"
[smoother_server-5] [INFO] [1786501370.245333982] [pinky_01.smoother_server]: Created smoother : simple_smoother of type nav2_smoother::SimpleSmoother
[smoother_server-5] [INFO] [1786501370.261500894] [pinky_01.smoother_server]: Smoother Server has simple_smoother  smoothers available.
[controller_server-13] [INFO] [1786501370.326892674] [pinky_02.controller_server]: Created progress_checker : progress_checker of type nav2_controller::SimpleProgressChecker
[controller_server-13] [INFO] [1786501370.334381286] [pinky_02.controller_server]: Controller Server has progress_checker  progress checkers available.
[controller_server-13] [INFO] [1786501370.344652055] [pinky_02.controller_server]: Created goal checker : general_goal_checker of type nav2_controller::SimpleGoalChecker
[controller_server-13] [INFO] [1786501370.345355642] [pinky_02.controller_server]: Controller Server has general_goal_checker  goal checkers available.
[controller_server-13] [INFO] [1786501370.353623981] [pinky_02.controller_server]: Created controller : FollowPath of type nav2_regulated_pure_pursuit_controller::RegulatedPurePursuitController
[lifecycle_manager-11] [INFO] [1786501370.381001503] [pinky_01.lifecycle_manager_navigation]: [34m[1mConfiguring planner_server[0m[0m
[planner_server-6] [INFO] [1786501370.384100389] [pinky_01.planner_server]: Configuring
[planner_server-6] [INFO] [1786501370.384148733] [pinky_01.global_costmap.global_costmap]: Configuring
[controller_server-13] [INFO] [1786501370.402581843] [pinky_02.controller_server]: Controller Server has FollowPath  controllers available.
[lifecycle_manager-20] [INFO] [1786501370.451732812] [pinky_02.lifecycle_manager_navigation]: [34m[1mConfiguring smoother_server[0m[0m
[smoother_server-14] [INFO] [1786501370.457478450] [pinky_02.smoother_server]: Configuring smoother server
[planner_server-6] [INFO] [1786501370.458225150] [pinky_01.global_costmap.global_costmap]: Using plugin "static_layer"
[planner_server-6] [INFO] [1786501370.503449477] [pinky_01.global_costmap.global_costmap]: Subscribing to the map topic (/nav2_map) with transient local durability
[planner_server-6] [INFO] [1786501370.515296477] [pinky_01.global_costmap.global_costmap]: Initialized plugin "static_layer"
[planner_server-6] [INFO] [1786501370.515358586] [pinky_01.global_costmap.global_costmap]: Using plugin "obstacle_layer"
[planner_server-6] [INFO] [1786501370.518625935] [pinky_01.global_costmap.global_costmap]: Subscribed to Topics: scan
[planner_server-6] [INFO] [1786501370.532800995] [pinky_01.global_costmap.global_costmap]: Initialized plugin "obstacle_layer"
[planner_server-6] [INFO] [1786501370.532858900] [pinky_01.global_costmap.global_costmap]: Using plugin "inflation_layer"
[planner_server-6] [INFO] [1786501370.534020060] [pinky_01.global_costmap.global_costmap]: Initialized plugin "inflation_layer"
[smoother_server-14] [INFO] [1786501370.560373792] [pinky_02.smoother_server]: Created smoother : simple_smoother of type nav2_smoother::SimpleSmoother
[smoother_server-14] [INFO] [1786501370.567809517] [pinky_02.smoother_server]: Smoother Server has simple_smoother  smoothers available.
[lifecycle_manager-20] [INFO] [1786501370.642386836] [pinky_02.lifecycle_manager_navigation]: [34m[1mConfiguring planner_server[0m[0m
[planner_server-15] [INFO] [1786501370.643120743] [pinky_02.planner_server]: Configuring
[planner_server-15] [INFO] [1786501370.643182627] [pinky_02.global_costmap.global_costmap]: Configuring
[planner_server-15] [INFO] [1786501370.702670241] [pinky_02.global_costmap.global_costmap]: Using plugin "static_layer"
[planner_server-15] [INFO] [1786501370.736123631] [pinky_02.global_costmap.global_costmap]: Subscribing to the map topic (/nav2_map) with transient local durability
[planner_server-15] [INFO] [1786501370.776258415] [pinky_02.global_costmap.global_costmap]: Initialized plugin "static_layer"
[planner_server-15] [INFO] [1786501370.776320721] [pinky_02.global_costmap.global_costmap]: Using plugin "obstacle_layer"
[planner_server-15] [INFO] [1786501370.810038674] [pinky_02.global_costmap.global_costmap]: Subscribed to Topics: scan
[planner_server-15] [INFO] [1786501370.891345478] [pinky_02.global_costmap.global_costmap]: Initialized plugin "obstacle_layer"
[planner_server-15] [INFO] [1786501370.891411089] [pinky_02.global_costmap.global_costmap]: Using plugin "inflation_layer"
[planner_server-15] [INFO] [1786501370.915037589] [pinky_02.global_costmap.global_costmap]: Initialized plugin "inflation_layer"
[planner_server-6] [INFO] [1786501371.013921672] [pinky_01.global_costmap.global_costmap]: StaticLayer: Resizing costmap to 800 X 615 at 0.005994 m/pix
[planner_server-6] [INFO] [1786501371.015510399] [pinky_01.planner_server]: Created global planner plugin GridBased of type nav2_navfn_planner::NavfnPlanner
[planner_server-6] [INFO] [1786501371.015610219] [pinky_01.planner_server]: Configuring plugin GridBased of type NavfnPlanner
[planner_server-6] [INFO] [1786501371.019077829] [pinky_01.planner_server]: Planner Server has GridBased  planners available.
[lifecycle_manager-11] [INFO] [1786501371.073265089] [pinky_01.lifecycle_manager_navigation]: [34m[1mConfiguring behavior_server[0m[0m
[behavior_server-7] [INFO] [1786501371.074238875] [pinky_01.behavior_server]: Configuring
[behavior_server-7] [INFO] [1786501371.109945462] [pinky_01.behavior_server]: Creating behavior plugin spin of type nav2_behaviors::Spin
[behavior_server-7] [INFO] [1786501371.117511826] [pinky_01.behavior_server]: Creating behavior plugin backup of type nav2_behaviors::BackUp
[behavior_server-7] [INFO] [1786501371.124805178] [pinky_01.behavior_server]: Creating behavior plugin drive_on_heading of type nav2_behaviors::DriveOnHeading
[behavior_server-7] [INFO] [1786501371.132285076] [pinky_01.behavior_server]: Creating behavior plugin assisted_teleop of type nav2_behaviors::AssistedTeleop
[planner_server-15] [INFO] [1786501371.139506145] [pinky_02.global_costmap.global_costmap]: StaticLayer: Resizing costmap to 800 X 615 at 0.005994 m/pix
[behavior_server-7] [INFO] [1786501371.140250142] [pinky_01.behavior_server]: Creating behavior plugin wait of type nav2_behaviors::Wait
[planner_server-15] [INFO] [1786501371.140813948] [pinky_02.planner_server]: Created global planner plugin GridBased of type nav2_navfn_planner::NavfnPlanner
[planner_server-15] [INFO] [1786501371.140865185] [pinky_02.planner_server]: Configuring plugin GridBased of type NavfnPlanner
[planner_server-15] [INFO] [1786501371.143520846] [pinky_02.planner_server]: Planner Server has GridBased  planners available.
[behavior_server-7] [INFO] [1786501371.171487997] [pinky_01.behavior_server]: Configuring spin
[lifecycle_manager-20] [INFO] [1786501371.185190621] [pinky_02.lifecycle_manager_navigation]: [34m[1mConfiguring behavior_server[0m[0m
[behavior_server-16] [INFO] [1786501371.186478141] [pinky_02.behavior_server]: Configuring
[behavior_server-7] [INFO] [1786501371.201820771] [pinky_01.behavior_server]: Configuring backup
[behavior_server-16] [INFO] [1786501371.206489145] [pinky_02.behavior_server]: Creating behavior plugin spin of type nav2_behaviors::Spin
[behavior_server-16] [INFO] [1786501371.208223284] [pinky_02.behavior_server]: Creating behavior plugin backup of type nav2_behaviors::BackUp
[behavior_server-16] [INFO] [1786501371.210663004] [pinky_02.behavior_server]: Creating behavior plugin drive_on_heading of type nav2_behaviors::DriveOnHeading
[behavior_server-16] [INFO] [1786501371.212636969] [pinky_02.behavior_server]: Creating behavior plugin assisted_teleop of type nav2_behaviors::AssistedTeleop
[behavior_server-16] [INFO] [1786501371.215912423] [pinky_02.behavior_server]: Creating behavior plugin wait of type nav2_behaviors::Wait
[behavior_server-16] [INFO] [1786501371.236392105] [pinky_02.behavior_server]: Configuring spin
[behavior_server-7] [INFO] [1786501371.269296578] [pinky_01.behavior_server]: Configuring drive_on_heading
[behavior_server-16] [INFO] [1786501371.279484946] [pinky_02.behavior_server]: Configuring backup
[behavior_server-7] [INFO] [1786501371.310758943] [pinky_01.behavior_server]: Configuring assisted_teleop
[behavior_server-16] [INFO] [1786501371.325896424] [pinky_02.behavior_server]: Configuring drive_on_heading
[behavior_server-16] [INFO] [1786501371.353682578] [pinky_02.behavior_server]: Configuring assisted_teleop
[behavior_server-7] [INFO] [1786501371.378830292] [pinky_01.behavior_server]: Configuring wait
[behavior_server-16] [INFO] [1786501371.392469705] [pinky_02.behavior_server]: Configuring wait
[lifecycle_manager-11] [INFO] [1786501371.416239123] [pinky_01.lifecycle_manager_navigation]: [34m[1mConfiguring bt_navigator[0m[0m
[bt_navigator-8] [INFO] [1786501371.419238025] [pinky_01.bt_navigator]: Configuring
[lifecycle_manager-20] [INFO] [1786501371.437705680] [pinky_02.lifecycle_manager_navigation]: [34m[1mConfiguring bt_navigator[0m[0m
[bt_navigator-17] [INFO] [1786501371.438661510] [pinky_02.bt_navigator]: Configuring
[bt_navigator-8] [INFO] [1786501371.476081861] [pinky_01.bt_navigator]: Creating navigator id navigate_to_pose of type nav2_bt_navigator::NavigateToPoseNavigator
[bt_navigator-17] [INFO] [1786501371.477117503] [pinky_02.bt_navigator]: Creating navigator id navigate_to_pose of type nav2_bt_navigator::NavigateToPoseNavigator
[bt_navigator-17] [INFO] [1786501371.754329497] [pinky_02.bt_navigator]: Creating navigator id navigate_through_poses of type nav2_bt_navigator::NavigateThroughPosesNavigator
[bt_navigator-8] [INFO] [1786501371.757660195] [pinky_01.bt_navigator]: Creating navigator id navigate_through_poses of type nav2_bt_navigator::NavigateThroughPosesNavigator
[lifecycle_manager-20] [INFO] [1786501371.877781968] [pinky_02.lifecycle_manager_navigation]: [34m[1mConfiguring waypoint_follower[0m[0m
[waypoint_follower-18] [INFO] [1786501371.880204838] [pinky_02.waypoint_follower]: Configuring
[lifecycle_manager-11] [INFO] [1786501371.906900997] [pinky_01.lifecycle_manager_navigation]: [34m[1mConfiguring waypoint_follower[0m[0m
[waypoint_follower-9] [INFO] [1786501371.908180711] [pinky_01.waypoint_follower]: Configuring
[waypoint_follower-18] [INFO] [1786501371.994183132] [pinky_02.waypoint_follower]: Created waypoint_task_executor : wait_at_waypoint of type nav2_waypoint_follower::WaitAtWaypoint
[lifecycle_manager-20] [INFO] [1786501371.998176462] [pinky_02.lifecycle_manager_navigation]: [34m[1mConfiguring velocity_smoother[0m[0m
[velocity_smoother-19] [INFO] [1786501371.999311291] [pinky_02.velocity_smoother]: Configuring velocity smoother
[waypoint_follower-9] [INFO] [1786501372.004648100] [pinky_01.waypoint_follower]: Created waypoint_task_executor : wait_at_waypoint of type nav2_waypoint_follower::WaitAtWaypoint
[lifecycle_manager-11] [INFO] [1786501372.008463195] [pinky_01.lifecycle_manager_navigation]: [34m[1mConfiguring velocity_smoother[0m[0m
[velocity_smoother-10] [INFO] [1786501372.009012721] [pinky_01.velocity_smoother]: Configuring velocity smoother
[lifecycle_manager-20] [INFO] [1786501372.019528822] [pinky_02.lifecycle_manager_navigation]: [34m[1mActivating amcl[0m[0m
[amcl-12] [INFO] [1786501372.020165137] [pinky_02.amcl]: Activating
[amcl-12] [INFO] [1786501372.020208866] [pinky_02.amcl]: initialPoseReceived
[amcl-12] [INFO] [1786501372.020352030] [pinky_02.amcl]: Setting pose (1.810000): 1.613 -1.088 0.000
[amcl-12] [INFO] [1786501372.020862040] [pinky_02.amcl]: Creating bond (amcl) to lifecycle manager.
[lifecycle_manager-11] [INFO] [1786501372.037292540] [pinky_01.lifecycle_manager_navigation]: [34m[1mActivating amcl[0m[0m
[amcl-3] [INFO] [1786501372.038707857] [pinky_01.amcl]: Activating
[amcl-3] [INFO] [1786501372.038767811] [pinky_01.amcl]: initialPoseReceived
[amcl-3] [INFO] [1786501372.038798647] [pinky_01.amcl]: Setting pose (1.810000): 1.612 -0.717 0.000
[amcl-3] [INFO] [1786501372.039864573] [pinky_01.amcl]: Creating bond (amcl) to lifecycle manager.
[amcl-12] [INFO] [1786501372.039867431] [pinky_02.amcl]: createLaserObject
[lifecycle_manager-20] [INFO] [1786501372.135436439] [pinky_02.lifecycle_manager_navigation]: Server amcl connected with bond.
[lifecycle_manager-20] [INFO] [1786501372.135493783] [pinky_02.lifecycle_manager_navigation]: [34m[1mActivating controller_server[0m[0m
[controller_server-13] [INFO] [1786501372.136125857] [pinky_02.controller_server]: Activating
[controller_server-13] [INFO] [1786501372.136200339] [pinky_02.local_costmap.local_costmap]: Activating
[controller_server-13] [INFO] [1786501372.136217237] [pinky_02.local_costmap.local_costmap]: Checking transform
[controller_server-13] [INFO] [1786501372.136418838] [pinky_02.local_costmap.local_costmap]: start
[lifecycle_manager-11] [INFO] [1786501372.149439962] [pinky_01.lifecycle_manager_navigation]: Server amcl connected with bond.
[lifecycle_manager-11] [INFO] [1786501372.149496198] [pinky_01.lifecycle_manager_navigation]: [34m[1mActivating controller_server[0m[0m
[controller_server-4] [INFO] [1786501372.150244995] [pinky_01.controller_server]: Activating
[controller_server-4] [INFO] [1786501372.150278820] [pinky_01.local_costmap.local_costmap]: Activating
[controller_server-4] [INFO] [1786501372.150285252] [pinky_01.local_costmap.local_costmap]: Checking transform
[controller_server-4] [INFO] [1786501372.150409045] [pinky_01.local_costmap.local_costmap]: start
[controller_server-13] [INFO] [1786501372.339779346] [pinky_02.controller_server]: Activating controller: FollowPath of type regulated_pure_pursuit_controller::RegulatedPurePursuitController
[controller_server-13] [INFO] [1786501372.339828049] [pinky_02.controller_server]: Creating bond (controller_server) to lifecycle manager.
[controller_server-4] [INFO] [1786501372.354050678] [pinky_01.controller_server]: Activating controller: FollowPath of type regulated_pure_pursuit_controller::RegulatedPurePursuitController
[controller_server-4] [INFO] [1786501372.354111208] [pinky_01.controller_server]: Creating bond (controller_server) to lifecycle manager.
[lifecycle_manager-20] [INFO] [1786501372.455398929] [pinky_02.lifecycle_manager_navigation]: Server controller_server connected with bond.
[lifecycle_manager-20] [INFO] [1786501372.455449178] [pinky_02.lifecycle_manager_navigation]: [34m[1mActivating smoother_server[0m[0m
[smoother_server-14] [INFO] [1786501372.456016349] [pinky_02.smoother_server]: Activating
[smoother_server-14] [INFO] [1786501372.456054394] [pinky_02.smoother_server]: Creating bond (smoother_server) to lifecycle manager.
[lifecycle_manager-11] [INFO] [1786501372.470135700] [pinky_01.lifecycle_manager_navigation]: Server controller_server connected with bond.
[lifecycle_manager-11] [INFO] [1786501372.470309038] [pinky_01.lifecycle_manager_navigation]: [34m[1mActivating smoother_server[0m[0m
[smoother_server-5] [INFO] [1786501372.471139740] [pinky_01.smoother_server]: Activating
[smoother_server-5] [INFO] [1786501372.471232729] [pinky_01.smoother_server]: Creating bond (smoother_server) to lifecycle manager.
[lifecycle_manager-20] [INFO] [1786501372.566698073] [pinky_02.lifecycle_manager_navigation]: Server smoother_server connected with bond.
[lifecycle_manager-20] [INFO] [1786501372.566737242] [pinky_02.lifecycle_manager_navigation]: [34m[1mActivating planner_server[0m[0m
[planner_server-15] [INFO] [1786501372.567228297] [pinky_02.planner_server]: Activating
[planner_server-15] [INFO] [1786501372.567274895] [pinky_02.global_costmap.global_costmap]: Activating
[planner_server-15] [INFO] [1786501372.567288232] [pinky_02.global_costmap.global_costmap]: Checking transform
[planner_server-15] [INFO] [1786501372.567371702] [pinky_02.global_costmap.global_costmap]: Timed out waiting for transform from pinky_02/base_footprint to map to become available, tf error: Lookup would require extrapolation at time 1.830000, but only time 2.800000 is in the buffer, when looking up transform from frame [pinky_02/base_footprint] to frame [map]
[lifecycle_manager-11] [INFO] [1786501372.584502074] [pinky_01.lifecycle_manager_navigation]: Server smoother_server connected with bond.
[lifecycle_manager-11] [INFO] [1786501372.584546737] [pinky_01.lifecycle_manager_navigation]: [34m[1mActivating planner_server[0m[0m
[planner_server-6] [INFO] [1786501372.585096138] [pinky_01.planner_server]: Activating
[planner_server-6] [INFO] [1786501372.585141963] [pinky_01.global_costmap.global_costmap]: Activating
[planner_server-6] [INFO] [1786501372.585154998] [pinky_01.global_costmap.global_costmap]: Checking transform
[planner_server-6] [INFO] [1786501372.585206453] [pinky_01.global_costmap.global_costmap]: Timed out waiting for transform from pinky_01/base_footprint to map to become available, tf error: Could not find a connection between 'map' and 'pinky_01/base_footprint' because they are not part of the same tree.Tf has two or more unconnected trees.
[planner_server-15] [INFO] [1786501373.067410421] [pinky_02.global_costmap.global_costmap]: Timed out waiting for transform from pinky_02/base_footprint to map to become available, tf error: Lookup would require extrapolation at time 1.870000, but only time 2.800000 is in the buffer, when looking up transform from frame [pinky_02/base_footprint] to frame [map]
[planner_server-6] [INFO] [1786501373.085312321] [pinky_01.global_costmap.global_costmap]: Timed out waiting for transform from pinky_01/base_footprint to map to become available, tf error: Could not find a connection between 'map' and 'pinky_01/base_footprint' because they are not part of the same tree.Tf has two or more unconnected trees.
[amcl-3] [INFO] [1786501373.303693830] [pinky_01.amcl]: createLaserObject
[planner_server-15] [INFO] [1786501373.567410477] [pinky_02.global_costmap.global_costmap]: Timed out waiting for transform from pinky_02/base_footprint to map to become available, tf error: Lookup would require extrapolation into the past.  Requested time 1.930000 but the earliest data is at time 2.800000, when looking up transform from frame [pinky_02/base_footprint] to frame [map]
[planner_server-6] [INFO] [1786501373.585320499] [pinky_01.global_costmap.global_costmap]: Timed out waiting for transform from pinky_01/base_footprint to map to become available, tf error: Lookup would require extrapolation at time 1.930000, but only time 2.900000 is in the buffer, when looking up transform from frame [pinky_01/base_footprint] to frame [map]
[planner_server-15] [INFO] [1786501374.067398349] [pinky_02.global_costmap.global_costmap]: Timed out waiting for transform from pinky_02/base_footprint to map to become available, tf error: Lookup would require extrapolation into the past.  Requested time 1.970000 but the earliest data is at time 2.800000, when looking up transform from frame [pinky_02/base_footprint] to frame [map]
[planner_server-6] [INFO] [1786501374.085264849] [pinky_01.global_costmap.global_costmap]: Timed out waiting for transform from pinky_01/base_footprint to map to become available, tf error: Lookup would require extrapolation at time 1.970000, but only time 2.900000 is in the buffer, when looking up transform from frame [pinky_01/base_footprint] to frame [map]
[planner_server-15] [INFO] [1786501374.567398278] [pinky_02.global_costmap.global_costmap]: Timed out waiting for transform from pinky_02/base_footprint to map to become available, tf error: Lookup would require extrapolation into the past.  Requested time 2.010000 but the earliest data is at time 2.800000, when looking up transform from frame [pinky_02/base_footprint] to frame [map]
[planner_server-6] [INFO] [1786501374.585292161] [pinky_01.global_costmap.global_costmap]: Timed out waiting for transform from pinky_01/base_footprint to map to become available, tf error: Lookup would require extrapolation into the past.  Requested time 2.010000 but the earliest data is at time 2.900000, when looking up transform from frame [pinky_01/base_footprint] to frame [map]
[planner_server-15] [INFO] [1786501375.067399078] [pinky_02.global_costmap.global_costmap]: Timed out waiting for transform from pinky_02/base_footprint to map to become available, tf error: Lookup would require extrapolation into the past.  Requested time 2.050000 but the earliest data is at time 2.800000, when looking up transform from frame [pinky_02/base_footprint] to frame [map]
[planner_server-6] [INFO] [1786501375.085267533] [pinky_01.global_costmap.global_costmap]: Timed out waiting for transform from pinky_01/base_footprint to map to become available, tf error: Lookup would require extrapolation into the past.  Requested time 2.050000 but the earliest data is at time 2.900000, when looking up transform from frame [pinky_01/base_footprint] to frame [map]
[schedule_visualizer_node-4] [INFO] [1786501375.135412301] [schedule_data_node]: Requesting new schedule update because update timed out
[schedule_visualizer_node-4] [INFO] [1786501375.135468886] [schedule_data_node]: [rmf_traffic_ros2::MirrorManager::request_update] Requesting changes for query ID [1] since beginning of recorded history
[rmf_traffic_schedule-1] [INFO] [1786501375.144782401] [rmf_traffic_schedule_primary]: [ScheduleNode::update_mirrors] Sending remedial update starting from the beginning going to 4 for query 1
[planner_server-15] [INFO] [1786501375.567429468] [pinky_02.global_costmap.global_costmap]: Timed out waiting for transform from pinky_02/base_footprint to map to become available, tf error: Lookup would require extrapolation into the past.  Requested time 2.090000 but the earliest data is at time 2.800000, when looking up transform from frame [pinky_02/base_footprint] to frame [map]
[planner_server-6] [INFO] [1786501375.585273339] [pinky_01.global_costmap.global_costmap]: Timed out waiting for transform from pinky_01/base_footprint to map to become available, tf error: Lookup would require extrapolation into the past.  Requested time 2.090000 but the earliest data is at time 2.900000, when looking up transform from frame [pinky_01/base_footprint] to frame [map]
[planner_server-15] [INFO] [1786501376.067400957] [pinky_02.global_costmap.global_costmap]: Timed out waiting for transform from pinky_02/base_footprint to map to become available, tf error: Lookup would require extrapolation into the past.  Requested time 2.130000 but the earliest data is at time 2.800000, when looking up transform from frame [pinky_02/base_footprint] to frame [map]
[planner_server-6] [INFO] [1786501376.085264241] [pinky_01.global_costmap.global_costmap]: Timed out waiting for transform from pinky_01/base_footprint to map to become available, tf error: Lookup would require extrapolation into the past.  Requested time 2.130000 but the earliest data is at time 2.900000, when looking up transform from frame [pinky_01/base_footprint] to frame [map]
[planner_server-15] [INFO] [1786501376.567422301] [pinky_02.global_costmap.global_costmap]: Timed out waiting for transform from pinky_02/base_footprint to map to become available, tf error: Lookup would require extrapolation into the past.  Requested time 2.170000 but the earliest data is at time 2.800000, when looking up transform from frame [pinky_02/base_footprint] to frame [map]
[planner_server-6] [INFO] [1786501376.585272540] [pinky_01.global_costmap.global_costmap]: Timed out waiting for transform from pinky_01/base_footprint to map to become available, tf error: Lookup would require extrapolation into the past.  Requested time 2.170000 but the earliest data is at time 2.900000, when looking up transform from frame [pinky_01/base_footprint] to frame [map]
[planner_server-15] [INFO] [1786501377.067400141] [pinky_02.global_costmap.global_costmap]: Timed out waiting for transform from pinky_02/base_footprint to map to become available, tf error: Lookup would require extrapolation into the past.  Requested time 2.230000 but the earliest data is at time 2.800000, when looking up transform from frame [pinky_02/base_footprint] to frame [map]
[planner_server-6] [INFO] [1786501377.085272902] [pinky_01.global_costmap.global_costmap]: Timed out waiting for transform from pinky_01/base_footprint to map to become available, tf error: Lookup would require extrapolation into the past.  Requested time 2.230000 but the earliest data is at time 2.900000, when looking up transform from frame [pinky_01/base_footprint] to frame [map]
[planner_server-15] [INFO] [1786501377.567416662] [pinky_02.global_costmap.global_costmap]: Timed out waiting for transform from pinky_02/base_footprint to map to become available, tf error: Lookup would require extrapolation into the past.  Requested time 2.270000 but the earliest data is at time 2.800000, when looking up transform from frame [pinky_02/base_footprint] to frame [map]
[planner_server-6] [INFO] [1786501377.585283549] [pinky_01.global_costmap.global_costmap]: Timed out waiting for transform from pinky_01/base_footprint to map to become available, tf error: Lookup would require extrapolation into the past.  Requested time 2.270000 but the earliest data is at time 2.900000, when looking up transform from frame [pinky_01/base_footprint] to frame [map]
[planner_server-15] [INFO] [1786501378.067393646] [pinky_02.global_costmap.global_costmap]: Timed out waiting for transform from pinky_02/base_footprint to map to become available, tf error: Lookup would require extrapolation into the past.  Requested time 2.330000 but the earliest data is at time 2.800000, when looking up transform from frame [pinky_02/base_footprint] to frame [map]
[planner_server-6] [INFO] [1786501378.085274282] [pinky_01.global_costmap.global_costmap]: Timed out waiting for transform from pinky_01/base_footprint to map to become available, tf error: Lookup would require extrapolation into the past.  Requested time 2.330000 but the earliest data is at time 2.900000, when looking up transform from frame [pinky_01/base_footprint] to frame [map]
[planner_server-15] [INFO] [1786501378.567406831] [pinky_02.global_costmap.global_costmap]: Timed out waiting for transform from pinky_02/base_footprint to map to become available, tf error: Lookup would require extrapolation into the past.  Requested time 2.370000 but the earliest data is at time 2.800000, when looking up transform from frame [pinky_02/base_footprint] to frame [map]
[planner_server-6] [INFO] [1786501378.585274974] [pinky_01.global_costmap.global_costmap]: Timed out waiting for transform from pinky_01/base_footprint to map to become available, tf error: Lookup would require extrapolation into the past.  Requested time 2.370000 but the earliest data is at time 2.900000, when looking up transform from frame [pinky_01/base_footprint] to frame [map]
[planner_server-15] [INFO] [1786501379.067401878] [pinky_02.global_costmap.global_costmap]: Timed out waiting for transform from pinky_02/base_footprint to map to become available, tf error: Lookup would require extrapolation into the past.  Requested time 2.410000 but the earliest data is at time 2.800000, when looking up transform from frame [pinky_02/base_footprint] to frame [map]
[planner_server-6] [INFO] [1786501379.085287867] [pinky_01.global_costmap.global_costmap]: Timed out waiting for transform from pinky_01/base_footprint to map to become available, tf error: Lookup would require extrapolation into the past.  Requested time 2.410000 but the earliest data is at time 2.900000, when looking up transform from frame [pinky_01/base_footprint] to frame [map]
[planner_server-15] [INFO] [1786501379.567415398] [pinky_02.global_costmap.global_costmap]: Timed out waiting for transform from pinky_02/base_footprint to map to become available, tf error: Lookup would require extrapolation into the past.  Requested time 2.450000 but the earliest data is at time 2.800000, when looking up transform from frame [pinky_02/base_footprint] to frame [map]
[planner_server-6] [INFO] [1786501379.585265506] [pinky_01.global_costmap.global_costmap]: Timed out waiting for transform from pinky_01/base_footprint to map to become available, tf error: Lookup would require extrapolation into the past.  Requested time 2.450000 but the earliest data is at time 2.900000, when looking up transform from frame [pinky_01/base_footprint] to frame [map]
[planner_server-15] [INFO] [1786501380.067405547] [pinky_02.global_costmap.global_costmap]: Timed out waiting for transform from pinky_02/base_footprint to map to become available, tf error: Lookup would require extrapolation into the past.  Requested time 2.510000 but the earliest data is at time 2.800000, when looking up transform from frame [pinky_02/base_footprint] to frame [map]
[planner_server-6] [INFO] [1786501380.085296521] [pinky_01.global_costmap.global_costmap]: Timed out waiting for transform from pinky_01/base_footprint to map to become available, tf error: Lookup would require extrapolation into the past.  Requested time 2.510000 but the earliest data is at time 2.900000, when looking up transform from frame [pinky_01/base_footprint] to frame [map]
[planner_server-15] [INFO] [1786501380.567396649] [pinky_02.global_costmap.global_costmap]: Timed out waiting for transform from pinky_02/base_footprint to map to become available, tf error: Lookup would require extrapolation into the past.  Requested time 2.550000 but the earliest data is at time 2.800000, when looking up transform from frame [pinky_02/base_footprint] to frame [map]
[planner_server-6] [INFO] [1786501380.585269897] [pinky_01.global_costmap.global_costmap]: Timed out waiting for transform from pinky_01/base_footprint to map to become available, tf error: Lookup would require extrapolation into the past.  Requested time 2.550000 but the earliest data is at time 2.900000, when looking up transform from frame [pinky_01/base_footprint] to frame [map]
[planner_server-15] [INFO] [1786501381.067434315] [pinky_02.global_costmap.global_costmap]: Timed out waiting for transform from pinky_02/base_footprint to map to become available, tf error: Lookup would require extrapolation into the past.  Requested time 2.610000 but the earliest data is at time 2.800000, when looking up transform from frame [pinky_02/base_footprint] to frame [map]
[planner_server-6] [INFO] [1786501381.085263178] [pinky_01.global_costmap.global_costmap]: Timed out waiting for transform from pinky_01/base_footprint to map to become available, tf error: Lookup would require extrapolation into the past.  Requested time 2.610000 but the earliest data is at time 2.900000, when looking up transform from frame [pinky_01/base_footprint] to frame [map]
[planner_server-15] [INFO] [1786501381.567396988] [pinky_02.global_costmap.global_costmap]: Timed out waiting for transform from pinky_02/base_footprint to map to become available, tf error: Lookup would require extrapolation into the past.  Requested time 2.650000 but the earliest data is at time 2.800000, when looking up transform from frame [pinky_02/base_footprint] to frame [map]
[planner_server-6] [INFO] [1786501381.585274816] [pinky_01.global_costmap.global_costmap]: Timed out waiting for transform from pinky_01/base_footprint to map to become available, tf error: Lookup would require extrapolation into the past.  Requested time 2.650000 but the earliest data is at time 2.900000, when looking up transform from frame [pinky_01/base_footprint] to frame [map]
[planner_server-15] [INFO] [1786501382.067437599] [pinky_02.global_costmap.global_costmap]: Timed out waiting for transform from pinky_02/base_footprint to map to become available, tf error: Lookup would require extrapolation into the past.  Requested time 2.710000 but the earliest data is at time 2.800000, when looking up transform from frame [pinky_02/base_footprint] to frame [map]
[planner_server-6] [INFO] [1786501382.085266910] [pinky_01.global_costmap.global_costmap]: Timed out waiting for transform from pinky_01/base_footprint to map to become available, tf error: Lookup would require extrapolation into the past.  Requested time 2.710000 but the earliest data is at time 2.900000, when looking up transform from frame [pinky_01/base_footprint] to frame [map]
[planner_server-15] [INFO] [1786501382.567396224] [pinky_02.global_costmap.global_costmap]: Timed out waiting for transform from pinky_02/base_footprint to map to become available, tf error: Lookup would require extrapolation into the past.  Requested time 2.750000 but the earliest data is at time 2.800000, when looking up transform from frame [pinky_02/base_footprint] to frame [map]
[planner_server-6] [INFO] [1786501382.585276324] [pinky_01.global_costmap.global_costmap]: Timed out waiting for transform from pinky_01/base_footprint to map to become available, tf error: Lookup would require extrapolation into the past.  Requested time 2.750000 but the earliest data is at time 2.900000, when looking up transform from frame [pinky_01/base_footprint] to frame [map]
[planner_server-15] [INFO] [1786501383.067406250] [pinky_02.global_costmap.global_costmap]: Timed out waiting for transform from pinky_02/base_footprint to map to become available, tf error: Lookup would require extrapolation into the past.  Requested time 2.790000 but the earliest data is at time 2.800000, when looking up transform from frame [pinky_02/base_footprint] to frame [map]
[planner_server-6] [INFO] [1786501383.085282227] [pinky_01.global_costmap.global_costmap]: Timed out waiting for transform from pinky_01/base_footprint to map to become available, tf error: Lookup would require extrapolation into the past.  Requested time 2.790000 but the earliest data is at time 2.900000, when looking up transform from frame [pinky_01/base_footprint] to frame [map]
[planner_server-15] [INFO] [1786501383.567515944] [pinky_02.global_costmap.global_costmap]: start
[planner_server-6] [INFO] [1786501383.585294487] [pinky_01.global_costmap.global_costmap]: Timed out waiting for transform from pinky_01/base_footprint to map to become available, tf error: Lookup would require extrapolation into the past.  Requested time 2.830000 but the earliest data is at time 2.900000, when looking up transform from frame [pinky_01/base_footprint] to frame [map]
[python3-21] [INFO] [1786501384.064691386] [project1_pinky_fleet_adapter]: Adding robot [PK_02] to fleet [project1_pinky].
[python3-21] [INFO] [1786501384.065718364] [project1_pinky_nav2_adapter]: [PK_02] RMF 에 붙었습니다.
[rmf_traffic_schedule-1] [INFO] [1786501384.065911488] [rmf_traffic_schedule_primary]: Registered participant [2] named [PK_02] owned by [project1_pinky]
[planner_server-6] [INFO] [1786501384.085329095] [pinky_01.global_costmap.global_costmap]: Timed out waiting for transform from pinky_01/base_footprint to map to become available, tf error: Lookup would require extrapolation into the past.  Requested time 2.890000 but the earliest data is at time 2.900000, when looking up transform from frame [pinky_01/base_footprint] to frame [map]
[python3-21] [INFO] [1786501384.099658250] [project1_pinky_fleet_adapter]: Added a robot named [PK_02] with participant ID [2]
[python3-21] [INFO] [1786501384.110429030] [project1_pinky_fleet_adapter]: Beginning a new parking task for robot [project1_pinky/PK_02]
[python3-21] [WARN] [1786501384.110703232] [project1_pinky_fleet_adapter]: No parking spots available, using charging waypoint [5] for robot [project1_pinky/PK_02]
[python3-21] [INFO] [1786501384.110978732] [project1_pinky_fleet_adapter]: Selecting a new go_to_place location from [1] choices for robot [project1_pinky/PK_02]
[python3-21] [INFO] [1786501384.110994810] [project1_pinky_fleet_adapter]: Got distance from [5] as 0.000000
[python3-21] [INFO] [1786501384.111058724] [project1_pinky_fleet_adapter]: Planning for [project1_pinky/PK_02] to [충전2] from one of these locations:
[python3-21]  -- L1 < 1.61328 -1.08775> [충전2] | on waypoint | orientation -3.38543e-12
[python3-21] [INFO] [1786501384.112264127] [project1_pinky_fleet_adapter]: Successfully added robot [PK_02] to the fleet [project1_pinky].
[python3-21] [INFO] [1786501384.112510071] [project1_pinky_fleet_adapter]: Robot [project1_pinky/PK_02] is already at its goal [5]
[gazebo-2] [1;33m[GUI] [Wrn] [toggle_floors.cpp:237] [0m[1;33mNode for [0m[1;33mPK_02[0m[1;33mwas not found[0m[1;33m[0m
  ↑ 같은 줄 22번 더
[planner_server-6] [INFO] [1786501384.585317226] [pinky_01.global_costmap.global_costmap]: start
[gazebo-2] [1;33m[GUI] [Wrn] [toggle_floors.cpp:237] [0m[1;33mNode for [0m[1;33mPK_02[0m[1;33mwas not found[0m[1;33m[0m
  ↑ 같은 줄 2번 더
[planner_server-15] [INFO] [1786501384.623947930] [pinky_02.planner_server]: Activating plugin GridBased of type NavfnPlanner
[planner_server-15] [INFO] [1786501384.631035047] [pinky_02.planner_server]: Creating bond (planner_server) to lifecycle manager.
[gazebo-2] [1;33m[GUI] [Wrn] [toggle_floors.cpp:237] [0m[1;33mNode for [0m[1;33mPK_02[0m[1;33mwas not found[0m[1;33m[0m
  ↑ 같은 줄 6번 더
[lifecycle_manager-20] [INFO] [1786501384.745565035] [pinky_02.lifecycle_manager_navigation]: Server planner_server connected with bond.
[lifecycle_manager-20] [INFO] [1786501384.745617479] [pinky_02.lifecycle_manager_navigation]: [34m[1mActivating behavior_server[0m[0m
[behavior_server-16] [INFO] [1786501384.746140503] [pinky_02.behavior_server]: Activating
[behavior_server-16] [INFO] [1786501384.746169539] [pinky_02.behavior_server]: Activating spin
[behavior_server-16] [INFO] [1786501384.746181644] [pinky_02.behavior_server]: Activating backup
[behavior_server-16] [INFO] [1786501384.746191814] [pinky_02.behavior_server]: Activating drive_on_heading
[behavior_server-16] [INFO] [1786501384.746201865] [pinky_02.behavior_server]: Activating assisted_teleop
[behavior_server-16] [INFO] [1786501384.746211788] [pinky_02.behavior_server]: Activating wait
[behavior_server-16] [INFO] [1786501384.746225520] [pinky_02.behavior_server]: Creating bond (behavior_server) to lifecycle manager.
[gazebo-2] [1;33m[GUI] [Wrn] [toggle_floors.cpp:237] [0m[1;33mNode for [0m[1;33mPK_02[0m[1;33mwas not found[0m[1;33m[0m
  ↑ 같은 줄 6번 더
[lifecycle_manager-20] [INFO] [1786501384.860734857] [pinky_02.lifecycle_manager_navigation]: Server behavior_server connected with bond.
[lifecycle_manager-20] [INFO] [1786501384.860792279] [pinky_02.lifecycle_manager_navigation]: [34m[1mActivating bt_navigator[0m[0m
[bt_navigator-17] [INFO] [1786501384.861620743] [pinky_02.bt_navigator]: Activating
[gazebo-2] [1;33m[GUI] [Wrn] [toggle_floors.cpp:237] [0m[1;33mNode for [0m[1;33mPK_02[0m[1;33mwas not found[0m[1;33m[0m
  ↑ 같은 줄 11번 더
[bt_navigator-17] [INFO] [1786501385.074110741] [pinky_02.bt_navigator]: Creating bond (bt_navigator) to lifecycle manager.
[gazebo-2] [1;33m[GUI] [Wrn] [toggle_floors.cpp:237] [0m[1;33mNode for [0m[1;33mPK_02[0m[1;33mwas not found[0m[1;33m[0m
  ↑ 같은 줄 7번 더
[lifecycle_manager-20] [INFO] [1786501385.187535476] [pinky_02.lifecycle_manager_navigation]: Server bt_navigator connected with bond.
[lifecycle_manager-20] [INFO] [1786501385.187597290] [pinky_02.lifecycle_manager_navigation]: [34m[1mActivating waypoint_follower[0m[0m
[waypoint_follower-18] [INFO] [1786501385.188275611] [pinky_02.waypoint_follower]: Activating
[waypoint_follower-18] [INFO] [1786501385.188314981] [pinky_02.waypoint_follower]: Creating bond (waypoint_follower) to lifecycle manager.
[gazebo-2] [1;33m[GUI] [Wrn] [toggle_floors.cpp:237] [0m[1;33mNode for [0m[1;33mPK_02[0m[1;33mwas not found[0m[1;33m[0m
  ↑ 같은 줄 1번 더
[python3-21] [INFO] [1786501385.229699150] [project1_pinky_fleet_adapter]: Adding robot [PK_01] to fleet [project1_pinky].
[python3-21] [INFO] [1786501385.230585710] [project1_pinky_nav2_adapter]: [PK_01] RMF 에 붙었습니다.
[rmf_traffic_schedule-1] [INFO] [1786501385.230518944] [rmf_traffic_schedule_primary]: Registered participant [3] named [PK_01] owned by [project1_pinky]
[gazebo-2] [1;33m[GUI] [Wrn] [toggle_floors.cpp:237] [0m[1;33mNode for [0m[1;33mPK_02[0m[1;33mwas not found[0m[1;33m[0m
[python3-21] [INFO] [1786501385.258065576] [project1_pinky_fleet_adapter]: Added a robot named [PK_01] with participant ID [3]
[gazebo-2] [1;33m[GUI] [Wrn] [toggle_floors.cpp:237] [0m[1;33mNode for [0m[1;33mPK_02[0m[1;33mwas not found[0m[1;33m[0m
[python3-21] [INFO] [1786501385.265012536] [project1_pinky_fleet_adapter]: Beginning a new parking task for robot [project1_pinky/PK_01]
[python3-21] [WARN] [1786501385.265308364] [project1_pinky_fleet_adapter]: No parking spots available, using charging waypoint [4] for robot [project1_pinky/PK_01]
[python3-21] [INFO] [1786501385.265685432] [project1_pinky_fleet_adapter]: Selecting a new go_to_place location from [1] choices for robot [project1_pinky/PK_01]
[python3-21] [INFO] [1786501385.265726380] [project1_pinky_fleet_adapter]: Got distance from [4] as 0.000000
[python3-21] [INFO] [1786501385.265904262] [project1_pinky_fleet_adapter]: Planning for [project1_pinky/PK_01] to [충전1] from one of these locations:
[python3-21]  -- L1 <  1.61176 -0.717166> [충전1] | on waypoint | orientation 1.80228e-12
[python3-21] [INFO] [1786501385.267860675] [project1_pinky_fleet_adapter]: Successfully added robot [PK_01] to the fleet [project1_pinky].
[python3-21] [INFO] [1786501385.268253212] [project1_pinky_fleet_adapter]: Robot [project1_pinky/PK_01] is already at its goal [4]
[gazebo-2] [1;33m[GUI] [Wrn] [toggle_floors.cpp:237] [0m[1;33mNode for [0m[1;33mPK_02[0m[1;33mwas not found[0m[1;33m[0m
  ↑ 같은 줄 1번 더
[lifecycle_manager-20] [INFO] [1786501385.299894483] [pinky_02.lifecycle_manager_navigation]: Server waypoint_follower connected with bond.
[lifecycle_manager-20] [INFO] [1786501385.299946814] [pinky_02.lifecycle_manager_navigation]: [34m[1mActivating velocity_smoother[0m[0m
[velocity_smoother-19] [INFO] [1786501385.300634242] [pinky_02.velocity_smoother]: Activating
[velocity_smoother-19] [INFO] [1786501385.300685842] [pinky_02.velocity_smoother]: Creating bond (velocity_smoother) to lifecycle manager.
[gazebo-2] [1;33m[GUI] [Wrn] [toggle_floors.cpp:237] [0m[1;33mNode for [0m[1;33mPK_01[0m[1;33mwas not found[0m[1;33m[0m
[gazebo-2] [1;33m[GUI] [Wrn] [toggle_floors.cpp:237] [0m[1;33mNode for [0m[1;33mPK_02[0m[1;33mwas not found[0m[1;33m[0m
[gazebo-2] [1;33m[GUI] [Wrn] [toggle_floors.cpp:237] [0m[1;33mNode for [0m[1;33mPK_01[0m[1;33mwas not found[0m[1;33m[0m
[gazebo-2] [1;33m[GUI] [Wrn] [toggle_floors.cpp:237] [0m[1;33mNode for [0m[1;33mPK_02[0m[1;33mwas not found[0m[1;33m[0m
[gazebo-2] [1;33m[GUI] [Wrn] [toggle_floors.cpp:237] [0m[1;33mNode for [0m[1;33mPK_01[0m[1;33mwas not found[0m[1;33m[0m
[gazebo-2] [1;33m[GUI] [Wrn] [toggle_floors.cpp:237] [0m[1;33mNode for [0m[1;33mPK_02[0m[1;33mwas not found[0m[1;33m[0m
[gazebo-2] [1;33m[GUI] [Wrn] [toggle_floors.cpp:237] [0m[1;33mNode for [0m[1;33mPK_01[0m[1;33mwas not found[0m[1;33m[0m
[gazebo-2] [1;33m[GUI] [Wrn] [toggle_floors.cpp:237] [0m[1;33mNode for [0m[1;33mPK_02[0m[1;33mwas not found[0m[1;33m[0m
[gazebo-2] [1;33m[GUI] [Wrn] [toggle_floors.cpp:237] [0m[1;33mNode for [0m[1;33mPK_01[0m[1;33mwas not found[0m[1;33m[0m
[gazebo-2] [1;33m[GUI] [Wrn] [toggle_floors.cpp:237] [0m[1;33mNode for [0m[1;33mPK_02[0m[1;33mwas not found[0m[1;33m[0m
[gazebo-2] [1;33m[GUI] [Wrn] [toggle_floors.cpp:237] [0m[1;33mNode for [0m[1;33mPK_01[0m[1;33mwas not found[0m[1;33m[0m
[gazebo-2] [1;33m[GUI] [Wrn] [toggle_floors.cpp:237] [0m[1;33mNode for [0m[1;33mPK_02[0m[1;33mwas not found[0m[1;33m[0m
[gazebo-2] [1;33m[GUI] [Wrn] [toggle_floors.cpp:237] [0m[1;33mNode for [0m[1;33mPK_01[0m[1;33mwas not found[0m[1;33m[0m
[gazebo-2] [1;33m[GUI] [Wrn] [toggle_floors.cpp:237] [0m[1;33mNode for [0m[1;33mPK_02[0m[1;33mwas not found[0m[1;33m[0m
[lifecycle_manager-20] [INFO] [1786501385.414177679] [pinky_02.lifecycle_manager_navigation]: Server velocity_smoother connected with bond.
[lifecycle_manager-20] [INFO] [1786501385.414229306] [pinky_02.lifecycle_manager_navigation]: [34m[1mManaged nodes are active[0m[0m
[lifecycle_manager-20] [INFO] [1786501385.414245863] [pinky_02.lifecycle_manager_navigation]: [34m[1mCreating bond timer...[0m[0m
[gazebo-2] [1;33m[GUI] [Wrn] [toggle_floors.cpp:237] [0m[1;33mNode for [0m[1;33mPK_01[0m[1;33mwas not found[0m[1;33m[0m
[gazebo-2] [1;33m[GUI] [Wrn] [toggle_floors.cpp:237] [0m[1;33mNode for [0m[1;33mPK_02[0m[1;33mwas not found[0m[1;33m[0m
[gazebo-2] [1;33m[GUI] [Wrn] [toggle_floors.cpp:237] [0m[1;33mNode for [0m[1;33mPK_01[0m[1;33mwas not found[0m[1;33m[0m
[gazebo-2] [1;33m[GUI] [Wrn] [toggle_floors.cpp:237] [0m[1;33mNode for [0m[1;33mPK_02[0m[1;33mwas not found[0m[1;33m[0m
[gazebo-2] [1;33m[GUI] [Wrn] [toggle_floors.cpp:237] [0m[1;33mNode for [0m[1;33mPK_01[0m[1;33mwas not found[0m[1;33m[0m
[gazebo-2] [1;33m[GUI] [Wrn] [toggle_floors.cpp:237] [0m[1;33mNode for [0m[1;33mPK_02[0m[1;33mwas not found[0m[1;33m[0m
[gazebo-2] [1;33m[GUI] [Wrn] [toggle_floors.cpp:237] [0m[1;33mNode for [0m[1;33mPK_01[0m[1;33mwas not found[0m[1;33m[0m
[gazebo-2] [1;33m[GUI] [Wrn] [toggle_floors.cpp:237] [0m[1;33mNode for [0m[1;33mPK_02[0m[1;33mwas not found[0m[1;33m[0m
[gazebo-2] [1;33m[GUI] [Wrn] [toggle_floors.cpp:237] [0m[1;33mNode for [0m[1;33mPK_01[0m[1;33mwas not found[0m[1;33m[0m
[gazebo-2] [1;33m[GUI] [Wrn] [toggle_floors.cpp:237] [0m[1;33mNode for [0m[1;33mPK_02[0m[1;33mwas not found[0m[1;33m[0m
[gazebo-2] [1;33m[GUI] [Wrn] [toggle_floors.cpp:237] [0m[1;33mNode for [0m[1;33mPK_01[0m[1;33mwas not found[0m[1;33m[0m
[gazebo-2] [1;33m[GUI] [Wrn] [toggle_floors.cpp:237] [0m[1;33mNode for [0m[1;33mPK_02[0m[1;33mwas not found[0m[1;33m[0m
[gazebo-2] [1;33m[GUI] [Wrn] [toggle_floors.cpp:237] [0m[1;33mNode for [0m[1;33mPK_01[0m[1;33mwas not found[0m[1;33m[0m
[gazebo-2] [1;33m[GUI] [Wrn] [toggle_floors.cpp:237] [0m[1;33mNode for [0m[1;33mPK_02[0m[1;33mwas not found[0m[1;33m[0m
[gazebo-2] [1;33m[GUI] [Wrn] [toggle_floors.cpp:237] [0m[1;33mNode for [0m[1;33mPK_01[0m[1;33mwas not found[0m[1;33m[0m
[gazebo-2] [1;33m[GUI] [Wrn] [toggle_floors.cpp:237] [0m[1;33mNode for [0m[1;33mPK_02[0m[1;33mwas not found[0m[1;33m[0m
[gazebo-2] [1;33m[GUI] [Wrn] [toggle_floors.cpp:237] [0m[1;33mNode for [0m[1;33mPK_01[0m[1;33mwas not found[0m[1;33m[0m
[gazebo-2] [1;33m[GUI] [Wrn] [toggle_floors.cpp:237] [0m[1;33mNode for [0m[1;33mPK_02[0m[1;33mwas not found[0m[1;33m[0m
[gazebo-2] [1;33m[GUI] [Wrn] [toggle_floors.cpp:237] [0m[1;33mNode for [0m[1;33mPK_01[0m[1;33mwas not found[0m[1;33m[0m
[gazebo-2] [1;33m[GUI] [Wrn] [toggle_floors.cpp:237] [0m[1;33mNode for [0m[1;33mPK_02[0m[1;33mwas not found[0m[1;33m[0m
[gazebo-2] [1;33m[GUI] [Wrn] [toggle_floors.cpp:237] [0m[1;33mNode for [0m[1;33mPK_01[0m[1;33mwas not found[0m[1;33m[0m
[gazebo-2] [1;33m[GUI] [Wrn] [toggle_floors.cpp:237] [0m[1;33mNode for [0m[1;33mPK_02[0m[1;33mwas not found[0m[1;33m[0m
[gazebo-2] [1;33m[GUI] [Wrn] [toggle_floors.cpp:237] [0m[1;33mNode for [0m[1;33mPK_01[0m[1;33mwas not found[0m[1;33m[0m
[gazebo-2] [1;33m[GUI] [Wrn] [toggle_floors.cpp:237] [0m[1;33mNode for [0m[1;33mPK_02[0m[1;33mwas not found[0m[1;33m[0m
[gazebo-2] [1;33m[GUI] [Wrn] [toggle_floors.cpp:237] [0m[1;33mNode for [0m[1;33mPK_01[0m[1;33mwas not found[0m[1;33m[0m
[gazebo-2] [1;33m[GUI] [Wrn] [toggle_floors.cpp:237] [0m[1;33mNode for [0m[1;33mPK_02[0m[1;33mwas not found[0m[1;33m[0m
[gazebo-2] [1;33m[GUI] [Wrn] [toggle_floors.cpp:237] [0m[1;33mNode for [0m[1;33mPK_01[0m[1;33mwas not found[0m[1;33m[0m
[gazebo-2] [1;33m[GUI] [Wrn] [toggle_floors.cpp:237] [0m[1;33mNode for [0m[1;33mPK_02[0m[1;33mwas not found[0m[1;33m[0m
[planner_server-6] [INFO] [1786501385.637731775] [pinky_01.planner_server]: Activating plugin GridBased of type NavfnPlanner
[planner_server-6] [INFO] [1786501385.644955618] [pinky_01.planner_server]: Creating bond (planner_server) to lifecycle manager.
[gazebo-2] [1;33m[GUI] [Wrn] [toggle_floors.cpp:237] [0m[1;33mNode for [0m[1;33mPK_01[0m[1;33mwas not found[0m[1;33m[0m
[gazebo-2] [1;33m[GUI] [Wrn] [toggle_floors.cpp:237] [0m[1;33mNode for [0m[1;33mPK_02[0m[1;33mwas not found[0m[1;33m[0m
[gazebo-2] [1;33m[GUI] [Wrn] [toggle_floors.cpp:237] [0m[1;33mNode for [0m[1;33mPK_01[0m[1;33mwas not found[0m[1;33m[0m
[gazebo-2] [1;33m[GUI] [Wrn] [toggle_floors.cpp:237] [0m[1;33mNode for [0m[1;33mPK_02[0m[1;33mwas not found[0m[1;33m[0m
[gazebo-2] [1;33m[GUI] [Wrn] [toggle_floors.cpp:237] [0m[1;33mNode for [0m[1;33mPK_01[0m[1;33mwas not found[0m[1;33m[0m
[gazebo-2] [1;33m[GUI] [Wrn] [toggle_floors.cpp:237] [0m[1;33mNode for [0m[1;33mPK_02[0m[1;33mwas not found[0m[1;33m[0m
[gazebo-2] [1;33m[GUI] [Wrn] [toggle_floors.cpp:237] [0m[1;33mNode for [0m[1;33mPK_01[0m[1;33mwas not found[0m[1;33m[0m
[gazebo-2] [1;33m[GUI] [Wrn] [toggle_floors.cpp:237] [0m[1;33mNode for [0m[1;33mPK_02[0m[1;33mwas not found[0m[1;33m[0m
[gazebo-2] [1;33m[GUI] [Wrn] [toggle_floors.cpp:237] [0m[1;33mNode for [0m[1;33mPK_01[0m[1;33mwas not found[0m[1;33m[0m
[gazebo-2] [1;33m[GUI] [Wrn] [toggle_floors.cpp:237] [0m[1;33mNode for [0m[1;33mPK_02[0m[1;33mwas not found[0m[1;33m[0m
[gazebo-2] [1;33m[GUI] [Wrn] [toggle_floors.cpp:237] [0m[1;33mNode for [0m[1;33mPK_01[0m[1;33mwas not found[0m[1;33m[0m
[gazebo-2] [1;33m[GUI] [Wrn] [toggle_floors.cpp:237] [0m[1;33mNode for [0m[1;33mPK_02[0m[1;33mwas not found[0m[1;33m[0m
[gazebo-2] [1;33m[GUI] [Wrn] [toggle_floors.cpp:237] [0m[1;33mNode for [0m[1;33mPK_01[0m[1;33mwas not found[0m[1;33m[0m
[gazebo-2] [1;33m[GUI] [Wrn] [toggle_floors.cpp:237] [0m[1;33mNode for [0m[1;33mPK_02[0m[1;33mwas not found[0m[1;33m[0m
[lifecycle_manager-11] [INFO] [1786501385.760416807] [pinky_01.lifecycle_manager_navigation]: Server planner_server connected with bond.
[lifecycle_manager-11] [INFO] [1786501385.760462309] [pinky_01.lifecycle_manager_navigation]: [34m[1mActivating behavior_server[0m[0m
[behavior_server-7] [INFO] [1786501385.761113284] [pinky_01.behavior_server]: Activating
[behavior_server-7] [INFO] [1786501385.761142961] [pinky_01.behavior_server]: Activating spin
[behavior_server-7] [INFO] [1786501385.761156429] [pinky_01.behavior_server]: Activating backup
[behavior_server-7] [INFO] [1786501385.761167146] [pinky_01.behavior_server]: Activating drive_on_heading
[behavior_server-7] [INFO] [1786501385.761178881] [pinky_01.behavior_server]: Activating assisted_teleop
[behavior_server-7] [INFO] [1786501385.761189342] [pinky_01.behavior_server]: Activating wait
[behavior_server-7] [INFO] [1786501385.761204158] [pinky_01.behavior_server]: Creating bond (behavior_server) to lifecycle manager.
[gazebo-2] [1;33m[GUI] [Wrn] [toggle_floors.cpp:237] [0m[1;33mNode for [0m[1;33mPK_01[0m[1;33mwas not found[0m[1;33m[0m
[gazebo-2] [1;33m[GUI] [Wrn] [toggle_floors.cpp:237] [0m[1;33mNode for [0m[1;33mPK_02[0m[1;33mwas not found[0m[1;33m[0m
[gazebo-2] [1;33m[GUI] [Wrn] [toggle_floors.cpp:237] [0m[1;33mNode for [0m[1;33mPK_01[0m[1;33mwas not found[0m[1;33m[0m
[gazebo-2] [1;33m[GUI] [Wrn] [toggle_floors.cpp:237] [0m[1;33mNode for [0m[1;33mPK_02[0m[1;33mwas not found[0m[1;33m[0m
[gazebo-2] [1;33m[GUI] [Wrn] [toggle_floors.cpp:237] [0m[1;33mNode for [0m[1;33mPK_01[0m[1;33mwas not found[0m[1;33m[0m
[gazebo-2] [1;33m[GUI] [Wrn] [toggle_floors.cpp:237] [0m[1;33mNode for [0m[1;33mPK_02[0m[1;33mwas not found[0m[1;33m[0m
[gazebo-2] [1;33m[GUI] [Wrn] [toggle_floors.cpp:237] [0m[1;33mNode for [0m[1;33mPK_01[0m[1;33mwas not found[0m[1;33m[0m
[gazebo-2] [1;33m[GUI] [Wrn] [toggle_floors.cpp:237] [0m[1;33mNode for [0m[1;33mPK_02[0m[1;33mwas not found[0m[1;33m[0m
[gazebo-2] [1;33m[GUI] [Wrn] [toggle_floors.cpp:237] [0m[1;33mNode for [0m[1;33mPK_01[0m[1;33mwas not found[0m[1;33m[0m
[gazebo-2] [1;33m[GUI] [Wrn] [toggle_floors.cpp:237] [0m[1;33mNode for [0m[1;33mPK_02[0m[1;33mwas not found[0m[1;33m[0m
[gazebo-2] [1;33m[GUI] [Wrn] [toggle_floors.cpp:237] [0m[1;33mNode for [0m[1;33mPK_01[0m[1;33mwas not found[0m[1;33m[0m
[gazebo-2] [1;33m[GUI] [Wrn] [toggle_floors.cpp:237] [0m[1;33mNode for [0m[1;33mPK_02[0m[1;33mwas not found[0m[1;33m[0m
[gazebo-2] [1;33m[GUI] [Wrn] [toggle_floors.cpp:237] [0m[1;33mNode for [0m[1;33mPK_01[0m[1;33mwas not found[0m[1;33m[0m
[gazebo-2] [1;33m[GUI] [Wrn] [toggle_floors.cpp:237] [0m[1;33mNode for [0m[1;33mPK_02[0m[1;33mwas not found[0m[1;33m[0m
[lifecycle_manager-11] [INFO] [1786501385.873508943] [pinky_01.lifecycle_manager_navigation]: Server behavior_server connected with bond.
[lifecycle_manager-11] [INFO] [1786501385.873576310] [pinky_01.lifecycle_manager_navigation]: [34m[1mActivating bt_navigator[0m[0m
[bt_navigator-8] [INFO] [1786501385.874514151] [pinky_01.bt_navigator]: Activating
[gazebo-2] [1;33m[GUI] [Wrn] [toggle_floors.cpp:237] [0m[1;33mNode for [0m[1;33mPK_01[0m[1;33mwas not found[0m[1;33m[0m
[gazebo-2] [1;33m[GUI] [Wrn] [toggle_floors.cpp:237] [0m[1;33mNode for [0m[1;33mPK_02[0m[1;33mwas not found[0m[1;33m[0m
[gazebo-2] [1;33m[GUI] [Wrn] [toggle_floors.cpp:237] [0m[1;33mNode for [0m[1;33mPK_01[0m[1;33mwas not found[0m[1;33m[0m
[gazebo-2] [1;33m[GUI] [Wrn] [toggle_floors.cpp:237] [0m[1;33mNode for [0m[1;33mPK_02[0m[1;33mwas not found[0m[1;33m[0m
[gazebo-2] [1;33m[GUI] [Wrn] [toggle_floors.cpp:237] [0m[1;33mNode for [0m[1;33mPK_01[0m[1;33mwas not found[0m[1;33m[0m
[gazebo-2] [1;33m[GUI] [Wrn] [toggle_floors.cpp:237] [0m[1;33mNode for [0m[1;33mPK_02[0m[1;33mwas not found[0m[1;33m[0m
[gazebo-2] [1;33m[GUI] [Wrn] [toggle_floors.cpp:237] [0m[1;33mNode for [0m[1;33mPK_01[0m[1;33mwas not found[0m[1;33m[0m
[gazebo-2] [1;33m[GUI] [Wrn] [toggle_floors.cpp:237] [0m[1;33mNode for [0m[1;33mPK_02[0m[1;33mwas not found[0m[1;33m[0m
[gazebo-2] [1;33m[GUI] [Wrn] [toggle_floors.cpp:237] [0m[1;33mNode for [0m[1;33mPK_01[0m[1;33mwas not found[0m[1;33m[0m
[gazebo-2] [1;33m[GUI] [Wrn] [toggle_floors.cpp:237] [0m[1;33mNode for [0m[1;33mPK_02[0m[1;33mwas not found[0m[1;33m[0m
[gazebo-2] [1;33m[GUI] [Wrn] [toggle_floors.cpp:237] [0m[1;33mNode for [0m[1;33mPK_01[0m[1;33mwas not found[0m[1;33m[0m
[gazebo-2] [1;33m[GUI] [Wrn] [toggle_floors.cpp:237] [0m[1;33mNode for [0m[1;33mPK_02[0m[1;33mwas not found[0m[1;33m[0m
[gazebo-2] [1;33m[GUI] [Wrn] [toggle_floors.cpp:237] [0m[1;33mNode for [0m[1;33mPK_01[0m[1;33mwas not found[0m[1;33m[0m
[gazebo-2] [1;33m[GUI] [Wrn] [toggle_floors.cpp:237] [0m[1;33mNode for [0m[1;33mPK_02[0m[1;33mwas not found[0m[1;33m[0m
[gazebo-2] [1;33m[GUI] [Wrn] [toggle_floors.cpp:237] [0m[1;33mNode for [0m[1;33mPK_01[0m[1;33mwas not found[0m[1;33m[0m
[gazebo-2] [1;33m[GUI] [Wrn] [toggle_floors.cpp:237] [0m[1;33mNode for [0m[1;33mPK_02[0m[1;33mwas not found[0m[1;33m[0m
[gazebo-2] [1;33m[GUI] [Wrn] [toggle_floors.cpp:237] [0m[1;33mNode for [0m[1;33mPK_01[0m[1;33mwas not found[0m[1;33m[0m
[gazebo-2] [1;33m[GUI] [Wrn] [toggle_floors.cpp:237] [0m[1;33mNode for [0m[1;33mPK_02[0m[1;33mwas not found[0m[1;33m[0m
[gazebo-2] [1;33m[GUI] [Wrn] [toggle_floors.cpp:237] [0m[1;33mNode for [0m[1;33mPK_01[0m[1;33mwas not found[0m[1;33m[0m
[gazebo-2] [1;33m[GUI] [Wrn] [toggle_floors.cpp:237] [0m[1;33mNode for [0m[1;33mPK_02[0m[1;33mwas not found[0m[1;33m[0m
[gazebo-2] [1;33m[GUI] [Wrn] [toggle_floors.cpp:237] [0m[1;33mNode for [0m[1;33mPK_01[0m[1;33mwas not found[0m[1;33m[0m
[gazebo-2] [1;33m[GUI] [Wrn] [toggle_floors.cpp:237] [0m[1;33mNode for [0m[1;33mPK_02[0m[1;33mwas not found[0m[1;33m[0m
[gazebo-2] [1;33m[GUI] [Wrn] [toggle_floors.cpp:237] [0m[1;33mNode for [0m[1;33mPK_01[0m[1;33mwas not found[0m[1;33m[0m
[gazebo-2] [1;33m[GUI] [Wrn] [toggle_floors.cpp:237] [0m[1;33mNode for [0m[1;33mPK_02[0m[1;33mwas not found[0m[1;33m[0m
[bt_navigator-8] [INFO] [1786501386.089867424] [pinky_01.bt_navigator]: Creating bond (bt_navigator) to lifecycle manager.
[gazebo-2] [1;33m[GUI] [Wrn] [toggle_floors.cpp:237] [0m[1;33mNode for [0m[1;33mPK_01[0m[1;33mwas not found[0m[1;33m[0m
[gazebo-2] [1;33m[GUI] [Wrn] [toggle_floors.cpp:237] [0m[1;33mNode for [0m[1;33mPK_02[0m[1;33mwas not found[0m[1;33m[0m
[gazebo-2] [1;33m[GUI] [Wrn] [toggle_floors.cpp:237] [0m[1;33mNode for [0m[1;33mPK_01[0m[1;33mwas not found[0m[1;33m[0m
[gazebo-2] [1;33m[GUI] [Wrn] [toggle_floors.cpp:237] [0m[1;33mNode for [0m[1;33mPK_02[0m[1;33mwas not found[0m[1;33m[0m
[gazebo-2] [1;33m[GUI] [Wrn] [toggle_floors.cpp:237] [0m[1;33mNode for [0m[1;33mPK_01[0m[1;33mwas not found[0m[1;33m[0m
[gazebo-2] [1;33m[GUI] [Wrn] [toggle_floors.cpp:237] [0m[1;33mNode for [0m[1;33mPK_02[0m[1;33mwas not found[0m[1;33m[0m
[gazebo-2] [1;33m[GUI] [Wrn] [toggle_floors.cpp:237] [0m[1;33mNode for [0m[1;33mPK_01[0m[1;33mwas not found[0m[1;33m[0m
[gazebo-2] [1;33m[GUI] [Wrn] [toggle_floors.cpp:237] [0m[1;33mNode for [0m[1;33mPK_02[0m[1;33mwas not found[0m[1;33m[0m
[gazebo-2] [1;33m[GUI] [Wrn] [toggle_floors.cpp:237] [0m[1;33mNode for [0m[1;33mPK_01[0m[1;33mwas not found[0m[1;33m[0m
[gazebo-2] [1;33m[GUI] [Wrn] [toggle_floors.cpp:237] [0m[1;33mNode for [0m[1;33mPK_02[0m[1;33mwas not found[0m[1;33m[0m
[gazebo-2] [1;33m[GUI] [Wrn] [toggle_floors.cpp:237] [0m[1;33mNode for [0m[1;33mPK_01[0m[1;33mwas not found[0m[1;33m[0m
[gazebo-2] [1;33m[GUI] [Wrn] [toggle_floors.cpp:237] [0m[1;33mNode for [0m[1;33mPK_02[0m[1;33mwas not found[0m[1;33m[0m
[gazebo-2] [1;33m[GUI] [Wrn] [toggle_floors.cpp:237] [0m[1;33mNode for [0m[1;33mPK_01[0m[1;33mwas not found[0m[1;33m[0m
[gazebo-2] [1;33m[GUI] [Wrn] [toggle_floors.cpp:237] [0m[1;33mNode for [0m[1;33mPK_02[0m[1;33mwas not found[0m[1;33m[0m
[gazebo-2] [1;33m[GUI] [Wrn] [toggle_floors.cpp:237] [0m[1;33mNode for [0m[1;33mPK_01[0m[1;33mwas not found[0m[1;33m[0m
[gazebo-2] [1;33m[GUI] [Wrn] [toggle_floors.cpp:237] [0m[1;33mNode for [0m[1;33mPK_02[0m[1;33mwas not found[0m[1;33m[0m
[lifecycle_manager-11] [INFO] [1786501386.206577515] [pinky_01.lifecycle_manager_navigation]: Server bt_navigator connected with bond.
[lifecycle_manager-11] [INFO] [1786501386.206638275] [pinky_01.lifecycle_manager_navigation]: [34m[1mActivating waypoint_follower[0m[0m
[waypoint_follower-9] [INFO] [1786501386.207712458] [pinky_01.waypoint_follower]: Activating
[waypoint_follower-9] [INFO] [1786501386.207776111] [pinky_01.waypoint_follower]: Creating bond (waypoint_follower) to lifecycle manager.
[gazebo-2] [1;33m[GUI] [Wrn] [toggle_floors.cpp:237] [0m[1;33mNode for [0m[1;33mPK_01[0m[1;33mwas not found[0m[1;33m[0m
[gazebo-2] [1;33m[GUI] [Wrn] [toggle_floors.cpp:237] [0m[1;33mNode for [0m[1;33mPK_02[0m[1;33mwas not found[0m[1;33m[0m
[gazebo-2] [1;33m[GUI] [Wrn] [toggle_floors.cpp:237] [0m[1;33mNode for [0m[1;33mPK_01[0m[1;33mwas not found[0m[1;33m[0m
[gazebo-2] [1;33m[GUI] [Wrn] [toggle_floors.cpp:237] [0m[1;33mNode for [0m[1;33mPK_02[0m[1;33mwas not found[0m[1;33m[0m
[gazebo-2] [1;33m[GUI] [Wrn] [toggle_floors.cpp:237] [0m[1;33mNode for [0m[1;33mPK_01[0m[1;33mwas not found[0m[1;33m[0m
[gazebo-2] [1;33m[GUI] [Wrn] [toggle_floors.cpp:237] [0m[1;33mNode for [0m[1;33mPK_02[0m[1;33mwas not found[0m[1;33m[0m
[gazebo-2] [1;33m[GUI] [Wrn] [toggle_floors.cpp:237] [0m[1;33mNode for [0m[1;33mPK_01[0m[1;33mwas not found[0m[1;33m[0m
[gazebo-2] [1;33m[GUI] [Wrn] [toggle_floors.cpp:237] [0m[1;33mNode for [0m[1;33mPK_02[0m[1;33mwas not found[0m[1;33m[0m
[gazebo-2] [1;33m[GUI] [Wrn] [toggle_floors.cpp:237] [0m[1;33mNode for [0m[1;33mPK_01[0m[1;33mwas not found[0m[1;33m[0m
[gazebo-2] [1;33m[GUI] [Wrn] [toggle_floors.cpp:237] [0m[1;33mNode for [0m[1;33mPK_02[0m[1;33mwas not found[0m[1;33m[0m
[gazebo-2] [1;33m[GUI] [Wrn] [toggle_floors.cpp:237] [0m[1;33mNode for [0m[1;33mPK_01[0m[1;33mwas not found[0m[1;33m[0m
[gazebo-2] [1;33m[GUI] [Wrn] [toggle_floors.cpp:237] [0m[1;33mNode for [0m[1;33mPK_02[0m[1;33mwas not found[0m[1;33m[0m
[gazebo-2] [1;33m[GUI] [Wrn] [toggle_floors.cpp:237] [0m[1;33mNode for [0m[1;33mPK_01[0m[1;33mwas not found[0m[1;33m[0m
[gazebo-2] [1;33m[GUI] [Wrn] [toggle_floors.cpp:237] [0m[1;33mNode for [0m[1;33mPK_02[0m[1;33mwas not found[0m[1;33m[0m
[lifecycle_manager-11] [INFO] [1786501386.324811355] [pinky_01.lifecycle_manager_navigation]: Server waypoint_follower connected with bond.
[lifecycle_manager-11] [INFO] [1786501386.324920403] [pinky_01.lifecycle_manager_navigation]: [34m[1mActivating velocity_smoother[0m[0m
[velocity_smoother-10] [INFO] [1786501386.326277744] [pinky_01.velocity_smoother]: Activating
[velocity_smoother-10] [INFO] [1786501386.326372676] [pinky_01.velocity_smoother]: Creating bond (velocity_smoother) to lifecycle manager.
[gazebo-2] [1;33m[GUI] [Wrn] [toggle_floors.cpp:237] [0m[1;33mNode for [0m[1;33mPK_01[0m[1;33mwas not found[0m[1;33m[0m
[gazebo-2] [1;33m[GUI] [Wrn] [toggle_floors.cpp:237] [0m[1;33mNode for [0m[1;33mPK_02[0m[1;33mwas not found[0m[1;33m[0m
[gazebo-2] [1;33m[GUI] [Wrn] [toggle_floors.cpp:237] [0m[1;33mNode for [0m[1;33mPK_01[0m[1;33mwas not found[0m[1;33m[0m
[gazebo-2] [1;33m[GUI] [Wrn] [toggle_floors.cpp:237] [0m[1;33mNode for [0m[1;33mPK_02[0m[1;33mwas not found[0m[1;33m[0m
[gazebo-2] [1;33m[GUI] [Wrn] [toggle_floors.cpp:237] [0m[1;33mNode for [0m[1;33mPK_01[0m[1;33mwas not found[0m[1;33m[0m
[gazebo-2] [1;33m[GUI] [Wrn] [toggle_floors.cpp:237] [0m[1;33mNode for [0m[1;33mPK_02[0m[1;33mwas not found[0m[1;33m[0m
[gazebo-2] [1;33m[GUI] [Wrn] [toggle_floors.cpp:237] [0m[1;33mNode for [0m[1;33mPK_01[0m[1;33mwas not found[0m[1;33m[0m
[gazebo-2] [1;33m[GUI] [Wrn] [toggle_floors.cpp:237] [0m[1;33mNode for [0m[1;33mPK_02[0m[1;33mwas not found[0m[1;33m[0m
[gazebo-2] [1;33m[GUI] [Wrn] [toggle_floors.cpp:237] [0m[1;33mNode for [0m[1;33mPK_01[0m[1;33mwas not found[0m[1;33m[0m
[gazebo-2] [1;33m[GUI] [Wrn] [toggle_floors.cpp:237] [0m[1;33mNode for [0m[1;33mPK_02[0m[1;33mwas not found[0m[1;33m[0m
[gazebo-2] [1;33m[GUI] [Wrn] [toggle_floors.cpp:237] [0m[1;33mNode for [0m[1;33mPK_01[0m[1;33mwas not found[0m[1;33m[0m
[gazebo-2] [1;33m[GUI] [Wrn] [toggle_floors.cpp:237] [0m[1;33mNode for [0m[1;33mPK_02[0m[1;33mwas not found[0m[1;33m[0m
[gazebo-2] [1;33m[GUI] [Wrn] [toggle_floors.cpp:237] [0m[1;33mNode for [0m[1;33mPK_01[0m[1;33mwas not found[0m[1;33m[0m
[gazebo-2] [1;33m[GUI] [Wrn] [toggle_floors.cpp:237] [0m[1;33mNode for [0m[1;33mPK_02[0m[1;33mwas not found[0m[1;33m[0m
[lifecycle_manager-11] [INFO] [1786501386.439814219] [pinky_01.lifecycle_manager_navigation]: Server velocity_smoother connected with bond.
[lifecycle_manager-11] [INFO] [1786501386.439874294] [pinky_01.lifecycle_manager_navigation]: [34m[1mManaged nodes are active[0m[0m
[lifecycle_manager-11] [INFO] [1786501386.439888989] [pinky_01.lifecycle_manager_navigation]: [34m[1mCreating bond timer...[0m[0m
[gazebo-2] [1;33m[GUI] [Wrn] [toggle_floors.cpp:237] [0m[1;33mNode for [0m[1;33mPK_01[0m[1;33mwas not found[0m[1;33m[0m
[gazebo-2] [1;33m[GUI] [Wrn] [toggle_floors.cpp:237] [0m[1;33mNode for [0m[1;33mPK_02[0m[1;33mwas not found[0m[1;33m[0m
[gazebo-2] [1;33m[GUI] [Wrn] [toggle_floors.cpp:237] [0m[1;33mNode for [0m[1;33mPK_01[0m[1;33mwas not found[0m[1;33m[0m
[gazebo-2] [1;33m[GUI] [Wrn] [toggle_floors.cpp:237] [0m[1;33mNode for [0m[1;33mPK_02[0m[1;33mwas not found[0m[1;33m[0m
[gazebo-2] [1;33m[GUI] [Wrn] [toggle_floors.cpp:237] [0m[1;33mNode for [0m[1;33mPK_01[0m[1;33mwas not found[0m[1;33m[0m
[gazebo-2] [1;33m[GUI] [Wrn] [toggle_floors.cpp:237] [0m[1;33mNode for [0m[1;33mPK_02[0m[1;33mwas not found[0m[1;33m[0m
[gazebo-2] [1;33m[GUI] [Wrn] [toggle_floors.cpp:237] [0m[1;33mNode for [0m[1;33mPK_01[0m[1;33mwas not found[0m[1;33m[0m
[gazebo-2] [1;33m[GUI] [Wrn] [toggle_floors.cpp:237] [0m[1;33mNode for [0m[1;33mPK_02[0m[1;33mwas not found[0m[1;33m[0m
[gazebo-2] [1;33m[GUI] [Wrn] [toggle_floors.cpp:237] [0m[1;33mNode for [0m[1;33mPK_01[0m[1;33mwas not found[0m[1;33m[0m
[gazebo-2] [1;33m[GUI] [Wrn] [toggle_floors.cpp:237] [0m[1;33mNode for [0m[1;33mPK_02[0m[1;33mwas not found[0m[1;33m[0m
[gazebo-2] [1;33m[GUI] [Wrn] [toggle_floors.cpp:237] [0m[1;33mNode for [0m[1;33mPK_01[0m[1;33mwas not found[0m[1;33m[0m
[gazebo-2] [1;33m[GUI] [Wrn] [toggle_floors.cpp:237] [0m[1;33mNode for [0m[1;33mPK_02[0m[1;33mwas not found[0m[1;33m[0m
[gazebo-2] [1;33m[GUI] [Wrn] [toggle_floors.cpp:237] [0m[1;33mNode for [0m[1;33mPK_01[0m[1;33mwas not found[0m[1;33m[0m
[gazebo-2] [1;33m[GUI] [Wrn] [toggle_floors.cpp:237] [0m[1;33mNode for [0m[1;33mPK_02[0m[1;33mwas not found[0m[1;33m[0m
[gazebo-2] [1;33m[GUI] [Wrn] [toggle_floors.cpp:237] [0m[1;33mNode for [0m[1;33mPK_01[0m[1;33mwas not found[0m[1;33m[0m
[gazebo-2] [1;33m[GUI] [Wrn] [toggle_floors.cpp:237] [0m[1;33mNode for [0m[1;33mPK_02[0m[1;33mwas not found[0m[1;33m[0m
[gazebo-2] [1;33m[GUI] [Wrn] [toggle_floors.cpp:237] [0m[1;33mNode for [0m[1;33mPK_01[0m[1;33mwas not found[0m[1;33m[0m
[gazebo-2] [1;33m[GUI] [Wrn] [toggle_floors.cpp:237] [0m[1;33mNode for [0m[1;33mPK_02[0m[1;33mwas not found[0m[1;33m[0m
[gazebo-2] [1;33m[GUI] [Wrn] [toggle_floors.cpp:237] [0m[1;33mNode for [0m[1;33mPK_01[0m[1;33mwas not found[0m[1;33m[0m
[gazebo-2] [1;33m[GUI] [Wrn] [toggle_floors.cpp:237] [0m[1;33mNode for [0m[1;33mPK_02[0m[1;33mwas not found[0m[1;33m[0m
[gazebo-2] [1;33m[GUI] [Wrn] [toggle_floors.cpp:237] [0m[1;33mNode for [0m[1;33mPK_01[0m[1;33mwas not found[0m[1;33m[0m
[gazebo-2] [1;33m[GUI] [Wrn] [toggle_floors.cpp:237] [0m[1;33mNode for [0m[1;33mPK_02[0m[1;33mwas not found[0m[1;33m[0m
[gazebo-2] [1;33m[GUI] [Wrn] [toggle_floors.cpp:237] [0m[1;33mNode for [0m[1;33mPK_01[0m[1;33mwas not found[0m[1;33m[0m
[gazebo-2] [1;33m[GUI] [Wrn] [toggle_floors.cpp:237] [0m[1;33mNode for [0m[1;33mPK_02[0m[1;33mwas not found[0m[1;33m[0m
[gazebo-2] [1;33m[GUI] [Wrn] [toggle_floors.cpp:237] [0m[1;33mNode for [0m[1;33mPK_01[0m[1;33mwas not found[0m[1;33m[0m
[gazebo-2] [1;33m[GUI] [Wrn] [toggle_floors.cpp:237] [0m[1;33mNode for [0m[1;33mPK_02[0m[1;33mwas not found[0m[1;33m[0m
[gazebo-2] [1;33m[GUI] [Wrn] [toggle_floors.cpp:237] [0m[1;33mNode for [0m[1;33mPK_01[0m[1;33mwas not found[0m[1;33m[0m
[gazebo-2] [1;33m[GUI] [Wrn] [toggle_floors.cpp:237] [0m[1;33mNode for [0m[1;33mPK_02[0m[1;33mwas not found[0m[1;33m[0m
[gazebo-2] [1;33m[GUI] [Wrn] [toggle_floors.cpp:237] [0m[1;33mNode for [0m[1;33mPK_01[0m[1;33mwas not found[0m[1;33m[0m
[gazebo-2] [1;33m[GUI] [Wrn] [toggle_floors.cpp:237] [0m[1;33mNode for [0m[1;33mPK_02[0m[1;33mwas not found[0m[1;33m[0m
[gazebo-2] [1;33m[GUI] [Wrn] [toggle_floors.cpp:237] [0m[1;33mNode for [0m[1;33mPK_01[0m[1;33mwas not found[0m[1;33m[0m
[gazebo-2] [1;33m[GUI] [Wrn] [toggle_floors.cpp:237] [0m[1;33mNode for [0m[1;33mPK_02[0m[1;33mwas not found[0m[1;33m[0m
[gazebo-2] [1;33m[GUI] [Wrn] [toggle_floors.cpp:237] [0m[1;33mNode for [0m[1;33mPK_01[0m[1;33mwas not found[0m[1;33m[0m
[gazebo-2] [1;33m[GUI] [Wrn] [toggle_floors.cpp:237] [0m[1;33mNode for [0m[1;33mPK_02[0m[1;33mwas not found[0m[1;33m[0m
[gazebo-2] [1;33m[GUI] [Wrn] [toggle_floors.cpp:237] [0m[1;33mNode for [0m[1;33mPK_01[0m[1;33mwas not found[0m[1;33m[0m
[gazebo-2] [1;33m[GUI] [Wrn] [toggle_floors.cpp:237] [0m[1;33mNode for [0m[1;33mPK_02[0m[1;33mwas not found[0m[1;33m[0m
[gazebo-2] [1;33m[GUI] [Wrn] [toggle_floors.cpp:237] [0m[1;33mNode for [0m[1;33mPK_01[0m[1;33mwas not found[0m[1;33m[0m
[gazebo-2] [1;33m[GUI] [Wrn] [toggle_floors.cpp:237] [0m[1;33mNode for [0m[1;33mPK_02[0m[1;33mwas not found[0m[1;33m[0m
[gazebo-2] [1;33m[GUI] [Wrn] [toggle_floors.cpp:237] [0m[1;33mNode for [0m[1;33mPK_01[0m[1;33mwas not found[0m[1;33m[0m
[gazebo-2] [1;33m[GUI] [Wrn] [toggle_floors.cpp:237] [0m[1;33mNode for [0m[1;33mPK_02[0m[1;33mwas not found[0m[1;33m[0m
[gazebo-2] [1;33m[GUI] [Wrn] [toggle_floors.cpp:237] [0m[1;33mNode for [0m[1;33mPK_01[0m[1;33mwas not found[0m[1;33m[0m
[gazebo-2] [1;33m[GUI] [Wrn] [toggle_floors.cpp:237] [0m[1;33mNode for [0m[1;33mPK_02[0m[1;33mwas not found[0m[1;33m[0m
[gazebo-2] [1;33m[GUI] [Wrn] [toggle_floors.cpp:237] [0m[1;33mNode for [0m[1;33mPK_01[0m[1;33mwas not found[0m[1;33m[0m
[gazebo-2] [1;33m[GUI] [Wrn] [toggle_floors.cpp:237] [0m[1;33mNode for [0m[1;33mPK_02[0m[1;33mwas not found[0m[1;33m[0m
[gazebo-2] [1;33m[GUI] [Wrn] [toggle_floors.cpp:237] [0m[1;33mNode for [0m[1;33mPK_01[0m[1;33mwas not found[0m[1;33m[0m
[gazebo-2] [1;33m[GUI] [Wrn] [toggle_floors.cpp:237] [0m[1;33mNode for [0m[1;33mPK_02[0m[1;33mwas not found[0m[1;33m[0m
[gazebo-2] [1;33m[GUI] [Wrn] [toggle_floors.cpp:237] [0m[1;33mNode for [0m[1;33mPK_01[0m[1;33mwas not found[0m[1;33m[0m
[gazebo-2] [1;33m[GUI] [Wrn] [toggle_floors.cpp:237] [0m[1;33mNode for [0m[1;33mPK_02[0m[1;33mwas not found[0m[1;33m[0m
[gazebo-2] [1;33m[GUI] [Wrn] [toggle_floors.cpp:237] [0m[1;33mNode for [0m[1;33mPK_01[0m[1;33mwas not found[0m[1;33m[0m
[gazebo-2] [1;33m[GUI] [Wrn] [toggle_floors.cpp:237] [0m[1;33mNode for [0m[1;33mPK_02[0m[1;33mwas not found[0m[1;33m[0m
[gazebo-2] [1;33m[GUI] [Wrn] [toggle_floors.cpp:237] [0m[1;33mNode for [0m[1;33mPK_01[0m[1;33mwas not found[0m[1;33m[0m
[gazebo-2] [1;33m[GUI] [Wrn] [toggle_floors.cpp:237] [0m[1;33mNode for [0m[1;33mPK_02[0m[1;33mwas not found[0m[1;33m[0m
[gazebo-2] [1;33m[GUI] [Wrn] [toggle_floors.cpp:237] [0m[1;33mNode for [0m[1;33mPK_01[0m[1;33mwas not found[0m[1;33m[0m
[gazebo-2] [1;33m[GUI] [Wrn] [toggle_floors.cpp:237] [0m[1;33mNode for [0m[1;33mPK_02[0m[1;33mwas not found[0m[1;33m[0m
[gazebo-2] [1;33m[GUI] [Wrn] [toggle_floors.cpp:237] [0m[1;33mNode for [0m[1;33mPK_01[0m[1;33mwas not found[0m[1;33m[0m
[gazebo-2] [1;33m[GUI] [Wrn] [toggle_floors.cpp:237] [0m[1;33mNode for [0m[1;33mPK_02[0m[1;33mwas not found[0m[1;33m[0m
[gazebo-2] [1;33m[GUI] [Wrn] [toggle_floors.cpp:237] [0m[1;33mNode for [0m[1;33mPK_01[0m[1;33mwas not found[0m[1;33m[0m
[gazebo-2] [1;33m[GUI] [Wrn] [toggle_floors.cpp:237] [0m[1;33mNode for [0m[1;33mPK_02[0m[1;33mwas not found[0m[1;33m[0m
[gazebo-2] [1;33m[GUI] [Wrn] [toggle_floors.cpp:237] [0m[1;33mNode for [0m[1;33mPK_01[0m[1;33mwas not found[0m[1;33m[0m
[gazebo-2] [1;33m[GUI] [Wrn] [toggle_floors.cpp:237] [0m[1;33mNode for [0m[1;33mPK_02[0m[1;33mwas not found[0m[1;33m[0m
[gazebo-2] [1;33m[GUI] [Wrn] [toggle_floors.cpp:237] [0m[1;33mNode for [0m[1;33mPK_01[0m[1;33mwas not found[0m[1;33m[0m
[gazebo-2] [1;33m[GUI] [Wrn] [toggle_floors.cpp:237] [0m[1;33mNode for [0m[1;33mPK_02[0m[1;33mwas not found[0m[1;33m[0m
[gazebo-2] [1;33m[GUI] [Wrn] [toggle_floors.cpp:237] [0m[1;33mNode for [0m[1;33mPK_01[0m[1;33mwas not found[0m[1;33m[0m
[gazebo-2] [1;33m[GUI] [Wrn] [toggle_floors.cpp:237] [0m[1;33mNode for [0m[1;33mPK_02[0m[1;33mwas not found[0m[1;33m[0m
[gazebo-2] [1;33m[GUI] [Wrn] [toggle_floors.cpp:237] [0m[1;33mNode for [0m[1;33mPK_01[0m[1;33mwas not found[0m[1;33m[0m
[gazebo-2] [1;33m[GUI] [Wrn] [toggle_floors.cpp:237] [0m[1;33mNode for [0m[1;33mPK_02[0m[1;33mwas not found[0m[1;33m[0m
[gazebo-2] [1;33m[GUI] [Wrn] [toggle_floors.cpp:237] [0m[1;33mNode for [0m[1;33mPK_01[0m[1;33mwas not found[0m[1;33m[0m
[gazebo-2] [1;33m[GUI] [Wrn] [toggle_floors.cpp:237] [0m[1;33mNode for [0m[1;33mPK_02[0m[1;33mwas not found[0m[1;33m[0m
[gazebo-2] [1;33m[GUI] [Wrn] [toggle_floors.cpp:237] [0m[1;33mNode for [0m[1;33mPK_01[0m[1;33mwas not found[0m[1;33m[0m
[gazebo-2] [1;33m[GUI] [Wrn] [toggle_floors.cpp:237] [0m[1;33mNode for [0m[1;33mPK_02[0m[1;33mwas not found[0m[1;33m[0m
[gazebo-2] [1;33m[GUI] [Wrn] [toggle_floors.cpp:237] [0m[1;33mNode for [0m[1;33mPK_01[0m[1;33mwas not found[0m[1;33m[0m
[gazebo-2] [1;33m[GUI] [Wrn] [toggle_floors.cpp:237] [0m[1;33mNode for [0m[1;33mPK_02[0m[1;33mwas not found[0m[1;33m[0m
[gazebo-2] [1;33m[GUI] [Wrn] [toggle_floors.cpp:237] [0m[1;33mNode for [0m[1;33mPK_01[0m[1;33mwas not found[0m[1;33m[0m
[gazebo-2] [1;33m[GUI] [Wrn] [toggle_floors.cpp:237] [0m[1;33mNode for [0m[1;33mPK_02[0m[1;33mwas not found[0m[1;33m[0m
[gazebo-2] [1;33m[GUI] [Wrn] [toggle_floors.cpp:237] [0m[1;33mNode for [0m[1;33mPK_01[0m[1;33mwas not found[0m[1;33m[0m
[gazebo-2] [1;33m[GUI] [Wrn] [toggle_floors.cpp:237] [0m[1;33mNode for [0m[1;33mPK_02[0m[1;33mwas not found[0m[1;33m[0m
[gazebo-2] [1;33m[GUI] [Wrn] [toggle_floors.cpp:237] [0m[1;33mNode for [0m[1;33mPK_01[0m[1;33mwas not found[0m[1;33m[0m
[gazebo-2] [1;33m[GUI] [Wrn] [toggle_floors.cpp:237] [0m[1;33mNode for [0m[1;33mPK_02[0m[1;33mwas not found[0m[1;33m[0m
[gazebo-2] [1;33m[GUI] [Wrn] [toggle_floors.cpp:237] [0m[1;33mNode for [0m[1;33mPK_01[0m[1;33mwas not found[0m[1;33m[0m
[gazebo-2] [1;33m[GUI] [Wrn] [toggle_floors.cpp:237] [0m[1;33mNode for [0m[1;33mPK_02[0m[1;33mwas not found[0m[1;33m[0m
[gazebo-2] [1;33m[GUI] [Wrn] [toggle_floors.cpp:237] [0m[1;33mNode for [0m[1;33mPK_01[0m[1;33mwas not found[0m[1;33m[0m
[gazebo-2] [1;33m[GUI] [Wrn] [toggle_floors.cpp:237] [0m[1;33mNode for [0m[1;33mPK_02[0m[1;33mwas not found[0m[1;33m[0m
[gazebo-2] [1;33m[GUI] [Wrn] [toggle_floors.cpp:237] [0m[1;33mNode for [0m[1;33mPK_01[0m[1;33mwas not found[0m[1;33m[0m
[gazebo-2] [1;33m[GUI] [Wrn] [toggle_floors.cpp:237] [0m[1;33mNode for [0m[1;33mPK_02[0m[1;33mwas not found[0m[1;33m[0m
[gazebo-2] [1;33m[GUI] [Wrn] [toggle_floors.cpp:237] [0m[1;33mNode for [0m[1;33mPK_01[0m[1;33mwas not found[0m[1;33m[0m
[gazebo-2] [1;33m[GUI] [Wrn] [toggle_floors.cpp:237] [0m[1;33mNode for [0m[1;33mPK_02[0m[1;33mwas not found[0m[1;33m[0m
[gazebo-2] [1;33m[GUI] [Wrn] [toggle_floors.cpp:237] [0m[1;33mNode for [0m[1;33mPK_01[0m[1;33mwas not found[0m[1;33m[0m
[gazebo-2] [1;33m[GUI] [Wrn] [toggle_floors.cpp:237] [0m[1;33mNode for [0m[1;33mPK_02[0m[1;33mwas not found[0m[1;33m[0m
[gazebo-2] [1;33m[GUI] [Wrn] [toggle_floors.cpp:237] [0m[1;33mNode for [0m[1;33mPK_01[0m[1;33mwas not found[0m[1;33m[0m
[gazebo-2] [1;33m[GUI] [Wrn] [toggle_floors.cpp:237] [0m[1;33mNode for [0m[1;33mPK_02[0m[1;33mwas not found[0m[1;33m[0m
[gazebo-2] [1;33m[GUI] [Wrn] [toggle_floors.cpp:237] [0m[1;33mNode for [0m[1;33mPK_01[0m[1;33mwas not found[0m[1;33m[0m
[gazebo-2] [1;33m[GUI] [Wrn] [toggle_floors.cpp:237] [0m[1;33mNode for [0m[1;33mPK_02[0m[1;33mwas not found[0m[1;33m[0m
[gazebo-2] [1;33m[GUI] [Wrn] [toggle_floors.cpp:237] [0m[1;33mNode for [0m[1;33mPK_01[0m[1;33mwas not found[0m[1;33m[0m
[gazebo-2] [1;33m[GUI] [Wrn] [toggle_floors.cpp:237] [0m[1;33mNode for [0m[1;33mPK_02[0m[1;33mwas not found[0m[1;33m[0m
[gazebo-2] [1;33m[GUI] [Wrn] [toggle_floors.cpp:237] [0m[1;33mNode for [0m[1;33mPK_01[0m[1;33mwas not found[0m[1;33m[0m
[gazebo-2] [1;33m[GUI] [Wrn] [toggle_floors.cpp:237] [0m[1;33mNode for [0m[1;33mPK_02[0m[1;33mwas not found[0m[1;33m[0m
[gazebo-2] [1;33m[GUI] [Wrn] [toggle_floors.cpp:237] [0m[1;33mNode for [0m[1;33mPK_01[0m[1;33mwas not found[0m[1;33m[0m
[gazebo-2] [1;33m[GUI] [Wrn] [toggle_floors.cpp:237] [0m[1;33mNode for [0m[1;33mPK_02[0m[1;33mwas not found[0m[1;33m[0m
[gazebo-2] [1;33m[GUI] [Wrn] [toggle_floors.cpp:237] [0m[1;33mNode for [0m[1;33mPK_01[0m[1;33mwas not found[0m[1;33m[0m
[gazebo-2] [1;33m[GUI] [Wrn] [toggle_floors.cpp:237] [0m[1;33mNode for [0m[1;33mPK_02[0m[1;33mwas not found[0m[1;33m[0m
[gazebo-2] [1;33m[GUI] [Wrn] [toggle_floors.cpp:237] [0m[1;33mNode for [0m[1;33mPK_01[0m[1;33mwas not found[0m[1;33m[0m
[gazebo-2] [1;33m[GUI] [Wrn] [toggle_floors.cpp:237] [0m[1;33mNode for [0m[1;33mPK_02[0m[1;33mwas not found[0m[1;33m[0m
[gazebo-2] [1;33m[GUI] [Wrn] [toggle_floors.cpp:237] [0m[1;33mNode for [0m[1;33mPK_01[0m[1;33mwas not found[0m[1;33m[0m
[gazebo-2] [1;33m[GUI] [Wrn] [toggle_floors.cpp:237] [0m[1;33mNode for [0m[1;33mPK_02[0m[1;33mwas not found[0m[1;33m[0m
[gazebo-2] [1;33m[GUI] [Wrn] [toggle_floors.cpp:237] [0m[1;33mNode for [0m[1;33mPK_01[0m[1;33mwas not found[0m[1;33m[0m
[gazebo-2] [1;33m[GUI] [Wrn] [toggle_floors.cpp:237] [0m[1;33mNode for [0m[1;33mPK_02[0m[1;33mwas not found[0m[1;33m[0m
[gazebo-2] [1;33m[GUI] [Wrn] [toggle_floors.cpp:237] [0m[1;33mNode for [0m[1;33mPK_01[0m[1;33mwas not found[0m[1;33m[0m
[gazebo-2] [1;33m[GUI] [Wrn] [toggle_floors.cpp:237] [0m[1;33mNode for [0m[1;33mPK_02[0m[1;33mwas not found[0m[1;33m[0m
[gazebo-2] [1;33m[GUI] [Wrn] [toggle_floors.cpp:237] [0m[1;33mNode for [0m[1;33mPK_01[0m[1;33mwas not found[0m[1;33m[0m
[gazebo-2] [1;33m[GUI] [Wrn] [toggle_floors.cpp:237] [0m[1;33mNode for [0m[1;33mPK_02[0m[1;33mwas not found[0m[1;33m[0m
[gazebo-2] [1;33m[GUI] [Wrn] [toggle_floors.cpp:237] [0m[1;33mNode for [0m[1;33mPK_01[0m[1;33mwas not found[0m[1;33m[0m
[gazebo-2] [1;33m[GUI] [Wrn] [toggle_floors.cpp:237] [0m[1;33mNode for [0m[1;33mPK_02[0m[1;33mwas not found[0m[1;33m[0m
[gazebo-2] [1;33m[GUI] [Wrn] [toggle_floors.cpp:237] [0m[1;33mNode for [0m[1;33mPK_01[0m[1;33mwas not found[0m[1;33m[0m
[gazebo-2] [1;33m[GUI] [Wrn] [toggle_floors.cpp:237] [0m[1;33mNode for [0m[1;33mPK_02[0m[1;33mwas not found[0m[1;33m[0m
[gazebo-2] [1;33m[GUI] [Wrn] [toggle_floors.cpp:237] [0m[1;33mNode for [0m[1;33mPK_01[0m[1;33mwas not found[0m[1;33m[0m
[gazebo-2] [1;33m[GUI] [Wrn] [toggle_floors.cpp:237] [0m[1;33mNode for [0m[1;33mPK_02[0m[1;33mwas not found[0m[1;33m[0m
[gazebo-2] [1;33m[GUI] [Wrn] [toggle_floors.cpp:237] [0m[1;33mNode for [0m[1;33mPK_01[0m[1;33mwas not found[0m[1;33m[0m
[gazebo-2] [1;33m[GUI] [Wrn] [toggle_floors.cpp:237] [0m[1;33mNode for [0m[1;33mPK_02[0m[1;33mwas not found[0m[1;33m[0m
[gazebo-2] [1;33m[GUI] [Wrn] [toggle_floors.cpp:237] [0m[1;33mNode for [0m[1;33mPK_01[0m[1;33mwas not found[0m[1;33m[0m
[gazebo-2] [1;33m[GUI] [Wrn] [toggle_floors.cpp:237] [0m[1;33mNode for [0m[1;33mPK_02[0m[1;33mwas not found[0m[1;33m[0m
[gazebo-2] [1;33m[GUI] [Wrn] [toggle_floors.cpp:237] [0m[1;33mNode for [0m[1;33mPK_01[0m[1;33mwas not found[0m[1;33m[0m
[gazebo-2] [1;33m[GUI] [Wrn] [toggle_floors.cpp:237] [0m[1;33mNode for [0m[1;33mPK_02[0m[1;33mwas not found[0m[1;33m[0m
[gazebo-2] [1;33m[GUI] [Wrn] [toggle_floors.cpp:237] [0m[1;33mNode for [0m[1;33mPK_01[0m[1;33mwas not found[0m[1;33m[0m
[gazebo-2] [1;33m[GUI] [Wrn] [toggle_floors.cpp:237] [0m[1;33mNode for [0m[1;33mPK_02[0m[1;33mwas not found[0m[1;33m[0m
[gazebo-2] [1;33m[GUI] [Wrn] [toggle_floors.cpp:237] [0m[1;33mNode for [0m[1;33mPK_01[0m[1;33mwas not found[0m[1;33m[0m
[gazebo-2] [1;33m[GUI] [Wrn] [toggle_floors.cpp:237] [0m[1;33mNode for [0m[1;33mPK_02[0m[1;33mwas not found[0m[1;33m[0m
[gazebo-2] [1;33m[GUI] [Wrn] [toggle_floors.cpp:237] [0m[1;33mNode for [0m[1;33mPK_01[0m[1;33mwas not found[0m[1;33m[0m
[gazebo-2] [1;33m[GUI] [Wrn] [toggle_floors.cpp:237] [0m[1;33mNode for [0m[1;33mPK_02[0m[1;33mwas not found[0m[1;33m[0m
[gazebo-2] [1;33m[GUI] [Wrn] [toggle_floors.cpp:237] [0m[1;33mNode for [0m[1;33mPK_01[0m[1;33mwas not found[0m[1;33m[0m
[gazebo-2] [1;33m[GUI] [Wrn] [toggle_floors.cpp:237] [0m[1;33mNode for [0m[1;33mPK_02[0m[1;33mwas not found[0m[1;33m[0m
[gazebo-2] [1;33m[GUI] [Wrn] [toggle_floors.cpp:237] [0m[1;33mNode for [0m[1;33mPK_01[0m[1;33mwas not found[0m[1;33m[0m
[gazebo-2] [1;33m[GUI] [Wrn] [toggle_floors.cpp:237] [0m[1;33mNode for [0m[1;33mPK_02[0m[1;33mwas not found[0m[1;33m[0m
[gazebo-2] [1;33m[GUI] [Wrn] [toggle_floors.cpp:237] [0m[1;33mNode for [0m[1;33mPK_01[0m[1;33mwas not found[0m[1;33m[0m
[gazebo-2] [1;33m[GUI] [Wrn] [toggle_floors.cpp:237] [0m[1;33mNode for [0m[1;33mPK_02[0m[1;33mwas not found[0m[1;33m[0m
[gazebo-2] [1;33m[GUI] [Wrn] [toggle_floors.cpp:237] [0m[1;33mNode for [0m[1;33mPK_01[0m[1;33mwas not found[0m[1;33m[0m
[gazebo-2] [1;33m[GUI] [Wrn] [toggle_floors.cpp:237] [0m[1;33mNode for [0m[1;33mPK_02[0m[1;33mwas not found[0m[1;33m[0m
[gazebo-2] [1;33m[GUI] [Wrn] [toggle_floors.cpp:237] [0m[1;33mNode for [0m[1;33mPK_01[0m[1;33mwas not found[0m[1;33m[0m
[gazebo-2] [1;33m[GUI] [Wrn] [toggle_floors.cpp:237] [0m[1;33mNode for [0m[1;33mPK_02[0m[1;33mwas not found[0m[1;33m[0m
[gazebo-2] [1;33m[GUI] [Wrn] [toggle_floors.cpp:237] [0m[1;33mNode for [0m[1;33mPK_01[0m[1;33mwas not found[0m[1;33m[0m
[gazebo-2] [1;33m[GUI] [Wrn] [toggle_floors.cpp:237] [0m[1;33mNode for [0m[1;33mPK_02[0m[1;33mwas not found[0m[1;33m[0m
[gazebo-2] [1;33m[GUI] [Wrn] [toggle_floors.cpp:237] [0m[1;33mNode for [0m[1;33mPK_01[0m[1;33mwas not found[0m[1;33m[0m
[gazebo-2] [1;33m[GUI] [Wrn] [toggle_floors.cpp:237] [0m[1;33mNode for [0m[1;33mPK_02[0m[1;33mwas not found[0m[1;33m[0m
[gazebo-2] [1;33m[GUI] [Wrn] [toggle_floors.cpp:237] [0m[1;33mNode for [0m[1;33mPK_01[0m[1;33mwas not found[0m[1;33m[0m
[gazebo-2] [1;33m[GUI] [Wrn] [toggle_floors.cpp:237] [0m[1;33mNode for [0m[1;33mPK_02[0m[1;33mwas not found[0m[1;33m[0m
[gazebo-2] [1;33m[GUI] [Wrn] [toggle_floors.cpp:237] [0m[1;33mNode for [0m[1;33mPK_01[0m[1;33mwas not found[0m[1;33m[0m
[gazebo-2] [1;33m[GUI] [Wrn] [toggle_floors.cpp:237] [0m[1;33mNode for [0m[1;33mPK_02[0m[1;33mwas not found[0m[1;33m[0m
[gazebo-2] [1;33m[GUI] [Wrn] [toggle_floors.cpp:237] [0m[1;33mNode for [0m[1;33mPK_01[0m[1;33mwas not found[0m[1;33m[0m
[gazebo-2] [1;33m[GUI] [Wrn] [toggle_floors.cpp:237] [0m[1;33mNode for [0m[1;33mPK_02[0m[1;33mwas not found[0m[1;33m[0m
[gazebo-2] [1;33m[GUI] [Wrn] [toggle_floors.cpp:237] [0m[1;33mNode for [0m[1;33mPK_01[0m[1;33mwas not found[0m[1;33m[0m
[gazebo-2] [1;33m[GUI] [Wrn] [toggle_floors.cpp:237] [0m[1;33mNode for [0m[1;33mPK_02[0m[1;33mwas not found[0m[1;33m[0m
[gazebo-2] [1;33m[GUI] [Wrn] [toggle_floors.cpp:237] [0m[1;33mNode for [0m[1;33mPK_01[0m[1;33mwas not found[0m[1;33m[0m
[gazebo-2] [1;33m[GUI] [Wrn] [toggle_floors.cpp:237] [0m[1;33mNode for [0m[1;33mPK_02[0m[1;33mwas not found[0m[1;33m[0m
[gazebo-2] [1;33m[GUI] [Wrn] [toggle_floors.cpp:237] [0m[1;33mNode for [0m[1;33mPK_01[0m[1;33mwas not found[0m[1;33m[0m
[gazebo-2] [1;33m[GUI] [Wrn] [toggle_floors.cpp:237] [0m[1;33mNode for [0m[1;33mPK_02[0m[1;33mwas not found[0m[1;33m[0m
[gazebo-2] [1;33m[GUI] [Wrn] [toggle_floors.cpp:237] [0m[1;33mNode for [0m[1;33mPK_01[0m[1;33mwas not found[0m[1;33m[0m
[gazebo-2] [1;33m[GUI] [Wrn] [toggle_floors.cpp:237] [0m[1;33mNode for [0m[1;33mPK_02[0m[1;33mwas not found[0m[1;33m[0m
[gazebo-2] [1;33m[GUI] [Wrn] [toggle_floors.cpp:237] [0m[1;33mNode for [0m[1;33mPK_01[0m[1;33mwas not found[0m[1;33m[0m
[gazebo-2] [1;33m[GUI] [Wrn] [toggle_floors.cpp:237] [0m[1;33mNode for [0m[1;33mPK_02[0m[1;33mwas not found[0m[1;33m[0m
[gazebo-2] [1;33m[GUI] [Wrn] [toggle_floors.cpp:237] [0m[1;33mNode for [0m[1;33mPK_01[0m[1;33mwas not found[0m[1;33m[0m
[gazebo-2] [1;33m[GUI] [Wrn] [toggle_floors.cpp:237] [0m[1;33mNode for [0m[1;33mPK_02[0m[1;33mwas not found[0m[1;33m[0m
[gazebo-2] [1;33m[GUI] [Wrn] [toggle_floors.cpp:237] [0m[1;33mNode for [0m[1;33mPK_01[0m[1;33mwas not found[0m[1;33m[0m
[gazebo-2] [1;33m[GUI] [Wrn] [toggle_floors.cpp:237] [0m[1;33mNode for [0m[1;33mPK_02[0m[1;33mwas not found[0m[1;33m[0m
[gazebo-2] [1;33m[GUI] [Wrn] [toggle_floors.cpp:237] [0m[1;33mNode for [0m[1;33mPK_01[0m[1;33mwas not found[0m[1;33m[0m
[gazebo-2] [1;33m[GUI] [Wrn] [toggle_floors.cpp:237] [0m[1;33mNode for [0m[1;33mPK_02[0m[1;33mwas not found[0m[1;33m[0m
[gazebo-2] [1;33m[GUI] [Wrn] [toggle_floors.cpp:237] [0m[1;33mNode for [0m[1;33mPK_01[0m[1;33mwas not found[0m[1;33m[0m
[gazebo-2] [1;33m[GUI] [Wrn] [toggle_floors.cpp:237] [0m[1;33mNode for [0m[1;33mPK_02[0m[1;33mwas not found[0m[1;33m[0m
[gazebo-2] [1;33m[GUI] [Wrn] [toggle_floors.cpp:237] [0m[1;33mNode for [0m[1;33mPK_01[0m[1;33mwas not found[0m[1;33m[0m
[gazebo-2] [1;33m[GUI] [Wrn] [toggle_floors.cpp:237] [0m[1;33mNode for [0m[1;33mPK_02[0m[1;33mwas not found[0m[1;33m[0m
[gazebo-2] [1;33m[GUI] [Wrn] [toggle_floors.cpp:237] [0m[1;33mNode for [0m[1;33mPK_01[0m[1;33mwas not found[0m[1;33m[0m
[gazebo-2] [1;33m[GUI] [Wrn] [toggle_floors.cpp:237] [0m[1;33mNode for [0m[1;33mPK_02[0m[1;33mwas not found[0m[1;33m[0m
[gazebo-2] [1;33m[GUI] [Wrn] [toggle_floors.cpp:237] [0m[1;33mNode for [0m[1;33mPK_01[0m[1;33mwas not found[0m[1;33m[0m
[gazebo-2] [1;33m[GUI] [Wrn] [toggle_floors.cpp:237] [0m[1;33mNode for [0m[1;33mPK_02[0m[1;33mwas not found[0m[1;33m[0m
[gazebo-2] [1;33m[GUI] [Wrn] [toggle_floors.cpp:237] [0m[1;33mNode for [0m[1;33mPK_01[0m[1;33mwas not found[0m[1;33m[0m
[gazebo-2] [1;33m[GUI] [Wrn] [toggle_floors.cpp:237] [0m[1;33mNode for [0m[1;33mPK_02[0m[1;33mwas not found[0m[1;33m[0m
[gazebo-2] [1;33m[GUI] [Wrn] [toggle_floors.cpp:237] [0m[1;33mNode for [0m[1;33mPK_01[0m[1;33mwas not found[0m[1;33m[0m
[gazebo-2] [1;33m[GUI] [Wrn] [toggle_floors.cpp:237] [0m[1;33mNode for [0m[1;33mPK_02[0m[1;33mwas not found[0m[1;33m[0m
[gazebo-2] [1;33m[GUI] [Wrn] [toggle_floors.cpp:237] [0m[1;33mNode for [0m[1;33mPK_01[0m[1;33mwas not found[0m[1;33m[0m
[gazebo-2] [1;33m[GUI] [Wrn] [toggle_floors.cpp:237] [0m[1;33mNode for [0m[1;33mPK_02[0m[1;33mwas not found[0m[1;33m[0m
[gazebo-2] [1;33m[GUI] [Wrn] [toggle_floors.cpp:237] [0m[1;33mNode for [0m[1;33mPK_01[0m[1;33mwas not found[0m[1;33m[0m
[gazebo-2] [1;33m[GUI] [Wrn] [toggle_floors.cpp:237] [0m[1;33mNode for [0m[1;33mPK_02[0m[1;33mwas not found[0m[1;33m[0m
[gazebo-2] [1;33m[GUI] [Wrn] [toggle_floors.cpp:237] [0m[1;33mNode for [0m[1;33mPK_01[0m[1;33mwas not found[0m[1;33m[0m
[gazebo-2] [1;33m[GUI] [Wrn] [toggle_floors.cpp:237] [0m[1;33mNode for [0m[1;33mPK_02[0m[1;33mwas not found[0m[1;33m[0m
[gazebo-2] [1;33m[GUI] [Wrn] [toggle_floors.cpp:237] [0m[1;33mNode for [0m[1;33mPK_01[0m[1;33mwas not found[0m[1;33m[0m
[gazebo-2] [1;33m[GUI] [Wrn] [toggle_floors.cpp:237] [0m[1;33mNode for [0m[1;33mPK_02[0m[1;33mwas not found[0m[1;33m[0m
[gazebo-2] [1;33m[GUI] [Wrn] [toggle_floors.cpp:237] [0m[1;33mNode for [0m[1;33mPK_01[0m[1;33mwas not found[0m[1;33m[0m
[gazebo-2] [1;33m[GUI] [Wrn] [toggle_floors.cpp:237] [0m[1;33mNode for [0m[1;33mPK_02[0m[1;33mwas not found[0m[1;33m[0m
[gazebo-2] [1;33m[GUI] [Wrn] [toggle_floors.cpp:237] [0m[1;33mNode for [0m[1;33mPK_01[0m[1;33mwas not found[0m[1;33m[0m
[gazebo-2] [1;33m[GUI] [Wrn] [toggle_floors.cpp:237] [0m[1;33mNode for [0m[1;33mPK_02[0m[1;33mwas not found[0m[1;33m[0m
[gazebo-2] [1;33m[GUI] [Wrn] [toggle_floors.cpp:237] [0m[1;33mNode for [0m[1;33mPK_01[0m[1;33mwas not found[0m[1;33m[0m
[gazebo-2] [1;33m[GUI] [Wrn] [toggle_floors.cpp:237] [0m[1;33mNode for [0m[1;33mPK_02[0m[1;33mwas not found[0m[1;33m[0m
[gazebo-2] [1;33m[GUI] [Wrn] [toggle_floors.cpp:237] [0m[1;33mNode for [0m[1;33mPK_01[0m[1;33mwas not found[0m[1;33m[0m
[gazebo-2] [1;33m[GUI] [Wrn] [toggle_floors.cpp:237] [0m[1;33mNode for [0m[1;33mPK_02[0m[1;33mwas not found[0m[1;33m[0m
[gazebo-2] [1;33m[GUI] [Wrn] [toggle_floors.cpp:237] [0m[1;33mNode for [0m[1;33mPK_01[0m[1;33mwas not found[0m[1;33m[0m
[gazebo-2] [1;33m[GUI] [Wrn] [toggle_floors.cpp:237] [0m[1;33mNode for [0m[1;33mPK_02[0m[1;33mwas not found[0m[1;33m[0m
[gazebo-2] [1;33m[GUI] [Wrn] [toggle_floors.cpp:237] [0m[1;33mNode for [0m[1;33mPK_01[0m[1;33mwas not found[0m[1;33m[0m
[gazebo-2] [1;33m[GUI] [Wrn] [toggle_floors.cpp:237] [0m[1;33mNode for [0m[1;33mPK_02[0m[1;33mwas not found[0m[1;33m[0m
[gazebo-2] [1;33m[GUI] [Wrn] [toggle_floors.cpp:237] [0m[1;33mNode for [0m[1;33mPK_01[0m[1;33mwas not found[0m[1;33m[0m
[gazebo-2] [1;33m[GUI] [Wrn] [toggle_floors.cpp:237] [0m[1;33mNode for [0m[1;33mPK_02[0m[1;33mwas not found[0m[1;33m[0m
[gazebo-2] [1;33m[GUI] [Wrn] [toggle_floors.cpp:237] [0m[1;33mNode for [0m[1;33mPK_01[0m[1;33mwas not found[0m[1;33m[0m
[gazebo-2] [1;33m[GUI] [Wrn] [toggle_floors.cpp:237] [0m[1;33mNode for [0m[1;33mPK_02[0m[1;33mwas not found[0m[1;33m[0m
[gazebo-2] [1;33m[GUI] [Wrn] [toggle_floors.cpp:237] [0m[1;33mNode for [0m[1;33mPK_01[0m[1;33mwas not found[0m[1;33m[0m
[gazebo-2] [1;33m[GUI] [Wrn] [toggle_floors.cpp:237] [0m[1;33mNode for [0m[1;33mPK_02[0m[1;33mwas not found[0m[1;33m[0m
[gazebo-2] [1;33m[GUI] [Wrn] [toggle_floors.cpp:237] [0m[1;33mNode for [0m[1;33mPK_01[0m[1;33mwas not found[0m[1;33m[0m
[gazebo-2] [1;33m[GUI] [Wrn] [toggle_floors.cpp:237] [0m[1;33mNode for [0m[1;33mPK_02[0m[1;33mwas not found[0m[1;33m[0m
[gazebo-2] [1;33m[GUI] [Wrn] [toggle_floors.cpp:237] [0m[1;33mNode for [0m[1;33mPK_01[0m[1;33mwas not found[0m[1;33m[0m
[gazebo-2] [1;33m[GUI] [Wrn] [toggle_floors.cpp:237] [0m[1;33mNode for [0m[1;33mPK_02[0m[1;33mwas not found[0m[1;33m[0m
[gazebo-2] [1;33m[GUI] [Wrn] [toggle_floors.cpp:237] [0m[1;33mNode for [0m[1;33mPK_01[0m[1;33mwas not found[0m[1;33m[0m
[gazebo-2] [1;33m[GUI] [Wrn] [toggle_floors.cpp:237] [0m[1;33mNode for [0m[1;33mPK_02[0m[1;33mwas not found[0m[1;33m[0m
[gazebo-2] [1;33m[GUI] [Wrn] [toggle_floors.cpp:237] [0m[1;33mNode for [0m[1;33mPK_01[0m[1;33mwas not found[0m[1;33m[0m
[gazebo-2] [1;33m[GUI] [Wrn] [toggle_floors.cpp:237] [0m[1;33mNode for [0m[1;33mPK_02[0m[1;33mwas not found[0m[1;33m[0m
[gazebo-2] [1;33m[GUI] [Wrn] [toggle_floors.cpp:237] [0m[1;33mNode for [0m[1;33mPK_01[0m[1;33mwas not found[0m[1;33m[0m
[gazebo-2] [1;33m[GUI] [Wrn] [toggle_floors.cpp:237] [0m[1;33mNode for [0m[1;33mPK_02[0m[1;33mwas not found[0m[1;33m[0m
[gazebo-2] [1;33m[GUI] [Wrn] [toggle_floors.cpp:237] [0m[1;33mNode for [0m[1;33mPK_01[0m[1;33mwas not found[0m[1;33m[0m
[gazebo-2] [1;33m[GUI] [Wrn] [toggle_floors.cpp:237] [0m[1;33mNode for [0m[1;33mPK_02[0m[1;33mwas not found[0m[1;33m[0m
[gazebo-2] [1;33m[GUI] [Wrn] [toggle_floors.cpp:237] [0m[1;33mNode for [0m[1;33mPK_01[0m[1;33mwas not found[0m[1;33m[0m
[gazebo-2] [1;33m[GUI] [Wrn] [toggle_floors.cpp:237] [0m[1;33mNode for [0m[1;33mPK_02[0m[1;33mwas not found[0m[1;33m[0m
[gazebo-2] [1;33m[GUI] [Wrn] [toggle_floors.cpp:237] [0m[1;33mNode for [0m[1;33mPK_01[0m[1;33mwas not found[0m[1;33m[0m
[gazebo-2] [1;33m[GUI] [Wrn] [toggle_floors.cpp:237] [0m[1;33mNode for [0m[1;33mPK_02[0m[1;33mwas not found[0m[1;33m[0m
[gazebo-2] [1;33m[GUI] [Wrn] [toggle_floors.cpp:237] [0m[1;33mNode for [0m[1;33mPK_01[0m[1;33mwas not found[0m[1;33m[0m
[gazebo-2] [1;33m[GUI] [Wrn] [toggle_floors.cpp:237] [0m[1;33mNode for [0m[1;33mPK_02[0m[1;33mwas not found[0m[1;33m[0m
[gazebo-2] [1;33m[GUI] [Wrn] [toggle_floors.cpp:237] [0m[1;33mNode for [0m[1;33mPK_01[0m[1;33mwas not found[0m[1;33m[0m
[gazebo-2] [1;33m[GUI] [Wrn] [toggle_floors.cpp:237] [0m[1;33mNode for [0m[1;33mPK_02[0m[1;33mwas not found[0m[1;33m[0m
[gazebo-2] [1;33m[GUI] [Wrn] [toggle_floors.cpp:237] [0m[1;33mNode for [0m[1;33mPK_01[0m[1;33mwas not found[0m[1;33m[0m
[gazebo-2] [1;33m[GUI] [Wrn] [toggle_floors.cpp:237] [0m[1;33mNode for [0m[1;33mPK_02[0m[1;33mwas not found[0m[1;33m[0m
[gazebo-2] [1;33m[GUI] [Wrn] [toggle_floors.cpp:237] [0m[1;33mNode for [0m[1;33mPK_01[0m[1;33mwas not found[0m[1;33m[0m
[gazebo-2] [1;33m[GUI] [Wrn] [toggle_floors.cpp:237] [0m[1;33mNode for [0m[1;33mPK_02[0m[1;33mwas not found[0m[1;33m[0m
[gazebo-2] [1;33m[GUI] [Wrn] [toggle_floors.cpp:237] [0m[1;33mNode for [0m[1;33mPK_01[0m[1;33mwas not found[0m[1;33m[0m
[gazebo-2] [1;33m[GUI] [Wrn] [toggle_floors.cpp:237] [0m[1;33mNode for [0m[1;33mPK_02[0m[1;33mwas not found[0m[1;33m[0m
[gazebo-2] [1;33m[GUI] [Wrn] [toggle_floors.cpp:237] [0m[1;33mNode for [0m[1;33mPK_01[0m[1;33mwas not found[0m[1;33m[0m
[gazebo-2] [1;33m[GUI] [Wrn] [toggle_floors.cpp:237] [0m[1;33mNode for [0m[1;33mPK_02[0m[1;33mwas not found[0m[1;33m[0m
[gazebo-2] [1;33m[GUI] [Wrn] [toggle_floors.cpp:237] [0m[1;33mNode for [0m[1;33mPK_01[0m[1;33mwas not found[0m[1;33m[0m
[gazebo-2] [1;33m[GUI] [Wrn] [toggle_floors.cpp:237] [0m[1;33mNode for [0m[1;33mPK_02[0m[1;33mwas not found[0m[1;33m[0m
[gazebo-2] [1;33m[GUI] [Wrn] [toggle_floors.cpp:237] [0m[1;33mNode for [0m[1;33mPK_01[0m[1;33mwas not found[0m[1;33m[0m
[gazebo-2] [1;33m[GUI] [Wrn] [toggle_floors.cpp:237] [0m[1;33mNode for [0m[1;33mPK_02[0m[1;33mwas not found[0m[1;33m[0m
[gazebo-2] [1;33m[GUI] [Wrn] [toggle_floors.cpp:237] [0m[1;33mNode for [0m[1;33mPK_01[0m[1;33mwas not found[0m[1;33m[0m
[gazebo-2] [1;33m[GUI] [Wrn] [toggle_floors.cpp:237] [0m[1;33mNode for [0m[1;33mPK_02[0m[1;33mwas not found[0m[1;33m[0m
[gazebo-2] [1;33m[GUI] [Wrn] [toggle_floors.cpp:237] [0m[1;33mNode for [0m[1;33mPK_01[0m[1;33mwas not found[0m[1;33m[0m
[gazebo-2] [1;33m[GUI] [Wrn] [toggle_floors.cpp:237] [0m[1;33mNode for [0m[1;33mPK_02[0m[1;33mwas not found[0m[1;33m[0m
[gazebo-2] [1;33m[GUI] [Wrn] [toggle_floors.cpp:237] [0m[1;33mNode for [0m[1;33mPK_01[0m[1;33mwas not found[0m[1;33m[0m
[gazebo-2] [1;33m[GUI] [Wrn] [toggle_floors.cpp:237] [0m[1;33mNode for [0m[1;33mPK_02[0m[1;33mwas not found[0m[1;33m[0m
[gazebo-2] [1;33m[GUI] [Wrn] [toggle_floors.cpp:237] [0m[1;33mNode for [0m[1;33mPK_01[0m[1;33mwas not found[0m[1;33m[0m
[gazebo-2] [1;33m[GUI] [Wrn] [toggle_floors.cpp:237] [0m[1;33mNode for [0m[1;33mPK_02[0m[1;33mwas not found[0m[1;33m[0m
[gazebo-2] [1;33m[GUI] [Wrn] [toggle_floors.cpp:237] [0m[1;33mNode for [0m[1;33mPK_01[0m[1;33mwas not found[0m[1;33m[0m
[gazebo-2] [1;33m[GUI] [Wrn] [toggle_floors.cpp:237] [0m[1;33mNode for [0m[1;33mPK_02[0m[1;33mwas not found[0m[1;33m[0m
[gazebo-2] [1;33m[GUI] [Wrn] [toggle_floors.cpp:237] [0m[1;33mNode for [0m[1;33mPK_01[0m[1;33mwas not found[0m[1;33m[0m
[gazebo-2] [1;33m[GUI] [Wrn] [toggle_floors.cpp:237] [0m[1;33mNode for [0m[1;33mPK_02[0m[1;33mwas not found[0m[1;33m[0m
[gazebo-2] [1;33m[GUI] [Wrn] [toggle_floors.cpp:237] [0m[1;33mNode for [0m[1;33mPK_01[0m[1;33mwas not found[0m[1;33m[0m
[gazebo-2] [1;33m[GUI] [Wrn] [toggle_floors.cpp:237] [0m[1;33mNode for [0m[1;33mPK_02[0m[1;33mwas not found[0m[1;33m[0m
[gazebo-2] [1;33m[GUI] [Wrn] [toggle_floors.cpp:237] [0m[1;33mNode for [0m[1;33mPK_01[0m[1;33mwas not found[0m[1;33m[0m
[gazebo-2] [1;33m[GUI] [Wrn] [toggle_floors.cpp:237] [0m[1;33mNode for [0m[1;33mPK_02[0m[1;33mwas not found[0m[1;33m[0m
[gazebo-2] [1;33m[GUI] [Wrn] [toggle_floors.cpp:237] [0m[1;33mNode for [0m[1;33mPK_01[0m[1;33mwas not found[0m[1;33m[0m
[gazebo-2] [1;33m[GUI] [Wrn] [toggle_floors.cpp:237] [0m[1;33mNode for [0m[1;33mPK_02[0m[1;33mwas not found[0m[1;33m[0m
[gazebo-2] [1;33m[GUI] [Wrn] [toggle_floors.cpp:237] [0m[1;33mNode for [0m[1;33mPK_01[0m[1;33mwas not found[0m[1;33m[0m
[gazebo-2] [1;33m[GUI] [Wrn] [toggle_floors.cpp:237] [0m[1;33mNode for [0m[1;33mPK_02[0m[1;33mwas not found[0m[1;33m[0m
[gazebo-2] [1;33m[GUI] [Wrn] [toggle_floors.cpp:237] [0m[1;33mNode for [0m[1;33mPK_01[0m[1;33mwas not found[0m[1;33m[0m
[gazebo-2] [1;33m[GUI] [Wrn] [toggle_floors.cpp:237] [0m[1;33mNode for [0m[1;33mPK_02[0m[1;33mwas not found[0m[1;33m[0m
[gazebo-2] [1;33m[GUI] [Wrn] [toggle_floors.cpp:237] [0m[1;33mNode for [0m[1;33mPK_01[0m[1;33mwas not found[0m[1;33m[0m
[gazebo-2] [1;33m[GUI] [Wrn] [toggle_floors.cpp:237] [0m[1;33mNode for [0m[1;33mPK_02[0m[1;33mwas not found[0m[1;33m[0m
[gazebo-2] [1;33m[GUI] [Wrn] [toggle_floors.cpp:237] [0m[1;33mNode for [0m[1;33mPK_01[0m[1;33mwas not found[0m[1;33m[0m
[gazebo-2] [1;33m[GUI] [Wrn] [toggle_floors.cpp:237] [0m[1;33mNode for [0m[1;33mPK_02[0m[1;33mwas not found[0m[1;33m[0m
[gazebo-2] [1;33m[GUI] [Wrn] [toggle_floors.cpp:237] [0m[1;33mNode for [0m[1;33mPK_01[0m[1;33mwas not found[0m[1;33m[0m
[gazebo-2] [1;33m[GUI] [Wrn] [toggle_floors.cpp:237] [0m[1;33mNode for [0m[1;33mPK_02[0m[1;33mwas not found[0m[1;33m[0m
[gazebo-2] [1;33m[GUI] [Wrn] [toggle_floors.cpp:237] [0m[1;33mNode for [0m[1;33mPK_01[0m[1;33mwas not found[0m[1;33m[0m
[gazebo-2] [1;33m[GUI] [Wrn] [toggle_floors.cpp:237] [0m[1;33mNode for [0m[1;33mPK_02[0m[1;33mwas not found[0m[1;33m[0m
[gazebo-2] [1;33m[GUI] [Wrn] [toggle_floors.cpp:237] [0m[1;33mNode for [0m[1;33mPK_01[0m[1;33mwas not found[0m[1;33m[0m
[gazebo-2] [1;33m[GUI] [Wrn] [toggle_floors.cpp:237] [0m[1;33mNode for [0m[1;33mPK_02[0m[1;33mwas not found[0m[1;33m[0m
[gazebo-2] [1;33m[GUI] [Wrn] [toggle_floors.cpp:237] [0m[1;33mNode for [0m[1;33mPK_01[0m[1;33mwas not found[0m[1;33m[0m
[gazebo-2] [1;33m[GUI] [Wrn] [toggle_floors.cpp:237] [0m[1;33mNode for [0m[1;33mPK_02[0m[1;33mwas not found[0m[1;33m[0m
[gazebo-2] [1;33m[GUI] [Wrn] [toggle_floors.cpp:237] [0m[1;33mNode for [0m[1;33mPK_01[0m[1;33mwas not found[0m[1;33m[0m
[gazebo-2] [1;33m[GUI] [Wrn] [toggle_floors.cpp:237] [0m[1;33mNode for [0m[1;33mPK_02[0m[1;33mwas not found[0m[1;33m[0m
[gazebo-2] [1;33m[GUI] [Wrn] [toggle_floors.cpp:237] [0m[1;33mNode for [0m[1;33mPK_01[0m[1;33mwas not found[0m[1;33m[0m
[gazebo-2] [1;33m[GUI] [Wrn] [toggle_floors.cpp:237] [0m[1;33mNode for [0m[1;33mPK_02[0m[1;33mwas not found[0m[1;33m[0m
[gazebo-2] [1;33m[GUI] [Wrn] [toggle_floors.cpp:237] [0m[1;33mNode for [0m[1;33mPK_01[0m[1;33mwas not found[0m[1;33m[0m
[gazebo-2] [1;33m[GUI] [Wrn] [toggle_floors.cpp:237] [0m[1;33mNode for [0m[1;33mPK_02[0m[1;33mwas not found[0m[1;33m[0m
[gazebo-2] [1;33m[GUI] [Wrn] [toggle_floors.cpp:237] [0m[1;33mNode for [0m[1;33mPK_01[0m[1;33mwas not found[0m[1;33m[0m
[gazebo-2] [1;33m[GUI] [Wrn] [toggle_floors.cpp:237] [0m[1;33mNode for [0m[1;33mPK_02[0m[1;33mwas not found[0m[1;33m[0m
[gazebo-2] [1;33m[GUI] [Wrn] [toggle_floors.cpp:237] [0m[1;33mNode for [0m[1;33mPK_01[0m[1;33mwas not found[0m[1;33m[0m
[gazebo-2] [1;33m[GUI] [Wrn] [toggle_floors.cpp:237] [0m[1;33mNode for [0m[1;33mPK_02[0m[1;33mwas not found[0m[1;33m[0m
[gazebo-2] [1;33m[GUI] [Wrn] [toggle_floors.cpp:237] [0m[1;33mNode for [0m[1;33mPK_01[0m[1;33mwas not found[0m[1;33m[0m
[gazebo-2] [1;33m[GUI] [Wrn] [toggle_floors.cpp:237] [0m[1;33mNode for [0m[1;33mPK_02[0m[1;33mwas not found[0m[1;33m[0m
[gazebo-2] [1;33m[GUI] [Wrn] [toggle_floors.cpp:237] [0m[1;33mNode for [0m[1;33mPK_01[0m[1;33mwas not found[0m[1;33m[0m
[gazebo-2] [1;33m[GUI] [Wrn] [toggle_floors.cpp:237] [0m[1;33mNode for [0m[1;33mPK_02[0m[1;33mwas not found[0m[1;33m[0m
[gazebo-2] [1;33m[GUI] [Wrn] [toggle_floors.cpp:237] [0m[1;33mNode for [0m[1;33mPK_01[0m[1;33mwas not found[0m[1;33m[0m
[gazebo-2] [1;33m[GUI] [Wrn] [toggle_floors.cpp:237] [0m[1;33mNode for [0m[1;33mPK_02[0m[1;33mwas not found[0m[1;33m[0m
[gazebo-2] [1;33m[GUI] [Wrn] [toggle_floors.cpp:237] [0m[1;33mNode for [0m[1;33mPK_01[0m[1;33mwas not found[0m[1;33m[0m
[gazebo-2] [1;33m[GUI] [Wrn] [toggle_floors.cpp:237] [0m[1;33mNode for [0m[1;33mPK_02[0m[1;33mwas not found[0m[1;33m[0m
[gazebo-2] [1;33m[GUI] [Wrn] [toggle_floors.cpp:237] [0m[1;33mNode for [0m[1;33mPK_01[0m[1;33mwas not found[0m[1;33m[0m
[gazebo-2] [1;33m[GUI] [Wrn] [toggle_floors.cpp:237] [0m[1;33mNode for [0m[1;33mPK_02[0m[1;33mwas not found[0m[1;33m[0m
[gazebo-2] [1;33m[GUI] [Wrn] [toggle_floors.cpp:237] [0m[1;33mNode for [0m[1;33mPK_01[0m[1;33mwas not found[0m[1;33m[0m
[gazebo-2] [1;33m[GUI] [Wrn] [toggle_floors.cpp:237] [0m[1;33mNode for [0m[1;33mPK_02[0m[1;33mwas not found[0m[1;33m[0m
[gazebo-2] [1;33m[GUI] [Wrn] [toggle_floors.cpp:237] [0m[1;33mNode for [0m[1;33mPK_01[0m[1;33mwas not found[0m[1;33m[0m
[gazebo-2] [1;33m[GUI] [Wrn] [toggle_floors.cpp:237] [0m[1;33mNode for [0m[1;33mPK_02[0m[1;33mwas not found[0m[1;33m[0m
[gazebo-2] [1;33m[GUI] [Wrn] [toggle_floors.cpp:237] [0m[1;33mNode for [0m[1;33mPK_01[0m[1;33mwas not found[0m[1;33m[0m
[gazebo-2] [1;33m[GUI] [Wrn] [toggle_floors.cpp:237] [0m[1;33mNode for [0m[1;33mPK_02[0m[1;33mwas not found[0m[1;33m[0m
[gazebo-2] [1;33m[GUI] [Wrn] [toggle_floors.cpp:237] [0m[1;33mNode for [0m[1;33mPK_01[0m[1;33mwas not found[0m[1;33m[0m
[gazebo-2] [1;33m[GUI] [Wrn] [toggle_floors.cpp:237] [0m[1;33mNode for [0m[1;33mPK_02[0m[1;33mwas not found[0m[1;33m[0m
[gazebo-2] [1;33m[GUI] [Wrn] [toggle_floors.cpp:237] [0m[1;33mNode for [0m[1;33mPK_01[0m[1;33mwas not found[0m[1;33m[0m
[gazebo-2] [1;33m[GUI] [Wrn] [toggle_floors.cpp:237] [0m[1;33mNode for [0m[1;33mPK_02[0m[1;33mwas not found[0m[1;33m[0m
[gazebo-2] [1;33m[GUI] [Wrn] [toggle_floors.cpp:237] [0m[1;33mNode for [0m[1;33mPK_01[0m[1;33mwas not found[0m[1;33m[0m
[gazebo-2] [1;33m[GUI] [Wrn] [toggle_floors.cpp:237] [0m[1;33mNode for [0m[1;33mPK_02[0m[1;33mwas not found[0m[1;33m[0m
[gazebo-2] [1;33m[GUI] [Wrn] [toggle_floors.cpp:237] [0m[1;33mNode for [0m[1;33mPK_01[0m[1;33mwas not found[0m[1;33m[0m
[gazebo-2] [1;33m[GUI] [Wrn] [toggle_floors.cpp:237] [0m[1;33mNode for [0m[1;33mPK_02[0m[1;33mwas not found[0m[1;33m[0m
[gazebo-2] [1;33m[GUI] [Wrn] [toggle_floors.cpp:237] [0m[1;33mNode for [0m[1;33mPK_01[0m[1;33mwas not found[0m[1;33m[0m
[gazebo-2] [1;33m[GUI] [Wrn] [toggle_floors.cpp:237] [0m[1;33mNode for [0m[1;33mPK_02[0m[1;33mwas not found[0m[1;33m[0m
[gazebo-2] [1;33m[GUI] [Wrn] [toggle_floors.cpp:237] [0m[1;33mNode for [0m[1;33mPK_01[0m[1;33mwas not found[0m[1;33m[0m
[gazebo-2] [1;33m[GUI] [Wrn] [toggle_floors.cpp:237] [0m[1;33mNode for [0m[1;33mPK_02[0m[1;33mwas not found[0m[1;33m[0m
[gazebo-2] [1;33m[GUI] [Wrn] [toggle_floors.cpp:237] [0m[1;33mNode for [0m[1;33mPK_01[0m[1;33mwas not found[0m[1;33m[0m
[gazebo-2] [1;33m[GUI] [Wrn] [toggle_floors.cpp:237] [0m[1;33mNode for [0m[1;33mPK_02[0m[1;33mwas not found[0m[1;33m[0m
[gazebo-2] [1;33m[GUI] [Wrn] [toggle_floors.cpp:237] [0m[1;33mNode for [0m[1;33mPK_01[0m[1;33mwas not found[0m[1;33m[0m
[gazebo-2] [1;33m[GUI] [Wrn] [toggle_floors.cpp:237] [0m[1;33mNode for [0m[1;33mPK_02[0m[1;33mwas not found[0m[1;33m[0m
[gazebo-2] [1;33m[GUI] [Wrn] [toggle_floors.cpp:237] [0m[1;33mNode for [0m[1;33mPK_01[0m[1;33mwas not found[0m[1;33m[0m
[gazebo-2] [1;33m[GUI] [Wrn] [toggle_floors.cpp:237] [0m[1;33mNode for [0m[1;33mPK_02[0m[1;33mwas not found[0m[1;33m[0m
[gazebo-2] [1;33m[GUI] [Wrn] [toggle_floors.cpp:237] [0m[1;33mNode for [0m[1;33mPK_01[0m[1;33mwas not found[0m[1;33m[0m
[gazebo-2] [1;33m[GUI] [Wrn] [toggle_floors.cpp:237] [0m[1;33mNode for [0m[1;33mPK_02[0m[1;33mwas not found[0m[1;33m[0m
[gazebo-2] [1;33m[GUI] [Wrn] [toggle_floors.cpp:237] [0m[1;33mNode for [0m[1;33mPK_01[0m[1;33mwas not found[0m[1;33m[0m
[gazebo-2] [1;33m[GUI] [Wrn] [toggle_floors.cpp:237] [0m[1;33mNode for [0m[1;33mPK_02[0m[1;33mwas not found[0m[1;33m[0m
[gazebo-2] [1;33m[GUI] [Wrn] [toggle_floors.cpp:237] [0m[1;33mNode for [0m[1;33mPK_01[0m[1;33mwas not found[0m[1;33m[0m
[gazebo-2] [1;33m[GUI] [Wrn] [toggle_floors.cpp:237] [0m[1;33mNode for [0m[1;33mPK_02[0m[1;33mwas not found[0m[1;33m[0m
[gazebo-2] [1;33m[GUI] [Wrn] [toggle_floors.cpp:237] [0m[1;33mNode for [0m[1;33mPK_01[0m[1;33mwas not found[0m[1;33m[0m
[gazebo-2] [1;33m[GUI] [Wrn] [toggle_floors.cpp:237] [0m[1;33mNode for [0m[1;33mPK_02[0m[1;33mwas not found[0m[1;33m[0m
[gazebo-2] [1;33m[GUI] [Wrn] [toggle_floors.cpp:237] [0m[1;33mNode for [0m[1;33mPK_01[0m[1;33mwas not found[0m[1;33m[0m
[gazebo-2] [1;33m[GUI] [Wrn] [toggle_floors.cpp:237] [0m[1;33mNode for [0m[1;33mPK_02[0m[1;33mwas not found[0m[1;33m[0m
[gazebo-2] [1;33m[GUI] [Wrn] [toggle_floors.cpp:237] [0m[1;33mNode for [0m[1;33mPK_01[0m[1;33mwas not found[0m[1;33m[0m
[gazebo-2] [1;33m[GUI] [Wrn] [toggle_floors.cpp:237] [0m[1;33mNode for [0m[1;33mPK_02[0m[1;33mwas not found[0m[1;33m[0m
[gazebo-2] [1;33m[GUI] [Wrn] [toggle_floors.cpp:237] [0m[1;33mNode for [0m[1;33mPK_01[0m[1;33mwas not found[0m[1;33m[0m
[gazebo-2] [1;33m[GUI] [Wrn] [toggle_floors.cpp:237] [0m[1;33mNode for [0m[1;33mPK_02[0m[1;33mwas not found[0m[1;33m[0m
[gazebo-2] [1;33m[GUI] [Wrn] [toggle_floors.cpp:237] [0m[1;33mNode for [0m[1;33mPK_01[0m[1;33mwas not found[0m[1;33m[0m
[gazebo-2] [1;33m[GUI] [Wrn] [toggle_floors.cpp:237] [0m[1;33mNode for [0m[1;33mPK_02[0m[1;33mwas not found[0m[1;33m[0m
[gazebo-2] [1;33m[GUI] [Wrn] [toggle_floors.cpp:237] [0m[1;33mNode for [0m[1;33mPK_01[0m[1;33mwas not found[0m[1;33m[0m
[gazebo-2] [1;33m[GUI] [Wrn] [toggle_floors.cpp:237] [0m[1;33mNode for [0m[1;33mPK_02[0m[1;33mwas not found[0m[1;33m[0m
[gazebo-2] [1;33m[GUI] [Wrn] [toggle_floors.cpp:237] [0m[1;33mNode for [0m[1;33mPK_01[0m[1;33mwas not found[0m[1;33m[0m
[gazebo-2] [1;33m[GUI] [Wrn] [toggle_floors.cpp:237] [0m[1;33mNode for [0m[1;33mPK_02[0m[1;33mwas not found[0m[1;33m[0m
[gazebo-2] [1;33m[GUI] [Wrn] [toggle_floors.cpp:237] [0m[1;33mNode for [0m[1;33mPK_01[0m[1;33mwas not found[0m[1;33m[0m
[gazebo-2] [1;33m[GUI] [Wrn] [toggle_floors.cpp:237] [0m[1;33mNode for [0m[1;33mPK_02[0m[1;33mwas not found[0m[1;33m[0m
[gazebo-2] [1;33m[GUI] [Wrn] [toggle_floors.cpp:237] [0m[1;33mNode for [0m[1;33mPK_01[0m[1;33mwas not found[0m[1;33m[0m
[gazebo-2] [1;33m[GUI] [Wrn] [toggle_floors.cpp:237] [0m[1;33mNode for [0m[1;33mPK_02[0m[1;33mwas not found[0m[1;33m[0m
[gazebo-2] [1;33m[GUI] [Wrn] [toggle_floors.cpp:237] [0m[1;33mNode for [0m[1;33mPK_01[0m[1;33mwas not found[0m[1;33m[0m
[gazebo-2] [1;33m[GUI] [Wrn] [toggle_floors.cpp:237] [0m[1;33mNode for [0m[1;33mPK_02[0m[1;33mwas not found[0m[1;33m[0m
[gazebo-2] [1;33m[GUI] [Wrn] [toggle_floors.cpp:237] [0m[1;33mNode for [0m[1;33mPK_01[0m[1;33mwas not found[0m[1;33m[0m
[gazebo-2] [1;33m[GUI] [Wrn] [toggle_floors.cpp:237] [0m[1;33mNode for [0m[1;33mPK_02[0m[1;33mwas not found[0m[1;33m[0m
[gazebo-2] [1;33m[GUI] [Wrn] [toggle_floors.cpp:237] [0m[1;33mNode for [0m[1;33mPK_01[0m[1;33mwas not found[0m[1;33m[0m
[gazebo-2] [1;33m[GUI] [Wrn] [toggle_floors.cpp:237] [0m[1;33mNode for [0m[1;33mPK_02[0m[1;33mwas not found[0m[1;33m[0m
[gazebo-2] [1;33m[GUI] [Wrn] [toggle_floors.cpp:237] [0m[1;33mNode for [0m[1;33mPK_01[0m[1;33mwas not found[0m[1;33m[0m
[gazebo-2] [1;33m[GUI] [Wrn] [toggle_floors.cpp:237] [0m[1;33mNode for [0m[1;33mPK_02[0m[1;33mwas not found[0m[1;33m[0m
[gazebo-2] [1;33m[GUI] [Wrn] [toggle_floors.cpp:237] [0m[1;33mNode for [0m[1;33mPK_01[0m[1;33mwas not found[0m[1;33m[0m
[gazebo-2] [1;33m[GUI] [Wrn] [toggle_floors.cpp:237] [0m[1;33mNode for [0m[1;33mPK_02[0m[1;33mwas not found[0m[1;33m[0m
[gazebo-2] [1;33m[GUI] [Wrn] [toggle_floors.cpp:237] [0m[1;33mNode for [0m[1;33mPK_01[0m[1;33mwas not found[0m[1;33m[0m
[gazebo-2] [1;33m[GUI] [Wrn] [toggle_floors.cpp:237] [0m[1;33mNode for [0m[1;33mPK_02[0m[1;33mwas not found[0m[1;33m[0m
[gazebo-2] [1;33m[GUI] [Wrn] [toggle_floors.cpp:237] [0m[1;33mNode for [0m[1;33mPK_01[0m[1;33mwas not found[0m[1;33m[0m
[gazebo-2] [1;33m[GUI] [Wrn] [toggle_floors.cpp:237] [0m[1;33mNode for [0m[1;33mPK_02[0m[1;33mwas not found[0m[1;33m[0m
[gazebo-2] [1;33m[GUI] [Wrn] [toggle_floors.cpp:237] [0m[1;33mNode for [0m[1;33mPK_01[0m[1;33mwas not found[0m[1;33m[0m
[gazebo-2] [1;33m[GUI] [Wrn] [toggle_floors.cpp:237] [0m[1;33mNode for [0m[1;33mPK_02[0m[1;33mwas not found[0m[1;33m[0m
[gazebo-2] [1;33m[GUI] [Wrn] [toggle_floors.cpp:237] [0m[1;33mNode for [0m[1;33mPK_01[0m[1;33mwas not found[0m[1;33m[0m
[gazebo-2] [1;33m[GUI] [Wrn] [toggle_floors.cpp:237] [0m[1;33mNode for [0m[1;33mPK_02[0m[1;33mwas not found[0m[1;33m[0m
[gazebo-2] [1;33m[GUI] [Wrn] [toggle_floors.cpp:237] [0m[1;33mNode for [0m[1;33mPK_01[0m[1;33mwas not found[0m[1;33m[0m
[gazebo-2] [1;33m[GUI] [Wrn] [toggle_floors.cpp:237] [0m[1;33mNode for [0m[1;33mPK_02[0m[1;33mwas not found[0m[1;33m[0m
[gazebo-2] [1;33m[GUI] [Wrn] [toggle_floors.cpp:237] [0m[1;33mNode for [0m[1;33mPK_01[0m[1;33mwas not found[0m[1;33m[0m
[gazebo-2] [1;33m[GUI] [Wrn] [toggle_floors.cpp:237] [0m[1;33mNode for [0m[1;33mPK_02[0m[1;33mwas not found[0m[1;33m[0m
[gazebo-2] [1;33m[GUI] [Wrn] [toggle_floors.cpp:237] [0m[1;33mNode for [0m[1;33mPK_01[0m[1;33mwas not found[0m[1;33m[0m
[gazebo-2] [1;33m[GUI] [Wrn] [toggle_floors.cpp:237] [0m[1;33mNode for [0m[1;33mPK_02[0m[1;33mwas not found[0m[1;33m[0m
[gazebo-2] [1;33m[GUI] [Wrn] [toggle_floors.cpp:237] [0m[1;33mNode for [0m[1;33mPK_01[0m[1;33mwas not found[0m[1;33m[0m
[gazebo-2] [1;33m[GUI] [Wrn] [toggle_floors.cpp:237] [0m[1;33mNode for [0m[1;33mPK_02[0m[1;33mwas not found[0m[1;33m[0m
[gazebo-2] [1;33m[GUI] [Wrn] [toggle_floors.cpp:237] [0m[1;33mNode for [0m[1;33mPK_01[0m[1;33mwas not found[0m[1;33m[0m
[gazebo-2] [1;33m[GUI] [Wrn] [toggle_floors.cpp:237] [0m[1;33mNode for [0m[1;33mPK_02[0m[1;33mwas not found[0m[1;33m[0m
[gazebo-2] [1;33m[GUI] [Wrn] [toggle_floors.cpp:237] [0m[1;33mNode for [0m[1;33mPK_01[0m[1;33mwas not found[0m[1;33m[0m
[gazebo-2] [1;33m[GUI] [Wrn] [toggle_floors.cpp:237] [0m[1;33mNode for [0m[1;33mPK_02[0m[1;33mwas not found[0m[1;33m[0m
[gazebo-2] [1;33m[GUI] [Wrn] [toggle_floors.cpp:237] [0m[1;33mNode for [0m[1;33mPK_01[0m[1;33mwas not found[0m[1;33m[0m
[gazebo-2] [1;33m[GUI] [Wrn] [toggle_floors.cpp:237] [0m[1;33mNode for [0m[1;33mPK_02[0m[1;33mwas not found[0m[1;33m[0m
[gazebo-2] [1;33m[GUI] [Wrn] [toggle_floors.cpp:237] [0m[1;33mNode for [0m[1;33mPK_01[0m[1;33mwas not found[0m[1;33m[0m
[gazebo-2] [1;33m[GUI] [Wrn] [toggle_floors.cpp:237] [0m[1;33mNode for [0m[1;33mPK_02[0m[1;33mwas not found[0m[1;33m[0m
[gazebo-2] [1;33m[GUI] [Wrn] [toggle_floors.cpp:237] [0m[1;33mNode for [0m[1;33mPK_01[0m[1;33mwas not found[0m[1;33m[0m
[gazebo-2] [1;33m[GUI] [Wrn] [toggle_floors.cpp:237] [0m[1;33mNode for [0m[1;33mPK_02[0m[1;33mwas not found[0m[1;33m[0m
[gazebo-2] [1;33m[GUI] [Wrn] [toggle_floors.cpp:237] [0m[1;33mNode for [0m[1;33mPK_01[0m[1;33mwas not found[0m[1;33m[0m
[gazebo-2] [1;33m[GUI] [Wrn] [toggle_floors.cpp:237] [0m[1;33mNode for [0m[1;33mPK_02[0m[1;33mwas not found[0m[1;33m[0m
[gazebo-2] [1;33m[GUI] [Wrn] [toggle_floors.cpp:237] [0m[1;33mNode for [0m[1;33mPK_01[0m[1;33mwas not found[0m[1;33m[0m
[gazebo-2] [1;33m[GUI] [Wrn] [toggle_floors.cpp:237] [0m[1;33mNode for [0m[1;33mPK_02[0m[1;33mwas not found[0m[1;33m[0m
[gazebo-2] [1;33m[GUI] [Wrn] [toggle_floors.cpp:237] [0m[1;33mNode for [0m[1;33mPK_01[0m[1;33mwas not found[0m[1;33m[0m
[gazebo-2] [1;33m[GUI] [Wrn] [toggle_floors.cpp:237] [0m[1;33mNode for [0m[1;33mPK_02[0m[1;33mwas not found[0m[1;33m[0m
[gazebo-2] [1;33m[GUI] [Wrn] [toggle_floors.cpp:237] [0m[1;33mNode for [0m[1;33mPK_01[0m[1;33mwas not found[0m[1;33m[0m
[gazebo-2] [1;33m[GUI] [Wrn] [toggle_floors.cpp:237] [0m[1;33mNode for [0m[1;33mPK_02[0m[1;33mwas not found[0m[1;33m[0m
[gazebo-2] [1;33m[GUI] [Wrn] [toggle_floors.cpp:237] [0m[1;33mNode for [0m[1;33mPK_01[0m[1;33mwas not found[0m[1;33m[0m
[gazebo-2] [1;33m[GUI] [Wrn] [toggle_floors.cpp:237] [0m[1;33mNode for [0m[1;33mPK_02[0m[1;33mwas not found[0m[1;33m[0m
[gazebo-2] [1;33m[GUI] [Wrn] [toggle_floors.cpp:237] [0m[1;33mNode for [0m[1;33mPK_01[0m[1;33mwas not found[0m[1;33m[0m
[gazebo-2] [1;33m[GUI] [Wrn] [toggle_floors.cpp:237] [0m[1;33mNode for [0m[1;33mPK_02[0m[1;33mwas not found[0m[1;33m[0m
[gazebo-2] [1;33m[GUI] [Wrn] [toggle_floors.cpp:237] [0m[1;33mNode for [0m[1;33mPK_01[0m[1;33mwas not found[0m[1;33m[0m
[gazebo-2] [1;33m[GUI] [Wrn] [toggle_floors.cpp:237] [0m[1;33mNode for [0m[1;33mPK_02[0m[1;33mwas not found[0m[1;33m[0m
[gazebo-2] [1;33m[GUI] [Wrn] [toggle_floors.cpp:237] [0m[1;33mNode for [0m[1;33mPK_01[0m[1;33mwas not found[0m[1;33m[0m
[gazebo-2] [1;33m[GUI] [Wrn] [toggle_floors.cpp:237] [0m[1;33mNode for [0m[1;33mPK_02[0m[1;33mwas not found[0m[1;33m[0m
[gazebo-2] [1;33m[GUI] [Wrn] [toggle_floors.cpp:237] [0m[1;33mNode for [0m[1;33mPK_01[0m[1;33mwas not found[0m[1;33m[0m
[gazebo-2] [1;33m[GUI] [Wrn] [toggle_floors.cpp:237] [0m[1;33mNode for [0m[1;33mPK_02[0m[1;33mwas not found[0m[1;33m[0m
[gazebo-2] [1;33m[GUI] [Wrn] [toggle_floors.cpp:237] [0m[1;33mNode for [0m[1;33mPK_01[0m[1;33mwas not found[0m[1;33m[0m
[gazebo-2] [1;33m[GUI] [Wrn] [toggle_floors.cpp:237] [0m[1;33mNode for [0m[1;33mPK_02[0m[1;33mwas not found[0m[1;33m[0m
[gazebo-2] [1;33m[GUI] [Wrn] [toggle_floors.cpp:237] [0m[1;33mNode for [0m[1;33mPK_01[0m[1;33mwas not found[0m[1;33m[0m
[gazebo-2] [1;33m[GUI] [Wrn] [toggle_floors.cpp:237] [0m[1;33mNode for [0m[1;33mPK_02[0m[1;33mwas not found[0m[1;33m[0m
[gazebo-2] [1;33m[GUI] [Wrn] [toggle_floors.cpp:237] [0m[1;33mNode for [0m[1;33mPK_01[0m[1;33mwas not found[0m[1;33m[0m
[gazebo-2] [1;33m[GUI] [Wrn] [toggle_floors.cpp:237] [0m[1;33mNode for [0m[1;33mPK_02[0m[1;33mwas not found[0m[1;33m[0m
[gazebo-2] [1;33m[GUI] [Wrn] [toggle_floors.cpp:237] [0m[1;33mNode for [0m[1;33mPK_01[0m[1;33mwas not found[0m[1;33m[0m
[gazebo-2] [1;33m[GUI] [Wrn] [toggle_floors.cpp:237] [0m[1;33mNode for [0m[1;33mPK_02[0m[1;33mwas not found[0m[1;33m[0m
[gazebo-2] [1;33m[GUI] [Wrn] [toggle_floors.cpp:237] [0m[1;33mNode for [0m[1;33mPK_01[0m[1;33mwas not found[0m[1;33m[0m
[gazebo-2] [1;33m[GUI] [Wrn] [toggle_floors.cpp:237] [0m[1;33mNode for [0m[1;33mPK_02[0m[1;33mwas not found[0m[1;33m[0m
[gazebo-2] [1;33m[GUI] [Wrn] [toggle_floors.cpp:237] [0m[1;33mNode for [0m[1;33mPK_01[0m[1;33mwas not found[0m[1;33m[0m
[gazebo-2] [1;33m[GUI] [Wrn] [toggle_floors.cpp:237] [0m[1;33mNode for [0m[1;33mPK_02[0m[1;33mwas not found[0m[1;33m[0m
[gazebo-2] [1;33m[GUI] [Wrn] [toggle_floors.cpp:237] [0m[1;33mNode for [0m[1;33mPK_01[0m[1;33mwas not found[0m[1;33m[0m
[gazebo-2] [1;33m[GUI] [Wrn] [toggle_floors.cpp:237] [0m[1;33mNode for [0m[1;33mPK_02[0m[1;33mwas not found[0m[1;33m[0m
[gazebo-2] [1;33m[GUI] [Wrn] [toggle_floors.cpp:237] [0m[1;33mNode for [0m[1;33mPK_01[0m[1;33mwas not found[0m[1;33m[0m
[gazebo-2] [1;33m[GUI] [Wrn] [toggle_floors.cpp:237] [0m[1;33mNode for [0m[1;33mPK_02[0m[1;33mwas not found[0m[1;33m[0m
[gazebo-2] [1;33m[GUI] [Wrn] [toggle_floors.cpp:237] [0m[1;33mNode for [0m[1;33mPK_01[0m[1;33mwas not found[0m[1;33m[0m
[gazebo-2] [1;33m[GUI] [Wrn] [toggle_floors.cpp:237] [0m[1;33mNode for [0m[1;33mPK_02[0m[1;33mwas not found[0m[1;33m[0m
[gazebo-2] [1;33m[GUI] [Wrn] [toggle_floors.cpp:237] [0m[1;33mNode for [0m[1;33mPK_01[0m[1;33mwas not found[0m[1;33m[0m
[gazebo-2] [1;33m[GUI] [Wrn] [toggle_floors.cpp:237] [0m[1;33mNode for [0m[1;33mPK_02[0m[1;33mwas not found[0m[1;33m[0m
[gazebo-2] [1;33m[GUI] [Wrn] [toggle_floors.cpp:237] [0m[1;33mNode for [0m[1;33mPK_01[0m[1;33mwas not found[0m[1;33m[0m
[gazebo-2] [1;33m[GUI] [Wrn] [toggle_floors.cpp:237] [0m[1;33mNode for [0m[1;33mPK_02[0m[1;33mwas not found[0m[1;33m[0m
[gazebo-2] [1;33m[GUI] [Wrn] [toggle_floors.cpp:237] [0m[1;33mNode for [0m[1;33mPK_01[0m[1;33mwas not found[0m[1;33m[0m
[gazebo-2] [1;33m[GUI] [Wrn] [toggle_floors.cpp:237] [0m[1;33mNode for [0m[1;33mPK_02[0m[1;33mwas not found[0m[1;33m[0m
[gazebo-2] [1;33m[GUI] [Wrn] [toggle_floors.cpp:237] [0m[1;33mNode for [0m[1;33mPK_01[0m[1;33mwas not found[0m[1;33m[0m
[gazebo-2] [1;33m[GUI] [Wrn] [toggle_floors.cpp:237] [0m[1;33mNode for [0m[1;33mPK_02[0m[1;33mwas not found[0m[1;33m[0m
[gazebo-2] [1;33m[GUI] [Wrn] [toggle_floors.cpp:237] [0m[1;33mNode for [0m[1;33mPK_01[0m[1;33mwas not found[0m[1;33m[0m
[gazebo-2] [1;33m[GUI] [Wrn] [toggle_floors.cpp:237] [0m[1;33mNode for [0m[1;33mPK_02[0m[1;33mwas not found[0m[1;33m[0m
[gazebo-2] [1;33m[GUI] [Wrn] [toggle_floors.cpp:237] [0m[1;33mNode for [0m[1;33mPK_01[0m[1;33mwas not found[0m[1;33m[0m
[gazebo-2] [1;33m[GUI] [Wrn] [toggle_floors.cpp:237] [0m[1;33mNode for [0m[1;33mPK_02[0m[1;33mwas not found[0m[1;33m[0m
[gazebo-2] [1;33m[GUI] [Wrn] [toggle_floors.cpp:237] [0m[1;33mNode for [0m[1;33mPK_01[0m[1;33mwas not found[0m[1;33m[0m
[gazebo-2] [1;33m[GUI] [Wrn] [toggle_floors.cpp:237] [0m[1;33mNode for [0m[1;33mPK_02[0m[1;33mwas not found[0m[1;33m[0m
[gazebo-2] [1;33m[GUI] [Wrn] [toggle_floors.cpp:237] [0m[1;33mNode for [0m[1;33mPK_01[0m[1;33mwas not found[0m[1;33m[0m
[gazebo-2] [1;33m[GUI] [Wrn] [toggle_floors.cpp:237] [0m[1;33mNode for [0m[1;33mPK_02[0m[1;33mwas not found[0m[1;33m[0m
[gazebo-2] [1;33m[GUI] [Wrn] [toggle_floors.cpp:237] [0m[1;33mNode for [0m[1;33mPK_01[0m[1;33mwas not found[0m[1;33m[0m
[gazebo-2] [1;33m[GUI] [Wrn] [toggle_floors.cpp:237] [0m[1;33mNode for [0m[1;33mPK_02[0m[1;33mwas not found[0m[1;33m[0m
[gazebo-2] [1;33m[GUI] [Wrn] [toggle_floors.cpp:237] [0m[1;33mNode for [0m[1;33mPK_01[0m[1;33mwas not found[0m[1;33m[0m
[gazebo-2] [1;33m[GUI] [Wrn] [toggle_floors.cpp:237] [0m[1;33mNode for [0m[1;33mPK_02[0m[1;33mwas not found[0m[1;33m[0m
[gazebo-2] [1;33m[GUI] [Wrn] [toggle_floors.cpp:237] [0m[1;33mNode for [0m[1;33mPK_01[0m[1;33mwas not found[0m[1;33m[0m
[gazebo-2] [1;33m[GUI] [Wrn] [toggle_floors.cpp:237] [0m[1;33mNode for [0m[1;33mPK_02[0m[1;33mwas not found[0m[1;33m[0m
[gazebo-2] [1;33m[GUI] [Wrn] [toggle_floors.cpp:237] [0m[1;33mNode for [0m[1;33mPK_01[0m[1;33mwas not found[0m[1;33m[0m
[gazebo-2] [1;33m[GUI] [Wrn] [toggle_floors.cpp:237] [0m[1;33mNode for [0m[1;33mPK_02[0m[1;33mwas not found[0m[1;33m[0m
[gazebo-2] [1;33m[GUI] [Wrn] [toggle_floors.cpp:237] [0m[1;33mNode for [0m[1;33mPK_01[0m[1;33mwas not found[0m[1;33m[0m
[gazebo-2] [1;33m[GUI] [Wrn] [toggle_floors.cpp:237] [0m[1;33mNode for [0m[1;33mPK_02[0m[1;33mwas not found[0m[1;33m[0m
[gazebo-2] [1;33m[GUI] [Wrn] [toggle_floors.cpp:237] [0m[1;33mNode for [0m[1;33mPK_01[0m[1;33mwas not found[0m[1;33m[0m
[gazebo-2] [1;33m[GUI] [Wrn] [toggle_floors.cpp:237] [0m[1;33mNode for [0m[1;33mPK_02[0m[1;33mwas not found[0m[1;33m[0m
[gazebo-2] [1;33m[GUI] [Wrn] [toggle_floors.cpp:237] [0m[1;33mNode for [0m[1;33mPK_01[0m[1;33mwas not found[0m[1;33m[0m
[gazebo-2] [1;33m[GUI] [Wrn] [toggle_floors.cpp:237] [0m[1;33mNode for [0m[1;33mPK_02[0m[1;33mwas not found[0m[1;33m[0m
[gazebo-2] [1;33m[GUI] [Wrn] [toggle_floors.cpp:237] [0m[1;33mNode for [0m[1;33mPK_01[0m[1;33mwas not found[0m[1;33m[0m
[gazebo-2] [1;33m[GUI] [Wrn] [toggle_floors.cpp:237] [0m[1;33mNode for [0m[1;33mPK_02[0m[1;33mwas not found[0m[1;33m[0m
[gazebo-2] [1;33m[GUI] [Wrn] [toggle_floors.cpp:237] [0m[1;33mNode for [0m[1;33mPK_01[0m[1;33mwas not found[0m[1;33m[0m
[gazebo-2] [1;33m[GUI] [Wrn] [toggle_floors.cpp:237] [0m[1;33mNode for [0m[1;33mPK_02[0m[1;33mwas not found[0m[1;33m[0m
[gazebo-2] [1;33m[GUI] [Wrn] [toggle_floors.cpp:237] [0m[1;33mNode for [0m[1;33mPK_01[0m[1;33mwas not found[0m[1;33m[0m
[gazebo-2] [1;33m[GUI] [Wrn] [toggle_floors.cpp:237] [0m[1;33mNode for [0m[1;33mPK_02[0m[1;33mwas not found[0m[1;33m[0m
[gazebo-2] [1;33m[GUI] [Wrn] [toggle_floors.cpp:237] [0m[1;33mNode for [0m[1;33mPK_01[0m[1;33mwas not found[0m[1;33m[0m
[gazebo-2] [1;33m[GUI] [Wrn] [toggle_floors.cpp:237] [0m[1;33mNode for [0m[1;33mPK_02[0m[1;33mwas not found[0m[1;33m[0m
[gazebo-2] [1;33m[GUI] [Wrn] [toggle_floors.cpp:237] [0m[1;33mNode for [0m[1;33mPK_01[0m[1;33mwas not found[0m[1;33m[0m
[gazebo-2] [1;33m[GUI] [Wrn] [toggle_floors.cpp:237] [0m[1;33mNode for [0m[1;33mPK_02[0m[1;33mwas not found[0m[1;33m[0m
[gazebo-2] [1;33m[GUI] [Wrn] [toggle_floors.cpp:237] [0m[1;33mNode for [0m[1;33mPK_01[0m[1;33mwas not found[0m[1;33m[0m
[gazebo-2] [1;33m[GUI] [Wrn] [toggle_floors.cpp:237] [0m[1;33mNode for [0m[1;33mPK_02[0m[1;33mwas not found[0m[1;33m[0m
[gazebo-2] [1;33m[GUI] [Wrn] [toggle_floors.cpp:237] [0m[1;33mNode for [0m[1;33mPK_01[0m[1;33mwas not found[0m[1;33m[0m
[gazebo-2] [1;33m[GUI] [Wrn] [toggle_floors.cpp:237] [0m[1;33mNode for [0m[1;33mPK_02[0m[1;33mwas not found[0m[1;33m[0m
[gazebo-2] [1;33m[GUI] [Wrn] [toggle_floors.cpp:237] [0m[1;33mNode for [0m[1;33mPK_01[0m[1;33mwas not found[0m[1;33m[0m
[gazebo-2] [1;33m[GUI] [Wrn] [toggle_floors.cpp:237] [0m[1;33mNode for [0m[1;33mPK_02[0m[1;33mwas not found[0m[1;33m[0m
[gazebo-2] [1;33m[GUI] [Wrn] [toggle_floors.cpp:237] [0m[1;33mNode for [0m[1;33mPK_01[0m[1;33mwas not found[0m[1;33m[0m
[gazebo-2] [1;33m[GUI] [Wrn] [toggle_floors.cpp:237] [0m[1;33mNode for [0m[1;33mPK_02[0m[1;33mwas not found[0m[1;33m[0m
[gazebo-2] [1;33m[GUI] [Wrn] [toggle_floors.cpp:237] [0m[1;33mNode for [0m[1;33mPK_01[0m[1;33mwas not found[0m[1;33m[0m
[gazebo-2] [1;33m[GUI] [Wrn] [toggle_floors.cpp:237] [0m[1;33mNode for [0m[1;33mPK_02[0m[1;33mwas not found[0m[1;33m[0m
[gazebo-2] [1;33m[GUI] [Wrn] [toggle_floors.cpp:237] [0m[1;33mNode for [0m[1;33mPK_01[0m[1;33mwas not found[0m[1;33m[0m
[gazebo-2] [1;33m[GUI] [Wrn] [toggle_floors.cpp:237] [0m[1;33mNode for [0m[1;33mPK_02[0m[1;33mwas not found[0m[1;33m[0m
[gazebo-2] [1;33m[GUI] [Wrn] [toggle_floors.cpp:237] [0m[1;33mNode for [0m[1;33mPK_01[0m[1;33mwas not found[0m[1;33m[0m
[gazebo-2] [1;33m[GUI] [Wrn] [toggle_floors.cpp:237] [0m[1;33mNode for [0m[1;33mPK_02[0m[1;33mwas not found[0m[1;33m[0m
[gazebo-2] [1;33m[GUI] [Wrn] [toggle_floors.cpp:237] [0m[1;33mNode for [0m[1;33mPK_01[0m[1;33mwas not found[0m[1;33m[0m
[gazebo-2] [1;33m[GUI] [Wrn] [toggle_floors.cpp:237] [0m[1;33mNode for [0m[1;33mPK_02[0m[1;33mwas not found[0m[1;33m[0m
[gazebo-2] [1;33m[GUI] [Wrn] [toggle_floors.cpp:237] [0m[1;33mNode for [0m[1;33mPK_01[0m[1;33mwas not found[0m[1;33m[0m
[gazebo-2] [1;33m[GUI] [Wrn] [toggle_floors.cpp:237] [0m[1;33mNode for [0m[1;33mPK_02[0m[1;33mwas not found[0m[1;33m[0m
[gazebo-2] [1;33m[GUI] [Wrn] [toggle_floors.cpp:237] [0m[1;33mNode for [0m[1;33mPK_01[0m[1;33mwas not found[0m[1;33m[0m
[gazebo-2] [1;33m[GUI] [Wrn] [toggle_floors.cpp:237] [0m[1;33mNode for [0m[1;33mPK_02[0m[1;33mwas not found[0m[1;33m[0m
[gazebo-2] [1;33m[GUI] [Wrn] [toggle_floors.cpp:237] [0m[1;33mNode for [0m[1;33mPK_01[0m[1;33mwas not found[0m[1;33m[0m
[gazebo-2] [1;33m[GUI] [Wrn] [toggle_floors.cpp:237] [0m[1;33mNode for [0m[1;33mPK_02[0m[1;33mwas not found[0m[1;33m[0m
[gazebo-2] [1;33m[GUI] [Wrn] [toggle_floors.cpp:237] [0m[1;33mNode for [0m[1;33mPK_01[0m[1;33mwas not found[0m[1;33m[0m
[gazebo-2] [1;33m[GUI] [Wrn] [toggle_floors.cpp:237] [0m[1;33mNode for [0m[1;33mPK_02[0m[1;33mwas not found[0m[1;33m[0m
[gazebo-2] [1;33m[GUI] [Wrn] [toggle_floors.cpp:237] [0m[1;33mNode for [0m[1;33mPK_01[0m[1;33mwas not found[0m[1;33m[0m
[gazebo-2] [1;33m[GUI] [Wrn] [toggle_floors.cpp:237] [0m[1;33mNode for [0m[1;33mPK_02[0m[1;33mwas not found[0m[1;33m[0m
[gazebo-2] [1;33m[GUI] [Wrn] [toggle_floors.cpp:237] [0m[1;33mNode for [0m[1;33mPK_01[0m[1;33mwas not found[0m[1;33m[0m
[gazebo-2] [1;33m[GUI] [Wrn] [toggle_floors.cpp:237] [0m[1;33mNode for [0m[1;33mPK_02[0m[1;33mwas not found[0m[1;33m[0m
[gazebo-2] [1;33m[GUI] [Wrn] [toggle_floors.cpp:237] [0m[1;33mNode for [0m[1;33mPK_01[0m[1;33mwas not found[0m[1;33m[0m
[gazebo-2] [1;33m[GUI] [Wrn] [toggle_floors.cpp:237] [0m[1;33mNode for [0m[1;33mPK_02[0m[1;33mwas not found[0m[1;33m[0m
[gazebo-2] [1;33m[GUI] [Wrn] [toggle_floors.cpp:237] [0m[1;33mNode for [0m[1;33mPK_01[0m[1;33mwas not found[0m[1;33m[0m
[gazebo-2] [1;33m[GUI] [Wrn] [toggle_floors.cpp:237] [0m[1;33mNode for [0m[1;33mPK_02[0m[1;33mwas not found[0m[1;33m[0m
[gazebo-2] [1;33m[GUI] [Wrn] [toggle_floors.cpp:237] [0m[1;33mNode for [0m[1;33mPK_01[0m[1;33mwas not found[0m[1;33m[0m
[gazebo-2] [1;33m[GUI] [Wrn] [toggle_floors.cpp:237] [0m[1;33mNode for [0m[1;33mPK_02[0m[1;33mwas not found[0m[1;33m[0m
[gazebo-2] [1;33m[GUI] [Wrn] [toggle_floors.cpp:237] [0m[1;33mNode for [0m[1;33mPK_01[0m[1;33mwas not found[0m[1;33m[0m
[gazebo-2] [1;33m[GUI] [Wrn] [toggle_floors.cpp:237] [0m[1;33mNode for [0m[1;33mPK_02[0m[1;33mwas not found[0m[1;33m[0m
[gazebo-2] [1;33m[GUI] [Wrn] [toggle_floors.cpp:237] [0m[1;33mNode for [0m[1;33mPK_01[0m[1;33mwas not found[0m[1;33m[0m
[gazebo-2] [1;33m[GUI] [Wrn] [toggle_floors.cpp:237] [0m[1;33mNode for [0m[1;33mPK_02[0m[1;33mwas not found[0m[1;33m[0m
[gazebo-2] [1;33m[GUI] [Wrn] [toggle_floors.cpp:237] [0m[1;33mNode for [0m[1;33mPK_01[0m[1;33mwas not found[0m[1;33m[0m
[gazebo-2] [1;33m[GUI] [Wrn] [toggle_floors.cpp:237] [0m[1;33mNode for [0m[1;33mPK_02[0m[1;33mwas not found[0m[1;33m[0m
[gazebo-2] [1;33m[GUI] [Wrn] [toggle_floors.cpp:237] [0m[1;33mNode for [0m[1;33mPK_01[0m[1;33mwas not found[0m[1;33m[0m
[gazebo-2] [1;33m[GUI] [Wrn] [toggle_floors.cpp:237] [0m[1;33mNode for [0m[1;33mPK_02[0m[1;33mwas not found[0m[1;33m[0m
[gazebo-2] [1;33m[GUI] [Wrn] [toggle_floors.cpp:237] [0m[1;33mNode for [0m[1;33mPK_01[0m[1;33mwas not found[0m[1;33m[0m
[gazebo-2] [1;33m[GUI] [Wrn] [toggle_floors.cpp:237] [0m[1;33mNode for [0m[1;33mPK_02[0m[1;33mwas not found[0m[1;33m[0m
[gazebo-2] [1;33m[GUI] [Wrn] [toggle_floors.cpp:237] [0m[1;33mNode for [0m[1;33mPK_01[0m[1;33mwas not found[0m[1;33m[0m
[gazebo-2] [1;33m[GUI] [Wrn] [toggle_floors.cpp:237] [0m[1;33mNode for [0m[1;33mPK_02[0m[1;33mwas not found[0m[1;33m[0m
[gazebo-2] [1;33m[GUI] [Wrn] [toggle_floors.cpp:237] [0m[1;33mNode for [0m[1;33mPK_01[0m[1;33mwas not found[0m[1;33m[0m
[gazebo-2] [1;33m[GUI] [Wrn] [toggle_floors.cpp:237] [0m[1;33mNode for [0m[1;33mPK_02[0m[1;33mwas not found[0m[1;33m[0m
[gazebo-2] [1;33m[GUI] [Wrn] [toggle_floors.cpp:237] [0m[1;33mNode for [0m[1;33mPK_01[0m[1;33mwas not found[0m[1;33m[0m
[gazebo-2] [1;33m[GUI] [Wrn] [toggle_floors.cpp:237] [0m[1;33mNode for [0m[1;33mPK_02[0m[1;33mwas not found[0m[1;33m[0m
[gazebo-2] [1;33m[GUI] [Wrn] [toggle_floors.cpp:237] [0m[1;33mNode for [0m[1;33mPK_01[0m[1;33mwas not found[0m[1;33m[0m
[gazebo-2] [1;33m[GUI] [Wrn] [toggle_floors.cpp:237] [0m[1;33mNode for [0m[1;33mPK_02[0m[1;33mwas not found[0m[1;33m[0m
[gazebo-2] [1;33m[GUI] [Wrn] [toggle_floors.cpp:237] [0m[1;33mNode for [0m[1;33mPK_01[0m[1;33mwas not found[0m[1;33m[0m
[gazebo-2] [1;33m[GUI] [Wrn] [toggle_floors.cpp:237] [0m[1;33mNode for [0m[1;33mPK_02[0m[1;33mwas not found[0m[1;33m[0m
[gazebo-2] [1;33m[GUI] [Wrn] [toggle_floors.cpp:237] [0m[1;33mNode for [0m[1;33mPK_01[0m[1;33mwas not found[0m[1;33m[0m
[gazebo-2] [1;33m[GUI] [Wrn] [toggle_floors.cpp:237] [0m[1;33mNode for [0m[1;33mPK_02[0m[1;33mwas not found[0m[1;33m[0m
[gazebo-2] [1;33m[GUI] [Wrn] [toggle_floors.cpp:237] [0m[1;33mNode for [0m[1;33mPK_01[0m[1;33mwas not found[0m[1;33m[0m
[gazebo-2] [1;33m[GUI] [Wrn] [toggle_floors.cpp:237] [0m[1;33mNode for [0m[1;33mPK_02[0m[1;33mwas not found[0m[1;33m[0m
[gazebo-2] [1;33m[GUI] [Wrn] [toggle_floors.cpp:237] [0m[1;33mNode for [0m[1;33mPK_01[0m[1;33mwas not found[0m[1;33m[0m
[gazebo-2] [1;33m[GUI] [Wrn] [toggle_floors.cpp:237] [0m[1;33mNode for [0m[1;33mPK_02[0m[1;33mwas not found[0m[1;33m[0m
[gazebo-2] [1;33m[GUI] [Wrn] [toggle_floors.cpp:237] [0m[1;33mNode for [0m[1;33mPK_01[0m[1;33mwas not found[0m[1;33m[0m
[gazebo-2] [1;33m[GUI] [Wrn] [toggle_floors.cpp:237] [0m[1;33mNode for [0m[1;33mPK_02[0m[1;33mwas not found[0m[1;33m[0m
[gazebo-2] [1;33m[GUI] [Wrn] [toggle_floors.cpp:237] [0m[1;33mNode for [0m[1;33mPK_01[0m[1;33mwas not found[0m[1;33m[0m
[gazebo-2] [1;33m[GUI] [Wrn] [toggle_floors.cpp:237] [0m[1;33mNode for [0m[1;33mPK_02[0m[1;33mwas not found[0m[1;33m[0m
[gazebo-2] [1;33m[GUI] [Wrn] [toggle_floors.cpp:237] [0m[1;33mNode for [0m[1;33mPK_01[0m[1;33mwas not found[0m[1;33m[0m
[gazebo-2] [1;33m[GUI] [Wrn] [toggle_floors.cpp:237] [0m[1;33mNode for [0m[1;33mPK_02[0m[1;33mwas not found[0m[1;33m[0m
[gazebo-2] [1;33m[GUI] [Wrn] [toggle_floors.cpp:237] [0m[1;33mNode for [0m[1;33mPK_01[0m[1;33mwas not found[0m[1;33m[0m
[gazebo-2] [1;33m[GUI] [Wrn] [toggle_floors.cpp:237] [0m[1;33mNode for [0m[1;33mPK_02[0m[1;33mwas not found[0m[1;33m[0m
[gazebo-2] [1;33m[GUI] [Wrn] [toggle_floors.cpp:237] [0m[1;33mNode for [0m[1;33mPK_01[0m[1;33mwas not found[0m[1;33m[0m
[gazebo-2] [1;33m[GUI] [Wrn] [toggle_floors.cpp:237] [0m[1;33mNode for [0m[1;33mPK_02[0m[1;33mwas not found[0m[1;33m[0m
[gazebo-2] [1;33m[GUI] [Wrn] [toggle_floors.cpp:237] [0m[1;33mNode for [0m[1;33mPK_01[0m[1;33mwas not found[0m[1;33m[0m
[gazebo-2] [1;33m[GUI] [Wrn] [toggle_floors.cpp:237] [0m[1;33mNode for [0m[1;33mPK_02[0m[1;33mwas not found[0m[1;33m[0m
[gazebo-2] [1;33m[GUI] [Wrn] [toggle_floors.cpp:237] [0m[1;33mNode for [0m[1;33mPK_01[0m[1;33mwas not found[0m[1;33m[0m
[gazebo-2] [1;33m[GUI] [Wrn] [toggle_floors.cpp:237] [0m[1;33mNode for [0m[1;33mPK_02[0m[1;33mwas not found[0m[1;33m[0m
[gazebo-2] [1;33m[GUI] [Wrn] [toggle_floors.cpp:237] [0m[1;33mNode for [0m[1;33mPK_01[0m[1;33mwas not found[0m[1;33m[0m
[gazebo-2] [1;33m[GUI] [Wrn] [toggle_floors.cpp:237] [0m[1;33mNode for [0m[1;33mPK_02[0m[1;33mwas not found[0m[1;33m[0m
[gazebo-2] [1;33m[GUI] [Wrn] [toggle_floors.cpp:237] [0m[1;33mNode for [0m[1;33mPK_01[0m[1;33mwas not found[0m[1;33m[0m
[gazebo-2] [1;33m[GUI] [Wrn] [toggle_floors.cpp:237] [0m[1;33mNode for [0m[1;33mPK_02[0m[1;33mwas not found[0m[1;33m[0m
[gazebo-2] [1;33m[GUI] [Wrn] [toggle_floors.cpp:237] [0m[1;33mNode for [0m[1;33mPK_01[0m[1;33mwas not found[0m[1;33m[0m
[gazebo-2] [1;33m[GUI] [Wrn] [toggle_floors.cpp:237] [0m[1;33mNode for [0m[1;33mPK_02[0m[1;33mwas not found[0m[1;33m[0m
[gazebo-2] [1;33m[GUI] [Wrn] [toggle_floors.cpp:237] [0m[1;33mNode for [0m[1;33mPK_01[0m[1;33mwas not found[0m[1;33m[0m
[gazebo-2] [1;33m[GUI] [Wrn] [toggle_floors.cpp:237] [0m[1;33mNode for [0m[1;33mPK_02[0m[1;33mwas not found[0m[1;33m[0m
[gazebo-2] [1;33m[GUI] [Wrn] [toggle_floors.cpp:237] [0m[1;33mNode for [0m[1;33mPK_01[0m[1;33mwas not found[0m[1;33m[0m
[gazebo-2] [1;33m[GUI] [Wrn] [toggle_floors.cpp:237] [0m[1;33mNode for [0m[1;33mPK_02[0m[1;33mwas not found[0m[1;33m[0m
[gazebo-2] [1;33m[GUI] [Wrn] [toggle_floors.cpp:237] [0m[1;33mNode for [0m[1;33mPK_01[0m[1;33mwas not found[0m[1;33m[0m
[gazebo-2] [1;33m[GUI] [Wrn] [toggle_floors.cpp:237] [0m[1;33mNode for [0m[1;33mPK_02[0m[1;33mwas not found[0m[1;33m[0m
[gazebo-2] [1;33m[GUI] [Wrn] [toggle_floors.cpp:237] [0m[1;33mNode for [0m[1;33mPK_01[0m[1;33mwas not found[0m[1;33m[0m
[gazebo-2] [1;33m[GUI] [Wrn] [toggle_floors.cpp:237] [0m[1;33mNode for [0m[1;33mPK_02[0m[1;33mwas not found[0m[1;33m[0m
[gazebo-2] [1;33m[GUI] [Wrn] [toggle_floors.cpp:237] [0m[1;33mNode for [0m[1;33mPK_01[0m[1;33mwas not found[0m[1;33m[0m
[gazebo-2] [1;33m[GUI] [Wrn] [toggle_floors.cpp:237] [0m[1;33mNode for [0m[1;33mPK_02[0m[1;33mwas not found[0m[1;33m[0m
[gazebo-2] [1;33m[GUI] [Wrn] [toggle_floors.cpp:237] [0m[1;33mNode for [0m[1;33mPK_01[0m[1;33mwas not found[0m[1;33m[0m
[gazebo-2] [1;33m[GUI] [Wrn] [toggle_floors.cpp:237] [0m[1;33mNode for [0m[1;33mPK_02[0m[1;33mwas not found[0m[1;33m[0m
[gazebo-2] [1;33m[GUI] [Wrn] [toggle_floors.cpp:237] [0m[1;33mNode for [0m[1;33mPK_01[0m[1;33mwas not found[0m[1;33m[0m
[gazebo-2] [1;33m[GUI] [Wrn] [toggle_floors.cpp:237] [0m[1;33mNode for [0m[1;33mPK_02[0m[1;33mwas not found[0m[1;33m[0m
[gazebo-2] [1;33m[GUI] [Wrn] [toggle_floors.cpp:237] [0m[1;33mNode for [0m[1;33mPK_01[0m[1;33mwas not found[0m[1;33m[0m
[gazebo-2] [1;33m[GUI] [Wrn] [toggle_floors.cpp:237] [0m[1;33mNode for [0m[1;33mPK_02[0m[1;33mwas not found[0m[1;33m[0m
[gazebo-2] [1;33m[GUI] [Wrn] [toggle_floors.cpp:237] [0m[1;33mNode for [0m[1;33mPK_01[0m[1;33mwas not found[0m[1;33m[0m
[gazebo-2] [1;33m[GUI] [Wrn] [toggle_floors.cpp:237] [0m[1;33mNode for [0m[1;33mPK_02[0m[1;33mwas not found[0m[1;33m[0m
[gazebo-2] [1;33m[GUI] [Wrn] [toggle_floors.cpp:237] [0m[1;33mNode for [0m[1;33mPK_01[0m[1;33mwas not found[0m[1;33m[0m
[gazebo-2] [1;33m[GUI] [Wrn] [toggle_floors.cpp:237] [0m[1;33mNode for [0m[1;33mPK_02[0m[1;33mwas not found[0m[1;33m[0m
[gazebo-2] [1;33m[GUI] [Wrn] [toggle_floors.cpp:237] [0m[1;33mNode for [0m[1;33mPK_01[0m[1;33mwas not found[0m[1;33m[0m
[gazebo-2] [1;33m[GUI] [Wrn] [toggle_floors.cpp:237] [0m[1;33mNode for [0m[1;33mPK_02[0m[1;33mwas not found[0m[1;33m[0m
[gazebo-2] [1;33m[GUI] [Wrn] [toggle_floors.cpp:237] [0m[1;33mNode for [0m[1;33mPK_01[0m[1;33mwas not found[0m[1;33m[0m
[gazebo-2] [1;33m[GUI] [Wrn] [toggle_floors.cpp:237] [0m[1;33mNode for [0m[1;33mPK_02[0m[1;33mwas not found[0m[1;33m[0m
[gazebo-2] [1;33m[GUI] [Wrn] [toggle_floors.cpp:237] [0m[1;33mNode for [0m[1;33mPK_01[0m[1;33mwas not found[0m[1;33m[0m
[gazebo-2] [1;33m[GUI] [Wrn] [toggle_floors.cpp:237] [0m[1;33mNode for [0m[1;33mPK_02[0m[1;33mwas not found[0m[1;33m[0m
[gazebo-2] [1;33m[GUI] [Wrn] [toggle_floors.cpp:237] [0m[1;33mNode for [0m[1;33mPK_01[0m[1;33mwas not found[0m[1;33m[0m
[gazebo-2] [1;33m[GUI] [Wrn] [toggle_floors.cpp:237] [0m[1;33mNode for [0m[1;33mPK_02[0m[1;33mwas not found[0m[1;33m[0m
[gazebo-2] [1;33m[GUI] [Wrn] [toggle_floors.cpp:237] [0m[1;33mNode for [0m[1;33mPK_01[0m[1;33mwas not found[0m[1;33m[0m
[gazebo-2] [1;33m[GUI] [Wrn] [toggle_floors.cpp:237] [0m[1;33mNode for [0m[1;33mPK_02[0m[1;33mwas not found[0m[1;33m[0m
[gazebo-2] [1;33m[GUI] [Wrn] [toggle_floors.cpp:237] [0m[1;33mNode for [0m[1;33mPK_01[0m[1;33mwas not found[0m[1;33m[0m
[gazebo-2] [1;33m[GUI] [Wrn] [toggle_floors.cpp:237] [0m[1;33mNode for [0m[1;33mPK_02[0m[1;33mwas not found[0m[1;33m[0m
[gazebo-2] [1;33m[GUI] [Wrn] [toggle_floors.cpp:237] [0m[1;33mNode for [0m[1;33mPK_01[0m[1;33mwas not found[0m[1;33m[0m
[gazebo-2] [1;33m[GUI] [Wrn] [toggle_floors.cpp:237] [0m[1;33mNode for [0m[1;33mPK_02[0m[1;33mwas not found[0m[1;33m[0m
[gazebo-2] [1;33m[GUI] [Wrn] [toggle_floors.cpp:237] [0m[1;33mNode for [0m[1;33mPK_01[0m[1;33mwas not found[0m[1;33m[0m
[gazebo-2] [1;33m[GUI] [Wrn] [toggle_floors.cpp:237] [0m[1;33mNode for [0m[1;33mPK_02[0m[1;33mwas not found[0m[1;33m[0m
[gazebo-2] [1;33m[GUI] [Wrn] [toggle_floors.cpp:237] [0m[1;33mNode for [0m[1;33mPK_01[0m[1;33mwas not found[0m[1;33m[0m
[gazebo-2] [1;33m[GUI] [Wrn] [toggle_floors.cpp:237] [0m[1;33mNode for [0m[1;33mPK_02[0m[1;33mwas not found[0m[1;33m[0m
[gazebo-2] [1;33m[GUI] [Wrn] [toggle_floors.cpp:237] [0m[1;33mNode for [0m[1;33mPK_01[0m[1;33mwas not found[0m[1;33m[0m
[gazebo-2] [1;33m[GUI] [Wrn] [toggle_floors.cpp:237] [0m[1;33mNode for [0m[1;33mPK_02[0m[1;33mwas not found[0m[1;33m[0m
[gazebo-2] [1;33m[GUI] [Wrn] [toggle_floors.cpp:237] [0m[1;33mNode for [0m[1;33mPK_01[0m[1;33mwas not found[0m[1;33m[0m
[gazebo-2] [1;33m[GUI] [Wrn] [toggle_floors.cpp:237] [0m[1;33mNode for [0m[1;33mPK_02[0m[1;33mwas not found[0m[1;33m[0m
[gazebo-2] [1;33m[GUI] [Wrn] [toggle_floors.cpp:237] [0m[1;33mNode for [0m[1;33mPK_01[0m[1;33mwas not found[0m[1;33m[0m
[gazebo-2] [1;33m[GUI] [Wrn] [toggle_floors.cpp:237] [0m[1;33mNode for [0m[1;33mPK_02[0m[1;33mwas not found[0m[1;33m[0m
[gazebo-2] [1;33m[GUI] [Wrn] [toggle_floors.cpp:237] [0m[1;33mNode for [0m[1;33mPK_01[0m[1;33mwas not found[0m[1;33m[0m
[gazebo-2] [1;33m[GUI] [Wrn] [toggle_floors.cpp:237] [0m[1;33mNode for [0m[1;33mPK_02[0m[1;33mwas not found[0m[1;33m[0m
[gazebo-2] [1;33m[GUI] [Wrn] [toggle_floors.cpp:237] [0m[1;33mNode for [0m[1;33mPK_01[0m[1;33mwas not found[0m[1;33m[0m
[gazebo-2] [1;33m[GUI] [Wrn] [toggle_floors.cpp:237] [0m[1;33mNode for [0m[1;33mPK_02[0m[1;33mwas not found[0m[1;33m[0m
[gazebo-2] [1;33m[GUI] [Wrn] [toggle_floors.cpp:237] [0m[1;33mNode for [0m[1;33mPK_01[0m[1;33mwas not found[0m[1;33m[0m
[gazebo-2] [1;33m[GUI] [Wrn] [toggle_floors.cpp:237] [0m[1;33mNode for [0m[1;33mPK_02[0m[1;33mwas not found[0m[1;33m[0m
[gazebo-2] [1;33m[GUI] [Wrn] [toggle_floors.cpp:237] [0m[1;33mNode for [0m[1;33mPK_01[0m[1;33mwas not found[0m[1;33m[0m
[gazebo-2] [1;33m[GUI] [Wrn] [toggle_floors.cpp:237] [0m[1;33mNode for [0m[1;33mPK_02[0m[1;33mwas not found[0m[1;33m[0m
[gazebo-2] [1;33m[GUI] [Wrn] [toggle_floors.cpp:237] [0m[1;33mNode for [0m[1;33mPK_01[0m[1;33mwas not found[0m[1;33m[0m
[gazebo-2] [1;33m[GUI] [Wrn] [toggle_floors.cpp:237] [0m[1;33mNode for [0m[1;33mPK_02[0m[1;33mwas not found[0m[1;33m[0m
[gazebo-2] [1;33m[GUI] [Wrn] [toggle_floors.cpp:237] [0m[1;33mNode for [0m[1;33mPK_01[0m[1;33mwas not found[0m[1;33m[0m
[gazebo-2] [1;33m[GUI] [Wrn] [toggle_floors.cpp:237] [0m[1;33mNode for [0m[1;33mPK_02[0m[1;33mwas not found[0m[1;33m[0m
[gazebo-2] [1;33m[GUI] [Wrn] [toggle_floors.cpp:237] [0m[1;33mNode for [0m[1;33mPK_01[0m[1;33mwas not found[0m[1;33m[0m
[gazebo-2] [1;33m[GUI] [Wrn] [toggle_floors.cpp:237] [0m[1;33mNode for [0m[1;33mPK_02[0m[1;33mwas not found[0m[1;33m[0m
[gazebo-2] [1;33m[GUI] [Wrn] [toggle_floors.cpp:237] [0m[1;33mNode for [0m[1;33mPK_01[0m[1;33mwas not found[0m[1;33m[0m
[gazebo-2] [1;33m[GUI] [Wrn] [toggle_floors.cpp:237] [0m[1;33mNode for [0m[1;33mPK_02[0m[1;33mwas not found[0m[1;33m[0m
[gazebo-2] [1;33m[GUI] [Wrn] [toggle_floors.cpp:237] [0m[1;33mNode for [0m[1;33mPK_01[0m[1;33mwas not found[0m[1;33m[0m
[gazebo-2] [1;33m[GUI] [Wrn] [toggle_floors.cpp:237] [0m[1;33mNode for [0m[1;33mPK_02[0m[1;33mwas not found[0m[1;33m[0m
[gazebo-2] [1;33m[GUI] [Wrn] [toggle_floors.cpp:237] [0m[1;33mNode for [0m[1;33mPK_01[0m[1;33mwas not found[0m[1;33m[0m
[gazebo-2] [1;33m[GUI] [Wrn] [toggle_floors.cpp:237] [0m[1;33mNode for [0m[1;33mPK_02[0m[1;33mwas not found[0m[1;33m[0m
[gazebo-2] [1;33m[GUI] [Wrn] [toggle_floors.cpp:237] [0m[1;33mNode for [0m[1;33mPK_01[0m[1;33mwas not found[0m[1;33m[0m
[gazebo-2] [1;33m[GUI] [Wrn] [toggle_floors.cpp:237] [0m[1;33mNode for [0m[1;33mPK_02[0m[1;33mwas not found[0m[1;33m[0m
[gazebo-2] [1;33m[GUI] [Wrn] [toggle_floors.cpp:237] [0m[1;33mNode for [0m[1;33mPK_01[0m[1;33mwas not found[0m[1;33m[0m
[gazebo-2] [1;33m[GUI] [Wrn] [toggle_floors.cpp:237] [0m[1;33mNode for [0m[1;33mPK_02[0m[1;33mwas not found[0m[1;33m[0m
[gazebo-2] [1;33m[GUI] [Wrn] [toggle_floors.cpp:237] [0m[1;33mNode for [0m[1;33mPK_01[0m[1;33mwas not found[0m[1;33m[0m
[gazebo-2] [1;33m[GUI] [Wrn] [toggle_floors.cpp:237] [0m[1;33mNode for [0m[1;33mPK_02[0m[1;33mwas not found[0m[1;33m[0m
[gazebo-2] [1;33m[GUI] [Wrn] [toggle_floors.cpp:237] [0m[1;33mNode for [0m[1;33mPK_01[0m[1;33mwas not found[0m[1;33m[0m
[gazebo-2] [1;33m[GUI] [Wrn] [toggle_floors.cpp:237] [0m[1;33mNode for [0m[1;33mPK_02[0m[1;33mwas not found[0m[1;33m[0m
[gazebo-2] [1;33m[GUI] [Wrn] [toggle_floors.cpp:237] [0m[1;33mNode for [0m[1;33mPK_01[0m[1;33mwas not found[0m[1;33m[0m
[gazebo-2] [1;33m[GUI] [Wrn] [toggle_floors.cpp:237] [0m[1;33mNode for [0m[1;33mPK_02[0m[1;33mwas not found[0m[1;33m[0m
[gazebo-2] [1;33m[GUI] [Wrn] [toggle_floors.cpp:237] [0m[1;33mNode for [0m[1;33mPK_01[0m[1;33mwas not found[0m[1;33m[0m
[gazebo-2] [1;33m[GUI] [Wrn] [toggle_floors.cpp:237] [0m[1;33mNode for [0m[1;33mPK_02[0m[1;33mwas not found[0m[1;33m[0m
[gazebo-2] [1;33m[GUI] [Wrn] [toggle_floors.cpp:237] [0m[1;33mNode for [0m[1;33mPK_01[0m[1;33mwas not found[0m[1;33m[0m
[gazebo-2] [1;33m[GUI] [Wrn] [toggle_floors.cpp:237] [0m[1;33mNode for [0m[1;33mPK_02[0m[1;33mwas not found[0m[1;33m[0m
[gazebo-2] [1;33m[GUI] [Wrn] [toggle_floors.cpp:237] [0m[1;33mNode for [0m[1;33mPK_01[0m[1;33mwas not found[0m[1;33m[0m
[gazebo-2] [1;33m[GUI] [Wrn] [toggle_floors.cpp:237] [0m[1;33mNode for [0m[1;33mPK_02[0m[1;33mwas not found[0m[1;33m[0m
[gazebo-2] [1;33m[GUI] [Wrn] [toggle_floors.cpp:237] [0m[1;33mNode for [0m[1;33mPK_01[0m[1;33mwas not found[0m[1;33m[0m
[gazebo-2] [1;33m[GUI] [Wrn] [toggle_floors.cpp:237] [0m[1;33mNode for [0m[1;33mPK_02[0m[1;33mwas not found[0m[1;33m[0m
[gazebo-2] [1;33m[GUI] [Wrn] [toggle_floors.cpp:237] [0m[1;33mNode for [0m[1;33mPK_01[0m[1;33mwas not found[0m[1;33m[0m
[gazebo-2] [1;33m[GUI] [Wrn] [toggle_floors.cpp:237] [0m[1;33mNode for [0m[1;33mPK_02[0m[1;33mwas not found[0m[1;33m[0m
[gazebo-2] [1;33m[GUI] [Wrn] [toggle_floors.cpp:237] [0m[1;33mNode for [0m[1;33mPK_01[0m[1;33mwas not found[0m[1;33m[0m
[gazebo-2] [1;33m[GUI] [Wrn] [toggle_floors.cpp:237] [0m[1;33mNode for [0m[1;33mPK_02[0m[1;33mwas not found[0m[1;33m[0m
[gazebo-2] [1;33m[GUI] [Wrn] [toggle_floors.cpp:237] [0m[1;33mNode for [0m[1;33mPK_01[0m[1;33mwas not found[0m[1;33m[0m
[gazebo-2] [1;33m[GUI] [Wrn] [toggle_floors.cpp:237] [0m[1;33mNode for [0m[1;33mPK_02[0m[1;33mwas not found[0m[1;33m[0m
[gazebo-2] [1;33m[GUI] [Wrn] [toggle_floors.cpp:237] [0m[1;33mNode for [0m[1;33mPK_01[0m[1;33mwas not found[0m[1;33m[0m
[gazebo-2] [1;33m[GUI] [Wrn] [toggle_floors.cpp:237] [0m[1;33mNode for [0m[1;33mPK_02[0m[1;33mwas not found[0m[1;33m[0m
[gazebo-2] [1;33m[GUI] [Wrn] [toggle_floors.cpp:237] [0m[1;33mNode for [0m[1;33mPK_01[0m[1;33mwas not found[0m[1;33m[0m
[gazebo-2] [1;33m[GUI] [Wrn] [toggle_floors.cpp:237] [0m[1;33mNode for [0m[1;33mPK_02[0m[1;33mwas not found[0m[1;33m[0m
[gazebo-2] [1;33m[GUI] [Wrn] [toggle_floors.cpp:237] [0m[1;33mNode for [0m[1;33mPK_01[0m[1;33mwas not found[0m[1;33m[0m
[gazebo-2] [1;33m[GUI] [Wrn] [toggle_floors.cpp:237] [0m[1;33mNode for [0m[1;33mPK_02[0m[1;33mwas not found[0m[1;33m[0m
[gazebo-2] [1;33m[GUI] [Wrn] [toggle_floors.cpp:237] [0m[1;33mNode for [0m[1;33mPK_01[0m[1;33mwas not found[0m[1;33m[0m
[gazebo-2] [1;33m[GUI] [Wrn] [toggle_floors.cpp:237] [0m[1;33mNode for [0m[1;33mPK_02[0m[1;33mwas not found[0m[1;33m[0m
[gazebo-2] [1;33m[GUI] [Wrn] [toggle_floors.cpp:237] [0m[1;33mNode for [0m[1;33mPK_01[0m[1;33mwas not found[0m[1;33m[0m
[gazebo-2] [1;33m[GUI] [Wrn] [toggle_floors.cpp:237] [0m[1;33mNode for [0m[1;33mPK_02[0m[1;33mwas not found[0m[1;33m[0m
[gazebo-2] [1;33m[GUI] [Wrn] [toggle_floors.cpp:237] [0m[1;33mNode for [0m[1;33mPK_01[0m[1;33mwas not found[0m[1;33m[0m
[gazebo-2] [1;33m[GUI] [Wrn] [toggle_floors.cpp:237] [0m[1;33mNode for [0m[1;33mPK_02[0m[1;33mwas not found[0m[1;33m[0m
[gazebo-2] [1;33m[GUI] [Wrn] [toggle_floors.cpp:237] [0m[1;33mNode for [0m[1;33mPK_01[0m[1;33mwas not found[0m[1;33m[0m
[gazebo-2] [1;33m[GUI] [Wrn] [toggle_floors.cpp:237] [0m[1;33mNode for [0m[1;33mPK_02[0m[1;33mwas not found[0m[1;33m[0m
[gazebo-2] [1;33m[GUI] [Wrn] [toggle_floors.cpp:237] [0m[1;33mNode for [0m[1;33mPK_01[0m[1;33mwas not found[0m[1;33m[0m
[gazebo-2] [1;33m[GUI] [Wrn] [toggle_floors.cpp:237] [0m[1;33mNode for [0m[1;33mPK_02[0m[1;33mwas not found[0m[1;33m[0m
[gazebo-2] [1;33m[GUI] [Wrn] [toggle_floors.cpp:237] [0m[1;33mNode for [0m[1;33mPK_01[0m[1;33mwas not found[0m[1;33m[0m
[gazebo-2] [1;33m[GUI] [Wrn] [toggle_floors.cpp:237] [0m[1;33mNode for [0m[1;33mPK_02[0m[1;33mwas not found[0m[1;33m[0m
[gazebo-2] [1;33m[GUI] [Wrn] [toggle_floors.cpp:237] [0m[1;33mNode for [0m[1;33mPK_01[0m[1;33mwas not found[0m[1;33m[0m
[gazebo-2] [1;33m[GUI] [Wrn] [toggle_floors.cpp:237] [0m[1;33mNode for [0m[1;33mPK_02[0m[1;33mwas not found[0m[1;33m[0m
[gazebo-2] [1;33m[GUI] [Wrn] [toggle_floors.cpp:237] [0m[1;33mNode for [0m[1;33mPK_01[0m[1;33mwas not found[0m[1;33m[0m
[gazebo-2] [1;33m[GUI] [Wrn] [toggle_floors.cpp:237] [0m[1;33mNode for [0m[1;33mPK_02[0m[1;33mwas not found[0m[1;33m[0m
[gazebo-2] [1;33m[GUI] [Wrn] [toggle_floors.cpp:237] [0m[1;33mNode for [0m[1;33mPK_01[0m[1;33mwas not found[0m[1;33m[0m
[gazebo-2] [1;33m[GUI] [Wrn] [toggle_floors.cpp:237] [0m[1;33mNode for [0m[1;33mPK_02[0m[1;33mwas not found[0m[1;33m[0m
[gazebo-2] [1;33m[GUI] [Wrn] [toggle_floors.cpp:237] [0m[1;33mNode for [0m[1;33mPK_01[0m[1;33mwas not found[0m[1;33m[0m
[gazebo-2] [1;33m[GUI] [Wrn] [toggle_floors.cpp:237] [0m[1;33mNode for [0m[1;33mPK_02[0m[1;33mwas not found[0m[1;33m[0m
[gazebo-2] [1;33m[GUI] [Wrn] [toggle_floors.cpp:237] [0m[1;33mNode for [0m[1;33mPK_01[0m[1;33mwas not found[0m[1;33m[0m
[gazebo-2] [1;33m[GUI] [Wrn] [toggle_floors.cpp:237] [0m[1;33mNode for [0m[1;33mPK_02[0m[1;33mwas not found[0m[1;33m[0m
[gazebo-2] [1;33m[GUI] [Wrn] [toggle_floors.cpp:237] [0m[1;33mNode for [0m[1;33mPK_01[0m[1;33mwas not found[0m[1;33m[0m
[gazebo-2] [1;33m[GUI] [Wrn] [toggle_floors.cpp:237] [0m[1;33mNode for [0m[1;33mPK_02[0m[1;33mwas not found[0m[1;33m[0m
[gazebo-2] [1;33m[GUI] [Wrn] [toggle_floors.cpp:237] [0m[1;33mNode for [0m[1;33mPK_01[0m[1;33mwas not found[0m[1;33m[0m
[gazebo-2] [1;33m[GUI] [Wrn] [toggle_floors.cpp:237] [0m[1;33mNode for [0m[1;33mPK_02[0m[1;33mwas not found[0m[1;33m[0m
[gazebo-2] [1;33m[GUI] [Wrn] [toggle_floors.cpp:237] [0m[1;33mNode for [0m[1;33mPK_01[0m[1;33mwas not found[0m[1;33m[0m
[gazebo-2] [1;33m[GUI] [Wrn] [toggle_floors.cpp:237] [0m[1;33mNode for [0m[1;33mPK_02[0m[1;33mwas not found[0m[1;33m[0m
[gazebo-2] [1;33m[GUI] [Wrn] [toggle_floors.cpp:237] [0m[1;33mNode for [0m[1;33mPK_01[0m[1;33mwas not found[0m[1;33m[0m
[gazebo-2] [1;33m[GUI] [Wrn] [toggle_floors.cpp:237] [0m[1;33mNode for [0m[1;33mPK_02[0m[1;33mwas not found[0m[1;33m[0m
[gazebo-2] [1;33m[GUI] [Wrn] [toggle_floors.cpp:237] [0m[1;33mNode for [0m[1;33mPK_01[0m[1;33mwas not found[0m[1;33m[0m
[gazebo-2] [1;33m[GUI] [Wrn] [toggle_floors.cpp:237] [0m[1;33mNode for [0m[1;33mPK_02[0m[1;33mwas not found[0m[1;33m[0m
[gazebo-2] [1;33m[GUI] [Wrn] [toggle_floors.cpp:237] [0m[1;33mNode for [0m[1;33mPK_01[0m[1;33mwas not found[0m[1;33m[0m
[gazebo-2] [1;33m[GUI] [Wrn] [toggle_floors.cpp:237] [0m[1;33mNode for [0m[1;33mPK_02[0m[1;33mwas not found[0m[1;33m[0m
[gazebo-2] [1;33m[GUI] [Wrn] [toggle_floors.cpp:237] [0m[1;33mNode for [0m[1;33mPK_01[0m[1;33mwas not found[0m[1;33m[0m
[gazebo-2] [1;33m[GUI] [Wrn] [toggle_floors.cpp:237] [0m[1;33mNode for [0m[1;33mPK_02[0m[1;33mwas not found[0m[1;33m[0m
[gazebo-2] [1;33m[GUI] [Wrn] [toggle_floors.cpp:237] [0m[1;33mNode for [0m[1;33mPK_01[0m[1;33mwas not found[0m[1;33m[0m
[gazebo-2] [1;33m[GUI] [Wrn] [toggle_floors.cpp:237] [0m[1;33mNode for [0m[1;33mPK_02[0m[1;33mwas not found[0m[1;33m[0m
[gazebo-2] [1;33m[GUI] [Wrn] [toggle_floors.cpp:237] [0m[1;33mNode for [0m[1;33mPK_01[0m[1;33mwas not found[0m[1;33m[0m
[gazebo-2] [1;33m[GUI] [Wrn] [toggle_floors.cpp:237] [0m[1;33mNode for [0m[1;33mPK_02[0m[1;33mwas not found[0m[1;33m[0m
[gazebo-2] [1;33m[GUI] [Wrn] [toggle_floors.cpp:237] [0m[1;33mNode for [0m[1;33mPK_01[0m[1;33mwas not found[0m[1;33m[0m
[gazebo-2] [1;33m[GUI] [Wrn] [toggle_floors.cpp:237] [0m[1;33mNode for [0m[1;33mPK_02[0m[1;33mwas not found[0m[1;33m[0m
[gazebo-2] [1;33m[GUI] [Wrn] [toggle_floors.cpp:237] [0m[1;33mNode for [0m[1;33mPK_01[0m[1;33mwas not found[0m[1;33m[0m
[gazebo-2] [1;33m[GUI] [Wrn] [toggle_floors.cpp:237] [0m[1;33mNode for [0m[1;33mPK_02[0m[1;33mwas not found[0m[1;33m[0m
[gazebo-2] [1;33m[GUI] [Wrn] [toggle_floors.cpp:237] [0m[1;33mNode for [0m[1;33mPK_01[0m[1;33mwas not found[0m[1;33m[0m
[gazebo-2] [1;33m[GUI] [Wrn] [toggle_floors.cpp:237] [0m[1;33mNode for [0m[1;33mPK_02[0m[1;33mwas not found[0m[1;33m[0m
[gazebo-2] [1;33m[GUI] [Wrn] [toggle_floors.cpp:237] [0m[1;33mNode for [0m[1;33mPK_01[0m[1;33mwas not found[0m[1;33m[0m
[gazebo-2] [1;33m[GUI] [Wrn] [toggle_floors.cpp:237] [0m[1;33mNode for [0m[1;33mPK_02[0m[1;33mwas not found[0m[1;33m[0m
[gazebo-2] [1;33m[GUI] [Wrn] [toggle_floors.cpp:237] [0m[1;33mNode for [0m[1;33mPK_01[0m[1;33mwas not found[0m[1;33m[0m
[gazebo-2] [1;33m[GUI] [Wrn] [toggle_floors.cpp:237] [0m[1;33mNode for [0m[1;33mPK_02[0m[1;33mwas not found[0m[1;33m[0m
[gazebo-2] [1;33m[GUI] [Wrn] [toggle_floors.cpp:237] [0m[1;33mNode for [0m[1;33mPK_01[0m[1;33mwas not found[0m[1;33m[0m
[gazebo-2] [1;33m[GUI] [Wrn] [toggle_floors.cpp:237] [0m[1;33mNode for [0m[1;33mPK_02[0m[1;33mwas not found[0m[1;33m[0m
[gazebo-2] [1;33m[GUI] [Wrn] [toggle_floors.cpp:237] [0m[1;33mNode for [0m[1;33mPK_01[0m[1;33mwas not found[0m[1;33m[0m
[gazebo-2] [1;33m[GUI] [Wrn] [toggle_floors.cpp:237] [0m[1;33mNode for [0m[1;33mPK_02[0m[1;33mwas not found[0m[1;33m[0m
[gazebo-2] [1;33m[GUI] [Wrn] [toggle_floors.cpp:237] [0m[1;33mNode for [0m[1;33mPK_01[0m[1;33mwas not found[0m[1;33m[0m
[gazebo-2] [1;33m[GUI] [Wrn] [toggle_floors.cpp:237] [0m[1;33mNode for [0m[1;33mPK_02[0m[1;33mwas not found[0m[1;33m[0m
[gazebo-2] [1;33m[GUI] [Wrn] [toggle_floors.cpp:237] [0m[1;33mNode for [0m[1;33mPK_01[0m[1;33mwas not found[0m[1;33m[0m
[gazebo-2] [1;33m[GUI] [Wrn] [toggle_floors.cpp:237] [0m[1;33mNode for [0m[1;33mPK_02[0m[1;33mwas not found[0m[1;33m[0m
[gazebo-2] [1;33m[GUI] [Wrn] [toggle_floors.cpp:237] [0m[1;33mNode for [0m[1;33mPK_01[0m[1;33mwas not found[0m[1;33m[0m
[gazebo-2] [1;33m[GUI] [Wrn] [toggle_floors.cpp:237] [0m[1;33mNode for [0m[1;33mPK_02[0m[1;33mwas not found[0m[1;33m[0m
[gazebo-2] [1;33m[GUI] [Wrn] [toggle_floors.cpp:237] [0m[1;33mNode for [0m[1;33mPK_01[0m[1;33mwas not found[0m[1;33m[0m
[gazebo-2] [1;33m[GUI] [Wrn] [toggle_floors.cpp:237] [0m[1;33mNode for [0m[1;33mPK_02[0m[1;33mwas not found[0m[1;33m[0m
[gazebo-2] [1;33m[GUI] [Wrn] [toggle_floors.cpp:237] [0m[1;33mNode for [0m[1;33mPK_01[0m[1;33mwas not found[0m[1;33m[0m
[gazebo-2] [1;33m[GUI] [Wrn] [toggle_floors.cpp:237] [0m[1;33mNode for [0m[1;33mPK_02[0m[1;33mwas not found[0m[1;33m[0m
[gazebo-2] [1;33m[GUI] [Wrn] [toggle_floors.cpp:237] [0m[1;33mNode for [0m[1;33mPK_01[0m[1;33mwas not found[0m[1;33m[0m
[gazebo-2] [1;33m[GUI] [Wrn] [toggle_floors.cpp:237] [0m[1;33mNode for [0m[1;33mPK_02[0m[1;33mwas not found[0m[1;33m[0m
[gazebo-2] [1;33m[GUI] [Wrn] [toggle_floors.cpp:237] [0m[1;33mNode for [0m[1;33mPK_01[0m[1;33mwas not found[0m[1;33m[0m
[gazebo-2] [1;33m[GUI] [Wrn] [toggle_floors.cpp:237] [0m[1;33mNode for [0m[1;33mPK_02[0m[1;33mwas not found[0m[1;33m[0m
[gazebo-2] [1;33m[GUI] [Wrn] [toggle_floors.cpp:237] [0m[1;33mNode for [0m[1;33mPK_01[0m[1;33mwas not found[0m[1;33m[0m
[gazebo-2] [1;33m[GUI] [Wrn] [toggle_floors.cpp:237] [0m[1;33mNode for [0m[1;33mPK_02[0m[1;33mwas not found[0m[1;33m[0m
[gazebo-2] [1;33m[GUI] [Wrn] [toggle_floors.cpp:237] [0m[1;33mNode for [0m[1;33mPK_01[0m[1;33mwas not found[0m[1;33m[0m
[gazebo-2] [1;33m[GUI] [Wrn] [toggle_floors.cpp:237] [0m[1;33mNode for [0m[1;33mPK_02[0m[1;33mwas not found[0m[1;33m[0m
[gazebo-2] [1;33m[GUI] [Wrn] [toggle_floors.cpp:237] [0m[1;33mNode for [0m[1;33mPK_01[0m[1;33mwas not found[0m[1;33m[0m
[gazebo-2] [1;33m[GUI] [Wrn] [toggle_floors.cpp:237] [0m[1;33mNode for [0m[1;33mPK_02[0m[1;33mwas not found[0m[1;33m[0m
[gazebo-2] [1;33m[GUI] [Wrn] [toggle_floors.cpp:237] [0m[1;33mNode for [0m[1;33mPK_01[0m[1;33mwas not found[0m[1;33m[0m
[gazebo-2] [1;33m[GUI] [Wrn] [toggle_floors.cpp:237] [0m[1;33mNode for [0m[1;33mPK_02[0m[1;33mwas not found[0m[1;33m[0m
[gazebo-2] [1;33m[GUI] [Wrn] [toggle_floors.cpp:237] [0m[1;33mNode for [0m[1;33mPK_01[0m[1;33mwas not found[0m[1;33m[0m
[gazebo-2] [1;33m[GUI] [Wrn] [toggle_floors.cpp:237] [0m[1;33mNode for [0m[1;33mPK_02[0m[1;33mwas not found[0m[1;33m[0m
[gazebo-2] [1;33m[GUI] [Wrn] [toggle_floors.cpp:237] [0m[1;33mNode for [0m[1;33mPK_01[0m[1;33mwas not found[0m[1;33m[0m
[gazebo-2] [1;33m[GUI] [Wrn] [toggle_floors.cpp:237] [0m[1;33mNode for [0m[1;33mPK_02[0m[1;33mwas not found[0m[1;33m[0m
[gazebo-2] [1;33m[GUI] [Wrn] [toggle_floors.cpp:237] [0m[1;33mNode for [0m[1;33mPK_01[0m[1;33mwas not found[0m[1;33m[0m
[gazebo-2] [1;33m[GUI] [Wrn] [toggle_floors.cpp:237] [0m[1;33mNode for [0m[1;33mPK_02[0m[1;33mwas not found[0m[1;33m[0m
[gazebo-2] [1;33m[GUI] [Wrn] [toggle_floors.cpp:237] [0m[1;33mNode for [0m[1;33mPK_01[0m[1;33mwas not found[0m[1;33m[0m
[gazebo-2] [1;33m[GUI] [Wrn] [toggle_floors.cpp:237] [0m[1;33mNode for [0m[1;33mPK_02[0m[1;33mwas not found[0m[1;33m[0m
[gazebo-2] [1;33m[GUI] [Wrn] [toggle_floors.cpp:237] [0m[1;33mNode for [0m[1;33mPK_01[0m[1;33mwas not found[0m[1;33m[0m
[gazebo-2] [1;33m[GUI] [Wrn] [toggle_floors.cpp:237] [0m[1;33mNode for [0m[1;33mPK_02[0m[1;33mwas not found[0m[1;33m[0m
[gazebo-2] [1;33m[GUI] [Wrn] [toggle_floors.cpp:237] [0m[1;33mNode for [0m[1;33mPK_01[0m[1;33mwas not found[0m[1;33m[0m
[gazebo-2] [1;33m[GUI] [Wrn] [toggle_floors.cpp:237] [0m[1;33mNode for [0m[1;33mPK_02[0m[1;33mwas not found[0m[1;33m[0m
[gazebo-2] [1;33m[GUI] [Wrn] [toggle_floors.cpp:237] [0m[1;33mNode for [0m[1;33mPK_01[0m[1;33mwas not found[0m[1;33m[0m
[gazebo-2] [1;33m[GUI] [Wrn] [toggle_floors.cpp:237] [0m[1;33mNode for [0m[1;33mPK_02[0m[1;33mwas not found[0m[1;33m[0m
[gazebo-2] [1;33m[GUI] [Wrn] [toggle_floors.cpp:237] [0m[1;33mNode for [0m[1;33mPK_01[0m[1;33mwas not found[0m[1;33m[0m
[gazebo-2] [1;33m[GUI] [Wrn] [toggle_floors.cpp:237] [0m[1;33mNode for [0m[1;33mPK_02[0m[1;33mwas not found[0m[1;33m[0m
[gazebo-2] [1;33m[GUI] [Wrn] [toggle_floors.cpp:237] [0m[1;33mNode for [0m[1;33mPK_01[0m[1;33mwas not found[0m[1;33m[0m
[gazebo-2] [1;33m[GUI] [Wrn] [toggle_floors.cpp:237] [0m[1;33mNode for [0m[1;33mPK_02[0m[1;33mwas not found[0m[1;33m[0m
[gazebo-2] [1;33m[GUI] [Wrn] [toggle_floors.cpp:237] [0m[1;33mNode for [0m[1;33mPK_01[0m[1;33mwas not found[0m[1;33m[0m
[gazebo-2] [1;33m[GUI] [Wrn] [toggle_floors.cpp:237] [0m[1;33mNode for [0m[1;33mPK_02[0m[1;33mwas not found[0m[1;33m[0m
[gazebo-2] [1;33m[GUI] [Wrn] [toggle_floors.cpp:237] [0m[1;33mNode for [0m[1;33mPK_01[0m[1;33mwas not found[0m[1;33m[0m
[gazebo-2] [1;33m[GUI] [Wrn] [toggle_floors.cpp:237] [0m[1;33mNode for [0m[1;33mPK_02[0m[1;33mwas not found[0m[1;33m[0m
[gazebo-2] [1;33m[GUI] [Wrn] [toggle_floors.cpp:237] [0m[1;33mNode for [0m[1;33mPK_01[0m[1;33mwas not found[0m[1;33m[0m
[gazebo-2] [1;33m[GUI] [Wrn] [toggle_floors.cpp:237] [0m[1;33mNode for [0m[1;33mPK_02[0m[1;33mwas not found[0m[1;33m[0m
[gazebo-2] [1;33m[GUI] [Wrn] [toggle_floors.cpp:237] [0m[1;33mNode for [0m[1;33mPK_01[0m[1;33mwas not found[0m[1;33m[0m
[gazebo-2] [1;33m[GUI] [Wrn] [toggle_floors.cpp:237] [0m[1;33mNode for [0m[1;33mPK_02[0m[1;33mwas not found[0m[1;33m[0m
[gazebo-2] [1;33m[GUI] [Wrn] [toggle_floors.cpp:237] [0m[1;33mNode for [0m[1;33mPK_01[0m[1;33mwas not found[0m[1;33m[0m
[gazebo-2] [1;33m[GUI] [Wrn] [toggle_floors.cpp:237] [0m[1;33mNode for [0m[1;33mPK_02[0m[1;33mwas not found[0m[1;33m[0m
[gazebo-2] [1;33m[GUI] [Wrn] [toggle_floors.cpp:237] [0m[1;33mNode for [0m[1;33mPK_01[0m[1;33mwas not found[0m[1;33m[0m
[gazebo-2] [1;33m[GUI] [Wrn] [toggle_floors.cpp:237] [0m[1;33mNode for [0m[1;33mPK_02[0m[1;33mwas not found[0m[1;33m[0m
[gazebo-2] [1;33m[GUI] [Wrn] [toggle_floors.cpp:237] [0m[1;33mNode for [0m[1;33mPK_01[0m[1;33mwas not found[0m[1;33m[0m
[gazebo-2] [1;33m[GUI] [Wrn] [toggle_floors.cpp:237] [0m[1;33mNode for [0m[1;33mPK_02[0m[1;33mwas not found[0m[1;33m[0m
[gazebo-2] [1;33m[GUI] [Wrn] [toggle_floors.cpp:237] [0m[1;33mNode for [0m[1;33mPK_01[0m[1;33mwas not found[0m[1;33m[0m
[gazebo-2] [1;33m[GUI] [Wrn] [toggle_floors.cpp:237] [0m[1;33mNode for [0m[1;33mPK_02[0m[1;33mwas not found[0m[1;33m[0m
[gazebo-2] [1;33m[GUI] [Wrn] [toggle_floors.cpp:237] [0m[1;33mNode for [0m[1;33mPK_01[0m[1;33mwas not found[0m[1;33m[0m
[gazebo-2] [1;33m[GUI] [Wrn] [toggle_floors.cpp:237] [0m[1;33mNode for [0m[1;33mPK_02[0m[1;33mwas not found[0m[1;33m[0m
[gazebo-2] [1;33m[GUI] [Wrn] [toggle_floors.cpp:237] [0m[1;33mNode for [0m[1;33mPK_01[0m[1;33mwas not found[0m[1;33m[0m
[gazebo-2] [1;33m[GUI] [Wrn] [toggle_floors.cpp:237] [0m[1;33mNode for [0m[1;33mPK_02[0m[1;33mwas not found[0m[1;33m[0m
[gazebo-2] [1;33m[GUI] [Wrn] [toggle_floors.cpp:237] [0m[1;33mNode for [0m[1;33mPK_01[0m[1;33mwas not found[0m[1;33m[0m
[gazebo-2] [1;33m[GUI] [Wrn] [toggle_floors.cpp:237] [0m[1;33mNode for [0m[1;33mPK_02[0m[1;33mwas not found[0m[1;33m[0m
[gazebo-2] [1;33m[GUI] [Wrn] [toggle_floors.cpp:237] [0m[1;33mNode for [0m[1;33mPK_01[0m[1;33mwas not found[0m[1;33m[0m
[gazebo-2] [1;33m[GUI] [Wrn] [toggle_floors.cpp:237] [0m[1;33mNode for [0m[1;33mPK_02[0m[1;33mwas not found[0m[1;33m[0m
[gazebo-2] [1;33m[GUI] [Wrn] [toggle_floors.cpp:237] [0m[1;33mNode for [0m[1;33mPK_01[0m[1;33mwas not found[0m[1;33m[0m
[gazebo-2] [1;33m[GUI] [Wrn] [toggle_floors.cpp:237] [0m[1;33mNode for [0m[1;33mPK_02[0m[1;33mwas not found[0m[1;33m[0m
[gazebo-2] [1;33m[GUI] [Wrn] [toggle_floors.cpp:237] [0m[1;33mNode for [0m[1;33mPK_01[0m[1;33mwas not found[0m[1;33m[0m
[gazebo-2] [1;33m[GUI] [Wrn] [toggle_floors.cpp:237] [0m[1;33mNode for [0m[1;33mPK_02[0m[1;33mwas not found[0m[1;33m[0m
[gazebo-2] [1;33m[GUI] [Wrn] [toggle_floors.cpp:237] [0m[1;33mNode for [0m[1;33mPK_01[0m[1;33mwas not found[0m[1;33m[0m
[gazebo-2] [1;33m[GUI] [Wrn] [toggle_floors.cpp:237] [0m[1;33mNode for [0m[1;33mPK_02[0m[1;33mwas not found[0m[1;33m[0m
[gazebo-2] [1;33m[GUI] [Wrn] [toggle_floors.cpp:237] [0m[1;33mNode for [0m[1;33mPK_01[0m[1;33mwas not found[0m[1;33m[0m
[gazebo-2] [1;33m[GUI] [Wrn] [toggle_floors.cpp:237] [0m[1;33mNode for [0m[1;33mPK_02[0m[1;33mwas not found[0m[1;33m[0m
[gazebo-2] [1;33m[GUI] [Wrn] [toggle_floors.cpp:237] [0m[1;33mNode for [0m[1;33mPK_01[0m[1;33mwas not found[0m[1;33m[0m
[gazebo-2] [1;33m[GUI] [Wrn] [toggle_floors.cpp:237] [0m[1;33mNode for [0m[1;33mPK_02[0m[1;33mwas not found[0m[1;33m[0m
[gazebo-2] [1;33m[GUI] [Wrn] [toggle_floors.cpp:237] [0m[1;33mNode for [0m[1;33mPK_01[0m[1;33mwas not found[0m[1;33m[0m
[gazebo-2] [1;33m[GUI] [Wrn] [toggle_floors.cpp:237] [0m[1;33mNode for [0m[1;33mPK_02[0m[1;33mwas not found[0m[1;33m[0m
[gazebo-2] [1;33m[GUI] [Wrn] [toggle_floors.cpp:237] [0m[1;33mNode for [0m[1;33mPK_01[0m[1;33mwas not found[0m[1;33m[0m
[gazebo-2] [1;33m[GUI] [Wrn] [toggle_floors.cpp:237] [0m[1;33mNode for [0m[1;33mPK_02[0m[1;33mwas not found[0m[1;33m[0m
[gazebo-2] [1;33m[GUI] [Wrn] [toggle_floors.cpp:237] [0m[1;33mNode for [0m[1;33mPK_01[0m[1;33mwas not found[0m[1;33m[0m
[gazebo-2] [1;33m[GUI] [Wrn] [toggle_floors.cpp:237] [0m[1;33mNode for [0m[1;33mPK_02[0m[1;33mwas not found[0m[1;33m[0m
[gazebo-2] [1;33m[GUI] [Wrn] [toggle_floors.cpp:237] [0m[1;33mNode for [0m[1;33mPK_01[0m[1;33mwas not found[0m[1;33m[0m
[gazebo-2] [1;33m[GUI] [Wrn] [toggle_floors.cpp:237] [0m[1;33mNode for [0m[1;33mPK_02[0m[1;33mwas not found[0m[1;33m[0m
[gazebo-2] [1;33m[GUI] [Wrn] [toggle_floors.cpp:237] [0m[1;33mNode for [0m[1;33mPK_01[0m[1;33mwas not found[0m[1;33m[0m
[gazebo-2] [1;33m[GUI] [Wrn] [toggle_floors.cpp:237] [0m[1;33mNode for [0m[1;33mPK_02[0m[1;33mwas not found[0m[1;33m[0m
[gazebo-2] [1;33m[GUI] [Wrn] [toggle_floors.cpp:237] [0m[1;33mNode for [0m[1;33mPK_01[0m[1;33mwas not found[0m[1;33m[0m
[gazebo-2] [1;33m[GUI] [Wrn] [toggle_floors.cpp:237] [0m[1;33mNode for [0m[1;33mPK_02[0m[1;33mwas not found[0m[1;33m[0m
[gazebo-2] [1;33m[GUI] [Wrn] [toggle_floors.cpp:237] [0m[1;33mNode for [0m[1;33mPK_01[0m[1;33mwas not found[0m[1;33m[0m
[gazebo-2] [1;33m[GUI] [Wrn] [toggle_floors.cpp:237] [0m[1;33mNode for [0m[1;33mPK_02[0m[1;33mwas not found[0m[1;33m[0m
[gazebo-2] [1;33m[GUI] [Wrn] [toggle_floors.cpp:237] [0m[1;33mNode for [0m[1;33mPK_01[0m[1;33mwas not found[0m[1;33m[0m
[gazebo-2] [1;33m[GUI] [Wrn] [toggle_floors.cpp:237] [0m[1;33mNode for [0m[1;33mPK_02[0m[1;33mwas not found[0m[1;33m[0m
[gazebo-2] [1;33m[GUI] [Wrn] [toggle_floors.cpp:237] [0m[1;33mNode for [0m[1;33mPK_01[0m[1;33mwas not found[0m[1;33m[0m
[gazebo-2] [1;33m[GUI] [Wrn] [toggle_floors.cpp:237] [0m[1;33mNode for [0m[1;33mPK_02[0m[1;33mwas not found[0m[1;33m[0m
[gazebo-2] [1;33m[GUI] [Wrn] [toggle_floors.cpp:237] [0m[1;33mNode for [0m[1;33mPK_01[0m[1;33mwas not found[0m[1;33m[0m
[gazebo-2] [1;33m[GUI] [Wrn] [toggle_floors.cpp:237] [0m[1;33mNode for [0m[1;33mPK_02[0m[1;33mwas not found[0m[1;33m[0m
[gazebo-2] [1;33m[GUI] [Wrn] [toggle_floors.cpp:237] [0m[1;33mNode for [0m[1;33mPK_01[0m[1;33mwas not found[0m[1;33m[0m
[gazebo-2] [1;33m[GUI] [Wrn] [toggle_floors.cpp:237] [0m[1;33mNode for [0m[1;33mPK_02[0m[1;33mwas not found[0m[1;33m[0m
[gazebo-2] [1;33m[GUI] [Wrn] [toggle_floors.cpp:237] [0m[1;33mNode for [0m[1;33mPK_01[0m[1;33mwas not found[0m[1;33m[0m
[gazebo-2] [1;33m[GUI] [Wrn] [toggle_floors.cpp:237] [0m[1;33mNode for [0m[1;33mPK_02[0m[1;33mwas not found[0m[1;33m[0m
[gazebo-2] [1;33m[GUI] [Wrn] [toggle_floors.cpp:237] [0m[1;33mNode for [0m[1;33mPK_01[0m[1;33mwas not found[0m[1;33m[0m
[gazebo-2] [1;33m[GUI] [Wrn] [toggle_floors.cpp:237] [0m[1;33mNode for [0m[1;33mPK_02[0m[1;33mwas not found[0m[1;33m[0m
[gazebo-2] [1;33m[GUI] [Wrn] [toggle_floors.cpp:237] [0m[1;33mNode for [0m[1;33mPK_01[0m[1;33mwas not found[0m[1;33m[0m
[gazebo-2] [1;33m[GUI] [Wrn] [toggle_floors.cpp:237] [0m[1;33mNode for [0m[1;33mPK_02[0m[1;33mwas not found[0m[1;33m[0m
[gazebo-2] [1;33m[GUI] [Wrn] [toggle_floors.cpp:237] [0m[1;33mNode for [0m[1;33mPK_01[0m[1;33mwas not found[0m[1;33m[0m
[gazebo-2] [1;33m[GUI] [Wrn] [toggle_floors.cpp:237] [0m[1;33mNode for [0m[1;33mPK_02[0m[1;33mwas not found[0m[1;33m[0m
[gazebo-2] [1;33m[GUI] [Wrn] [toggle_floors.cpp:237] [0m[1;33mNode for [0m[1;33mPK_01[0m[1;33mwas not found[0m[1;33m[0m
[gazebo-2] [1;33m[GUI] [Wrn] [toggle_floors.cpp:237] [0m[1;33mNode for [0m[1;33mPK_02[0m[1;33mwas not found[0m[1;33m[0m
[gazebo-2] [1;33m[GUI] [Wrn] [toggle_floors.cpp:237] [0m[1;33mNode for [0m[1;33mPK_01[0m[1;33mwas not found[0m[1;33m[0m
[gazebo-2] [1;33m[GUI] [Wrn] [toggle_floors.cpp:237] [0m[1;33mNode for [0m[1;33mPK_02[0m[1;33mwas not found[0m[1;33m[0m
[gazebo-2] [1;33m[GUI] [Wrn] [toggle_floors.cpp:237] [0m[1;33mNode for [0m[1;33mPK_01[0m[1;33mwas not found[0m[1;33m[0m
[gazebo-2] [1;33m[GUI] [Wrn] [toggle_floors.cpp:237] [0m[1;33mNode for [0m[1;33mPK_02[0m[1;33mwas not found[0m[1;33m[0m
[gazebo-2] [1;33m[GUI] [Wrn] [toggle_floors.cpp:237] [0m[1;33mNode for [0m[1;33mPK_01[0m[1;33mwas not found[0m[1;33m[0m
[gazebo-2] [1;33m[GUI] [Wrn] [toggle_floors.cpp:237] [0m[1;33mNode for [0m[1;33mPK_02[0m[1;33mwas not found[0m[1;33m[0m
[gazebo-2] [1;33m[GUI] [Wrn] [toggle_floors.cpp:237] [0m[1;33mNode for [0m[1;33mPK_01[0m[1;33mwas not found[0m[1;33m[0m
[gazebo-2] [1;33m[GUI] [Wrn] [toggle_floors.cpp:237] [0m[1;33mNode for [0m[1;33mPK_02[0m[1;33mwas not found[0m[1;33m[0m
[gazebo-2] [1;33m[GUI] [Wrn] [toggle_floors.cpp:237] [0m[1;33mNode for [0m[1;33mPK_01[0m[1;33mwas not found[0m[1;33m[0m
[gazebo-2] [1;33m[GUI] [Wrn] [toggle_floors.cpp:237] [0m[1;33mNode for [0m[1;33mPK_02[0m[1;33mwas not found[0m[1;33m[0m
[gazebo-2] [1;33m[GUI] [Wrn] [toggle_floors.cpp:237] [0m[1;33mNode for [0m[1;33mPK_01[0m[1;33mwas not found[0m[1;33m[0m
[gazebo-2] [1;33m[GUI] [Wrn] [toggle_floors.cpp:237] [0m[1;33mNode for [0m[1;33mPK_02[0m[1;33mwas not found[0m[1;33m[0m
[gazebo-2] [1;33m[GUI] [Wrn] [toggle_floors.cpp:237] [0m[1;33mNode for [0m[1;33mPK_01[0m[1;33mwas not found[0m[1;33m[0m
[gazebo-2] [1;33m[GUI] [Wrn] [toggle_floors.cpp:237] [0m[1;33mNode for [0m[1;33mPK_02[0m[1;33mwas not found[0m[1;33m[0m
[gazebo-2] [1;33m[GUI] [Wrn] [toggle_floors.cpp:237] [0m[1;33mNode for [0m[1;33mPK_01[0m[1;33mwas not found[0m[1;33m[0m
[gazebo-2] [1;33m[GUI] [Wrn] [toggle_floors.cpp:237] [0m[1;33mNode for [0m[1;33mPK_02[0m[1;33mwas not found[0m[1;33m[0m
[gazebo-2] [1;33m[GUI] [Wrn] [toggle_floors.cpp:237] [0m[1;33mNode for [0m[1;33mPK_01[0m[1;33mwas not found[0m[1;33m[0m
[gazebo-2] [1;33m[GUI] [Wrn] [toggle_floors.cpp:237] [0m[1;33mNode for [0m[1;33mPK_02[0m[1;33mwas not found[0m[1;33m[0m
[gazebo-2] [1;33m[GUI] [Wrn] [toggle_floors.cpp:237] [0m[1;33mNode for [0m[1;33mPK_01[0m[1;33mwas not found[0m[1;33m[0m
[gazebo-2] [1;33m[GUI] [Wrn] [toggle_floors.cpp:237] [0m[1;33mNode for [0m[1;33mPK_02[0m[1;33mwas not found[0m[1;33m[0m
[gazebo-2] [1;33m[GUI] [Wrn] [toggle_floors.cpp:237] [0m[1;33mNode for [0m[1;33mPK_01[0m[1;33mwas not found[0m[1;33m[0m
[gazebo-2] [1;33m[GUI] [Wrn] [toggle_floors.cpp:237] [0m[1;33mNode for [0m[1;33mPK_02[0m[1;33mwas not found[0m[1;33m[0m
[gazebo-2] [1;33m[GUI] [Wrn] [toggle_floors.cpp:237] [0m[1;33mNode for [0m[1;33mPK_01[0m[1;33mwas not found[0m[1;33m[0m
[gazebo-2] [1;33m[GUI] [Wrn] [toggle_floors.cpp:237] [0m[1;33mNode for [0m[1;33mPK_02[0m[1;33mwas not found[0m[1;33m[0m
[gazebo-2] [1;33m[GUI] [Wrn] [toggle_floors.cpp:237] [0m[1;33mNode for [0m[1;33mPK_01[0m[1;33mwas not found[0m[1;33m[0m
[gazebo-2] [1;33m[GUI] [Wrn] [toggle_floors.cpp:237] [0m[1;33mNode for [0m[1;33mPK_02[0m[1;33mwas not found[0m[1;33m[0m
[gazebo-2] [1;33m[GUI] [Wrn] [toggle_floors.cpp:237] [0m[1;33mNode for [0m[1;33mPK_01[0m[1;33mwas not found[0m[1;33m[0m
[gazebo-2] [1;33m[GUI] [Wrn] [toggle_floors.cpp:237] [0m[1;33mNode for [0m[1;33mPK_02[0m[1;33mwas not found[0m[1;33m[0m
[gazebo-2] [1;33m[GUI] [Wrn] [toggle_floors.cpp:237] [0m[1;33mNode for [0m[1;33mPK_01[0m[1;33mwas not found[0m[1;33m[0m
[gazebo-2] [1;33m[GUI] [Wrn] [toggle_floors.cpp:237] [0m[1;33mNode for [0m[1;33mPK_02[0m[1;33mwas not found[0m[1;33m[0m
[gazebo-2] [1;33m[GUI] [Wrn] [toggle_floors.cpp:237] [0m[1;33mNode for [0m[1;33mPK_01[0m[1;33mwas not found[0m[1;33m[0m
[gazebo-2] [1;33m[GUI] [Wrn] [toggle_floors.cpp:237] [0m[1;33mNode for [0m[1;33mPK_02[0m[1;33mwas not found[0m[1;33m[0m
[gazebo-2] [1;33m[GUI] [Wrn] [toggle_floors.cpp:237] [0m[1;33mNode for [0m[1;33mPK_01[0m[1;33mwas not found[0m[1;33m[0m
[gazebo-2] [1;33m[GUI] [Wrn] [toggle_floors.cpp:237] [0m[1;33mNode for [0m[1;33mPK_02[0m[1;33mwas not found[0m[1;33m[0m
[gazebo-2] [1;33m[GUI] [Wrn] [toggle_floors.cpp:237] [0m[1;33mNode for [0m[1;33mPK_01[0m[1;33mwas not found[0m[1;33m[0m
[gazebo-2] [1;33m[GUI] [Wrn] [toggle_floors.cpp:237] [0m[1;33mNode for [0m[1;33mPK_02[0m[1;33mwas not found[0m[1;33m[0m
[gazebo-2] [1;33m[GUI] [Wrn] [toggle_floors.cpp:237] [0m[1;33mNode for [0m[1;33mPK_01[0m[1;33mwas not found[0m[1;33m[0m
[gazebo-2] [1;33m[GUI] [Wrn] [toggle_floors.cpp:237] [0m[1;33mNode for [0m[1;33mPK_02[0m[1;33mwas not found[0m[1;33m[0m
[gazebo-2] [1;33m[GUI] [Wrn] [toggle_floors.cpp:237] [0m[1;33mNode for [0m[1;33mPK_01[0m[1;33mwas not found[0m[1;33m[0m
[gazebo-2] [1;33m[GUI] [Wrn] [toggle_floors.cpp:237] [0m[1;33mNode for [0m[1;33mPK_02[0m[1;33mwas not found[0m[1;33m[0m
[gazebo-2] [1;33m[GUI] [Wrn] [toggle_floors.cpp:237] [0m[1;33mNode for [0m[1;33mPK_01[0m[1;33mwas not found[0m[1;33m[0m
[gazebo-2] [1;33m[GUI] [Wrn] [toggle_floors.cpp:237] [0m[1;33mNode for [0m[1;33mPK_02[0m[1;33mwas not found[0m[1;33m[0m
[gazebo-2] [1;33m[GUI] [Wrn] [toggle_floors.cpp:237] [0m[1;33mNode for [0m[1;33mPK_01[0m[1;33mwas not found[0m[1;33m[0m
[gazebo-2] [1;33m[GUI] [Wrn] [toggle_floors.cpp:237] [0m[1;33mNode for [0m[1;33mPK_02[0m[1;33mwas not found[0m[1;33m[0m
[gazebo-2] [1;33m[GUI] [Wrn] [toggle_floors.cpp:237] [0m[1;33mNode for [0m[1;33mPK_01[0m[1;33mwas not found[0m[1;33m[0m
[gazebo-2] [1;33m[GUI] [Wrn] [toggle_floors.cpp:237] [0m[1;33mNode for [0m[1;33mPK_02[0m[1;33mwas not found[0m[1;33m[0m
[gazebo-2] [1;33m[GUI] [Wrn] [toggle_floors.cpp:237] [0m[1;33mNode for [0m[1;33mPK_01[0m[1;33mwas not found[0m[1;33m[0m
[gazebo-2] [1;33m[GUI] [Wrn] [toggle_floors.cpp:237] [0m[1;33mNode for [0m[1;33mPK_02[0m[1;33mwas not found[0m[1;33m[0m
[gazebo-2] [1;33m[GUI] [Wrn] [toggle_floors.cpp:237] [0m[1;33mNode for [0m[1;33mPK_01[0m[1;33mwas not found[0m[1;33m[0m
[gazebo-2] [1;33m[GUI] [Wrn] [toggle_floors.cpp:237] [0m[1;33mNode for [0m[1;33mPK_02[0m[1;33mwas not found[0m[1;33m[0m
[gazebo-2] [1;33m[GUI] [Wrn] [toggle_floors.cpp:237] [0m[1;33mNode for [0m[1;33mPK_01[0m[1;33mwas not found[0m[1;33m[0m
[gazebo-2] [1;33m[GUI] [Wrn] [toggle_floors.cpp:237] [0m[1;33mNode for [0m[1;33mPK_02[0m[1;33mwas not found[0m[1;33m[0m
[gazebo-2] [1;33m[GUI] [Wrn] [toggle_floors.cpp:237] [0m[1;33mNode for [0m[1;33mPK_01[0m[1;33mwas not found[0m[1;33m[0m
[gazebo-2] [1;33m[GUI] [Wrn] [toggle_floors.cpp:237] [0m[1;33mNode for [0m[1;33mPK_02[0m[1;33mwas not found[0m[1;33m[0m
[gazebo-2] [1;33m[GUI] [Wrn] [toggle_floors.cpp:237] [0m[1;33mNode for [0m[1;33mPK_01[0m[1;33mwas not found[0m[1;33m[0m
[gazebo-2] [1;33m[GUI] [Wrn] [toggle_floors.cpp:237] [0m[1;33mNode for [0m[1;33mPK_02[0m[1;33mwas not found[0m[1;33m[0m
[gazebo-2] [1;33m[GUI] [Wrn] [toggle_floors.cpp:237] [0m[1;33mNode for [0m[1;33mPK_01[0m[1;33mwas not found[0m[1;33m[0m
[gazebo-2] [1;33m[GUI] [Wrn] [toggle_floors.cpp:237] [0m[1;33mNode for [0m[1;33mPK_02[0m[1;33mwas not found[0m[1;33m[0m
[gazebo-2] [1;33m[GUI] [Wrn] [toggle_floors.cpp:237] [0m[1;33mNode for [0m[1;33mPK_01[0m[1;33mwas not found[0m[1;33m[0m
[gazebo-2] [1;33m[GUI] [Wrn] [toggle_floors.cpp:237] [0m[1;33mNode for [0m[1;33mPK_02[0m[1;33mwas not found[0m[1;33m[0m
[gazebo-2] [1;33m[GUI] [Wrn] [toggle_floors.cpp:237] [0m[1;33mNode for [0m[1;33mPK_01[0m[1;33mwas not found[0m[1;33m[0m
[gazebo-2] [1;33m[GUI] [Wrn] [toggle_floors.cpp:237] [0m[1;33mNode for [0m[1;33mPK_02[0m[1;33mwas not found[0m[1;33m[0m
[gazebo-2] [1;33m[GUI] [Wrn] [toggle_floors.cpp:237] [0m[1;33mNode for [0m[1;33mPK_01[0m[1;33mwas not found[0m[1;33m[0m
[gazebo-2] [1;33m[GUI] [Wrn] [toggle_floors.cpp:237] [0m[1;33mNode for [0m[1;33mPK_02[0m[1;33mwas not found[0m[1;33m[0m
[gazebo-2] [1;33m[GUI] [Wrn] [toggle_floors.cpp:237] [0m[1;33mNode for [0m[1;33mPK_01[0m[1;33mwas not found[0m[1;33m[0m
[gazebo-2] [1;33m[GUI] [Wrn] [toggle_floors.cpp:237] [0m[1;33mNode for [0m[1;33mPK_02[0m[1;33mwas not found[0m[1;33m[0m
[gazebo-2] [1;33m[GUI] [Wrn] [toggle_floors.cpp:237] [0m[1;33mNode for [0m[1;33mPK_01[0m[1;33mwas not found[0m[1;33m[0m
[gazebo-2] [1;33m[GUI] [Wrn] [toggle_floors.cpp:237] [0m[1;33mNode for [0m[1;33mPK_02[0m[1;33mwas not found[0m[1;33m[0m
[gazebo-2] [1;33m[GUI] [Wrn] [toggle_floors.cpp:237] [0m[1;33mNode for [0m[1;33mPK_01[0m[1;33mwas not found[0m[1;33m[0m
[gazebo-2] [1;33m[GUI] [Wrn] [toggle_floors.cpp:237] [0m[1;33mNode for [0m[1;33mPK_02[0m[1;33mwas not found[0m[1;33m[0m
[gazebo-2] [1;33m[GUI] [Wrn] [toggle_floors.cpp:237] [0m[1;33mNode for [0m[1;33mPK_01[0m[1;33mwas not found[0m[1;33m[0m
[gazebo-2] [1;33m[GUI] [Wrn] [toggle_floors.cpp:237] [0m[1;33mNode for [0m[1;33mPK_02[0m[1;33mwas not found[0m[1;33m[0m
[gazebo-2] [1;33m[GUI] [Wrn] [toggle_floors.cpp:237] [0m[1;33mNode for [0m[1;33mPK_01[0m[1;33mwas not found[0m[1;33m[0m
[gazebo-2] [1;33m[GUI] [Wrn] [toggle_floors.cpp:237] [0m[1;33mNode for [0m[1;33mPK_02[0m[1;33mwas not found[0m[1;33m[0m
[gazebo-2] [1;33m[GUI] [Wrn] [toggle_floors.cpp:237] [0m[1;33mNode for [0m[1;33mPK_01[0m[1;33mwas not found[0m[1;33m[0m
[gazebo-2] [1;33m[GUI] [Wrn] [toggle_floors.cpp:237] [0m[1;33mNode for [0m[1;33mPK_02[0m[1;33mwas not found[0m[1;33m[0m
[gazebo-2] [1;33m[GUI] [Wrn] [toggle_floors.cpp:237] [0m[1;33mNode for [0m[1;33mPK_01[0m[1;33mwas not found[0m[1;33m[0m
[gazebo-2] [1;33m[GUI] [Wrn] [toggle_floors.cpp:237] [0m[1;33mNode for [0m[1;33mPK_02[0m[1;33mwas not found[0m[1;33m[0m
[gazebo-2] [1;33m[GUI] [Wrn] [toggle_floors.cpp:237] [0m[1;33mNode for [0m[1;33mPK_01[0m[1;33mwas not found[0m[1;33m[0m
[gazebo-2] [1;33m[GUI] [Wrn] [toggle_floors.cpp:237] [0m[1;33mNode for [0m[1;33mPK_02[0m[1;33mwas not found[0m[1;33m[0m
[gazebo-2] [1;33m[GUI] [Wrn] [toggle_floors.cpp:237] [0m[1;33mNode for [0m[1;33mPK_01[0m[1;33mwas not found[0m[1;33m[0m
[gazebo-2] [1;33m[GUI] [Wrn] [toggle_floors.cpp:237] [0m[1;33mNode for [0m[1;33mPK_02[0m[1;33mwas not found[0m[1;33m[0m
[gazebo-2] [1;33m[GUI] [Wrn] [toggle_floors.cpp:237] [0m[1;33mNode for [0m[1;33mPK_01[0m[1;33mwas not found[0m[1;33m[0m
[gazebo-2] [1;33m[GUI] [Wrn] [toggle_floors.cpp:237] [0m[1;33mNode for [0m[1;33mPK_02[0m[1;33mwas not found[0m[1;33m[0m
[gazebo-2] [1;33m[GUI] [Wrn] [toggle_floors.cpp:237] [0m[1;33mNode for [0m[1;33mPK_01[0m[1;33mwas not found[0m[1;33m[0m
[gazebo-2] [1;33m[GUI] [Wrn] [toggle_floors.cpp:237] [0m[1;33mNode for [0m[1;33mPK_02[0m[1;33mwas not found[0m[1;33m[0m
[gazebo-2] [1;33m[GUI] [Wrn] [toggle_floors.cpp:237] [0m[1;33mNode for [0m[1;33mPK_01[0m[1;33mwas not found[0m[1;33m[0m
[gazebo-2] [1;33m[GUI] [Wrn] [toggle_floors.cpp:237] [0m[1;33mNode for [0m[1;33mPK_02[0m[1;33mwas not found[0m[1;33m[0m
[gazebo-2] [1;33m[GUI] [Wrn] [toggle_floors.cpp:237] [0m[1;33mNode for [0m[1;33mPK_01[0m[1;33mwas not found[0m[1;33m[0m
[gazebo-2] [1;33m[GUI] [Wrn] [toggle_floors.cpp:237] [0m[1;33mNode for [0m[1;33mPK_02[0m[1;33mwas not found[0m[1;33m[0m
[gazebo-2] [1;33m[GUI] [Wrn] [toggle_floors.cpp:237] [0m[1;33mNode for [0m[1;33mPK_01[0m[1;33mwas not found[0m[1;33m[0m
[gazebo-2] [1;33m[GUI] [Wrn] [toggle_floors.cpp:237] [0m[1;33mNode for [0m[1;33mPK_02[0m[1;33mwas not found[0m[1;33m[0m
[gazebo-2] [1;33m[GUI] [Wrn] [toggle_floors.cpp:237] [0m[1;33mNode for [0m[1;33mPK_01[0m[1;33mwas not found[0m[1;33m[0m
[gazebo-2] [1;33m[GUI] [Wrn] [toggle_floors.cpp:237] [0m[1;33mNode for [0m[1;33mPK_02[0m[1;33mwas not found[0m[1;33m[0m
[gazebo-2] [1;33m[GUI] [Wrn] [toggle_floors.cpp:237] [0m[1;33mNode for [0m[1;33mPK_01[0m[1;33mwas not found[0m[1;33m[0m
[gazebo-2] [1;33m[GUI] [Wrn] [toggle_floors.cpp:237] [0m[1;33mNode for [0m[1;33mPK_02[0m[1;33mwas not found[0m[1;33m[0m
[gazebo-2] [1;33m[GUI] [Wrn] [toggle_floors.cpp:237] [0m[1;33mNode for [0m[1;33mPK_01[0m[1;33mwas not found[0m[1;33m[0m
[gazebo-2] [1;33m[GUI] [Wrn] [toggle_floors.cpp:237] [0m[1;33mNode for [0m[1;33mPK_02[0m[1;33mwas not found[0m[1;33m[0m
[gazebo-2] [1;33m[GUI] [Wrn] [toggle_floors.cpp:237] [0m[1;33mNode for [0m[1;33mPK_01[0m[1;33mwas not found[0m[1;33m[0m
[gazebo-2] [1;33m[GUI] [Wrn] [toggle_floors.cpp:237] [0m[1;33mNode for [0m[1;33mPK_02[0m[1;33mwas not found[0m[1;33m[0m
[gazebo-2] [1;33m[GUI] [Wrn] [toggle_floors.cpp:237] [0m[1;33mNode for [0m[1;33mPK_01[0m[1;33mwas not found[0m[1;33m[0m
[gazebo-2] [1;33m[GUI] [Wrn] [toggle_floors.cpp:237] [0m[1;33mNode for [0m[1;33mPK_02[0m[1;33mwas not found[0m[1;33m[0m
[gazebo-2] [1;33m[GUI] [Wrn] [toggle_floors.cpp:237] [0m[1;33mNode for [0m[1;33mPK_01[0m[1;33mwas not found[0m[1;33m[0m
[gazebo-2] [1;33m[GUI] [Wrn] [toggle_floors.cpp:237] [0m[1;33mNode for [0m[1;33mPK_02[0m[1;33mwas not found[0m[1;33m[0m
[gazebo-2] [1;33m[GUI] [Wrn] [toggle_floors.cpp:237] [0m[1;33mNode for [0m[1;33mPK_01[0m[1;33mwas not found[0m[1;33m[0m
[gazebo-2] [1;33m[GUI] [Wrn] [toggle_floors.cpp:237] [0m[1;33mNode for [0m[1;33mPK_02[0m[1;33mwas not found[0m[1;33m[0m
[gazebo-2] [1;33m[GUI] [Wrn] [toggle_floors.cpp:237] [0m[1;33mNode for [0m[1;33mPK_01[0m[1;33mwas not found[0m[1;33m[0m
[gazebo-2] [1;33m[GUI] [Wrn] [toggle_floors.cpp:237] [0m[1;33mNode for [0m[1;33mPK_02[0m[1;33mwas not found[0m[1;33m[0m
[gazebo-2] [1;33m[GUI] [Wrn] [toggle_floors.cpp:237] [0m[1;33mNode for [0m[1;33mPK_01[0m[1;33mwas not found[0m[1;33m[0m
[gazebo-2] [1;33m[GUI] [Wrn] [toggle_floors.cpp:237] [0m[1;33mNode for [0m[1;33mPK_02[0m[1;33mwas not found[0m[1;33m[0m
[gazebo-2] [1;33m[GUI] [Wrn] [toggle_floors.cpp:237] [0m[1;33mNode for [0m[1;33mPK_01[0m[1;33mwas not found[0m[1;33m[0m
[gazebo-2] [1;33m[GUI] [Wrn] [toggle_floors.cpp:237] [0m[1;33mNode for [0m[1;33mPK_02[0m[1;33mwas not found[0m[1;33m[0m
[gazebo-2] [1;33m[GUI] [Wrn] [toggle_floors.cpp:237] [0m[1;33mNode for [0m[1;33mPK_01[0m[1;33mwas not found[0m[1;33m[0m
[gazebo-2] [1;33m[GUI] [Wrn] [toggle_floors.cpp:237] [0m[1;33mNode for [0m[1;33mPK_02[0m[1;33mwas not found[0m[1;33m[0m
[gazebo-2] [1;33m[GUI] [Wrn] [toggle_floors.cpp:237] [0m[1;33mNode for [0m[1;33mPK_01[0m[1;33mwas not found[0m[1;33m[0m
[gazebo-2] [1;33m[GUI] [Wrn] [toggle_floors.cpp:237] [0m[1;33mNode for [0m[1;33mPK_02[0m[1;33mwas not found[0m[1;33m[0m
[gazebo-2] [1;33m[GUI] [Wrn] [toggle_floors.cpp:237] [0m[1;33mNode for [0m[1;33mPK_01[0m[1;33mwas not found[0m[1;33m[0m
[gazebo-2] [1;33m[GUI] [Wrn] [toggle_floors.cpp:237] [0m[1;33mNode for [0m[1;33mPK_02[0m[1;33mwas not found[0m[1;33m[0m
[gazebo-2] [1;33m[GUI] [Wrn] [toggle_floors.cpp:237] [0m[1;33mNode for [0m[1;33mPK_01[0m[1;33mwas not found[0m[1;33m[0m
[gazebo-2] [1;33m[GUI] [Wrn] [toggle_floors.cpp:237] [0m[1;33mNode for [0m[1;33mPK_02[0m[1;33mwas not found[0m[1;33m[0m
[gazebo-2] [1;33m[GUI] [Wrn] [toggle_floors.cpp:237] [0m[1;33mNode for [0m[1;33mPK_01[0m[1;33mwas not found[0m[1;33m[0m
[gazebo-2] [1;33m[GUI] [Wrn] [toggle_floors.cpp:237] [0m[1;33mNode for [0m[1;33mPK_02[0m[1;33mwas not found[0m[1;33m[0m
[gazebo-2] [1;33m[GUI] [Wrn] [toggle_floors.cpp:237] [0m[1;33mNode for [0m[1;33mPK_01[0m[1;33mwas not found[0m[1;33m[0m
[gazebo-2] [1;33m[GUI] [Wrn] [toggle_floors.cpp:237] [0m[1;33mNode for [0m[1;33mPK_02[0m[1;33mwas not found[0m[1;33m[0m
[gazebo-2] [1;33m[GUI] [Wrn] [toggle_floors.cpp:237] [0m[1;33mNode for [0m[1;33mPK_01[0m[1;33mwas not found[0m[1;33m[0m
[gazebo-2] [1;33m[GUI] [Wrn] [toggle_floors.cpp:237] [0m[1;33mNode for [0m[1;33mPK_02[0m[1;33mwas not found[0m[1;33m[0m
[gazebo-2] [1;33m[GUI] [Wrn] [toggle_floors.cpp:237] [0m[1;33mNode for [0m[1;33mPK_01[0m[1;33mwas not found[0m[1;33m[0m
[gazebo-2] [1;33m[GUI] [Wrn] [toggle_floors.cpp:237] [0m[1;33mNode for [0m[1;33mPK_02[0m[1;33mwas not found[0m[1;33m[0m
[gazebo-2] [1;33m[GUI] [Wrn] [toggle_floors.cpp:237] [0m[1;33mNode for [0m[1;33mPK_01[0m[1;33mwas not found[0m[1;33m[0m
[gazebo-2] [1;33m[GUI] [Wrn] [toggle_floors.cpp:237] [0m[1;33mNode for [0m[1;33mPK_02[0m[1;33mwas not found[0m[1;33m[0m
[gazebo-2] [1;33m[GUI] [Wrn] [toggle_floors.cpp:237] [0m[1;33mNode for [0m[1;33mPK_01[0m[1;33mwas not found[0m[1;33m[0m
[gazebo-2] [1;33m[GUI] [Wrn] [toggle_floors.cpp:237] [0m[1;33mNode for [0m[1;33mPK_02[0m[1;33mwas not found[0m[1;33m[0m
[gazebo-2] [1;33m[GUI] [Wrn] [toggle_floors.cpp:237] [0m[1;33mNode for [0m[1;33mPK_01[0m[1;33mwas not found[0m[1;33m[0m
[gazebo-2] [1;33m[GUI] [Wrn] [toggle_floors.cpp:237] [0m[1;33mNode for [0m[1;33mPK_02[0m[1;33mwas not found[0m[1;33m[0m
[gazebo-2] [1;33m[GUI] [Wrn] [toggle_floors.cpp:237] [0m[1;33mNode for [0m[1;33mPK_01[0m[1;33mwas not found[0m[1;33m[0m
[gazebo-2] [1;33m[GUI] [Wrn] [toggle_floors.cpp:237] [0m[1;33mNode for [0m[1;33mPK_02[0m[1;33mwas not found[0m[1;33m[0m
[gazebo-2] [1;33m[GUI] [Wrn] [toggle_floors.cpp:237] [0m[1;33mNode for [0m[1;33mPK_01[0m[1;33mwas not found[0m[1;33m[0m
[gazebo-2] [1;33m[GUI] [Wrn] [toggle_floors.cpp:237] [0m[1;33mNode for [0m[1;33mPK_02[0m[1;33mwas not found[0m[1;33m[0m
[gazebo-2] [1;33m[GUI] [Wrn] [toggle_floors.cpp:237] [0m[1;33mNode for [0m[1;33mPK_01[0m[1;33mwas not found[0m[1;33m[0m
[gazebo-2] [1;33m[GUI] [Wrn] [toggle_floors.cpp:237] [0m[1;33mNode for [0m[1;33mPK_02[0m[1;33mwas not found[0m[1;33m[0m
[gazebo-2] [1;33m[GUI] [Wrn] [toggle_floors.cpp:237] [0m[1;33mNode for [0m[1;33mPK_01[0m[1;33mwas not found[0m[1;33m[0m
[gazebo-2] [1;33m[GUI] [Wrn] [toggle_floors.cpp:237] [0m[1;33mNode for [0m[1;33mPK_02[0m[1;33mwas not found[0m[1;33m[0m
[gazebo-2] [1;33m[GUI] [Wrn] [toggle_floors.cpp:237] [0m[1;33mNode for [0m[1;33mPK_01[0m[1;33mwas not found[0m[1;33m[0m
[gazebo-2] [1;33m[GUI] [Wrn] [toggle_floors.cpp:237] [0m[1;33mNode for [0m[1;33mPK_02[0m[1;33mwas not found[0m[1;33m[0m
[gazebo-2] [1;33m[GUI] [Wrn] [toggle_floors.cpp:237] [0m[1;33mNode for [0m[1;33mPK_01[0m[1;33mwas not found[0m[1;33m[0m
[gazebo-2] [1;33m[GUI] [Wrn] [toggle_floors.cpp:237] [0m[1;33mNode for [0m[1;33mPK_02[0m[1;33mwas not found[0m[1;33m[0m
[gazebo-2] [1;33m[GUI] [Wrn] [toggle_floors.cpp:237] [0m[1;33mNode for [0m[1;33mPK_01[0m[1;33mwas not found[0m[1;33m[0m
[gazebo-2] [1;33m[GUI] [Wrn] [toggle_floors.cpp:237] [0m[1;33mNode for [0m[1;33mPK_02[0m[1;33mwas not found[0m[1;33m[0m
[gazebo-2] [1;33m[GUI] [Wrn] [toggle_floors.cpp:237] [0m[1;33mNode for [0m[1;33mPK_01[0m[1;33mwas not found[0m[1;33m[0m
[gazebo-2] [1;33m[GUI] [Wrn] [toggle_floors.cpp:237] [0m[1;33mNode for [0m[1;33mPK_02[0m[1;33mwas not found[0m[1;33m[0m
[gazebo-2] [1;33m[GUI] [Wrn] [toggle_floors.cpp:237] [0m[1;33mNode for [0m[1;33mPK_01[0m[1;33mwas not found[0m[1;33m[0m
[gazebo-2] [1;33m[GUI] [Wrn] [toggle_floors.cpp:237] [0m[1;33mNode for [0m[1;33mPK_02[0m[1;33mwas not found[0m[1;33m[0m
[gazebo-2] [1;33m[GUI] [Wrn] [toggle_floors.cpp:237] [0m[1;33mNode for [0m[1;33mPK_01[0m[1;33mwas not found[0m[1;33m[0m
[gazebo-2] [1;33m[GUI] [Wrn] [toggle_floors.cpp:237] [0m[1;33mNode for [0m[1;33mPK_02[0m[1;33mwas not found[0m[1;33m[0m
[gazebo-2] [1;33m[GUI] [Wrn] [toggle_floors.cpp:237] [0m[1;33mNode for [0m[1;33mPK_01[0m[1;33mwas not found[0m[1;33m[0m
[gazebo-2] [1;33m[GUI] [Wrn] [toggle_floors.cpp:237] [0m[1;33mNode for [0m[1;33mPK_02[0m[1;33mwas not found[0m[1;33m[0m
[gazebo-2] [1;33m[GUI] [Wrn] [toggle_floors.cpp:237] [0m[1;33mNode for [0m[1;33mPK_01[0m[1;33mwas not found[0m[1;33m[0m
[gazebo-2] [1;33m[GUI] [Wrn] [toggle_floors.cpp:237] [0m[1;33mNode for [0m[1;33mPK_02[0m[1;33mwas not found[0m[1;33m[0m
[gazebo-2] [1;33m[GUI] [Wrn] [toggle_floors.cpp:237] [0m[1;33mNode for [0m[1;33mPK_01[0m[1;33mwas not found[0m[1;33m[0m
[gazebo-2] [1;33m[GUI] [Wrn] [toggle_floors.cpp:237] [0m[1;33mNode for [0m[1;33mPK_02[0m[1;33mwas not found[0m[1;33m[0m
[gazebo-2] [1;33m[GUI] [Wrn] [toggle_floors.cpp:237] [0m[1;33mNode for [0m[1;33mPK_01[0m[1;33mwas not found[0m[1;33m[0m
[gazebo-2] [1;33m[GUI] [Wrn] [toggle_floors.cpp:237] [0m[1;33mNode for [0m[1;33mPK_02[0m[1;33mwas not found[0m[1;33m[0m
[gazebo-2] [1;33m[GUI] [Wrn] [toggle_floors.cpp:237] [0m[1;33mNode for [0m[1;33mPK_01[0m[1;33mwas not found[0m[1;33m[0m
[gazebo-2] [1;33m[GUI] [Wrn] [toggle_floors.cpp:237] [0m[1;33mNode for [0m[1;33mPK_02[0m[1;33mwas not found[0m[1;33m[0m
[gazebo-2] [1;33m[GUI] [Wrn] [toggle_floors.cpp:237] [0m[1;33mNode for [0m[1;33mPK_01[0m[1;33mwas not found[0m[1;33m[0m
[gazebo-2] [1;33m[GUI] [Wrn] [toggle_floors.cpp:237] [0m[1;33mNode for [0m[1;33mPK_02[0m[1;33mwas not found[0m[1;33m[0m
[gazebo-2] [1;33m[GUI] [Wrn] [toggle_floors.cpp:237] [0m[1;33mNode for [0m[1;33mPK_01[0m[1;33mwas not found[0m[1;33m[0m
[gazebo-2] [1;33m[GUI] [Wrn] [toggle_floors.cpp:237] [0m[1;33mNode for [0m[1;33mPK_02[0m[1;33mwas not found[0m[1;33m[0m
[gazebo-2] [1;33m[GUI] [Wrn] [toggle_floors.cpp:237] [0m[1;33mNode for [0m[1;33mPK_01[0m[1;33mwas not found[0m[1;33m[0m
[gazebo-2] [1;33m[GUI] [Wrn] [toggle_floors.cpp:237] [0m[1;33mNode for [0m[1;33mPK_02[0m[1;33mwas not found[0m[1;33m[0m
[gazebo-2] [1;33m[GUI] [Wrn] [toggle_floors.cpp:237] [0m[1;33mNode for [0m[1;33mPK_01[0m[1;33mwas not found[0m[1;33m[0m
[gazebo-2] [1;33m[GUI] [Wrn] [toggle_floors.cpp:237] [0m[1;33mNode for [0m[1;33mPK_02[0m[1;33mwas not found[0m[1;33m[0m
[gazebo-2] [1;33m[GUI] [Wrn] [toggle_floors.cpp:237] [0m[1;33mNode for [0m[1;33mPK_01[0m[1;33mwas not found[0m[1;33m[0m
[gazebo-2] [1;33m[GUI] [Wrn] [toggle_floors.cpp:237] [0m[1;33mNode for [0m[1;33mPK_02[0m[1;33mwas not found[0m[1;33m[0m
[gazebo-2] [1;33m[GUI] [Wrn] [toggle_floors.cpp:237] [0m[1;33mNode for [0m[1;33mPK_01[0m[1;33mwas not found[0m[1;33m[0m
[gazebo-2] [1;33m[GUI] [Wrn] [toggle_floors.cpp:237] [0m[1;33mNode for [0m[1;33mPK_02[0m[1;33mwas not found[0m[1;33m[0m
[gazebo-2] [1;33m[GUI] [Wrn] [toggle_floors.cpp:237] [0m[1;33mNode for [0m[1;33mPK_01[0m[1;33mwas not found[0m[1;33m[0m
[gazebo-2] [1;33m[GUI] [Wrn] [toggle_floors.cpp:237] [0m[1;33mNode for [0m[1;33mPK_02[0m[1;33mwas not found[0m[1;33m[0m
[gazebo-2] [1;33m[GUI] [Wrn] [toggle_floors.cpp:237] [0m[1;33mNode for [0m[1;33mPK_01[0m[1;33mwas not found[0m[1;33m[0m
[gazebo-2] [1;33m[GUI] [Wrn] [toggle_floors.cpp:237] [0m[1;33mNode for [0m[1;33mPK_02[0m[1;33mwas not found[0m[1;33m[0m
[gazebo-2] [1;33m[GUI] [Wrn] [toggle_floors.cpp:237] [0m[1;33mNode for [0m[1;33mPK_01[0m[1;33mwas not found[0m[1;33m[0m
[gazebo-2] [1;33m[GUI] [Wrn] [toggle_floors.cpp:237] [0m[1;33mNode for [0m[1;33mPK_02[0m[1;33mwas not found[0m[1;33m[0m
[gazebo-2] [1;33m[GUI] [Wrn] [toggle_floors.cpp:237] [0m[1;33mNode for [0m[1;33mPK_01[0m[1;33mwas not found[0m[1;33m[0m
[gazebo-2] [1;33m[GUI] [Wrn] [toggle_floors.cpp:237] [0m[1;33mNode for [0m[1;33mPK_02[0m[1;33mwas not found[0m[1;33m[0m
[gazebo-2] [1;33m[GUI] [Wrn] [toggle_floors.cpp:237] [0m[1;33mNode for [0m[1;33mPK_01[0m[1;33mwas not found[0m[1;33m[0m
[gazebo-2] [1;33m[GUI] [Wrn] [toggle_floors.cpp:237] [0m[1;33mNode for [0m[1;33mPK_02[0m[1;33mwas not found[0m[1;33m[0m
[gazebo-2] [1;33m[GUI] [Wrn] [toggle_floors.cpp:237] [0m[1;33mNode for [0m[1;33mPK_01[0m[1;33mwas not found[0m[1;33m[0m
[gazebo-2] [1;33m[GUI] [Wrn] [toggle_floors.cpp:237] [0m[1;33mNode for [0m[1;33mPK_02[0m[1;33mwas not found[0m[1;33m[0m
[gazebo-2] [1;33m[GUI] [Wrn] [toggle_floors.cpp:237] [0m[1;33mNode for [0m[1;33mPK_01[0m[1;33mwas not found[0m[1;33m[0m
[gazebo-2] [1;33m[GUI] [Wrn] [toggle_floors.cpp:237] [0m[1;33mNode for [0m[1;33mPK_02[0m[1;33mwas not found[0m[1;33m[0m
[gazebo-2] [1;33m[GUI] [Wrn] [toggle_floors.cpp:237] [0m[1;33mNode for [0m[1;33mPK_01[0m[1;33mwas not found[0m[1;33m[0m
[gazebo-2] [1;33m[GUI] [Wrn] [toggle_floors.cpp:237] [0m[1;33mNode for [0m[1;33mPK_02[0m[1;33mwas not found[0m[1;33m[0m
[gazebo-2] [1;33m[GUI] [Wrn] [toggle_floors.cpp:237] [0m[1;33mNode for [0m[1;33mPK_01[0m[1;33mwas not found[0m[1;33m[0m
[gazebo-2] [1;33m[GUI] [Wrn] [toggle_floors.cpp:237] [0m[1;33mNode for [0m[1;33mPK_02[0m[1;33mwas not found[0m[1;33m[0m
[gazebo-2] [1;33m[GUI] [Wrn] [toggle_floors.cpp:237] [0m[1;33mNode for [0m[1;33mPK_01[0m[1;33mwas not found[0m[1;33m[0m
[gazebo-2] [1;33m[GUI] [Wrn] [toggle_floors.cpp:237] [0m[1;33mNode for [0m[1;33mPK_02[0m[1;33mwas not found[0m[1;33m[0m
[gazebo-2] [1;33m[GUI] [Wrn] [toggle_floors.cpp:237] [0m[1;33mNode for [0m[1;33mPK_01[0m[1;33mwas not found[0m[1;33m[0m
[gazebo-2] [1;33m[GUI] [Wrn] [toggle_floors.cpp:237] [0m[1;33mNode for [0m[1;33mPK_02[0m[1;33mwas not found[0m[1;33m[0m
[gazebo-2] [1;33m[GUI] [Wrn] [toggle_floors.cpp:237] [0m[1;33mNode for [0m[1;33mPK_01[0m[1;33mwas not found[0m[1;33m[0m
[gazebo-2] [1;33m[GUI] [Wrn] [toggle_floors.cpp:237] [0m[1;33mNode for [0m[1;33mPK_02[0m[1;33mwas not found[0m[1;33m[0m
[gazebo-2] [1;33m[GUI] [Wrn] [toggle_floors.cpp:237] [0m[1;33mNode for [0m[1;33mPK_01[0m[1;33mwas not found[0m[1;33m[0m
[gazebo-2] [1;33m[GUI] [Wrn] [toggle_floors.cpp:237] [0m[1;33mNode for [0m[1;33mPK_02[0m[1;33mwas not found[0m[1;33m[0m
[gazebo-2] [1;33m[GUI] [Wrn] [toggle_floors.cpp:237] [0m[1;33mNode for [0m[1;33mPK_01[0m[1;33mwas not found[0m[1;33m[0m
[gazebo-2] [1;33m[GUI] [Wrn] [toggle_floors.cpp:237] [0m[1;33mNode for [0m[1;33mPK_02[0m[1;33mwas not found[0m[1;33m[0m
[gazebo-2] [1;33m[GUI] [Wrn] [toggle_floors.cpp:237] [0m[1;33mNode for [0m[1;33mPK_01[0m[1;33mwas not found[0m[1;33m[0m
[gazebo-2] [1;33m[GUI] [Wrn] [toggle_floors.cpp:237] [0m[1;33mNode for [0m[1;33mPK_02[0m[1;33mwas not found[0m[1;33m[0m
[gazebo-2] [1;33m[GUI] [Wrn] [toggle_floors.cpp:237] [0m[1;33mNode for [0m[1;33mPK_01[0m[1;33mwas not found[0m[1;33m[0m
[gazebo-2] [1;33m[GUI] [Wrn] [toggle_floors.cpp:237] [0m[1;33mNode for [0m[1;33mPK_02[0m[1;33mwas not found[0m[1;33m[0m
[gazebo-2] [1;33m[GUI] [Wrn] [toggle_floors.cpp:237] [0m[1;33mNode for [0m[1;33mPK_01[0m[1;33mwas not found[0m[1;33m[0m
[gazebo-2] [1;33m[GUI] [Wrn] [toggle_floors.cpp:237] [0m[1;33mNode for [0m[1;33mPK_02[0m[1;33mwas not found[0m[1;33m[0m
[gazebo-2] [1;33m[GUI] [Wrn] [toggle_floors.cpp:237] [0m[1;33mNode for [0m[1;33mPK_01[0m[1;33mwas not found[0m[1;33m[0m
[gazebo-2] [1;33m[GUI] [Wrn] [toggle_floors.cpp:237] [0m[1;33mNode for [0m[1;33mPK_02[0m[1;33mwas not found[0m[1;33m[0m
[gazebo-2] [1;33m[GUI] [Wrn] [toggle_floors.cpp:237] [0m[1;33mNode for [0m[1;33mPK_01[0m[1;33mwas not found[0m[1;33m[0m
[gazebo-2] [1;33m[GUI] [Wrn] [toggle_floors.cpp:237] [0m[1;33mNode for [0m[1;33mPK_02[0m[1;33mwas not found[0m[1;33m[0m
[gazebo-2] [1;33m[GUI] [Wrn] [toggle_floors.cpp:237] [0m[1;33mNode for [0m[1;33mPK_01[0m[1;33mwas not found[0m[1;33m[0m
[gazebo-2] [1;33m[GUI] [Wrn] [toggle_floors.cpp:237] [0m[1;33mNode for [0m[1;33mPK_02[0m[1;33mwas not found[0m[1;33m[0m
[gazebo-2] [1;33m[GUI] [Wrn] [toggle_floors.cpp:237] [0m[1;33mNode for [0m[1;33mPK_01[0m[1;33mwas not found[0m[1;33m[0m
[gazebo-2] [1;33m[GUI] [Wrn] [toggle_floors.cpp:237] [0m[1;33mNode for [0m[1;33mPK_02[0m[1;33mwas not found[0m[1;33m[0m
[gazebo-2] [1;33m[GUI] [Wrn] [toggle_floors.cpp:237] [0m[1;33mNode for [0m[1;33mPK_01[0m[1;33mwas not found[0m[1;33m[0m
[gazebo-2] [1;33m[GUI] [Wrn] [toggle_floors.cpp:237] [0m[1;33mNode for [0m[1;33mPK_02[0m[1;33mwas not found[0m[1;33m[0m
[gazebo-2] [1;33m[GUI] [Wrn] [toggle_floors.cpp:237] [0m[1;33mNode for [0m[1;33mPK_01[0m[1;33mwas not found[0m[1;33m[0m
[gazebo-2] [1;33m[GUI] [Wrn] [toggle_floors.cpp:237] [0m[1;33mNode for [0m[1;33mPK_02[0m[1;33mwas not found[0m[1;33m[0m
[gazebo-2] [1;33m[GUI] [Wrn] [toggle_floors.cpp:237] [0m[1;33mNode for [0m[1;33mPK_01[0m[1;33mwas not found[0m[1;33m[0m
[gazebo-2] [1;33m[GUI] [Wrn] [toggle_floors.cpp:237] [0m[1;33mNode for [0m[1;33mPK_02[0m[1;33mwas not found[0m[1;33m[0m
[gazebo-2] [1;33m[GUI] [Wrn] [toggle_floors.cpp:237] [0m[1;33mNode for [0m[1;33mPK_01[0m[1;33mwas not found[0m[1;33m[0m
[gazebo-2] [1;33m[GUI] [Wrn] [toggle_floors.cpp:237] [0m[1;33mNode for [0m[1;33mPK_02[0m[1;33mwas not found[0m[1;33m[0m
[gazebo-2] [1;33m[GUI] [Wrn] [toggle_floors.cpp:237] [0m[1;33mNode for [0m[1;33mPK_01[0m[1;33mwas not found[0m[1;33m[0m
[gazebo-2] [1;33m[GUI] [Wrn] [toggle_floors.cpp:237] [0m[1;33mNode for [0m[1;33mPK_02[0m[1;33mwas not found[0m[1;33m[0m
[gazebo-2] [1;33m[GUI] [Wrn] [toggle_floors.cpp:237] [0m[1;33mNode for [0m[1;33mPK_01[0m[1;33mwas not found[0m[1;33m[0m
[gazebo-2] [1;33m[GUI] [Wrn] [toggle_floors.cpp:237] [0m[1;33mNode for [0m[1;33mPK_02[0m[1;33mwas not found[0m[1;33m[0m
[gazebo-2] [1;33m[GUI] [Wrn] [toggle_floors.cpp:237] [0m[1;33mNode for [0m[1;33mPK_01[0m[1;33mwas not found[0m[1;33m[0m
[gazebo-2] [1;33m[GUI] [Wrn] [toggle_floors.cpp:237] [0m[1;33mNode for [0m[1;33mPK_02[0m[1;33mwas not found[0m[1;33m[0m
[gazebo-2] [1;33m[GUI] [Wrn] [toggle_floors.cpp:237] [0m[1;33mNode for [0m[1;33mPK_01[0m[1;33mwas not found[0m[1;33m[0m
[gazebo-2] [1;33m[GUI] [Wrn] [toggle_floors.cpp:237] [0m[1;33mNode for [0m[1;33mPK_02[0m[1;33mwas not found[0m[1;33m[0m
[gazebo-2] [1;33m[GUI] [Wrn] [toggle_floors.cpp:237] [0m[1;33mNode for [0m[1;33mPK_01[0m[1;33mwas not found[0m[1;33m[0m
[gazebo-2] [1;33m[GUI] [Wrn] [toggle_floors.cpp:237] [0m[1;33mNode for [0m[1;33mPK_02[0m[1;33mwas not found[0m[1;33m[0m
[gazebo-2] [1;33m[GUI] [Wrn] [toggle_floors.cpp:237] [0m[1;33mNode for [0m[1;33mPK_01[0m[1;33mwas not found[0m[1;33m[0m
[gazebo-2] [1;33m[GUI] [Wrn] [toggle_floors.cpp:237] [0m[1;33mNode for [0m[1;33mPK_02[0m[1;33mwas not found[0m[1;33m[0m
[gazebo-2] [1;33m[GUI] [Wrn] [toggle_floors.cpp:237] [0m[1;33mNode for [0m[1;33mPK_01[0m[1;33mwas not found[0m[1;33m[0m
[gazebo-2] [1;33m[GUI] [Wrn] [toggle_floors.cpp:237] [0m[1;33mNode for [0m[1;33mPK_02[0m[1;33mwas not found[0m[1;33m[0m
[gazebo-2] [1;33m[GUI] [Wrn] [toggle_floors.cpp:237] [0m[1;33mNode for [0m[1;33mPK_01[0m[1;33mwas not found[0m[1;33m[0m
[gazebo-2] [1;33m[GUI] [Wrn] [toggle_floors.cpp:237] [0m[1;33mNode for [0m[1;33mPK_02[0m[1;33mwas not found[0m[1;33m[0m
[gazebo-2] [1;33m[GUI] [Wrn] [toggle_floors.cpp:237] [0m[1;33mNode for [0m[1;33mPK_01[0m[1;33mwas not found[0m[1;33m[0m
[gazebo-2] [1;33m[GUI] [Wrn] [toggle_floors.cpp:237] [0m[1;33mNode for [0m[1;33mPK_02[0m[1;33mwas not found[0m[1;33m[0m
[gazebo-2] [1;33m[GUI] [Wrn] [toggle_floors.cpp:237] [0m[1;33mNode for [0m[1;33mPK_01[0m[1;33mwas not found[0m[1;33m[0m
[gazebo-2] [1;33m[GUI] [Wrn] [toggle_floors.cpp:237] [0m[1;33mNode for [0m[1;33mPK_02[0m[1;33mwas not found[0m[1;33m[0m
[gazebo-2] [1;33m[GUI] [Wrn] [toggle_floors.cpp:237] [0m[1;33mNode for [0m[1;33mPK_01[0m[1;33mwas not found[0m[1;33m[0m
[gazebo-2] [1;33m[GUI] [Wrn] [toggle_floors.cpp:237] [0m[1;33mNode for [0m[1;33mPK_02[0m[1;33mwas not found[0m[1;33m[0m
[gazebo-2] [1;33m[GUI] [Wrn] [toggle_floors.cpp:237] [0m[1;33mNode for [0m[1;33mPK_01[0m[1;33mwas not found[0m[1;33m[0m
[gazebo-2] [1;33m[GUI] [Wrn] [toggle_floors.cpp:237] [0m[1;33mNode for [0m[1;33mPK_02[0m[1;33mwas not found[0m[1;33m[0m
[gazebo-2] [1;33m[GUI] [Wrn] [toggle_floors.cpp:237] [0m[1;33mNode for [0m[1;33mPK_01[0m[1;33mwas not found[0m[1;33m[0m
[gazebo-2] [1;33m[GUI] [Wrn] [toggle_floors.cpp:237] [0m[1;33mNode for [0m[1;33mPK_02[0m[1;33mwas not found[0m[1;33m[0m
[gazebo-2] [1;33m[GUI] [Wrn] [toggle_floors.cpp:237] [0m[1;33mNode for [0m[1;33mPK_01[0m[1;33mwas not found[0m[1;33m[0m
[gazebo-2] [1;33m[GUI] [Wrn] [toggle_floors.cpp:237] [0m[1;33mNode for [0m[1;33mPK_02[0m[1;33mwas not found[0m[1;33m[0m
[gazebo-2] [1;33m[GUI] [Wrn] [toggle_floors.cpp:237] [0m[1;33mNode for [0m[1;33mPK_01[0m[1;33mwas not found[0m[1;33m[0m
[gazebo-2] [1;33m[GUI] [Wrn] [toggle_floors.cpp:237] [0m[1;33mNode for [0m[1;33mPK_02[0m[1;33mwas not found[0m[1;33m[0m
[gazebo-2] [1;33m[GUI] [Wrn] [toggle_floors.cpp:237] [0m[1;33mNode for [0m[1;33mPK_01[0m[1;33mwas not found[0m[1;33m[0m
[gazebo-2] [1;33m[GUI] [Wrn] [toggle_floors.cpp:237] [0m[1;33mNode for [0m[1;33mPK_02[0m[1;33mwas not found[0m[1;33m[0m
[gazebo-2] [1;33m[GUI] [Wrn] [toggle_floors.cpp:237] [0m[1;33mNode for [0m[1;33mPK_01[0m[1;33mwas not found[0m[1;33m[0m
[gazebo-2] [1;33m[GUI] [Wrn] [toggle_floors.cpp:237] [0m[1;33mNode for [0m[1;33mPK_02[0m[1;33mwas not found[0m[1;33m[0m
[python3-21] [INFO] [1786501395.146486125] [project1_pinky_fleet_adapter]: Requesting new schedule update because update timed out
[python3-21] [INFO] [1786501395.146566062] [project1_pinky_fleet_adapter]: [rmf_traffic_ros2::MirrorManager::request_update] Requesting changes for query ID [1] since version [4]
[schedule_visualizer_node-4] [INFO] [1786501395.149708001] [schedule_data_node]: Requesting new schedule update because update timed out
[schedule_visualizer_node-4] [INFO] [1786501395.149761940] [schedule_data_node]: [rmf_traffic_ros2::MirrorManager::request_update] Requesting changes for query ID [1] since version [4]
[gazebo-2] [1;33m[GUI] [Wrn] [toggle_floors.cpp:237] [0m[1;33mNode for [0m[1;33mPK_01[0m[1;33mwas not found[0m[1;33m[0m
[gazebo-2] [1;33m[GUI] [Wrn] [toggle_floors.cpp:237] [0m[1;33mNode for [0m[1;33mPK_02[0m[1;33mwas not found[0m[1;33m[0m
[gazebo-2] [1;33m[GUI] [Wrn] [toggle_floors.cpp:237] [0m[1;33mNode for [0m[1;33mPK_01[0m[1;33mwas not found[0m[1;33m[0m
[gazebo-2] [1;33m[GUI] [Wrn] [toggle_floors.cpp:237] [0m[1;33mNode for [0m[1;33mPK_02[0m[1;33mwas not found[0m[1;33m[0m
[gazebo-2] [1;33m[GUI] [Wrn] [toggle_floors.cpp:237] [0m[1;33mNode for [0m[1;33mPK_01[0m[1;33mwas not found[0m[1;33m[0m
[gazebo-2] [1;33m[GUI] [Wrn] [toggle_floors.cpp:237] [0m[1;33mNode for [0m[1;33mPK_02[0m[1;33mwas not found[0m[1;33m[0m
[gazebo-2] [1;33m[GUI] [Wrn] [toggle_floors.cpp:237] [0m[1;33mNode for [0m[1;33mPK_01[0m[1;33mwas not found[0m[1;33m[0m
[gazebo-2] [1;33m[GUI] [Wrn] [toggle_floors.cpp:237] [0m[1;33mNode for [0m[1;33mPK_02[0m[1;33mwas not found[0m[1;33m[0m
[gazebo-2] [1;33m[GUI] [Wrn] [toggle_floors.cpp:237] [0m[1;33mNode for [0m[1;33mPK_01[0m[1;33mwas not found[0m[1;33m[0m
[gazebo-2] [1;33m[GUI] [Wrn] [toggle_floors.cpp:237] [0m[1;33mNode for [0m[1;33mPK_02[0m[1;33mwas not found[0m[1;33m[0m
[gazebo-2] [1;33m[GUI] [Wrn] [toggle_floors.cpp:237] [0m[1;33mNode for [0m[1;33mPK_01[0m[1;33mwas not found[0m[1;33m[0m
[gazebo-2] [1;33m[GUI] [Wrn] [toggle_floors.cpp:237] [0m[1;33mNode for [0m[1;33mPK_02[0m[1;33mwas not found[0m[1;33m[0m
[gazebo-2] [1;33m[GUI] [Wrn] [toggle_floors.cpp:237] [0m[1;33mNode for [0m[1;33mPK_01[0m[1;33mwas not found[0m[1;33m[0m
[gazebo-2] [1;33m[GUI] [Wrn] [toggle_floors.cpp:237] [0m[1;33mNode for [0m[1;33mPK_02[0m[1;33mwas not found[0m[1;33m[0m
[gazebo-2] [1;33m[GUI] [Wrn] [toggle_floors.cpp:237] [0m[1;33mNode for [0m[1;33mPK_01[0m[1;33mwas not found[0m[1;33m[0m
[gazebo-2] [1;33m[GUI] [Wrn] [toggle_floors.cpp:237] [0m[1;33mNode for [0m[1;33mPK_02[0m[1;33mwas not found[0m[1;33m[0m
[gazebo-2] [1;33m[GUI] [Wrn] [toggle_floors.cpp:237] [0m[1;33mNode for [0m[1;33mPK_01[0m[1;33mwas not found[0m[1;33m[0m
[gazebo-2] [1;33m[GUI] [Wrn] [toggle_floors.cpp:237] [0m[1;33mNode for [0m[1;33mPK_02[0m[1;33mwas not found[0m[1;33m[0m
[gazebo-2] [1;33m[GUI] [Wrn] [toggle_floors.cpp:237] [0m[1;33mNode for [0m[1;33mPK_01[0m[1;33mwas not found[0m[1;33m[0m
[gazebo-2] [1;33m[GUI] [Wrn] [toggle_floors.cpp:237] [0m[1;33mNode for [0m[1;33mPK_02[0m[1;33mwas not found[0m[1;33m[0m
[gazebo-2] [1;33m[GUI] [Wrn] [toggle_floors.cpp:237] [0m[1;33mNode for [0m[1;33mPK_01[0m[1;33mwas not found[0m[1;33m[0m
[gazebo-2] [1;33m[GUI] [Wrn] [toggle_floors.cpp:237] [0m[1;33mNode for [0m[1;33mPK_02[0m[1;33mwas not found[0m[1;33m[0m
[gazebo-2] [1;33m[GUI] [Wrn] [toggle_floors.cpp:237] [0m[1;33mNode for [0m[1;33mPK_01[0m[1;33mwas not found[0m[1;33m[0m
[gazebo-2] [1;33m[GUI] [Wrn] [toggle_floors.cpp:237] [0m[1;33mNode for [0m[1;33mPK_02[0m[1;33mwas not found[0m[1;33m[0m
[gazebo-2] [1;33m[GUI] [Wrn] [toggle_floors.cpp:237] [0m[1;33mNode for [0m[1;33mPK_01[0m[1;33mwas not found[0m[1;33m[0m
[gazebo-2] [1;33m[GUI] [Wrn] [toggle_floors.cpp:237] [0m[1;33mNode for [0m[1;33mPK_02[0m[1;33mwas not found[0m[1;33m[0m
[gazebo-2] [1;33m[GUI] [Wrn] [toggle_floors.cpp:237] [0m[1;33mNode for [0m[1;33mPK_01[0m[1;33mwas not found[0m[1;33m[0m
[gazebo-2] [1;33m[GUI] [Wrn] [toggle_floors.cpp:237] [0m[1;33mNode for [0m[1;33mPK_02[0m[1;33mwas not found[0m[1;33m[0m
[gazebo-2] [1;33m[GUI] [Wrn] [toggle_floors.cpp:237] [0m[1;33mNode for [0m[1;33mPK_01[0m[1;33mwas not found[0m[1;33m[0m
[gazebo-2] [1;33m[GUI] [Wrn] [toggle_floors.cpp:237] [0m[1;33mNode for [0m[1;33mPK_02[0m[1;33mwas not found[0m[1;33m[0m
[gazebo-2] [1;33m[GUI] [Wrn] [toggle_floors.cpp:237] [0m[1;33mNode for [0m[1;33mPK_01[0m[1;33mwas not found[0m[1;33m[0m
[gazebo-2] [1;33m[GUI] [Wrn] [toggle_floors.cpp:237] [0m[1;33mNode for [0m[1;33mPK_02[0m[1;33mwas not found[0m[1;33m[0m
[gazebo-2] [1;33m[GUI] [Wrn] [toggle_floors.cpp:237] [0m[1;33mNode for [0m[1;33mPK_01[0m[1;33mwas not found[0m[1;33m[0m
[gazebo-2] [1;33m[GUI] [Wrn] [toggle_floors.cpp:237] [0m[1;33mNode for [0m[1;33mPK_02[0m[1;33mwas not found[0m[1;33m[0m
[gazebo-2] [1;33m[GUI] [Wrn] [toggle_floors.cpp:237] [0m[1;33mNode for [0m[1;33mPK_01[0m[1;33mwas not found[0m[1;33m[0m
[gazebo-2] [1;33m[GUI] [Wrn] [toggle_floors.cpp:237] [0m[1;33mNode for [0m[1;33mPK_02[0m[1;33mwas not found[0m[1;33m[0m
[gazebo-2] [1;33m[GUI] [Wrn] [toggle_floors.cpp:237] [0m[1;33mNode for [0m[1;33mPK_01[0m[1;33mwas not found[0m[1;33m[0m
[gazebo-2] [1;33m[GUI] [Wrn] [toggle_floors.cpp:237] [0m[1;33mNode for [0m[1;33mPK_02[0m[1;33mwas not found[0m[1;33m[0m
[gazebo-2] [1;33m[GUI] [Wrn] [toggle_floors.cpp:237] [0m[1;33mNode for [0m[1;33mPK_01[0m[1;33mwas not found[0m[1;33m[0m
[gazebo-2] [1;33m[GUI] [Wrn] [toggle_floors.cpp:237] [0m[1;33mNode for [0m[1;33mPK_02[0m[1;33mwas not found[0m[1;33m[0m
[gazebo-2] [1;33m[GUI] [Wrn] [toggle_floors.cpp:237] [0m[1;33mNode for [0m[1;33mPK_01[0m[1;33mwas not found[0m[1;33m[0m
[gazebo-2] [1;33m[GUI] [Wrn] [toggle_floors.cpp:237] [0m[1;33mNode for [0m[1;33mPK_02[0m[1;33mwas not found[0m[1;33m[0m
[gazebo-2] [1;33m[GUI] [Wrn] [toggle_floors.cpp:237] [0m[1;33mNode for [0m[1;33mPK_01[0m[1;33mwas not found[0m[1;33m[0m
[gazebo-2] [1;33m[GUI] [Wrn] [toggle_floors.cpp:237] [0m[1;33mNode for [0m[1;33mPK_02[0m[1;33mwas not found[0m[1;33m[0m
[gazebo-2] [1;33m[GUI] [Wrn] [toggle_floors.cpp:237] [0m[1;33mNode for [0m[1;33mPK_01[0m[1;33mwas not found[0m[1;33m[0m
[gazebo-2] [1;33m[GUI] [Wrn] [toggle_floors.cpp:237] [0m[1;33mNode for [0m[1;33mPK_02[0m[1;33mwas not found[0m[1;33m[0m
[gazebo-2] [1;33m[GUI] [Wrn] [toggle_floors.cpp:237] [0m[1;33mNode for [0m[1;33mPK_01[0m[1;33mwas not found[0m[1;33m[0m
[gazebo-2] [1;33m[GUI] [Wrn] [toggle_floors.cpp:237] [0m[1;33mNode for [0m[1;33mPK_02[0m[1;33mwas not found[0m[1;33m[0m
[gazebo-2] [1;33m[GUI] [Wrn] [toggle_floors.cpp:237] [0m[1;33mNode for [0m[1;33mPK_01[0m[1;33mwas not found[0m[1;33m[0m
[gazebo-2] [1;33m[GUI] [Wrn] [toggle_floors.cpp:237] [0m[1;33mNode for [0m[1;33mPK_02[0m[1;33mwas not found[0m[1;33m[0m
[gazebo-2] [1;33m[GUI] [Wrn] [toggle_floors.cpp:237] [0m[1;33mNode for [0m[1;33mPK_01[0m[1;33mwas not found[0m[1;33m[0m
[gazebo-2] [1;33m[GUI] [Wrn] [toggle_floors.cpp:237] [0m[1;33mNode for [0m[1;33mPK_02[0m[1;33mwas not found[0m[1;33m[0m
[gazebo-2] [1;33m[GUI] [Wrn] [toggle_floors.cpp:237] [0m[1;33mNode for [0m[1;33mPK_01[0m[1;33mwas not found[0m[1;33m[0m
[gazebo-2] [1;33m[GUI] [Wrn] [toggle_floors.cpp:237] [0m[1;33mNode for [0m[1;33mPK_02[0m[1;33mwas not found[0m[1;33m[0m
[gazebo-2] [1;33m[GUI] [Wrn] [toggle_floors.cpp:237] [0m[1;33mNode for [0m[1;33mPK_01[0m[1;33mwas not found[0m[1;33m[0m
[gazebo-2] [1;33m[GUI] [Wrn] [toggle_floors.cpp:237] [0m[1;33mNode for [0m[1;33mPK_02[0m[1;33mwas not found[0m[1;33m[0m
[gazebo-2] [1;33m[GUI] [Wrn] [toggle_floors.cpp:237] [0m[1;33mNode for [0m[1;33mPK_01[0m[1;33mwas not found[0m[1;33m[0m
[gazebo-2] [1;33m[GUI] [Wrn] [toggle_floors.cpp:237] [0m[1;33mNode for [0m[1;33mPK_02[0m[1;33mwas not found[0m[1;33m[0m
[gazebo-2] [1;33m[GUI] [Wrn] [toggle_floors.cpp:237] [0m[1;33mNode for [0m[1;33mPK_01[0m[1;33mwas not found[0m[1;33m[0m
[gazebo-2] [1;33m[GUI] [Wrn] [toggle_floors.cpp:237] [0m[1;33mNode for [0m[1;33mPK_02[0m[1;33mwas not found[0m[1;33m[0m
[gazebo-2] [1;33m[GUI] [Wrn] [toggle_floors.cpp:237] [0m[1;33mNode for [0m[1;33mPK_01[0m[1;33mwas not found[0m[1;33m[0m
[gazebo-2] [1;33m[GUI] [Wrn] [toggle_floors.cpp:237] [0m[1;33mNode for [0m[1;33mPK_02[0m[1;33mwas not found[0m[1;33m[0m
[gazebo-2] [1;33m[GUI] [Wrn] [toggle_floors.cpp:237] [0m[1;33mNode for [0m[1;33mPK_01[0m[1;33mwas not found[0m[1;33m[0m
[gazebo-2] [1;33m[GUI] [Wrn] [toggle_floors.cpp:237] [0m[1;33mNode for [0m[1;33mPK_02[0m[1;33mwas not found[0m[1;33m[0m
[gazebo-2] [1;33m[GUI] [Wrn] [toggle_floors.cpp:237] [0m[1;33mNode for [0m[1;33mPK_01[0m[1;33mwas not found[0m[1;33m[0m
[gazebo-2] [1;33m[GUI] [Wrn] [toggle_floors.cpp:237] [0m[1;33mNode for [0m[1;33mPK_02[0m[1;33mwas not found[0m[1;33m[0m
[gazebo-2] [1;33m[GUI] [Wrn] [toggle_floors.cpp:237] [0m[1;33mNode for [0m[1;33mPK_01[0m[1;33mwas not found[0m[1;33m[0m
[gazebo-2] [1;33m[GUI] [Wrn] [toggle_floors.cpp:237] [0m[1;33mNode for [0m[1;33mPK_02[0m[1;33mwas not found[0m[1;33m[0m
[gazebo-2] [1;33m[GUI] [Wrn] [toggle_floors.cpp:237] [0m[1;33mNode for [0m[1;33mPK_01[0m[1;33mwas not found[0m[1;33m[0m
[gazebo-2] [1;33m[GUI] [Wrn] [toggle_floors.cpp:237] [0m[1;33mNode for [0m[1;33mPK_02[0m[1;33mwas not found[0m[1;33m[0m
[gazebo-2] [1;33m[GUI] [Wrn] [toggle_floors.cpp:237] [0m[1;33mNode for [0m[1;33mPK_01[0m[1;33mwas not found[0m[1;33m[0m
[gazebo-2] [1;33m[GUI] [Wrn] [toggle_floors.cpp:237] [0m[1;33mNode for [0m[1;33mPK_02[0m[1;33mwas not found[0m[1;33m[0m
[gazebo-2] [1;33m[GUI] [Wrn] [toggle_floors.cpp:237] [0m[1;33mNode for [0m[1;33mPK_01[0m[1;33mwas not found[0m[1;33m[0m
[gazebo-2] [1;33m[GUI] [Wrn] [toggle_floors.cpp:237] [0m[1;33mNode for [0m[1;33mPK_02[0m[1;33mwas not found[0m[1;33m[0m
[gazebo-2] [1;33m[GUI] [Wrn] [toggle_floors.cpp:237] [0m[1;33mNode for [0m[1;33mPK_01[0m[1;33mwas not found[0m[1;33m[0m
[gazebo-2] [1;33m[GUI] [Wrn] [toggle_floors.cpp:237] [0m[1;33mNode for [0m[1;33mPK_02[0m[1;33mwas not found[0m[1;33m[0m
[gazebo-2] [1;33m[GUI] [Wrn] [toggle_floors.cpp:237] [0m[1;33mNode for [0m[1;33mPK_01[0m[1;33mwas not found[0m[1;33m[0m
[gazebo-2] [1;33m[GUI] [Wrn] [toggle_floors.cpp:237] [0m[1;33mNode for [0m[1;33mPK_02[0m[1;33mwas not found[0m[1;33m[0m
[gazebo-2] [1;33m[GUI] [Wrn] [toggle_floors.cpp:237] [0m[1;33mNode for [0m[1;33mPK_01[0m[1;33mwas not found[0m[1;33m[0m
[gazebo-2] [1;33m[GUI] [Wrn] [toggle_floors.cpp:237] [0m[1;33mNode for [0m[1;33mPK_02[0m[1;33mwas not found[0m[1;33m[0m
[gazebo-2] [1;33m[GUI] [Wrn] [toggle_floors.cpp:237] [0m[1;33mNode for [0m[1;33mPK_01[0m[1;33mwas not found[0m[1;33m[0m
[gazebo-2] [1;33m[GUI] [Wrn] [toggle_floors.cpp:237] [0m[1;33mNode for [0m[1;33mPK_02[0m[1;33mwas not found[0m[1;33m[0m
[gazebo-2] [1;33m[GUI] [Wrn] [toggle_floors.cpp:237] [0m[1;33mNode for [0m[1;33mPK_01[0m[1;33mwas not found[0m[1;33m[0m
[gazebo-2] [1;33m[GUI] [Wrn] [toggle_floors.cpp:237] [0m[1;33mNode for [0m[1;33mPK_02[0m[1;33mwas not found[0m[1;33m[0m
[gazebo-2] [1;33m[GUI] [Wrn] [toggle_floors.cpp:237] [0m[1;33mNode for [0m[1;33mPK_01[0m[1;33mwas not found[0m[1;33m[0m
[gazebo-2] [1;33m[GUI] [Wrn] [toggle_floors.cpp:237] [0m[1;33mNode for [0m[1;33mPK_02[0m[1;33mwas not found[0m[1;33m[0m
[gazebo-2] [1;33m[GUI] [Wrn] [toggle_floors.cpp:237] [0m[1;33mNode for [0m[1;33mPK_01[0m[1;33mwas not found[0m[1;33m[0m
[gazebo-2] [1;33m[GUI] [Wrn] [toggle_floors.cpp:237] [0m[1;33mNode for [0m[1;33mPK_02[0m[1;33mwas not found[0m[1;33m[0m
[gazebo-2] [1;33m[GUI] [Wrn] [toggle_floors.cpp:237] [0m[1;33mNode for [0m[1;33mPK_01[0m[1;33mwas not found[0m[1;33m[0m
[gazebo-2] [1;33m[GUI] [Wrn] [toggle_floors.cpp:237] [0m[1;33mNode for [0m[1;33mPK_02[0m[1;33mwas not found[0m[1;33m[0m
[gazebo-2] [1;33m[GUI] [Wrn] [toggle_floors.cpp:237] [0m[1;33mNode for [0m[1;33mPK_01[0m[1;33mwas not found[0m[1;33m[0m
[gazebo-2] [1;33m[GUI] [Wrn] [toggle_floors.cpp:237] [0m[1;33mNode for [0m[1;33mPK_02[0m[1;33mwas not found[0m[1;33m[0m
[gazebo-2] [1;33m[GUI] [Wrn] [toggle_floors.cpp:237] [0m[1;33mNode for [0m[1;33mPK_01[0m[1;33mwas not found[0m[1;33m[0m
[gazebo-2] [1;33m[GUI] [Wrn] [toggle_floors.cpp:237] [0m[1;33mNode for [0m[1;33mPK_02[0m[1;33mwas not found[0m[1;33m[0m
[gazebo-2] [1;33m[GUI] [Wrn] [toggle_floors.cpp:237] [0m[1;33mNode for [0m[1;33mPK_01[0m[1;33mwas not found[0m[1;33m[0m
[gazebo-2] [1;33m[GUI] [Wrn] [toggle_floors.cpp:237] [0m[1;33mNode for [0m[1;33mPK_02[0m[1;33mwas not found[0m[1;33m[0m
[gazebo-2] [1;33m[GUI] [Wrn] [toggle_floors.cpp:237] [0m[1;33mNode for [0m[1;33mPK_01[0m[1;33mwas not found[0m[1;33m[0m
[gazebo-2] [1;33m[GUI] [Wrn] [toggle_floors.cpp:237] [0m[1;33mNode for [0m[1;33mPK_02[0m[1;33mwas not found[0m[1;33m[0m
[gazebo-2] [1;33m[GUI] [Wrn] [toggle_floors.cpp:237] [0m[1;33mNode for [0m[1;33mPK_01[0m[1;33mwas not found[0m[1;33m[0m
[gazebo-2] [1;33m[GUI] [Wrn] [toggle_floors.cpp:237] [0m[1;33mNode for [0m[1;33mPK_02[0m[1;33mwas not found[0m[1;33m[0m
[gazebo-2] [1;33m[GUI] [Wrn] [toggle_floors.cpp:237] [0m[1;33mNode for [0m[1;33mPK_01[0m[1;33mwas not found[0m[1;33m[0m
[gazebo-2] [1;33m[GUI] [Wrn] [toggle_floors.cpp:237] [0m[1;33mNode for [0m[1;33mPK_02[0m[1;33mwas not found[0m[1;33m[0m
[gazebo-2] [1;33m[GUI] [Wrn] [toggle_floors.cpp:237] [0m[1;33mNode for [0m[1;33mPK_01[0m[1;33mwas not found[0m[1;33m[0m
[gazebo-2] [1;33m[GUI] [Wrn] [toggle_floors.cpp:237] [0m[1;33mNode for [0m[1;33mPK_02[0m[1;33mwas not found[0m[1;33m[0m
[gazebo-2] [1;33m[GUI] [Wrn] [toggle_floors.cpp:237] [0m[1;33mNode for [0m[1;33mPK_01[0m[1;33mwas not found[0m[1;33m[0m
[gazebo-2] [1;33m[GUI] [Wrn] [toggle_floors.cpp:237] [0m[1;33mNode for [0m[1;33mPK_02[0m[1;33mwas not found[0m[1;33m[0m
[gazebo-2] [1;33m[GUI] [Wrn] [toggle_floors.cpp:237] [0m[1;33mNode for [0m[1;33mPK_01[0m[1;33mwas not found[0m[1;33m[0m
[gazebo-2] [1;33m[GUI] [Wrn] [toggle_floors.cpp:237] [0m[1;33mNode for [0m[1;33mPK_02[0m[1;33mwas not found[0m[1;33m[0m
[gazebo-2] [1;33m[GUI] [Wrn] [toggle_floors.cpp:237] [0m[1;33mNode for [0m[1;33mPK_01[0m[1;33mwas not found[0m[1;33m[0m
[gazebo-2] [1;33m[GUI] [Wrn] [toggle_floors.cpp:237] [0m[1;33mNode for [0m[1;33mPK_02[0m[1;33mwas not found[0m[1;33m[0m
[gazebo-2] [1;33m[GUI] [Wrn] [toggle_floors.cpp:237] [0m[1;33mNode for [0m[1;33mPK_01[0m[1;33mwas not found[0m[1;33m[0m
[gazebo-2] [1;33m[GUI] [Wrn] [toggle_floors.cpp:237] [0m[1;33mNode for [0m[1;33mPK_02[0m[1;33mwas not found[0m[1;33m[0m
[gazebo-2] [1;33m[GUI] [Wrn] [toggle_floors.cpp:237] [0m[1;33mNode for [0m[1;33mPK_01[0m[1;33mwas not found[0m[1;33m[0m
[gazebo-2] [1;33m[GUI] [Wrn] [toggle_floors.cpp:237] [0m[1;33mNode for [0m[1;33mPK_02[0m[1;33mwas not found[0m[1;33m[0m
[gazebo-2] [1;33m[GUI] [Wrn] [toggle_floors.cpp:237] [0m[1;33mNode for [0m[1;33mPK_01[0m[1;33mwas not found[0m[1;33m[0m
[gazebo-2] [1;33m[GUI] [Wrn] [toggle_floors.cpp:237] [0m[1;33mNode for [0m[1;33mPK_02[0m[1;33mwas not found[0m[1;33m[0m
[gazebo-2] [1;33m[GUI] [Wrn] [toggle_floors.cpp:237] [0m[1;33mNode for [0m[1;33mPK_01[0m[1;33mwas not found[0m[1;33m[0m
[gazebo-2] [1;33m[GUI] [Wrn] [toggle_floors.cpp:237] [0m[1;33mNode for [0m[1;33mPK_02[0m[1;33mwas not found[0m[1;33m[0m
[gazebo-2] [1;33m[GUI] [Wrn] [toggle_floors.cpp:237] [0m[1;33mNode for [0m[1;33mPK_01[0m[1;33mwas not found[0m[1;33m[0m
[gazebo-2] [1;33m[GUI] [Wrn] [toggle_floors.cpp:237] [0m[1;33mNode for [0m[1;33mPK_02[0m[1;33mwas not found[0m[1;33m[0m
[gazebo-2] [1;33m[GUI] [Wrn] [toggle_floors.cpp:237] [0m[1;33mNode for [0m[1;33mPK_01[0m[1;33mwas not found[0m[1;33m[0m
[gazebo-2] [1;33m[GUI] [Wrn] [toggle_floors.cpp:237] [0m[1;33mNode for [0m[1;33mPK_02[0m[1;33mwas not found[0m[1;33m[0m
[gazebo-2] [1;33m[GUI] [Wrn] [toggle_floors.cpp:237] [0m[1;33mNode for [0m[1;33mPK_01[0m[1;33mwas not found[0m[1;33m[0m
[gazebo-2] [1;33m[GUI] [Wrn] [toggle_floors.cpp:237] [0m[1;33mNode for [0m[1;33mPK_02[0m[1;33mwas not found[0m[1;33m[0m
[gazebo-2] [1;33m[GUI] [Wrn] [toggle_floors.cpp:237] [0m[1;33mNode for [0m[1;33mPK_01[0m[1;33mwas not found[0m[1;33m[0m
[gazebo-2] [1;33m[GUI] [Wrn] [toggle_floors.cpp:237] [0m[1;33mNode for [0m[1;33mPK_02[0m[1;33mwas not found[0m[1;33m[0m
[gazebo-2] [1;33m[GUI] [Wrn] [toggle_floors.cpp:237] [0m[1;33mNode for [0m[1;33mPK_01[0m[1;33mwas not found[0m[1;33m[0m
[gazebo-2] [1;33m[GUI] [Wrn] [toggle_floors.cpp:237] [0m[1;33mNode for [0m[1;33mPK_02[0m[1;33mwas not found[0m[1;33m[0m
[gazebo-2] [1;33m[GUI] [Wrn] [toggle_floors.cpp:237] [0m[1;33mNode for [0m[1;33mPK_01[0m[1;33mwas not found[0m[1;33m[0m
[gazebo-2] [1;33m[GUI] [Wrn] [toggle_floors.cpp:237] [0m[1;33mNode for [0m[1;33mPK_02[0m[1;33mwas not found[0m[1;33m[0m
[gazebo-2] [1;33m[GUI] [Wrn] [toggle_floors.cpp:237] [0m[1;33mNode for [0m[1;33mPK_01[0m[1;33mwas not found[0m[1;33m[0m
[gazebo-2] [1;33m[GUI] [Wrn] [toggle_floors.cpp:237] [0m[1;33mNode for [0m[1;33mPK_02[0m[1;33mwas not found[0m[1;33m[0m
[gazebo-2] [1;33m[GUI] [Wrn] [toggle_floors.cpp:237] [0m[1;33mNode for [0m[1;33mPK_01[0m[1;33mwas not found[0m[1;33m[0m
[gazebo-2] [1;33m[GUI] [Wrn] [toggle_floors.cpp:237] [0m[1;33mNode for [0m[1;33mPK_02[0m[1;33mwas not found[0m[1;33m[0m
[gazebo-2] [1;33m[GUI] [Wrn] [toggle_floors.cpp:237] [0m[1;33mNode for [0m[1;33mPK_01[0m[1;33mwas not found[0m[1;33m[0m
[gazebo-2] [1;33m[GUI] [Wrn] [toggle_floors.cpp:237] [0m[1;33mNode for [0m[1;33mPK_02[0m[1;33mwas not found[0m[1;33m[0m
[gazebo-2] [1;33m[GUI] [Wrn] [toggle_floors.cpp:237] [0m[1;33mNode for [0m[1;33mPK_01[0m[1;33mwas not found[0m[1;33m[0m
[gazebo-2] [1;33m[GUI] [Wrn] [toggle_floors.cpp:237] [0m[1;33mNode for [0m[1;33mPK_02[0m[1;33mwas not found[0m[1;33m[0m
[gazebo-2] [1;33m[GUI] [Wrn] [toggle_floors.cpp:237] [0m[1;33mNode for [0m[1;33mPK_01[0m[1;33mwas not found[0m[1;33m[0m
[gazebo-2] [1;33m[GUI] [Wrn] [toggle_floors.cpp:237] [0m[1;33mNode for [0m[1;33mPK_02[0m[1;33mwas not found[0m[1;33m[0m
[gazebo-2] [1;33m[GUI] [Wrn] [toggle_floors.cpp:237] [0m[1;33mNode for [0m[1;33mPK_01[0m[1;33mwas not found[0m[1;33m[0m
[gazebo-2] [1;33m[GUI] [Wrn] [toggle_floors.cpp:237] [0m[1;33mNode for [0m[1;33mPK_02[0m[1;33mwas not found[0m[1;33m[0m
[gazebo-2] [1;33m[GUI] [Wrn] [toggle_floors.cpp:237] [0m[1;33mNode for [0m[1;33mPK_01[0m[1;33mwas not found[0m[1;33m[0m
[gazebo-2] [1;33m[GUI] [Wrn] [toggle_floors.cpp:237] [0m[1;33mNode for [0m[1;33mPK_02[0m[1;33mwas not found[0m[1;33m[0m
[gazebo-2] [1;33m[GUI] [Wrn] [toggle_floors.cpp:237] [0m[1;33mNode for [0m[1;33mPK_01[0m[1;33mwas not found[0m[1;33m[0m
[gazebo-2] [1;33m[GUI] [Wrn] [toggle_floors.cpp:237] [0m[1;33mNode for [0m[1;33mPK_02[0m[1;33mwas not found[0m[1;33m[0m
[gazebo-2] [1;33m[GUI] [Wrn] [toggle_floors.cpp:237] [0m[1;33mNode for [0m[1;33mPK_01[0m[1;33mwas not found[0m[1;33m[0m
[gazebo-2] [1;33m[GUI] [Wrn] [toggle_floors.cpp:237] [0m[1;33mNode for [0m[1;33mPK_02[0m[1;33mwas not found[0m[1;33m[0m
[gazebo-2] [1;33m[GUI] [Wrn] [toggle_floors.cpp:237] [0m[1;33mNode for [0m[1;33mPK_01[0m[1;33mwas not found[0m[1;33m[0m
[gazebo-2] [1;33m[GUI] [Wrn] [toggle_floors.cpp:237] [0m[1;33mNode for [0m[1;33mPK_02[0m[1;33mwas not found[0m[1;33m[0m
[gazebo-2] [1;33m[GUI] [Wrn] [toggle_floors.cpp:237] [0m[1;33mNode for [0m[1;33mPK_01[0m[1;33mwas not found[0m[1;33m[0m
[gazebo-2] [1;33m[GUI] [Wrn] [toggle_floors.cpp:237] [0m[1;33mNode for [0m[1;33mPK_02[0m[1;33mwas not found[0m[1;33m[0m
[gazebo-2] [1;33m[GUI] [Wrn] [toggle_floors.cpp:237] [0m[1;33mNode for [0m[1;33mPK_01[0m[1;33mwas not found[0m[1;33m[0m
[gazebo-2] [1;33m[GUI] [Wrn] [toggle_floors.cpp:237] [0m[1;33mNode for [0m[1;33mPK_02[0m[1;33mwas not found[0m[1;33m[0m
[gazebo-2] [1;33m[GUI] [Wrn] [toggle_floors.cpp:237] [0m[1;33mNode for [0m[1;33mPK_01[0m[1;33mwas not found[0m[1;33m[0m
[gazebo-2] [1;33m[GUI] [Wrn] [toggle_floors.cpp:237] [0m[1;33mNode for [0m[1;33mPK_02[0m[1;33mwas not found[0m[1;33m[0m
[gazebo-2] [1;33m[GUI] [Wrn] [toggle_floors.cpp:237] [0m[1;33mNode for [0m[1;33mPK_01[0m[1;33mwas not found[0m[1;33m[0m
[gazebo-2] [1;33m[GUI] [Wrn] [toggle_floors.cpp:237] [0m[1;33mNode for [0m[1;33mPK_02[0m[1;33mwas not found[0m[1;33m[0m
[gazebo-2] [1;33m[GUI] [Wrn] [toggle_floors.cpp:237] [0m[1;33mNode for [0m[1;33mPK_01[0m[1;33mwas not found[0m[1;33m[0m
[gazebo-2] [1;33m[GUI] [Wrn] [toggle_floors.cpp:237] [0m[1;33mNode for [0m[1;33mPK_02[0m[1;33mwas not found[0m[1;33m[0m
[gazebo-2] [1;33m[GUI] [Wrn] [toggle_floors.cpp:237] [0m[1;33mNode for [0m[1;33mPK_01[0m[1;33mwas not found[0m[1;33m[0m
[gazebo-2] [1;33m[GUI] [Wrn] [toggle_floors.cpp:237] [0m[1;33mNode for [0m[1;33mPK_02[0m[1;33mwas not found[0m[1;33m[0m
[gazebo-2] [1;33m[GUI] [Wrn] [toggle_floors.cpp:237] [0m[1;33mNode for [0m[1;33mPK_01[0m[1;33mwas not found[0m[1;33m[0m
[gazebo-2] [1;33m[GUI] [Wrn] [toggle_floors.cpp:237] [0m[1;33mNode for [0m[1;33mPK_02[0m[1;33mwas not found[0m[1;33m[0m
[gazebo-2] [1;33m[GUI] [Wrn] [toggle_floors.cpp:237] [0m[1;33mNode for [0m[1;33mPK_01[0m[1;33mwas not found[0m[1;33m[0m
[gazebo-2] [1;33m[GUI] [Wrn] [toggle_floors.cpp:237] [0m[1;33mNode for [0m[1;33mPK_02[0m[1;33mwas not found[0m[1;33m[0m
[gazebo-2] [1;33m[GUI] [Wrn] [toggle_floors.cpp:237] [0m[1;33mNode for [0m[1;33mPK_01[0m[1;33mwas not found[0m[1;33m[0m
[gazebo-2] [1;33m[GUI] [Wrn] [toggle_floors.cpp:237] [0m[1;33mNode for [0m[1;33mPK_02[0m[1;33mwas not found[0m[1;33m[0m
[gazebo-2] [1;33m[GUI] [Wrn] [toggle_floors.cpp:237] [0m[1;33mNode for [0m[1;33mPK_01[0m[1;33mwas not found[0m[1;33m[0m
[gazebo-2] [1;33m[GUI] [Wrn] [toggle_floors.cpp:237] [0m[1;33mNode for [0m[1;33mPK_02[0m[1;33mwas not found[0m[1;33m[0m
[gazebo-2] [1;33m[GUI] [Wrn] [toggle_floors.cpp:237] [0m[1;33mNode for [0m[1;33mPK_01[0m[1;33mwas not found[0m[1;33m[0m
[gazebo-2] [1;33m[GUI] [Wrn] [toggle_floors.cpp:237] [0m[1;33mNode for [0m[1;33mPK_02[0m[1;33mwas not found[0m[1;33m[0m
[gazebo-2] [1;33m[GUI] [Wrn] [toggle_floors.cpp:237] [0m[1;33mNode for [0m[1;33mPK_01[0m[1;33mwas not found[0m[1;33m[0m
[gazebo-2] [1;33m[GUI] [Wrn] [toggle_floors.cpp:237] [0m[1;33mNode for [0m[1;33mPK_02[0m[1;33mwas not found[0m[1;33m[0m
[gazebo-2] [1;33m[GUI] [Wrn] [toggle_floors.cpp:237] [0m[1;33mNode for [0m[1;33mPK_01[0m[1;33mwas not found[0m[1;33m[0m
[gazebo-2] [1;33m[GUI] [Wrn] [toggle_floors.cpp:237] [0m[1;33mNode for [0m[1;33mPK_02[0m[1;33mwas not found[0m[1;33m[0m
[gazebo-2] [1;33m[GUI] [Wrn] [toggle_floors.cpp:237] [0m[1;33mNode for [0m[1;33mPK_01[0m[1;33mwas not found[0m[1;33m[0m
[gazebo-2] [1;33m[GUI] [Wrn] [toggle_floors.cpp:237] [0m[1;33mNode for [0m[1;33mPK_02[0m[1;33mwas not found[0m[1;33m[0m
[gazebo-2] [1;33m[GUI] [Wrn] [toggle_floors.cpp:237] [0m[1;33mNode for [0m[1;33mPK_01[0m[1;33mwas not found[0m[1;33m[0m
[gazebo-2] [1;33m[GUI] [Wrn] [toggle_floors.cpp:237] [0m[1;33mNode for [0m[1;33mPK_02[0m[1;33mwas not found[0m[1;33m[0m
[gazebo-2] [1;33m[GUI] [Wrn] [toggle_floors.cpp:237] [0m[1;33mNode for [0m[1;33mPK_01[0m[1;33mwas not found[0m[1;33m[0m
[gazebo-2] [1;33m[GUI] [Wrn] [toggle_floors.cpp:237] [0m[1;33mNode for [0m[1;33mPK_02[0m[1;33mwas not found[0m[1;33m[0m
[gazebo-2] [1;33m[GUI] [Wrn] [toggle_floors.cpp:237] [0m[1;33mNode for [0m[1;33mPK_01[0m[1;33mwas not found[0m[1;33m[0m
[gazebo-2] [1;33m[GUI] [Wrn] [toggle_floors.cpp:237] [0m[1;33mNode for [0m[1;33mPK_02[0m[1;33mwas not found[0m[1;33m[0m
[gazebo-2] [1;33m[GUI] [Wrn] [toggle_floors.cpp:237] [0m[1;33mNode for [0m[1;33mPK_01[0m[1;33mwas not found[0m[1;33m[0m
[gazebo-2] [1;33m[GUI] [Wrn] [toggle_floors.cpp:237] [0m[1;33mNode for [0m[1;33mPK_02[0m[1;33mwas not found[0m[1;33m[0m
[gazebo-2] [1;33m[GUI] [Wrn] [toggle_floors.cpp:237] [0m[1;33mNode for [0m[1;33mPK_01[0m[1;33mwas not found[0m[1;33m[0m
[gazebo-2] [1;33m[GUI] [Wrn] [toggle_floors.cpp:237] [0m[1;33mNode for [0m[1;33mPK_02[0m[1;33mwas not found[0m[1;33m[0m
[gazebo-2] [1;33m[GUI] [Wrn] [toggle_floors.cpp:237] [0m[1;33mNode for [0m[1;33mPK_01[0m[1;33mwas not found[0m[1;33m[0m
[gazebo-2] [1;33m[GUI] [Wrn] [toggle_floors.cpp:237] [0m[1;33mNode for [0m[1;33mPK_02[0m[1;33mwas not found[0m[1;33m[0m
[gazebo-2] [1;33m[GUI] [Wrn] [toggle_floors.cpp:237] [0m[1;33mNode for [0m[1;33mPK_01[0m[1;33mwas not found[0m[1;33m[0m
[gazebo-2] [1;33m[GUI] [Wrn] [toggle_floors.cpp:237] [0m[1;33mNode for [0m[1;33mPK_02[0m[1;33mwas not found[0m[1;33m[0m
[gazebo-2] [1;33m[GUI] [Wrn] [toggle_floors.cpp:237] [0m[1;33mNode for [0m[1;33mPK_01[0m[1;33mwas not found[0m[1;33m[0m
[gazebo-2] [1;33m[GUI] [Wrn] [toggle_floors.cpp:237] [0m[1;33mNode for [0m[1;33mPK_02[0m[1;33mwas not found[0m[1;33m[0m
[gazebo-2] [1;33m[GUI] [Wrn] [toggle_floors.cpp:237] [0m[1;33mNode for [0m[1;33mPK_01[0m[1;33mwas not found[0m[1;33m[0m
[gazebo-2] [1;33m[GUI] [Wrn] [toggle_floors.cpp:237] [0m[1;33mNode for [0m[1;33mPK_02[0m[1;33mwas not found[0m[1;33m[0m
[gazebo-2] [1;33m[GUI] [Wrn] [toggle_floors.cpp:237] [0m[1;33mNode for [0m[1;33mPK_01[0m[1;33mwas not found[0m[1;33m[0m
[gazebo-2] [1;33m[GUI] [Wrn] [toggle_floors.cpp:237] [0m[1;33mNode for [0m[1;33mPK_02[0m[1;33mwas not found[0m[1;33m[0m
[gazebo-2] [1;33m[GUI] [Wrn] [toggle_floors.cpp:237] [0m[1;33mNode for [0m[1;33mPK_01[0m[1;33mwas not found[0m[1;33m[0m
[gazebo-2] [1;33m[GUI] [Wrn] [toggle_floors.cpp:237] [0m[1;33mNode for [0m[1;33mPK_02[0m[1;33mwas not found[0m[1;33m[0m
[gazebo-2] [1;33m[GUI] [Wrn] [toggle_floors.cpp:237] [0m[1;33mNode for [0m[1;33mPK_01[0m[1;33mwas not found[0m[1;33m[0m
[gazebo-2] [1;33m[GUI] [Wrn] [toggle_floors.cpp:237] [0m[1;33mNode for [0m[1;33mPK_02[0m[1;33mwas not found[0m[1;33m[0m
[gazebo-2] [1;33m[GUI] [Wrn] [toggle_floors.cpp:237] [0m[1;33mNode for [0m[1;33mPK_01[0m[1;33mwas not found[0m[1;33m[0m
[gazebo-2] [1;33m[GUI] [Wrn] [toggle_floors.cpp:237] [0m[1;33mNode for [0m[1;33mPK_02[0m[1;33mwas not found[0m[1;33m[0m
[gazebo-2] [1;33m[GUI] [Wrn] [toggle_floors.cpp:237] [0m[1;33mNode for [0m[1;33mPK_01[0m[1;33mwas not found[0m[1;33m[0m
[gazebo-2] [1;33m[GUI] [Wrn] [toggle_floors.cpp:237] [0m[1;33mNode for [0m[1;33mPK_02[0m[1;33mwas not found[0m[1;33m[0m
[gazebo-2] [1;33m[GUI] [Wrn] [toggle_floors.cpp:237] [0m[1;33mNode for [0m[1;33mPK_01[0m[1;33mwas not found[0m[1;33m[0m
[gazebo-2] [1;33m[GUI] [Wrn] [toggle_floors.cpp:237] [0m[1;33mNode for [0m[1;33mPK_02[0m[1;33mwas not found[0m[1;33m[0m
[gazebo-2] [1;33m[GUI] [Wrn] [toggle_floors.cpp:237] [0m[1;33mNode for [0m[1;33mPK_01[0m[1;33mwas not found[0m[1;33m[0m
[gazebo-2] [1;33m[GUI] [Wrn] [toggle_floors.cpp:237] [0m[1;33mNode for [0m[1;33mPK_02[0m[1;33mwas not found[0m[1;33m[0m
[gazebo-2] [1;33m[GUI] [Wrn] [toggle_floors.cpp:237] [0m[1;33mNode for [0m[1;33mPK_01[0m[1;33mwas not found[0m[1;33m[0m
[gazebo-2] [1;33m[GUI] [Wrn] [toggle_floors.cpp:237] [0m[1;33mNode for [0m[1;33mPK_02[0m[1;33mwas not found[0m[1;33m[0m
[gazebo-2] [1;33m[GUI] [Wrn] [toggle_floors.cpp:237] [0m[1;33mNode for [0m[1;33mPK_01[0m[1;33mwas not found[0m[1;33m[0m
[gazebo-2] [1;33m[GUI] [Wrn] [toggle_floors.cpp:237] [0m[1;33mNode for [0m[1;33mPK_02[0m[1;33mwas not found[0m[1;33m[0m
[gazebo-2] [1;33m[GUI] [Wrn] [toggle_floors.cpp:237] [0m[1;33mNode for [0m[1;33mPK_01[0m[1;33mwas not found[0m[1;33m[0m
[gazebo-2] [1;33m[GUI] [Wrn] [toggle_floors.cpp:237] [0m[1;33mNode for [0m[1;33mPK_02[0m[1;33mwas not found[0m[1;33m[0m
[gazebo-2] [1;33m[GUI] [Wrn] [toggle_floors.cpp:237] [0m[1;33mNode for [0m[1;33mPK_01[0m[1;33mwas not found[0m[1;33m[0m
[gazebo-2] [1;33m[GUI] [Wrn] [toggle_floors.cpp:237] [0m[1;33mNode for [0m[1;33mPK_02[0m[1;33mwas not found[0m[1;33m[0m
[gazebo-2] [1;33m[GUI] [Wrn] [toggle_floors.cpp:237] [0m[1;33mNode for [0m[1;33mPK_01[0m[1;33mwas not found[0m[1;33m[0m
[gazebo-2] [1;33m[GUI] [Wrn] [toggle_floors.cpp:237] [0m[1;33mNode for [0m[1;33mPK_02[0m[1;33mwas not found[0m[1;33m[0m
[gazebo-2] [1;33m[GUI] [Wrn] [toggle_floors.cpp:237] [0m[1;33mNode for [0m[1;33mPK_01[0m[1;33mwas not found[0m[1;33m[0m
[gazebo-2] [1;33m[GUI] [Wrn] [toggle_floors.cpp:237] [0m[1;33mNode for [0m[1;33mPK_02[0m[1;33mwas not found[0m[1;33m[0m
[gazebo-2] [1;33m[GUI] [Wrn] [toggle_floors.cpp:237] [0m[1;33mNode for [0m[1;33mPK_01[0m[1;33mwas not found[0m[1;33m[0m
[gazebo-2] [1;33m[GUI] [Wrn] [toggle_floors.cpp:237] [0m[1;33mNode for [0m[1;33mPK_02[0m[1;33mwas not found[0m[1;33m[0m
[gazebo-2] [1;33m[GUI] [Wrn] [toggle_floors.cpp:237] [0m[1;33mNode for [0m[1;33mPK_01[0m[1;33mwas not found[0m[1;33m[0m
[gazebo-2] [1;33m[GUI] [Wrn] [toggle_floors.cpp:237] [0m[1;33mNode for [0m[1;33mPK_02[0m[1;33mwas not found[0m[1;33m[0m
[gazebo-2] [1;33m[GUI] [Wrn] [toggle_floors.cpp:237] [0m[1;33mNode for [0m[1;33mPK_01[0m[1;33mwas not found[0m[1;33m[0m
[gazebo-2] [1;33m[GUI] [Wrn] [toggle_floors.cpp:237] [0m[1;33mNode for [0m[1;33mPK_02[0m[1;33mwas not found[0m[1;33m[0m
[gazebo-2] [1;33m[GUI] [Wrn] [toggle_floors.cpp:237] [0m[1;33mNode for [0m[1;33mPK_01[0m[1;33mwas not found[0m[1;33m[0m
[gazebo-2] [1;33m[GUI] [Wrn] [toggle_floors.cpp:237] [0m[1;33mNode for [0m[1;33mPK_02[0m[1;33mwas not found[0m[1;33m[0m
[gazebo-2] [1;33m[GUI] [Wrn] [toggle_floors.cpp:237] [0m[1;33mNode for [0m[1;33mPK_01[0m[1;33mwas not found[0m[1;33m[0m
[gazebo-2] [1;33m[GUI] [Wrn] [toggle_floors.cpp:237] [0m[1;33mNode for [0m[1;33mPK_02[0m[1;33mwas not found[0m[1;33m[0m
[gazebo-2] [1;33m[GUI] [Wrn] [toggle_floors.cpp:237] [0m[1;33mNode for [0m[1;33mPK_01[0m[1;33mwas not found[0m[1;33m[0m
[gazebo-2] [1;33m[GUI] [Wrn] [toggle_floors.cpp:237] [0m[1;33mNode for [0m[1;33mPK_02[0m[1;33mwas not found[0m[1;33m[0m
[gazebo-2] [1;33m[GUI] [Wrn] [toggle_floors.cpp:237] [0m[1;33mNode for [0m[1;33mPK_01[0m[1;33mwas not found[0m[1;33m[0m
[gazebo-2] [1;33m[GUI] [Wrn] [toggle_floors.cpp:237] [0m[1;33mNode for [0m[1;33mPK_02[0m[1;33mwas not found[0m[1;33m[0m
[gazebo-2] [1;33m[GUI] [Wrn] [toggle_floors.cpp:237] [0m[1;33mNode for [0m[1;33mPK_01[0m[1;33mwas not found[0m[1;33m[0m
[gazebo-2] [1;33m[GUI] [Wrn] [toggle_floors.cpp:237] [0m[1;33mNode for [0m[1;33mPK_02[0m[1;33mwas not found[0m[1;33m[0m
[gazebo-2] [1;33m[GUI] [Wrn] [toggle_floors.cpp:237] [0m[1;33mNode for [0m[1;33mPK_01[0m[1;33mwas not found[0m[1;33m[0m
[gazebo-2] [1;33m[GUI] [Wrn] [toggle_floors.cpp:237] [0m[1;33mNode for [0m[1;33mPK_02[0m[1;33mwas not found[0m[1;33m[0m
[gazebo-2] [1;33m[GUI] [Wrn] [toggle_floors.cpp:237] [0m[1;33mNode for [0m[1;33mPK_01[0m[1;33mwas not found[0m[1;33m[0m
[gazebo-2] [1;33m[GUI] [Wrn] [toggle_floors.cpp:237] [0m[1;33mNode for [0m[1;33mPK_02[0m[1;33mwas not found[0m[1;33m[0m
[gazebo-2] [1;33m[GUI] [Wrn] [toggle_floors.cpp:237] [0m[1;33mNode for [0m[1;33mPK_01[0m[1;33mwas not found[0m[1;33m[0m
[gazebo-2] [1;33m[GUI] [Wrn] [toggle_floors.cpp:237] [0m[1;33mNode for [0m[1;33mPK_02[0m[1;33mwas not found[0m[1;33m[0m
[gazebo-2] [1;33m[GUI] [Wrn] [toggle_floors.cpp:237] [0m[1;33mNode for [0m[1;33mPK_01[0m[1;33mwas not found[0m[1;33m[0m
[gazebo-2] [1;33m[GUI] [Wrn] [toggle_floors.cpp:237] [0m[1;33mNode for [0m[1;33mPK_02[0m[1;33mwas not found[0m[1;33m[0m
[gazebo-2] [1;33m[GUI] [Wrn] [toggle_floors.cpp:237] [0m[1;33mNode for [0m[1;33mPK_01[0m[1;33mwas not found[0m[1;33m[0m
[gazebo-2] [1;33m[GUI] [Wrn] [toggle_floors.cpp:237] [0m[1;33mNode for [0m[1;33mPK_02[0m[1;33mwas not found[0m[1;33m[0m
[gazebo-2] [1;33m[GUI] [Wrn] [toggle_floors.cpp:237] [0m[1;33mNode for [0m[1;33mPK_01[0m[1;33mwas not found[0m[1;33m[0m
[gazebo-2] [1;33m[GUI] [Wrn] [toggle_floors.cpp:237] [0m[1;33mNode for [0m[1;33mPK_02[0m[1;33mwas not found[0m[1;33m[0m
[gazebo-2] [1;33m[GUI] [Wrn] [toggle_floors.cpp:237] [0m[1;33mNode for [0m[1;33mPK_01[0m[1;33mwas not found[0m[1;33m[0m
[gazebo-2] [1;33m[GUI] [Wrn] [toggle_floors.cpp:237] [0m[1;33mNode for [0m[1;33mPK_02[0m[1;33mwas not found[0m[1;33m[0m
[gazebo-2] [1;33m[GUI] [Wrn] [toggle_floors.cpp:237] [0m[1;33mNode for [0m[1;33mPK_01[0m[1;33mwas not found[0m[1;33m[0m
[gazebo-2] [1;33m[GUI] [Wrn] [toggle_floors.cpp:237] [0m[1;33mNode for [0m[1;33mPK_02[0m[1;33mwas not found[0m[1;33m[0m
[gazebo-2] [1;33m[GUI] [Wrn] [toggle_floors.cpp:237] [0m[1;33mNode for [0m[1;33mPK_01[0m[1;33mwas not found[0m[1;33m[0m
[gazebo-2] [1;33m[GUI] [Wrn] [toggle_floors.cpp:237] [0m[1;33mNode for [0m[1;33mPK_02[0m[1;33mwas not found[0m[1;33m[0m
[gazebo-2] [1;33m[GUI] [Wrn] [toggle_floors.cpp:237] [0m[1;33mNode for [0m[1;33mPK_01[0m[1;33mwas not found[0m[1;33m[0m
[gazebo-2] [1;33m[GUI] [Wrn] [toggle_floors.cpp:237] [0m[1;33mNode for [0m[1;33mPK_02[0m[1;33mwas not found[0m[1;33m[0m
[gazebo-2] [1;33m[GUI] [Wrn] [toggle_floors.cpp:237] [0m[1;33mNode for [0m[1;33mPK_01[0m[1;33mwas not found[0m[1;33m[0m
[gazebo-2] [1;33m[GUI] [Wrn] [toggle_floors.cpp:237] [0m[1;33mNode for [0m[1;33mPK_02[0m[1;33mwas not found[0m[1;33m[0m
[gazebo-2] [1;33m[GUI] [Wrn] [toggle_floors.cpp:237] [0m[1;33mNode for [0m[1;33mPK_01[0m[1;33mwas not found[0m[1;33m[0m
[gazebo-2] [1;33m[GUI] [Wrn] [toggle_floors.cpp:237] [0m[1;33mNode for [0m[1;33mPK_02[0m[1;33mwas not found[0m[1;33m[0m
[gazebo-2] [1;33m[GUI] [Wrn] [toggle_floors.cpp:237] [0m[1;33mNode for [0m[1;33mPK_01[0m[1;33mwas not found[0m[1;33m[0m
[gazebo-2] [1;33m[GUI] [Wrn] [toggle_floors.cpp:237] [0m[1;33mNode for [0m[1;33mPK_02[0m[1;33mwas not found[0m[1;33m[0m
[gazebo-2] [1;33m[GUI] [Wrn] [toggle_floors.cpp:237] [0m[1;33mNode for [0m[1;33mPK_01[0m[1;33mwas not found[0m[1;33m[0m
[gazebo-2] [1;33m[GUI] [Wrn] [toggle_floors.cpp:237] [0m[1;33mNode for [0m[1;33mPK_02[0m[1;33mwas not found[0m[1;33m[0m
[gazebo-2] [1;33m[GUI] [Wrn] [toggle_floors.cpp:237] [0m[1;33mNode for [0m[1;33mPK_01[0m[1;33mwas not found[0m[1;33m[0m
[gazebo-2] [1;33m[GUI] [Wrn] [toggle_floors.cpp:237] [0m[1;33mNode for [0m[1;33mPK_02[0m[1;33mwas not found[0m[1;33m[0m
[gazebo-2] [1;33m[GUI] [Wrn] [toggle_floors.cpp:237] [0m[1;33mNode for [0m[1;33mPK_01[0m[1;33mwas not found[0m[1;33m[0m
[gazebo-2] [1;33m[GUI] [Wrn] [toggle_floors.cpp:237] [0m[1;33mNode for [0m[1;33mPK_02[0m[1;33mwas not found[0m[1;33m[0m
[gazebo-2] [1;33m[GUI] [Wrn] [toggle_floors.cpp:237] [0m[1;33mNode for [0m[1;33mPK_01[0m[1;33mwas not found[0m[1;33m[0m
[gazebo-2] [1;33m[GUI] [Wrn] [toggle_floors.cpp:237] [0m[1;33mNode for [0m[1;33mPK_02[0m[1;33mwas not found[0m[1;33m[0m
[gazebo-2] [1;33m[GUI] [Wrn] [toggle_floors.cpp:237] [0m[1;33mNode for [0m[1;33mPK_01[0m[1;33mwas not found[0m[1;33m[0m
[gazebo-2] [1;33m[GUI] [Wrn] [toggle_floors.cpp:237] [0m[1;33mNode for [0m[1;33mPK_02[0m[1;33mwas not found[0m[1;33m[0m
[gazebo-2] [1;33m[GUI] [Wrn] [toggle_floors.cpp:237] [0m[1;33mNode for [0m[1;33mPK_01[0m[1;33mwas not found[0m[1;33m[0m
[gazebo-2] [1;33m[GUI] [Wrn] [toggle_floors.cpp:237] [0m[1;33mNode for [0m[1;33mPK_02[0m[1;33mwas not found[0m[1;33m[0m
[gazebo-2] [1;33m[GUI] [Wrn] [toggle_floors.cpp:237] [0m[1;33mNode for [0m[1;33mPK_01[0m[1;33mwas not found[0m[1;33m[0m
[gazebo-2] [1;33m[GUI] [Wrn] [toggle_floors.cpp:237] [0m[1;33mNode for [0m[1;33mPK_02[0m[1;33mwas not found[0m[1;33m[0m
[gazebo-2] [1;33m[GUI] [Wrn] [toggle_floors.cpp:237] [0m[1;33mNode for [0m[1;33mPK_01[0m[1;33mwas not found[0m[1;33m[0m
[gazebo-2] [1;33m[GUI] [Wrn] [toggle_floors.cpp:237] [0m[1;33mNode for [0m[1;33mPK_02[0m[1;33mwas not found[0m[1;33m[0m
[gazebo-2] [1;33m[GUI] [Wrn] [toggle_floors.cpp:237] [0m[1;33mNode for [0m[1;33mPK_01[0m[1;33mwas not found[0m[1;33m[0m
[gazebo-2] [1;33m[GUI] [Wrn] [toggle_floors.cpp:237] [0m[1;33mNode for [0m[1;33mPK_02[0m[1;33mwas not found[0m[1;33m[0m
[gazebo-2] [1;33m[GUI] [Wrn] [toggle_floors.cpp:237] [0m[1;33mNode for [0m[1;33mPK_01[0m[1;33mwas not found[0m[1;33m[0m
[gazebo-2] [1;33m[GUI] [Wrn] [toggle_floors.cpp:237] [0m[1;33mNode for [0m[1;33mPK_02[0m[1;33mwas not found[0m[1;33m[0m
[gazebo-2] [1;33m[GUI] [Wrn] [toggle_floors.cpp:237] [0m[1;33mNode for [0m[1;33mPK_01[0m[1;33mwas not found[0m[1;33m[0m
[gazebo-2] [1;33m[GUI] [Wrn] [toggle_floors.cpp:237] [0m[1;33mNode for [0m[1;33mPK_02[0m[1;33mwas not found[0m[1;33m[0m
[gazebo-2] [1;33m[GUI] [Wrn] [toggle_floors.cpp:237] [0m[1;33mNode for [0m[1;33mPK_01[0m[1;33mwas not found[0m[1;33m[0m
[gazebo-2] [1;33m[GUI] [Wrn] [toggle_floors.cpp:237] [0m[1;33mNode for [0m[1;33mPK_02[0m[1;33mwas not found[0m[1;33m[0m
[gazebo-2] [1;33m[GUI] [Wrn] [toggle_floors.cpp:237] [0m[1;33mNode for [0m[1;33mPK_01[0m[1;33mwas not found[0m[1;33m[0m
[gazebo-2] [1;33m[GUI] [Wrn] [toggle_floors.cpp:237] [0m[1;33mNode for [0m[1;33mPK_02[0m[1;33mwas not found[0m[1;33m[0m
[gazebo-2] [1;33m[GUI] [Wrn] [toggle_floors.cpp:237] [0m[1;33mNode for [0m[1;33mPK_01[0m[1;33mwas not found[0m[1;33m[0m
[gazebo-2] [1;33m[GUI] [Wrn] [toggle_floors.cpp:237] [0m[1;33mNode for [0m[1;33mPK_02[0m[1;33mwas not found[0m[1;33m[0m
[gazebo-2] [1;33m[GUI] [Wrn] [toggle_floors.cpp:237] [0m[1;33mNode for [0m[1;33mPK_01[0m[1;33mwas not found[0m[1;33m[0m
[gazebo-2] [1;33m[GUI] [Wrn] [toggle_floors.cpp:237] [0m[1;33mNode for [0m[1;33mPK_02[0m[1;33mwas not found[0m[1;33m[0m
[gazebo-2] [1;33m[GUI] [Wrn] [toggle_floors.cpp:237] [0m[1;33mNode for [0m[1;33mPK_01[0m[1;33mwas not found[0m[1;33m[0m
[gazebo-2] [1;33m[GUI] [Wrn] [toggle_floors.cpp:237] [0m[1;33mNode for [0m[1;33mPK_02[0m[1;33mwas not found[0m[1;33m[0m
[gazebo-2] [1;33m[GUI] [Wrn] [toggle_floors.cpp:237] [0m[1;33mNode for [0m[1;33mPK_01[0m[1;33mwas not found[0m[1;33m[0m
[gazebo-2] [1;33m[GUI] [Wrn] [toggle_floors.cpp:237] [0m[1;33mNode for [0m[1;33mPK_02[0m[1;33mwas not found[0m[1;33m[0m
[gazebo-2] [1;33m[GUI] [Wrn] [toggle_floors.cpp:237] [0m[1;33mNode for [0m[1;33mPK_01[0m[1;33mwas not found[0m[1;33m[0m
[gazebo-2] [1;33m[GUI] [Wrn] [toggle_floors.cpp:237] [0m[1;33mNode for [0m[1;33mPK_02[0m[1;33mwas not found[0m[1;33m[0m
[gazebo-2] [1;33m[GUI] [Wrn] [toggle_floors.cpp:237] [0m[1;33mNode for [0m[1;33mPK_01[0m[1;33mwas not found[0m[1;33m[0m
[gazebo-2] [1;33m[GUI] [Wrn] [toggle_floors.cpp:237] [0m[1;33mNode for [0m[1;33mPK_02[0m[1;33mwas not found[0m[1;33m[0m
[gazebo-2] [1;33m[GUI] [Wrn] [toggle_floors.cpp:237] [0m[1;33mNode for [0m[1;33mPK_01[0m[1;33mwas not found[0m[1;33m[0m
[gazebo-2] [1;33m[GUI] [Wrn] [toggle_floors.cpp:237] [0m[1;33mNode for [0m[1;33mPK_02[0m[1;33mwas not found[0m[1;33m[0m
[gazebo-2] [1;33m[GUI] [Wrn] [toggle_floors.cpp:237] [0m[1;33mNode for [0m[1;33mPK_01[0m[1;33mwas not found[0m[1;33m[0m
[gazebo-2] [1;33m[GUI] [Wrn] [toggle_floors.cpp:237] [0m[1;33mNode for [0m[1;33mPK_02[0m[1;33mwas not found[0m[1;33m[0m
[gazebo-2] [1;33m[GUI] [Wrn] [toggle_floors.cpp:237] [0m[1;33mNode for [0m[1;33mPK_01[0m[1;33mwas not found[0m[1;33m[0m
[gazebo-2] [1;33m[GUI] [Wrn] [toggle_floors.cpp:237] [0m[1;33mNode for [0m[1;33mPK_02[0m[1;33mwas not found[0m[1;33m[0m
[gazebo-2] [1;33m[GUI] [Wrn] [toggle_floors.cpp:237] [0m[1;33mNode for [0m[1;33mPK_01[0m[1;33mwas not found[0m[1;33m[0m
[gazebo-2] [1;33m[GUI] [Wrn] [toggle_floors.cpp:237] [0m[1;33mNode for [0m[1;33mPK_02[0m[1;33mwas not found[0m[1;33m[0m
[gazebo-2] [1;33m[GUI] [Wrn] [toggle_floors.cpp:237] [0m[1;33mNode for [0m[1;33mPK_01[0m[1;33mwas not found[0m[1;33m[0m
[gazebo-2] [1;33m[GUI] [Wrn] [toggle_floors.cpp:237] [0m[1;33mNode for [0m[1;33mPK_02[0m[1;33mwas not found[0m[1;33m[0m
[gazebo-2] [1;33m[GUI] [Wrn] [toggle_floors.cpp:237] [0m[1;33mNode for [0m[1;33mPK_01[0m[1;33mwas not found[0m[1;33m[0m
[gazebo-2] [1;33m[GUI] [Wrn] [toggle_floors.cpp:237] [0m[1;33mNode for [0m[1;33mPK_02[0m[1;33mwas not found[0m[1;33m[0m
[gazebo-2] [1;33m[GUI] [Wrn] [toggle_floors.cpp:237] [0m[1;33mNode for [0m[1;33mPK_01[0m[1;33mwas not found[0m[1;33m[0m
[gazebo-2] [1;33m[GUI] [Wrn] [toggle_floors.cpp:237] [0m[1;33mNode for [0m[1;33mPK_02[0m[1;33mwas not found[0m[1;33m[0m
[gazebo-2] [1;33m[GUI] [Wrn] [toggle_floors.cpp:237] [0m[1;33mNode for [0m[1;33mPK_01[0m[1;33mwas not found[0m[1;33m[0m
[gazebo-2] [1;33m[GUI] [Wrn] [toggle_floors.cpp:237] [0m[1;33mNode for [0m[1;33mPK_02[0m[1;33mwas not found[0m[1;33m[0m
[gazebo-2] [1;33m[GUI] [Wrn] [toggle_floors.cpp:237] [0m[1;33mNode for [0m[1;33mPK_01[0m[1;33mwas not found[0m[1;33m[0m
[gazebo-2] [1;33m[GUI] [Wrn] [toggle_floors.cpp:237] [0m[1;33mNode for [0m[1;33mPK_02[0m[1;33mwas not found[0m[1;33m[0m
[gazebo-2] [1;33m[GUI] [Wrn] [toggle_floors.cpp:237] [0m[1;33mNode for [0m[1;33mPK_01[0m[1;33mwas not found[0m[1;33m[0m
[gazebo-2] [1;33m[GUI] [Wrn] [toggle_floors.cpp:237] [0m[1;33mNode for [0m[1;33mPK_02[0m[1;33mwas not found[0m[1;33m[0m
[gazebo-2] [1;33m[GUI] [Wrn] [toggle_floors.cpp:237] [0m[1;33mNode for [0m[1;33mPK_01[0m[1;33mwas not found[0m[1;33m[0m
[gazebo-2] [1;33m[GUI] [Wrn] [toggle_floors.cpp:237] [0m[1;33mNode for [0m[1;33mPK_02[0m[1;33mwas not found[0m[1;33m[0m
[gazebo-2] [1;33m[GUI] [Wrn] [toggle_floors.cpp:237] [0m[1;33mNode for [0m[1;33mPK_01[0m[1;33mwas not found[0m[1;33m[0m
[gazebo-2] [1;33m[GUI] [Wrn] [toggle_floors.cpp:237] [0m[1;33mNode for [0m[1;33mPK_02[0m[1;33mwas not found[0m[1;33m[0m
[gazebo-2] [1;33m[GUI] [Wrn] [toggle_floors.cpp:237] [0m[1;33mNode for [0m[1;33mPK_01[0m[1;33mwas not found[0m[1;33m[0m
[gazebo-2] [1;33m[GUI] [Wrn] [toggle_floors.cpp:237] [0m[1;33mNode for [0m[1;33mPK_02[0m[1;33mwas not found[0m[1;33m[0m
[gazebo-2] [1;33m[GUI] [Wrn] [toggle_floors.cpp:237] [0m[1;33mNode for [0m[1;33mPK_01[0m[1;33mwas not found[0m[1;33m[0m
[gazebo-2] [1;33m[GUI] [Wrn] [toggle_floors.cpp:237] [0m[1;33mNode for [0m[1;33mPK_02[0m[1;33mwas not found[0m[1;33m[0m
[gazebo-2] [1;33m[GUI] [Wrn] [toggle_floors.cpp:237] [0m[1;33mNode for [0m[1;33mPK_01[0m[1;33mwas not found[0m[1;33m[0m
[gazebo-2] [1;33m[GUI] [Wrn] [toggle_floors.cpp:237] [0m[1;33mNode for [0m[1;33mPK_02[0m[1;33mwas not found[0m[1;33m[0m
[gazebo-2] [1;33m[GUI] [Wrn] [toggle_floors.cpp:237] [0m[1;33mNode for [0m[1;33mPK_01[0m[1;33mwas not found[0m[1;33m[0m
[gazebo-2] [1;33m[GUI] [Wrn] [toggle_floors.cpp:237] [0m[1;33mNode for [0m[1;33mPK_02[0m[1;33mwas not found[0m[1;33m[0m
[gazebo-2] [1;33m[GUI] [Wrn] [toggle_floors.cpp:237] [0m[1;33mNode for [0m[1;33mPK_01[0m[1;33mwas not found[0m[1;33m[0m
[gazebo-2] [1;33m[GUI] [Wrn] [toggle_floors.cpp:237] [0m[1;33mNode for [0m[1;33mPK_02[0m[1;33mwas not found[0m[1;33m[0m
[gazebo-2] [1;33m[GUI] [Wrn] [toggle_floors.cpp:237] [0m[1;33mNode for [0m[1;33mPK_01[0m[1;33mwas not found[0m[1;33m[0m
[gazebo-2] [1;33m[GUI] [Wrn] [toggle_floors.cpp:237] [0m[1;33mNode for [0m[1;33mPK_02[0m[1;33mwas not found[0m[1;33m[0m
[gazebo-2] [1;33m[GUI] [Wrn] [toggle_floors.cpp:237] [0m[1;33mNode for [0m[1;33mPK_01[0m[1;33mwas not found[0m[1;33m[0m
[gazebo-2] [1;33m[GUI] [Wrn] [toggle_floors.cpp:237] [0m[1;33mNode for [0m[1;33mPK_02[0m[1;33mwas not found[0m[1;33m[0m
[gazebo-2] [1;33m[GUI] [Wrn] [toggle_floors.cpp:237] [0m[1;33mNode for [0m[1;33mPK_01[0m[1;33mwas not found[0m[1;33m[0m
[gazebo-2] [1;33m[GUI] [Wrn] [toggle_floors.cpp:237] [0m[1;33mNode for [0m[1;33mPK_02[0m[1;33mwas not found[0m[1;33m[0m
[gazebo-2] [1;33m[GUI] [Wrn] [toggle_floors.cpp:237] [0m[1;33mNode for [0m[1;33mPK_01[0m[1;33mwas not found[0m[1;33m[0m
[gazebo-2] [1;33m[GUI] [Wrn] [toggle_floors.cpp:237] [0m[1;33mNode for [0m[1;33mPK_02[0m[1;33mwas not found[0m[1;33m[0m
[gazebo-2] [1;33m[GUI] [Wrn] [toggle_floors.cpp:237] [0m[1;33mNode for [0m[1;33mPK_01[0m[1;33mwas not found[0m[1;33m[0m
[gazebo-2] [1;33m[GUI] [Wrn] [toggle_floors.cpp:237] [0m[1;33mNode for [0m[1;33mPK_02[0m[1;33mwas not found[0m[1;33m[0m
[gazebo-2] [1;33m[GUI] [Wrn] [toggle_floors.cpp:237] [0m[1;33mNode for [0m[1;33mPK_01[0m[1;33mwas not found[0m[1;33m[0m
[gazebo-2] [1;33m[GUI] [Wrn] [toggle_floors.cpp:237] [0m[1;33mNode for [0m[1;33mPK_02[0m[1;33mwas not found[0m[1;33m[0m
[gazebo-2] [1;33m[GUI] [Wrn] [toggle_floors.cpp:237] [0m[1;33mNode for [0m[1;33mPK_01[0m[1;33mwas not found[0m[1;33m[0m
[gazebo-2] [1;33m[GUI] [Wrn] [toggle_floors.cpp:237] [0m[1;33mNode for [0m[1;33mPK_02[0m[1;33mwas not found[0m[1;33m[0m
[gazebo-2] [1;33m[GUI] [Wrn] [toggle_floors.cpp:237] [0m[1;33mNode for [0m[1;33mPK_01[0m[1;33mwas not found[0m[1;33m[0m
[gazebo-2] [1;33m[GUI] [Wrn] [toggle_floors.cpp:237] [0m[1;33mNode for [0m[1;33mPK_02[0m[1;33mwas not found[0m[1;33m[0m
[gazebo-2] [1;33m[GUI] [Wrn] [toggle_floors.cpp:237] [0m[1;33mNode for [0m[1;33mPK_01[0m[1;33mwas not found[0m[1;33m[0m
[gazebo-2] [1;33m[GUI] [Wrn] [toggle_floors.cpp:237] [0m[1;33mNode for [0m[1;33mPK_02[0m[1;33mwas not found[0m[1;33m[0m
[gazebo-2] [1;33m[GUI] [Wrn] [toggle_floors.cpp:237] [0m[1;33mNode for [0m[1;33mPK_01[0m[1;33mwas not found[0m[1;33m[0m
[gazebo-2] [1;33m[GUI] [Wrn] [toggle_floors.cpp:237] [0m[1;33mNode for [0m[1;33mPK_02[0m[1;33mwas not found[0m[1;33m[0m
[gazebo-2] [1;33m[GUI] [Wrn] [toggle_floors.cpp:237] [0m[1;33mNode for [0m[1;33mPK_01[0m[1;33mwas not found[0m[1;33m[0m
[gazebo-2] [1;33m[GUI] [Wrn] [toggle_floors.cpp:237] [0m[1;33mNode for [0m[1;33mPK_02[0m[1;33mwas not found[0m[1;33m[0m
[gazebo-2] [1;33m[GUI] [Wrn] [toggle_floors.cpp:237] [0m[1;33mNode for [0m[1;33mPK_01[0m[1;33mwas not found[0m[1;33m[0m
[gazebo-2] [1;33m[GUI] [Wrn] [toggle_floors.cpp:237] [0m[1;33mNode for [0m[1;33mPK_02[0m[1;33mwas not found[0m[1;33m[0m
[gazebo-2] [1;33m[GUI] [Wrn] [toggle_floors.cpp:237] [0m[1;33mNode for [0m[1;33mPK_01[0m[1;33mwas not found[0m[1;33m[0m
[gazebo-2] [1;33m[GUI] [Wrn] [toggle_floors.cpp:237] [0m[1;33mNode for [0m[1;33mPK_02[0m[1;33mwas not found[0m[1;33m[0m
[gazebo-2] [1;33m[GUI] [Wrn] [toggle_floors.cpp:237] [0m[1;33mNode for [0m[1;33mPK_01[0m[1;33mwas not found[0m[1;33m[0m
[gazebo-2] [1;33m[GUI] [Wrn] [toggle_floors.cpp:237] [0m[1;33mNode for [0m[1;33mPK_02[0m[1;33mwas not found[0m[1;33m[0m
[gazebo-2] [1;33m[GUI] [Wrn] [toggle_floors.cpp:237] [0m[1;33mNode for [0m[1;33mPK_01[0m[1;33mwas not found[0m[1;33m[0m
[gazebo-2] [1;33m[GUI] [Wrn] [toggle_floors.cpp:237] [0m[1;33mNode for [0m[1;33mPK_02[0m[1;33mwas not found[0m[1;33m[0m
[gazebo-2] [1;33m[GUI] [Wrn] [toggle_floors.cpp:237] [0m[1;33mNode for [0m[1;33mPK_01[0m[1;33mwas not found[0m[1;33m[0m
[gazebo-2] [1;33m[GUI] [Wrn] [toggle_floors.cpp:237] [0m[1;33mNode for [0m[1;33mPK_02[0m[1;33mwas not found[0m[1;33m[0m
[gazebo-2] [1;33m[GUI] [Wrn] [toggle_floors.cpp:237] [0m[1;33mNode for [0m[1;33mPK_01[0m[1;33mwas not found[0m[1;33m[0m
[gazebo-2] [1;33m[GUI] [Wrn] [toggle_floors.cpp:237] [0m[1;33mNode for [0m[1;33mPK_02[0m[1;33mwas not found[0m[1;33m[0m
[gazebo-2] [1;33m[GUI] [Wrn] [toggle_floors.cpp:237] [0m[1;33mNode for [0m[1;33mPK_01[0m[1;33mwas not found[0m[1;33m[0m
[gazebo-2] [1;33m[GUI] [Wrn] [toggle_floors.cpp:237] [0m[1;33mNode for [0m[1;33mPK_02[0m[1;33mwas not found[0m[1;33m[0m
[gazebo-2] [1;33m[GUI] [Wrn] [toggle_floors.cpp:237] [0m[1;33mNode for [0m[1;33mPK_01[0m[1;33mwas not found[0m[1;33m[0m
[gazebo-2] [1;33m[GUI] [Wrn] [toggle_floors.cpp:237] [0m[1;33mNode for [0m[1;33mPK_02[0m[1;33mwas not found[0m[1;33m[0m
[gazebo-2] [1;33m[GUI] [Wrn] [toggle_floors.cpp:237] [0m[1;33mNode for [0m[1;33mPK_01[0m[1;33mwas not found[0m[1;33m[0m
[gazebo-2] [1;33m[GUI] [Wrn] [toggle_floors.cpp:237] [0m[1;33mNode for [0m[1;33mPK_02[0m[1;33mwas not found[0m[1;33m[0m
[gazebo-2] [1;33m[GUI] [Wrn] [toggle_floors.cpp:237] [0m[1;33mNode for [0m[1;33mPK_01[0m[1;33mwas not found[0m[1;33m[0m
[gazebo-2] [1;33m[GUI] [Wrn] [toggle_floors.cpp:237] [0m[1;33mNode for [0m[1;33mPK_02[0m[1;33mwas not found[0m[1;33m[0m
[gazebo-2] [1;33m[GUI] [Wrn] [toggle_floors.cpp:237] [0m[1;33mNode for [0m[1;33mPK_01[0m[1;33mwas not found[0m[1;33m[0m
[gazebo-2] [1;33m[GUI] [Wrn] [toggle_floors.cpp:237] [0m[1;33mNode for [0m[1;33mPK_02[0m[1;33mwas not found[0m[1;33m[0m
[gazebo-2] [1;33m[GUI] [Wrn] [toggle_floors.cpp:237] [0m[1;33mNode for [0m[1;33mPK_01[0m[1;33mwas not found[0m[1;33m[0m
[gazebo-2] [1;33m[GUI] [Wrn] [toggle_floors.cpp:237] [0m[1;33mNode for [0m[1;33mPK_02[0m[1;33mwas not found[0m[1;33m[0m
[gazebo-2] [1;33m[GUI] [Wrn] [toggle_floors.cpp:237] [0m[1;33mNode for [0m[1;33mPK_01[0m[1;33mwas not found[0m[1;33m[0m
[gazebo-2] [1;33m[GUI] [Wrn] [toggle_floors.cpp:237] [0m[1;33mNode for [0m[1;33mPK_02[0m[1;33mwas not found[0m[1;33m[0m
[gazebo-2] [1;33m[GUI] [Wrn] [toggle_floors.cpp:237] [0m[1;33mNode for [0m[1;33mPK_01[0m[1;33mwas not found[0m[1;33m[0m
[gazebo-2] [1;33m[GUI] [Wrn] [toggle_floors.cpp:237] [0m[1;33mNode for [0m[1;33mPK_02[0m[1;33mwas not found[0m[1;33m[0m
[gazebo-2] [1;33m[GUI] [Wrn] [toggle_floors.cpp:237] [0m[1;33mNode for [0m[1;33mPK_01[0m[1;33mwas not found[0m[1;33m[0m
[gazebo-2] [1;33m[GUI] [Wrn] [toggle_floors.cpp:237] [0m[1;33mNode for [0m[1;33mPK_02[0m[1;33mwas not found[0m[1;33m[0m
[gazebo-2] [1;33m[GUI] [Wrn] [toggle_floors.cpp:237] [0m[1;33mNode for [0m[1;33mPK_01[0m[1;33mwas not found[0m[1;33m[0m
[gazebo-2] [1;33m[GUI] [Wrn] [toggle_floors.cpp:237] [0m[1;33mNode for [0m[1;33mPK_02[0m[1;33mwas not found[0m[1;33m[0m
[gazebo-2] [1;33m[GUI] [Wrn] [toggle_floors.cpp:237] [0m[1;33mNode for [0m[1;33mPK_01[0m[1;33mwas not found[0m[1;33m[0m
[gazebo-2] [1;33m[GUI] [Wrn] [toggle_floors.cpp:237] [0m[1;33mNode for [0m[1;33mPK_02[0m[1;33mwas not found[0m[1;33m[0m
[gazebo-2] [1;33m[GUI] [Wrn] [toggle_floors.cpp:237] [0m[1;33mNode for [0m[1;33mPK_01[0m[1;33mwas not found[0m[1;33m[0m
[gazebo-2] [1;33m[GUI] [Wrn] [toggle_floors.cpp:237] [0m[1;33mNode for [0m[1;33mPK_02[0m[1;33mwas not found[0m[1;33m[0m
[gazebo-2] [1;33m[GUI] [Wrn] [toggle_floors.cpp:237] [0m[1;33mNode for [0m[1;33mPK_01[0m[1;33mwas not found[0m[1;33m[0m
[gazebo-2] [1;33m[GUI] [Wrn] [toggle_floors.cpp:237] [0m[1;33mNode for [0m[1;33mPK_02[0m[1;33mwas not found[0m[1;33m[0m
[gazebo-2] [1;33m[GUI] [Wrn] [toggle_floors.cpp:237] [0m[1;33mNode for [0m[1;33mPK_01[0m[1;33mwas not found[0m[1;33m[0m
[gazebo-2] [1;33m[GUI] [Wrn] [toggle_floors.cpp:237] [0m[1;33mNode for [0m[1;33mPK_02[0m[1;33mwas not found[0m[1;33m[0m
[gazebo-2] [1;33m[GUI] [Wrn] [toggle_floors.cpp:237] [0m[1;33mNode for [0m[1;33mPK_01[0m[1;33mwas not found[0m[1;33m[0m
[gazebo-2] [1;33m[GUI] [Wrn] [toggle_floors.cpp:237] [0m[1;33mNode for [0m[1;33mPK_02[0m[1;33mwas not found[0m[1;33m[0m
[gazebo-2] [1;33m[GUI] [Wrn] [toggle_floors.cpp:237] [0m[1;33mNode for [0m[1;33mPK_01[0m[1;33mwas not found[0m[1;33m[0m
[gazebo-2] [1;33m[GUI] [Wrn] [toggle_floors.cpp:237] [0m[1;33mNode for [0m[1;33mPK_02[0m[1;33mwas not found[0m[1;33m[0m
[gazebo-2] [1;33m[GUI] [Wrn] [toggle_floors.cpp:237] [0m[1;33mNode for [0m[1;33mPK_01[0m[1;33mwas not found[0m[1;33m[0m
[gazebo-2] [1;33m[GUI] [Wrn] [toggle_floors.cpp:237] [0m[1;33mNode for [0m[1;33mPK_02[0m[1;33mwas not found[0m[1;33m[0m
[gazebo-2] [1;33m[GUI] [Wrn] [toggle_floors.cpp:237] [0m[1;33mNode for [0m[1;33mPK_01[0m[1;33mwas not found[0m[1;33m[0m
[gazebo-2] [1;33m[GUI] [Wrn] [toggle_floors.cpp:237] [0m[1;33mNode for [0m[1;33mPK_02[0m[1;33mwas not found[0m[1;33m[0m
[gazebo-2] [1;33m[GUI] [Wrn] [toggle_floors.cpp:237] [0m[1;33mNode for [0m[1;33mPK_01[0m[1;33mwas not found[0m[1;33m[0m
[gazebo-2] [1;33m[GUI] [Wrn] [toggle_floors.cpp:237] [0m[1;33mNode for [0m[1;33mPK_02[0m[1;33mwas not found[0m[1;33m[0m
[gazebo-2] [1;33m[GUI] [Wrn] [toggle_floors.cpp:237] [0m[1;33mNode for [0m[1;33mPK_01[0m[1;33mwas not found[0m[1;33m[0m
[gazebo-2] [1;33m[GUI] [Wrn] [toggle_floors.cpp:237] [0m[1;33mNode for [0m[1;33mPK_02[0m[1;33mwas not found[0m[1;33m[0m
[gazebo-2] [1;33m[GUI] [Wrn] [toggle_floors.cpp:237] [0m[1;33mNode for [0m[1;33mPK_01[0m[1;33mwas not found[0m[1;33m[0m
[gazebo-2] [1;33m[GUI] [Wrn] [toggle_floors.cpp:237] [0m[1;33mNode for [0m[1;33mPK_02[0m[1;33mwas not found[0m[1;33m[0m
[gazebo-2] [1;33m[GUI] [Wrn] [toggle_floors.cpp:237] [0m[1;33mNode for [0m[1;33mPK_01[0m[1;33mwas not found[0m[1;33m[0m
[gazebo-2] [1;33m[GUI] [Wrn] [toggle_floors.cpp:237] [0m[1;33mNode for [0m[1;33mPK_02[0m[1;33mwas not found[0m[1;33m[0m
[gazebo-2] [1;33m[GUI] [Wrn] [toggle_floors.cpp:237] [0m[1;33mNode for [0m[1;33mPK_01[0m[1;33mwas not found[0m[1;33m[0m
[gazebo-2] [1;33m[GUI] [Wrn] [toggle_floors.cpp:237] [0m[1;33mNode for [0m[1;33mPK_02[0m[1;33mwas not found[0m[1;33m[0m
[gazebo-2] [1;33m[GUI] [Wrn] [toggle_floors.cpp:237] [0m[1;33mNode for [0m[1;33mPK_01[0m[1;33mwas not found[0m[1;33m[0m
[gazebo-2] [1;33m[GUI] [Wrn] [toggle_floors.cpp:237] [0m[1;33mNode for [0m[1;33mPK_02[0m[1;33mwas not found[0m[1;33m[0m
[gazebo-2] [1;33m[GUI] [Wrn] [toggle_floors.cpp:237] [0m[1;33mNode for [0m[1;33mPK_01[0m[1;33mwas not found[0m[1;33m[0m
[gazebo-2] [1;33m[GUI] [Wrn] [toggle_floors.cpp:237] [0m[1;33mNode for [0m[1;33mPK_02[0m[1;33mwas not found[0m[1;33m[0m
[gazebo-2] [1;33m[GUI] [Wrn] [toggle_floors.cpp:237] [0m[1;33mNode for [0m[1;33mPK_01[0m[1;33mwas not found[0m[1;33m[0m
[gazebo-2] [1;33m[GUI] [Wrn] [toggle_floors.cpp:237] [0m[1;33mNode for [0m[1;33mPK_02[0m[1;33mwas not found[0m[1;33m[0m
[gazebo-2] [1;33m[GUI] [Wrn] [toggle_floors.cpp:237] [0m[1;33mNode for [0m[1;33mPK_01[0m[1;33mwas not found[0m[1;33m[0m
[gazebo-2] [1;33m[GUI] [Wrn] [toggle_floors.cpp:237] [0m[1;33mNode for [0m[1;33mPK_02[0m[1;33mwas not found[0m[1;33m[0m
[gazebo-2] [1;33m[GUI] [Wrn] [toggle_floors.cpp:237] [0m[1;33mNode for [0m[1;33mPK_01[0m[1;33mwas not found[0m[1;33m[0m
[gazebo-2] [1;33m[GUI] [Wrn] [toggle_floors.cpp:237] [0m[1;33mNode for [0m[1;33mPK_02[0m[1;33mwas not found[0m[1;33m[0m
[gazebo-2] [1;33m[GUI] [Wrn] [toggle_floors.cpp:237] [0m[1;33mNode for [0m[1;33mPK_01[0m[1;33mwas not found[0m[1;33m[0m
[gazebo-2] [1;33m[GUI] [Wrn] [toggle_floors.cpp:237] [0m[1;33mNode for [0m[1;33mPK_02[0m[1;33mwas not found[0m[1;33m[0m
[gazebo-2] [1;33m[GUI] [Wrn] [toggle_floors.cpp:237] [0m[1;33mNode for [0m[1;33mPK_01[0m[1;33mwas not found[0m[1;33m[0m
[gazebo-2] [1;33m[GUI] [Wrn] [toggle_floors.cpp:237] [0m[1;33mNode for [0m[1;33mPK_02[0m[1;33mwas not found[0m[1;33m[0m
[gazebo-2] [1;33m[GUI] [Wrn] [toggle_floors.cpp:237] [0m[1;33mNode for [0m[1;33mPK_01[0m[1;33mwas not found[0m[1;33m[0m
[gazebo-2] [1;33m[GUI] [Wrn] [toggle_floors.cpp:237] [0m[1;33mNode for [0m[1;33mPK_02[0m[1;33mwas not found[0m[1;33m[0m
[gazebo-2] [1;33m[GUI] [Wrn] [toggle_floors.cpp:237] [0m[1;33mNode for [0m[1;33mPK_01[0m[1;33mwas not found[0m[1;33m[0m
[gazebo-2] [1;33m[GUI] [Wrn] [toggle_floors.cpp:237] [0m[1;33mNode for [0m[1;33mPK_02[0m[1;33mwas not found[0m[1;33m[0m
[gazebo-2] [1;33m[GUI] [Wrn] [toggle_floors.cpp:237] [0m[1;33mNode for [0m[1;33mPK_01[0m[1;33mwas not found[0m[1;33m[0m
[gazebo-2] [1;33m[GUI] [Wrn] [toggle_floors.cpp:237] [0m[1;33mNode for [0m[1;33mPK_02[0m[1;33mwas not found[0m[1;33m[0m
[gazebo-2] [1;33m[GUI] [Wrn] [toggle_floors.cpp:237] [0m[1;33mNode for [0m[1;33mPK_01[0m[1;33mwas not found[0m[1;33m[0m
[gazebo-2] [1;33m[GUI] [Wrn] [toggle_floors.cpp:237] [0m[1;33mNode for [0m[1;33mPK_02[0m[1;33mwas not found[0m[1;33m[0m
[gazebo-2] [1;33m[GUI] [Wrn] [toggle_floors.cpp:237] [0m[1;33mNode for [0m[1;33mPK_01[0m[1;33mwas not found[0m[1;33m[0m
[gazebo-2] [1;33m[GUI] [Wrn] [toggle_floors.cpp:237] [0m[1;33mNode for [0m[1;33mPK_02[0m[1;33mwas not found[0m[1;33m[0m
[gazebo-2] [1;33m[GUI] [Wrn] [toggle_floors.cpp:237] [0m[1;33mNode for [0m[1;33mPK_01[0m[1;33mwas not found[0m[1;33m[0m
[gazebo-2] [1;33m[GUI] [Wrn] [toggle_floors.cpp:237] [0m[1;33mNode for [0m[1;33mPK_02[0m[1;33mwas not found[0m[1;33m[0m
[gazebo-2] [1;33m[GUI] [Wrn] [toggle_floors.cpp:237] [0m[1;33mNode for [0m[1;33mPK_01[0m[1;33mwas not found[0m[1;33m[0m
[gazebo-2] [1;33m[GUI] [Wrn] [toggle_floors.cpp:237] [0m[1;33mNode for [0m[1;33mPK_02[0m[1;33mwas not found[0m[1;33m[0m
[gazebo-2] [1;33m[GUI] [Wrn] [toggle_floors.cpp:237] [0m[1;33mNode for [0m[1;33mPK_01[0m[1;33mwas not found[0m[1;33m[0m
[gazebo-2] [1;33m[GUI] [Wrn] [toggle_floors.cpp:237] [0m[1;33mNode for [0m[1;33mPK_02[0m[1;33mwas not found[0m[1;33m[0m
[gazebo-2] [1;33m[GUI] [Wrn] [toggle_floors.cpp:237] [0m[1;33mNode for [0m[1;33mPK_01[0m[1;33mwas not found[0m[1;33m[0m
[gazebo-2] [1;33m[GUI] [Wrn] [toggle_floors.cpp:237] [0m[1;33mNode for [0m[1;33mPK_02[0m[1;33mwas not found[0m[1;33m[0m
[gazebo-2] [1;33m[GUI] [Wrn] [toggle_floors.cpp:237] [0m[1;33mNode for [0m[1;33mPK_01[0m[1;33mwas not found[0m[1;33m[0m
[gazebo-2] [1;33m[GUI] [Wrn] [toggle_floors.cpp:237] [0m[1;33mNode for [0m[1;33mPK_02[0m[1;33mwas not found[0m[1;33m[0m
[gazebo-2] [1;33m[GUI] [Wrn] [toggle_floors.cpp:237] [0m[1;33mNode for [0m[1;33mPK_01[0m[1;33mwas not found[0m[1;33m[0m
[gazebo-2] [1;33m[GUI] [Wrn] [toggle_floors.cpp:237] [0m[1;33mNode for [0m[1;33mPK_02[0m[1;33mwas not found[0m[1;33m[0m
[gazebo-2] [1;33m[GUI] [Wrn] [toggle_floors.cpp:237] [0m[1;33mNode for [0m[1;33mPK_01[0m[1;33mwas not found[0m[1;33m[0m
[gazebo-2] [1;33m[GUI] [Wrn] [toggle_floors.cpp:237] [0m[1;33mNode for [0m[1;33mPK_02[0m[1;33mwas not found[0m[1;33m[0m
[gazebo-2] [1;33m[GUI] [Wrn] [toggle_floors.cpp:237] [0m[1;33mNode for [0m[1;33mPK_01[0m[1;33mwas not found[0m[1;33m[0m
[gazebo-2] [1;33m[GUI] [Wrn] [toggle_floors.cpp:237] [0m[1;33mNode for [0m[1;33mPK_02[0m[1;33mwas not found[0m[1;33m[0m
[gazebo-2] [1;33m[GUI] [Wrn] [toggle_floors.cpp:237] [0m[1;33mNode for [0m[1;33mPK_01[0m[1;33mwas not found[0m[1;33m[0m
[gazebo-2] [1;33m[GUI] [Wrn] [toggle_floors.cpp:237] [0m[1;33mNode for [0m[1;33mPK_02[0m[1;33mwas not found[0m[1;33m[0m
[gazebo-2] [1;33m[GUI] [Wrn] [toggle_floors.cpp:237] [0m[1;33mNode for [0m[1;33mPK_01[0m[1;33mwas not found[0m[1;33m[0m
[gazebo-2] [1;33m[GUI] [Wrn] [toggle_floors.cpp:237] [0m[1;33mNode for [0m[1;33mPK_02[0m[1;33mwas not found[0m[1;33m[0m
[gazebo-2] [1;33m[GUI] [Wrn] [toggle_floors.cpp:237] [0m[1;33mNode for [0m[1;33mPK_01[0m[1;33mwas not found[0m[1;33m[0m
[gazebo-2] [1;33m[GUI] [Wrn] [toggle_floors.cpp:237] [0m[1;33mNode for [0m[1;33mPK_02[0m[1;33mwas not found[0m[1;33m[0m
[gazebo-2] [1;33m[GUI] [Wrn] [toggle_floors.cpp:237] [0m[1;33mNode for [0m[1;33mPK_01[0m[1;33mwas not found[0m[1;33m[0m
[gazebo-2] [1;33m[GUI] [Wrn] [toggle_floors.cpp:237] [0m[1;33mNode for [0m[1;33mPK_02[0m[1;33mwas not found[0m[1;33m[0m
[gazebo-2] [1;33m[GUI] [Wrn] [toggle_floors.cpp:237] [0m[1;33mNode for [0m[1;33mPK_01[0m[1;33mwas not found[0m[1;33m[0m
[gazebo-2] [1;33m[GUI] [Wrn] [toggle_floors.cpp:237] [0m[1;33mNode for [0m[1;33mPK_02[0m[1;33mwas not found[0m[1;33m[0m
[gazebo-2] [1;33m[GUI] [Wrn] [toggle_floors.cpp:237] [0m[1;33mNode for [0m[1;33mPK_01[0m[1;33mwas not found[0m[1;33m[0m
[gazebo-2] [1;33m[GUI] [Wrn] [toggle_floors.cpp:237] [0m[1;33mNode for [0m[1;33mPK_02[0m[1;33mwas not found[0m[1;33m[0m
[gazebo-2] [1;33m[GUI] [Wrn] [toggle_floors.cpp:237] [0m[1;33mNode for [0m[1;33mPK_01[0m[1;33mwas not found[0m[1;33m[0m
[gazebo-2] [1;33m[GUI] [Wrn] [toggle_floors.cpp:237] [0m[1;33mNode for [0m[1;33mPK_02[0m[1;33mwas not found[0m[1;33m[0m
[gazebo-2] [1;33m[GUI] [Wrn] [toggle_floors.cpp:237] [0m[1;33mNode for [0m[1;33mPK_01[0m[1;33mwas not found[0m[1;33m[0m
[gazebo-2] [1;33m[GUI] [Wrn] [toggle_floors.cpp:237] [0m[1;33mNode for [0m[1;33mPK_02[0m[1;33mwas not found[0m[1;33m[0m
[gazebo-2] [1;33m[GUI] [Wrn] [toggle_floors.cpp:237] [0m[1;33mNode for [0m[1;33mPK_01[0m[1;33mwas not found[0m[1;33m[0m
[gazebo-2] [1;33m[GUI] [Wrn] [toggle_floors.cpp:237] [0m[1;33mNode for [0m[1;33mPK_02[0m[1;33mwas not found[0m[1;33m[0m
[gazebo-2] [1;33m[GUI] [Wrn] [toggle_floors.cpp:237] [0m[1;33mNode for [0m[1;33mPK_01[0m[1;33mwas not found[0m[1;33m[0m
[gazebo-2] [1;33m[GUI] [Wrn] [toggle_floors.cpp:237] [0m[1;33mNode for [0m[1;33mPK_02[0m[1;33mwas not found[0m[1;33m[0m
[gazebo-2] [1;33m[GUI] [Wrn] [toggle_floors.cpp:237] [0m[1;33mNode for [0m[1;33mPK_01[0m[1;33mwas not found[0m[1;33m[0m
[gazebo-2] [1;33m[GUI] [Wrn] [toggle_floors.cpp:237] [0m[1;33mNode for [0m[1;33mPK_02[0m[1;33mwas not found[0m[1;33m[0m
[gazebo-2] [1;33m[GUI] [Wrn] [toggle_floors.cpp:237] [0m[1;33mNode for [0m[1;33mPK_01[0m[1;33mwas not found[0m[1;33m[0m
[gazebo-2] [1;33m[GUI] [Wrn] [toggle_floors.cpp:237] [0m[1;33mNode for [0m[1;33mPK_02[0m[1;33mwas not found[0m[1;33m[0m
[gazebo-2] [1;33m[GUI] [Wrn] [toggle_floors.cpp:237] [0m[1;33mNode for [0m[1;33mPK_01[0m[1;33mwas not found[0m[1;33m[0m
[gazebo-2] [1;33m[GUI] [Wrn] [toggle_floors.cpp:237] [0m[1;33mNode for [0m[1;33mPK_02[0m[1;33mwas not found[0m[1;33m[0m
[gazebo-2] [1;33m[GUI] [Wrn] [toggle_floors.cpp:237] [0m[1;33mNode for [0m[1;33mPK_01[0m[1;33mwas not found[0m[1;33m[0m
[gazebo-2] [1;33m[GUI] [Wrn] [toggle_floors.cpp:237] [0m[1;33mNode for [0m[1;33mPK_02[0m[1;33mwas not found[0m[1;33m[0m
[gazebo-2] [1;33m[GUI] [Wrn] [toggle_floors.cpp:237] [0m[1;33mNode for [0m[1;33mPK_01[0m[1;33mwas not found[0m[1;33m[0m
[gazebo-2] [1;33m[GUI] [Wrn] [toggle_floors.cpp:237] [0m[1;33mNode for [0m[1;33mPK_02[0m[1;33mwas not found[0m[1;33m[0m
[gazebo-2] [1;33m[GUI] [Wrn] [toggle_floors.cpp:237] [0m[1;33mNode for [0m[1;33mPK_01[0m[1;33mwas not found[0m[1;33m[0m
[gazebo-2] [1;33m[GUI] [Wrn] [toggle_floors.cpp:237] [0m[1;33mNode for [0m[1;33mPK_02[0m[1;33mwas not found[0m[1;33m[0m
[gazebo-2] [1;33m[GUI] [Wrn] [toggle_floors.cpp:237] [0m[1;33mNode for [0m[1;33mPK_01[0m[1;33mwas not found[0m[1;33m[0m
[gazebo-2] [1;33m[GUI] [Wrn] [toggle_floors.cpp:237] [0m[1;33mNode for [0m[1;33mPK_02[0m[1;33mwas not found[0m[1;33m[0m
[gazebo-2] [1;33m[GUI] [Wrn] [toggle_floors.cpp:237] [0m[1;33mNode for [0m[1;33mPK_01[0m[1;33mwas not found[0m[1;33m[0m
[gazebo-2] [1;33m[GUI] [Wrn] [toggle_floors.cpp:237] [0m[1;33mNode for [0m[1;33mPK_02[0m[1;33mwas not found[0m[1;33m[0m
[gazebo-2] [1;33m[GUI] [Wrn] [toggle_floors.cpp:237] [0m[1;33mNode for [0m[1;33mPK_01[0m[1;33mwas not found[0m[1;33m[0m
[gazebo-2] [1;33m[GUI] [Wrn] [toggle_floors.cpp:237] [0m[1;33mNode for [0m[1;33mPK_02[0m[1;33mwas not found[0m[1;33m[0m
[gazebo-2] [1;33m[GUI] [Wrn] [toggle_floors.cpp:237] [0m[1;33mNode for [0m[1;33mPK_01[0m[1;33mwas not found[0m[1;33m[0m
[gazebo-2] [1;33m[GUI] [Wrn] [toggle_floors.cpp:237] [0m[1;33mNode for [0m[1;33mPK_02[0m[1;33mwas not found[0m[1;33m[0m
[gazebo-2] [1;33m[GUI] [Wrn] [toggle_floors.cpp:237] [0m[1;33mNode for [0m[1;33mPK_01[0m[1;33mwas not found[0m[1;33m[0m
[gazebo-2] [1;33m[GUI] [Wrn] [toggle_floors.cpp:237] [0m[1;33mNode for [0m[1;33mPK_02[0m[1;33mwas not found[0m[1;33m[0m
[gazebo-2] [1;33m[GUI] [Wrn] [toggle_floors.cpp:237] [0m[1;33mNode for [0m[1;33mPK_01[0m[1;33mwas not found[0m[1;33m[0m
[gazebo-2] [1;33m[GUI] [Wrn] [toggle_floors.cpp:237] [0m[1;33mNode for [0m[1;33mPK_02[0m[1;33mwas not found[0m[1;33m[0m
[gazebo-2] [1;33m[GUI] [Wrn] [toggle_floors.cpp:237] [0m[1;33mNode for [0m[1;33mPK_01[0m[1;33mwas not found[0m[1;33m[0m
[gazebo-2] [1;33m[GUI] [Wrn] [toggle_floors.cpp:237] [0m[1;33mNode for [0m[1;33mPK_02[0m[1;33mwas not found[0m[1;33m[0m
[gazebo-2] [1;33m[GUI] [Wrn] [toggle_floors.cpp:237] [0m[1;33mNode for [0m[1;33mPK_01[0m[1;33mwas not found[0m[1;33m[0m
[gazebo-2] [1;33m[GUI] [Wrn] [toggle_floors.cpp:237] [0m[1;33mNode for [0m[1;33mPK_02[0m[1;33mwas not found[0m[1;33m[0m
[gazebo-2] [1;33m[GUI] [Wrn] [toggle_floors.cpp:237] [0m[1;33mNode for [0m[1;33mPK_01[0m[1;33mwas not found[0m[1;33m[0m
[gazebo-2] [1;33m[GUI] [Wrn] [toggle_floors.cpp:237] [0m[1;33mNode for [0m[1;33mPK_02[0m[1;33mwas not found[0m[1;33m[0m
[gazebo-2] [1;33m[GUI] [Wrn] [toggle_floors.cpp:237] [0m[1;33mNode for [0m[1;33mPK_01[0m[1;33mwas not found[0m[1;33m[0m
[gazebo-2] [1;33m[GUI] [Wrn] [toggle_floors.cpp:237] [0m[1;33mNode for [0m[1;33mPK_02[0m[1;33mwas not found[0m[1;33m[0m
[gazebo-2] [1;33m[GUI] [Wrn] [toggle_floors.cpp:237] [0m[1;33mNode for [0m[1;33mPK_01[0m[1;33mwas not found[0m[1;33m[0m
[gazebo-2] [1;33m[GUI] [Wrn] [toggle_floors.cpp:237] [0m[1;33mNode for [0m[1;33mPK_02[0m[1;33mwas not found[0m[1;33m[0m
[gazebo-2] [1;33m[GUI] [Wrn] [toggle_floors.cpp:237] [0m[1;33mNode for [0m[1;33mPK_01[0m[1;33mwas not found[0m[1;33m[0m
[gazebo-2] [1;33m[GUI] [Wrn] [toggle_floors.cpp:237] [0m[1;33mNode for [0m[1;33mPK_02[0m[1;33mwas not found[0m[1;33m[0m
[gazebo-2] [1;33m[GUI] [Wrn] [toggle_floors.cpp:237] [0m[1;33mNode for [0m[1;33mPK_01[0m[1;33mwas not found[0m[1;33m[0m
[gazebo-2] [1;33m[GUI] [Wrn] [toggle_floors.cpp:237] [0m[1;33mNode for [0m[1;33mPK_02[0m[1;33mwas not found[0m[1;33m[0m
[gazebo-2] [1;33m[GUI] [Wrn] [toggle_floors.cpp:237] [0m[1;33mNode for [0m[1;33mPK_01[0m[1;33mwas not found[0m[1;33m[0m
[gazebo-2] [1;33m[GUI] [Wrn] [toggle_floors.cpp:237] [0m[1;33mNode for [0m[1;33mPK_02[0m[1;33mwas not found[0m[1;33m[0m
[gazebo-2] [1;33m[GUI] [Wrn] [toggle_floors.cpp:237] [0m[1;33mNode for [0m[1;33mPK_01[0m[1;33mwas not found[0m[1;33m[0m
[gazebo-2] [1;33m[GUI] [Wrn] [toggle_floors.cpp:237] [0m[1;33mNode for [0m[1;33mPK_02[0m[1;33mwas not found[0m[1;33m[0m
[gazebo-2] [1;33m[GUI] [Wrn] [toggle_floors.cpp:237] [0m[1;33mNode for [0m[1;33mPK_01[0m[1;33mwas not found[0m[1;33m[0m
[gazebo-2] [1;33m[GUI] [Wrn] [toggle_floors.cpp:237] [0m[1;33mNode for [0m[1;33mPK_02[0m[1;33mwas not found[0m[1;33m[0m
[gazebo-2] [1;33m[GUI] [Wrn] [toggle_floors.cpp:237] [0m[1;33mNode for [0m[1;33mPK_01[0m[1;33mwas not found[0m[1;33m[0m
[gazebo-2] [1;33m[GUI] [Wrn] [toggle_floors.cpp:237] [0m[1;33mNode for [0m[1;33mPK_02[0m[1;33mwas not found[0m[1;33m[0m
[gazebo-2] [1;33m[GUI] [Wrn] [toggle_floors.cpp:237] [0m[1;33mNode for [0m[1;33mPK_01[0m[1;33mwas not found[0m[1;33m[0m
[gazebo-2] [1;33m[GUI] [Wrn] [toggle_floors.cpp:237] [0m[1;33mNode for [0m[1;33mPK_02[0m[1;33mwas not found[0m[1;33m[0m
[gazebo-2] [1;33m[GUI] [Wrn] [toggle_floors.cpp:237] [0m[1;33mNode for [0m[1;33mPK_01[0m[1;33mwas not found[0m[1;33m[0m
[gazebo-2] [1;33m[GUI] [Wrn] [toggle_floors.cpp:237] [0m[1;33mNode for [0m[1;33mPK_02[0m[1;33mwas not found[0m[1;33m[0m
[gazebo-2] [1;33m[GUI] [Wrn] [toggle_floors.cpp:237] [0m[1;33mNode for [0m[1;33mPK_01[0m[1;33mwas not found[0m[1;33m[0m
[gazebo-2] [1;33m[GUI] [Wrn] [toggle_floors.cpp:237] [0m[1;33mNode for [0m[1;33mPK_02[0m[1;33mwas not found[0m[1;33m[0m
[gazebo-2] [1;33m[GUI] [Wrn] [toggle_floors.cpp:237] [0m[1;33mNode for [0m[1;33mPK_01[0m[1;33mwas not found[0m[1;33m[0m
[gazebo-2] [1;33m[GUI] [Wrn] [toggle_floors.cpp:237] [0m[1;33mNode for [0m[1;33mPK_02[0m[1;33mwas not found[0m[1;33m[0m
[gazebo-2] [1;33m[GUI] [Wrn] [toggle_floors.cpp:237] [0m[1;33mNode for [0m[1;33mPK_01[0m[1;33mwas not found[0m[1;33m[0m
[gazebo-2] [1;33m[GUI] [Wrn] [toggle_floors.cpp:237] [0m[1;33mNode for [0m[1;33mPK_02[0m[1;33mwas not found[0m[1;33m[0m
[gazebo-2] [1;33m[GUI] [Wrn] [toggle_floors.cpp:237] [0m[1;33mNode for [0m[1;33mPK_01[0m[1;33mwas not found[0m[1;33m[0m
[gazebo-2] [1;33m[GUI] [Wrn] [toggle_floors.cpp:237] [0m[1;33mNode for [0m[1;33mPK_02[0m[1;33mwas not found[0m[1;33m[0m
[gazebo-2] [1;33m[GUI] [Wrn] [toggle_floors.cpp:237] [0m[1;33mNode for [0m[1;33mPK_01[0m[1;33mwas not found[0m[1;33m[0m
[gazebo-2] [1;33m[GUI] [Wrn] [toggle_floors.cpp:237] [0m[1;33mNode for [0m[1;33mPK_02[0m[1;33mwas not found[0m[1;33m[0m
[gazebo-2] [1;33m[GUI] [Wrn] [toggle_floors.cpp:237] [0m[1;33mNode for [0m[1;33mPK_01[0m[1;33mwas not found[0m[1;33m[0m
[gazebo-2] [1;33m[GUI] [Wrn] [toggle_floors.cpp:237] [0m[1;33mNode for [0m[1;33mPK_02[0m[1;33mwas not found[0m[1;33m[0m
[gazebo-2] [1;33m[GUI] [Wrn] [toggle_floors.cpp:237] [0m[1;33mNode for [0m[1;33mPK_01[0m[1;33mwas not found[0m[1;33m[0m
[gazebo-2] [1;33m[GUI] [Wrn] [toggle_floors.cpp:237] [0m[1;33mNode for [0m[1;33mPK_02[0m[1;33mwas not found[0m[1;33m[0m
[gazebo-2] [1;33m[GUI] [Wrn] [toggle_floors.cpp:237] [0m[1;33mNode for [0m[1;33mPK_01[0m[1;33mwas not found[0m[1;33m[0m
[gazebo-2] [1;33m[GUI] [Wrn] [toggle_floors.cpp:237] [0m[1;33mNode for [0m[1;33mPK_02[0m[1;33mwas not found[0m[1;33m[0m
[gazebo-2] [1;33m[GUI] [Wrn] [toggle_floors.cpp:237] [0m[1;33mNode for [0m[1;33mPK_01[0m[1;33mwas not found[0m[1;33m[0m
[gazebo-2] [1;33m[GUI] [Wrn] [toggle_floors.cpp:237] [0m[1;33mNode for [0m[1;33mPK_02[0m[1;33mwas not found[0m[1;33m[0m
[gazebo-2] [1;33m[GUI] [Wrn] [toggle_floors.cpp:237] [0m[1;33mNode for [0m[1;33mPK_01[0m[1;33mwas not found[0m[1;33m[0m
[gazebo-2] [1;33m[GUI] [Wrn] [toggle_floors.cpp:237] [0m[1;33mNode for [0m[1;33mPK_02[0m[1;33mwas not found[0m[1;33m[0m
[gazebo-2] [1;33m[GUI] [Wrn] [toggle_floors.cpp:237] [0m[1;33mNode for [0m[1;33mPK_01[0m[1;33mwas not found[0m[1;33m[0m
[gazebo-2] [1;33m[GUI] [Wrn] [toggle_floors.cpp:237] [0m[1;33mNode for [0m[1;33mPK_02[0m[1;33mwas not found[0m[1;33m[0m
[gazebo-2] [1;33m[GUI] [Wrn] [toggle_floors.cpp:237] [0m[1;33mNode for [0m[1;33mPK_01[0m[1;33mwas not found[0m[1;33m[0m
[gazebo-2] [1;33m[GUI] [Wrn] [toggle_floors.cpp:237] [0m[1;33mNode for [0m[1;33mPK_02[0m[1;33mwas not found[0m[1;33m[0m
[gazebo-2] [1;33m[GUI] [Wrn] [toggle_floors.cpp:237] [0m[1;33mNode for [0m[1;33mPK_01[0m[1;33mwas not found[0m[1;33m[0m
[gazebo-2] [1;33m[GUI] [Wrn] [toggle_floors.cpp:237] [0m[1;33mNode for [0m[1;33mPK_02[0m[1;33mwas not found[0m[1;33m[0m
[gazebo-2] [1;33m[GUI] [Wrn] [toggle_floors.cpp:237] [0m[1;33mNode for [0m[1;33mPK_01[0m[1;33mwas not found[0m[1;33m[0m
[gazebo-2] [1;33m[GUI] [Wrn] [toggle_floors.cpp:237] [0m[1;33mNode for [0m[1;33mPK_02[0m[1;33mwas not found[0m[1;33m[0m
[gazebo-2] [1;33m[GUI] [Wrn] [toggle_floors.cpp:237] [0m[1;33mNode for [0m[1;33mPK_01[0m[1;33mwas not found[0m[1;33m[0m
[gazebo-2] [1;33m[GUI] [Wrn] [toggle_floors.cpp:237] [0m[1;33mNode for [0m[1;33mPK_02[0m[1;33mwas not found[0m[1;33m[0m
[gazebo-2] [1;33m[GUI] [Wrn] [toggle_floors.cpp:237] [0m[1;33mNode for [0m[1;33mPK_01[0m[1;33mwas not found[0m[1;33m[0m
[gazebo-2] [1;33m[GUI] [Wrn] [toggle_floors.cpp:237] [0m[1;33mNode for [0m[1;33mPK_02[0m[1;33mwas not found[0m[1;33m[0m
[gazebo-2] [1;33m[GUI] [Wrn] [toggle_floors.cpp:237] [0m[1;33mNode for [0m[1;33mPK_01[0m[1;33mwas not found[0m[1;33m[0m
[gazebo-2] [1;33m[GUI] [Wrn] [toggle_floors.cpp:237] [0m[1;33mNode for [0m[1;33mPK_02[0m[1;33mwas not found[0m[1;33m[0m
[gazebo-2] [1;33m[GUI] [Wrn] [toggle_floors.cpp:237] [0m[1;33mNode for [0m[1;33mPK_01[0m[1;33mwas not found[0m[1;33m[0m
[gazebo-2] [1;33m[GUI] [Wrn] [toggle_floors.cpp:237] [0m[1;33mNode for [0m[1;33mPK_02[0m[1;33mwas not found[0m[1;33m[0m
[gazebo-2] [1;33m[GUI] [Wrn] [toggle_floors.cpp:237] [0m[1;33mNode for [0m[1;33mPK_01[0m[1;33mwas not found[0m[1;33m[0m
[gazebo-2] [1;33m[GUI] [Wrn] [toggle_floors.cpp:237] [0m[1;33mNode for [0m[1;33mPK_02[0m[1;33mwas not found[0m[1;33m[0m
[gazebo-2] [1;33m[GUI] [Wrn] [toggle_floors.cpp:237] [0m[1;33mNode for [0m[1;33mPK_01[0m[1;33mwas not found[0m[1;33m[0m
[gazebo-2] [1;33m[GUI] [Wrn] [toggle_floors.cpp:237] [0m[1;33mNode for [0m[1;33mPK_02[0m[1;33mwas not found[0m[1;33m[0m
[gazebo-2] [1;33m[GUI] [Wrn] [toggle_floors.cpp:237] [0m[1;33mNode for [0m[1;33mPK_01[0m[1;33mwas not found[0m[1;33m[0m
[gazebo-2] [1;33m[GUI] [Wrn] [toggle_floors.cpp:237] [0m[1;33mNode for [0m[1;33mPK_02[0m[1;33mwas not found[0m[1;33m[0m
[gazebo-2] [1;33m[GUI] [Wrn] [toggle_floors.cpp:237] [0m[1;33mNode for [0m[1;33mPK_01[0m[1;33mwas not found[0m[1;33m[0m
[gazebo-2] [1;33m[GUI] [Wrn] [toggle_floors.cpp:237] [0m[1;33mNode for [0m[1;33mPK_02[0m[1;33mwas not found[0m[1;33m[0m
[gazebo-2] [1;33m[GUI] [Wrn] [toggle_floors.cpp:237] [0m[1;33mNode for [0m[1;33mPK_01[0m[1;33mwas not found[0m[1;33m[0m
[gazebo-2] [1;33m[GUI] [Wrn] [toggle_floors.cpp:237] [0m[1;33mNode for [0m[1;33mPK_02[0m[1;33mwas not found[0m[1;33m[0m
[gazebo-2] [1;33m[GUI] [Wrn] [toggle_floors.cpp:237] [0m[1;33mNode for [0m[1;33mPK_01[0m[1;33mwas not found[0m[1;33m[0m
[gazebo-2] [1;33m[GUI] [Wrn] [toggle_floors.cpp:237] [0m[1;33mNode for [0m[1;33mPK_02[0m[1;33mwas not found[0m[1;33m[0m
[gazebo-2] [1;33m[GUI] [Wrn] [toggle_floors.cpp:237] [0m[1;33mNode for [0m[1;33mPK_01[0m[1;33mwas not found[0m[1;33m[0m
[gazebo-2] [1;33m[GUI] [Wrn] [toggle_floors.cpp:237] [0m[1;33mNode for [0m[1;33mPK_02[0m[1;33mwas not found[0m[1;33m[0m
[gazebo-2] [1;33m[GUI] [Wrn] [toggle_floors.cpp:237] [0m[1;33mNode for [0m[1;33mPK_01[0m[1;33mwas not found[0m[1;33m[0m
[gazebo-2] [1;33m[GUI] [Wrn] [toggle_floors.cpp:237] [0m[1;33mNode for [0m[1;33mPK_02[0m[1;33mwas not found[0m[1;33m[0m
[gazebo-2] [1;33m[GUI] [Wrn] [toggle_floors.cpp:237] [0m[1;33mNode for [0m[1;33mPK_01[0m[1;33mwas not found[0m[1;33m[0m
[gazebo-2] [1;33m[GUI] [Wrn] [toggle_floors.cpp:237] [0m[1;33mNode for [0m[1;33mPK_02[0m[1;33mwas not found[0m[1;33m[0m
[gazebo-2] [1;33m[GUI] [Wrn] [toggle_floors.cpp:237] [0m[1;33mNode for [0m[1;33mPK_01[0m[1;33mwas not found[0m[1;33m[0m
[gazebo-2] [1;33m[GUI] [Wrn] [toggle_floors.cpp:237] [0m[1;33mNode for [0m[1;33mPK_02[0m[1;33mwas not found[0m[1;33m[0m
[gazebo-2] [1;33m[GUI] [Wrn] [toggle_floors.cpp:237] [0m[1;33mNode for [0m[1;33mPK_01[0m[1;33mwas not found[0m[1;33m[0m
[gazebo-2] [1;33m[GUI] [Wrn] [toggle_floors.cpp:237] [0m[1;33mNode for [0m[1;33mPK_02[0m[1;33mwas not found[0m[1;33m[0m
[gazebo-2] [1;33m[GUI] [Wrn] [toggle_floors.cpp:237] [0m[1;33mNode for [0m[1;33mPK_01[0m[1;33mwas not found[0m[1;33m[0m
[gazebo-2] [1;33m[GUI] [Wrn] [toggle_floors.cpp:237] [0m[1;33mNode for [0m[1;33mPK_02[0m[1;33mwas not found[0m[1;33m[0m
[gazebo-2] [1;33m[GUI] [Wrn] [toggle_floors.cpp:237] [0m[1;33mNode for [0m[1;33mPK_01[0m[1;33mwas not found[0m[1;33m[0m
[gazebo-2] [1;33m[GUI] [Wrn] [toggle_floors.cpp:237] [0m[1;33mNode for [0m[1;33mPK_02[0m[1;33mwas not found[0m[1;33m[0m
[gazebo-2] [1;33m[GUI] [Wrn] [toggle_floors.cpp:237] [0m[1;33mNode for [0m[1;33mPK_01[0m[1;33mwas not found[0m[1;33m[0m
[gazebo-2] [1;33m[GUI] [Wrn] [toggle_floors.cpp:237] [0m[1;33mNode for [0m[1;33mPK_02[0m[1;33mwas not found[0m[1;33m[0m
[gazebo-2] [1;33m[GUI] [Wrn] [toggle_floors.cpp:237] [0m[1;33mNode for [0m[1;33mPK_01[0m[1;33mwas not found[0m[1;33m[0m
[gazebo-2] [1;33m[GUI] [Wrn] [toggle_floors.cpp:237] [0m[1;33mNode for [0m[1;33mPK_02[0m[1;33mwas not found[0m[1;33m[0m
[gazebo-2] [1;33m[GUI] [Wrn] [toggle_floors.cpp:237] [0m[1;33mNode for [0m[1;33mPK_01[0m[1;33mwas not found[0m[1;33m[0m
[gazebo-2] [1;33m[GUI] [Wrn] [toggle_floors.cpp:237] [0m[1;33mNode for [0m[1;33mPK_02[0m[1;33mwas not found[0m[1;33m[0m
[gazebo-2] [1;33m[GUI] [Wrn] [toggle_floors.cpp:237] [0m[1;33mNode for [0m[1;33mPK_01[0m[1;33mwas not found[0m[1;33m[0m
[gazebo-2] [1;33m[GUI] [Wrn] [toggle_floors.cpp:237] [0m[1;33mNode for [0m[1;33mPK_02[0m[1;33mwas not found[0m[1;33m[0m
[gazebo-2] [1;33m[GUI] [Wrn] [toggle_floors.cpp:237] [0m[1;33mNode for [0m[1;33mPK_01[0m[1;33mwas not found[0m[1;33m[0m
[gazebo-2] [1;33m[GUI] [Wrn] [toggle_floors.cpp:237] [0m[1;33mNode for [0m[1;33mPK_02[0m[1;33mwas not found[0m[1;33m[0m
[gazebo-2] [1;33m[GUI] [Wrn] [toggle_floors.cpp:237] [0m[1;33mNode for [0m[1;33mPK_01[0m[1;33mwas not found[0m[1;33m[0m
[gazebo-2] [1;33m[GUI] [Wrn] [toggle_floors.cpp:237] [0m[1;33mNode for [0m[1;33mPK_02[0m[1;33mwas not found[0m[1;33m[0m
[gazebo-2] [1;33m[GUI] [Wrn] [toggle_floors.cpp:237] [0m[1;33mNode for [0m[1;33mPK_01[0m[1;33mwas not found[0m[1;33m[0m
[gazebo-2] [1;33m[GUI] [Wrn] [toggle_floors.cpp:237] [0m[1;33mNode for [0m[1;33mPK_02[0m[1;33mwas not found[0m[1;33m[0m
[gazebo-2] [1;33m[GUI] [Wrn] [toggle_floors.cpp:237] [0m[1;33mNode for [0m[1;33mPK_01[0m[1;33mwas not found[0m[1;33m[0m
[gazebo-2] [1;33m[GUI] [Wrn] [toggle_floors.cpp:237] [0m[1;33mNode for [0m[1;33mPK_02[0m[1;33mwas not found[0m[1;33m[0m
[gazebo-2] [1;33m[GUI] [Wrn] [toggle_floors.cpp:237] [0m[1;33mNode for [0m[1;33mPK_01[0m[1;33mwas not found[0m[1;33m[0m
[gazebo-2] [1;33m[GUI] [Wrn] [toggle_floors.cpp:237] [0m[1;33mNode for [0m[1;33mPK_02[0m[1;33mwas not found[0m[1;33m[0m
[gazebo-2] [1;33m[GUI] [Wrn] [toggle_floors.cpp:237] [0m[1;33mNode for [0m[1;33mPK_01[0m[1;33mwas not found[0m[1;33m[0m
[gazebo-2] [1;33m[GUI] [Wrn] [toggle_floors.cpp:237] [0m[1;33mNode for [0m[1;33mPK_02[0m[1;33mwas not found[0m[1;33m[0m
[gazebo-2] [1;33m[GUI] [Wrn] [toggle_floors.cpp:237] [0m[1;33mNode for [0m[1;33mPK_01[0m[1;33mwas not found[0m[1;33m[0m
[gazebo-2] [1;33m[GUI] [Wrn] [toggle_floors.cpp:237] [0m[1;33mNode for [0m[1;33mPK_02[0m[1;33mwas not found[0m[1;33m[0m
[gazebo-2] [1;33m[GUI] [Wrn] [toggle_floors.cpp:237] [0m[1;33mNode for [0m[1;33mPK_01[0m[1;33mwas not found[0m[1;33m[0m
[gazebo-2] [1;33m[GUI] [Wrn] [toggle_floors.cpp:237] [0m[1;33mNode for [0m[1;33mPK_02[0m[1;33mwas not found[0m[1;33m[0m
[gazebo-2] [1;33m[GUI] [Wrn] [toggle_floors.cpp:237] [0m[1;33mNode for [0m[1;33mPK_01[0m[1;33mwas not found[0m[1;33m[0m
[gazebo-2] [1;33m[GUI] [Wrn] [toggle_floors.cpp:237] [0m[1;33mNode for [0m[1;33mPK_02[0m[1;33mwas not found[0m[1;33m[0m
[gazebo-2] [1;33m[GUI] [Wrn] [toggle_floors.cpp:237] [0m[1;33mNode for [0m[1;33mPK_01[0m[1;33mwas not found[0m[1;33m[0m
[gazebo-2] [1;33m[GUI] [Wrn] [toggle_floors.cpp:237] [0m[1;33mNode for [0m[1;33mPK_02[0m[1;33mwas not found[0m[1;33m[0m
[gazebo-2] [1;33m[GUI] [Wrn] [toggle_floors.cpp:237] [0m[1;33mNode for [0m[1;33mPK_01[0m[1;33mwas not found[0m[1;33m[0m
[gazebo-2] [1;33m[GUI] [Wrn] [toggle_floors.cpp:237] [0m[1;33mNode for [0m[1;33mPK_02[0m[1;33mwas not found[0m[1;33m[0m
[gazebo-2] [1;33m[GUI] [Wrn] [toggle_floors.cpp:237] [0m[1;33mNode for [0m[1;33mPK_01[0m[1;33mwas not found[0m[1;33m[0m
[gazebo-2] [1;33m[GUI] [Wrn] [toggle_floors.cpp:237] [0m[1;33mNode for [0m[1;33mPK_02[0m[1;33mwas not found[0m[1;33m[0m
[gazebo-2] [1;33m[GUI] [Wrn] [toggle_floors.cpp:237] [0m[1;33mNode for [0m[1;33mPK_01[0m[1;33mwas not found[0m[1;33m[0m
[gazebo-2] [1;33m[GUI] [Wrn] [toggle_floors.cpp:237] [0m[1;33mNode for [0m[1;33mPK_02[0m[1;33mwas not found[0m[1;33m[0m
[gazebo-2] [1;33m[GUI] [Wrn] [toggle_floors.cpp:237] [0m[1;33mNode for [0m[1;33mPK_01[0m[1;33mwas not found[0m[1;33m[0m
[gazebo-2] [1;33m[GUI] [Wrn] [toggle_floors.cpp:237] [0m[1;33mNode for [0m[1;33mPK_02[0m[1;33mwas not found[0m[1;33m[0m
[gazebo-2] [1;33m[GUI] [Wrn] [toggle_floors.cpp:237] [0m[1;33mNode for [0m[1;33mPK_01[0m[1;33mwas not found[0m[1;33m[0m
[gazebo-2] [1;33m[GUI] [Wrn] [toggle_floors.cpp:237] [0m[1;33mNode for [0m[1;33mPK_02[0m[1;33mwas not found[0m[1;33m[0m
[gazebo-2] [1;33m[GUI] [Wrn] [toggle_floors.cpp:237] [0m[1;33mNode for [0m[1;33mPK_01[0m[1;33mwas not found[0m[1;33m[0m
[gazebo-2] [1;33m[GUI] [Wrn] [toggle_floors.cpp:237] [0m[1;33mNode for [0m[1;33mPK_02[0m[1;33mwas not found[0m[1;33m[0m
[gazebo-2] [1;33m[GUI] [Wrn] [toggle_floors.cpp:237] [0m[1;33mNode for [0m[1;33mPK_01[0m[1;33mwas not found[0m[1;33m[0m
[gazebo-2] [1;33m[GUI] [Wrn] [toggle_floors.cpp:237] [0m[1;33mNode for [0m[1;33mPK_02[0m[1;33mwas not found[0m[1;33m[0m
[gazebo-2] [1;33m[GUI] [Wrn] [toggle_floors.cpp:237] [0m[1;33mNode for [0m[1;33mPK_01[0m[1;33mwas not found[0m[1;33m[0m
[gazebo-2] [1;33m[GUI] [Wrn] [toggle_floors.cpp:237] [0m[1;33mNode for [0m[1;33mPK_02[0m[1;33mwas not found[0m[1;33m[0m
[gazebo-2] [1;33m[GUI] [Wrn] [toggle_floors.cpp:237] [0m[1;33mNode for [0m[1;33mPK_01[0m[1;33mwas not found[0m[1;33m[0m
[gazebo-2] [1;33m[GUI] [Wrn] [toggle_floors.cpp:237] [0m[1;33mNode for [0m[1;33mPK_02[0m[1;33mwas not found[0m[1;33m[0m
[gazebo-2] [1;33m[GUI] [Wrn] [toggle_floors.cpp:237] [0m[1;33mNode for [0m[1;33mPK_01[0m[1;33mwas not found[0m[1;33m[0m
[gazebo-2] [1;33m[GUI] [Wrn] [toggle_floors.cpp:237] [0m[1;33mNode for [0m[1;33mPK_02[0m[1;33mwas not found[0m[1;33m[0m
[gazebo-2] [1;33m[GUI] [Wrn] [toggle_floors.cpp:237] [0m[1;33mNode for [0m[1;33mPK_01[0m[1;33mwas not found[0m[1;33m[0m
[gazebo-2] [1;33m[GUI] [Wrn] [toggle_floors.cpp:237] [0m[1;33mNode for [0m[1;33mPK_02[0m[1;33mwas not found[0m[1;33m[0m
[gazebo-2] [1;33m[GUI] [Wrn] [toggle_floors.cpp:237] [0m[1;33mNode for [0m[1;33mPK_01[0m[1;33mwas not found[0m[1;33m[0m
[gazebo-2] [1;33m[GUI] [Wrn] [toggle_floors.cpp:237] [0m[1;33mNode for [0m[1;33mPK_02[0m[1;33mwas not found[0m[1;33m[0m
[gazebo-2] [1;33m[GUI] [Wrn] [toggle_floors.cpp:237] [0m[1;33mNode for [0m[1;33mPK_01[0m[1;33mwas not found[0m[1;33m[0m
[gazebo-2] [1;33m[GUI] [Wrn] [toggle_floors.cpp:237] [0m[1;33mNode for [0m[1;33mPK_02[0m[1;33mwas not found[0m[1;33m[0m
[gazebo-2] [1;33m[GUI] [Wrn] [toggle_floors.cpp:237] [0m[1;33mNode for [0m[1;33mPK_01[0m[1;33mwas not found[0m[1;33m[0m
[gazebo-2] [1;33m[GUI] [Wrn] [toggle_floors.cpp:237] [0m[1;33mNode for [0m[1;33mPK_02[0m[1;33mwas not found[0m[1;33m[0m
[gazebo-2] [1;33m[GUI] [Wrn] [toggle_floors.cpp:237] [0m[1;33mNode for [0m[1;33mPK_01[0m[1;33mwas not found[0m[1;33m[0m
[gazebo-2] [1;33m[GUI] [Wrn] [toggle_floors.cpp:237] [0m[1;33mNode for [0m[1;33mPK_02[0m[1;33mwas not found[0m[1;33m[0m
[gazebo-2] [1;33m[GUI] [Wrn] [toggle_floors.cpp:237] [0m[1;33mNode for [0m[1;33mPK_01[0m[1;33mwas not found[0m[1;33m[0m
[gazebo-2] [1;33m[GUI] [Wrn] [toggle_floors.cpp:237] [0m[1;33mNode for [0m[1;33mPK_02[0m[1;33mwas not found[0m[1;33m[0m
[gazebo-2] [1;33m[GUI] [Wrn] [toggle_floors.cpp:237] [0m[1;33mNode for [0m[1;33mPK_01[0m[1;33mwas not found[0m[1;33m[0m
[gazebo-2] [1;33m[GUI] [Wrn] [toggle_floors.cpp:237] [0m[1;33mNode for [0m[1;33mPK_02[0m[1;33mwas not found[0m[1;33m[0m
[gazebo-2] [1;33m[GUI] [Wrn] [toggle_floors.cpp:237] [0m[1;33mNode for [0m[1;33mPK_01[0m[1;33mwas not found[0m[1;33m[0m
[gazebo-2] [1;33m[GUI] [Wrn] [toggle_floors.cpp:237] [0m[1;33mNode for [0m[1;33mPK_02[0m[1;33mwas not found[0m[1;33m[0m
[gazebo-2] [1;33m[GUI] [Wrn] [toggle_floors.cpp:237] [0m[1;33mNode for [0m[1;33mPK_01[0m[1;33mwas not found[0m[1;33m[0m
[gazebo-2] [1;33m[GUI] [Wrn] [toggle_floors.cpp:237] [0m[1;33mNode for [0m[1;33mPK_02[0m[1;33mwas not found[0m[1;33m[0m
[gazebo-2] [1;33m[GUI] [Wrn] [toggle_floors.cpp:237] [0m[1;33mNode for [0m[1;33mPK_01[0m[1;33mwas not found[0m[1;33m[0m
[gazebo-2] [1;33m[GUI] [Wrn] [toggle_floors.cpp:237] [0m[1;33mNode for [0m[1;33mPK_02[0m[1;33mwas not found[0m[1;33m[0m
[gazebo-2] [1;33m[GUI] [Wrn] [toggle_floors.cpp:237] [0m[1;33mNode for [0m[1;33mPK_01[0m[1;33mwas not found[0m[1;33m[0m
[gazebo-2] [1;33m[GUI] [Wrn] [toggle_floors.cpp:237] [0m[1;33mNode for [0m[1;33mPK_02[0m[1;33mwas not found[0m[1;33m[0m
[gazebo-2] [1;33m[GUI] [Wrn] [toggle_floors.cpp:237] [0m[1;33mNode for [0m[1;33mPK_01[0m[1;33mwas not found[0m[1;33m[0m
[gazebo-2] [1;33m[GUI] [Wrn] [toggle_floors.cpp:237] [0m[1;33mNode for [0m[1;33mPK_02[0m[1;33mwas not found[0m[1;33m[0m
[gazebo-2] [1;33m[GUI] [Wrn] [toggle_floors.cpp:237] [0m[1;33mNode for [0m[1;33mPK_01[0m[1;33mwas not found[0m[1;33m[0m
[gazebo-2] [1;33m[GUI] [Wrn] [toggle_floors.cpp:237] [0m[1;33mNode for [0m[1;33mPK_02[0m[1;33mwas not found[0m[1;33m[0m
[gazebo-2] [1;33m[GUI] [Wrn] [toggle_floors.cpp:237] [0m[1;33mNode for [0m[1;33mPK_01[0m[1;33mwas not found[0m[1;33m[0m
[gazebo-2] [1;33m[GUI] [Wrn] [toggle_floors.cpp:237] [0m[1;33mNode for [0m[1;33mPK_02[0m[1;33mwas not found[0m[1;33m[0m
[gazebo-2] [1;33m[GUI] [Wrn] [toggle_floors.cpp:237] [0m[1;33mNode for [0m[1;33mPK_01[0m[1;33mwas not found[0m[1;33m[0m
[gazebo-2] [1;33m[GUI] [Wrn] [toggle_floors.cpp:237] [0m[1;33mNode for [0m[1;33mPK_02[0m[1;33mwas not found[0m[1;33m[0m
[gazebo-2] [1;33m[GUI] [Wrn] [toggle_floors.cpp:237] [0m[1;33mNode for [0m[1;33mPK_01[0m[1;33mwas not found[0m[1;33m[0m
[gazebo-2] [1;33m[GUI] [Wrn] [toggle_floors.cpp:237] [0m[1;33mNode for [0m[1;33mPK_02[0m[1;33mwas not found[0m[1;33m[0m
[gazebo-2] [1;33m[GUI] [Wrn] [toggle_floors.cpp:237] [0m[1;33mNode for [0m[1;33mPK_01[0m[1;33mwas not found[0m[1;33m[0m
[gazebo-2] [1;33m[GUI] [Wrn] [toggle_floors.cpp:237] [0m[1;33mNode for [0m[1;33mPK_02[0m[1;33mwas not found[0m[1;33m[0m
[gazebo-2] [1;33m[GUI] [Wrn] [toggle_floors.cpp:237] [0m[1;33mNode for [0m[1;33mPK_01[0m[1;33mwas not found[0m[1;33m[0m
[gazebo-2] [1;33m[GUI] [Wrn] [toggle_floors.cpp:237] [0m[1;33mNode for [0m[1;33mPK_02[0m[1;33mwas not found[0m[1;33m[0m
[gazebo-2] [1;33m[GUI] [Wrn] [toggle_floors.cpp:237] [0m[1;33mNode for [0m[1;33mPK_01[0m[1;33mwas not found[0m[1;33m[0m
[gazebo-2] [1;33m[GUI] [Wrn] [toggle_floors.cpp:237] [0m[1;33mNode for [0m[1;33mPK_02[0m[1;33mwas not found[0m[1;33m[0m
[gazebo-2] [1;33m[GUI] [Wrn] [toggle_floors.cpp:237] [0m[1;33mNode for [0m[1;33mPK_01[0m[1;33mwas not found[0m[1;33m[0m
[gazebo-2] [1;33m[GUI] [Wrn] [toggle_floors.cpp:237] [0m[1;33mNode for [0m[1;33mPK_02[0m[1;33mwas not found[0m[1;33m[0m
[gazebo-2] [1;33m[GUI] [Wrn] [toggle_floors.cpp:237] [0m[1;33mNode for [0m[1;33mPK_01[0m[1;33mwas not found[0m[1;33m[0m
[gazebo-2] [1;33m[GUI] [Wrn] [toggle_floors.cpp:237] [0m[1;33mNode for [0m[1;33mPK_02[0m[1;33mwas not found[0m[1;33m[0m
[gazebo-2] [1;33m[GUI] [Wrn] [toggle_floors.cpp:237] [0m[1;33mNode for [0m[1;33mPK_01[0m[1;33mwas not found[0m[1;33m[0m
[gazebo-2] [1;33m[GUI] [Wrn] [toggle_floors.cpp:237] [0m[1;33mNode for [0m[1;33mPK_02[0m[1;33mwas not found[0m[1;33m[0m
[gazebo-2] [1;33m[GUI] [Wrn] [toggle_floors.cpp:237] [0m[1;33mNode for [0m[1;33mPK_01[0m[1;33mwas not found[0m[1;33m[0m
[gazebo-2] [1;33m[GUI] [Wrn] [toggle_floors.cpp:237] [0m[1;33mNode for [0m[1;33mPK_02[0m[1;33mwas not found[0m[1;33m[0m
[gazebo-2] [1;33m[GUI] [Wrn] [toggle_floors.cpp:237] [0m[1;33mNode for [0m[1;33mPK_01[0m[1;33mwas not found[0m[1;33m[0m
[gazebo-2] [1;33m[GUI] [Wrn] [toggle_floors.cpp:237] [0m[1;33mNode for [0m[1;33mPK_02[0m[1;33mwas not found[0m[1;33m[0m
[gazebo-2] [1;33m[GUI] [Wrn] [toggle_floors.cpp:237] [0m[1;33mNode for [0m[1;33mPK_01[0m[1;33mwas not found[0m[1;33m[0m
[gazebo-2] [1;33m[GUI] [Wrn] [toggle_floors.cpp:237] [0m[1;33mNode for [0m[1;33mPK_02[0m[1;33mwas not found[0m[1;33m[0m
[gazebo-2] [1;33m[GUI] [Wrn] [toggle_floors.cpp:237] [0m[1;33mNode for [0m[1;33mPK_01[0m[1;33mwas not found[0m[1;33m[0m
[gazebo-2] [1;33m[GUI] [Wrn] [toggle_floors.cpp:237] [0m[1;33mNode for [0m[1;33mPK_02[0m[1;33mwas not found[0m[1;33m[0m
[gazebo-2] [1;33m[GUI] [Wrn] [toggle_floors.cpp:237] [0m[1;33mNode for [0m[1;33mPK_01[0m[1;33mwas not found[0m[1;33m[0m
[gazebo-2] [1;33m[GUI] [Wrn] [toggle_floors.cpp:237] [0m[1;33mNode for [0m[1;33mPK_02[0m[1;33mwas not found[0m[1;33m[0m
[gazebo-2] [1;33m[GUI] [Wrn] [toggle_floors.cpp:237] [0m[1;33mNode for [0m[1;33mPK_01[0m[1;33mwas not found[0m[1;33m[0m
[gazebo-2] [1;33m[GUI] [Wrn] [toggle_floors.cpp:237] [0m[1;33mNode for [0m[1;33mPK_02[0m[1;33mwas not found[0m[1;33m[0m
[gazebo-2] [1;33m[GUI] [Wrn] [toggle_floors.cpp:237] [0m[1;33mNode for [0m[1;33mPK_01[0m[1;33mwas not found[0m[1;33m[0m
[gazebo-2] [1;33m[GUI] [Wrn] [toggle_floors.cpp:237] [0m[1;33mNode for [0m[1;33mPK_02[0m[1;33mwas not found[0m[1;33m[0m
[gazebo-2] [1;33m[GUI] [Wrn] [toggle_floors.cpp:237] [0m[1;33mNode for [0m[1;33mPK_01[0m[1;33mwas not found[0m[1;33m[0m
[gazebo-2] [1;33m[GUI] [Wrn] [toggle_floors.cpp:237] [0m[1;33mNode for [0m[1;33mPK_02[0m[1;33mwas not found[0m[1;33m[0m
[gazebo-2] [1;33m[GUI] [Wrn] [toggle_floors.cpp:237] [0m[1;33mNode for [0m[1;33mPK_01[0m[1;33mwas not found[0m[1;33m[0m
[gazebo-2] [1;33m[GUI] [Wrn] [toggle_floors.cpp:237] [0m[1;33mNode for [0m[1;33mPK_02[0m[1;33mwas not found[0m[1;33m[0m
[gazebo-2] [1;33m[GUI] [Wrn] [toggle_floors.cpp:237] [0m[1;33mNode for [0m[1;33mPK_01[0m[1;33mwas not found[0m[1;33m[0m
[gazebo-2] [1;33m[GUI] [Wrn] [toggle_floors.cpp:237] [0m[1;33mNode for [0m[1;33mPK_02[0m[1;33mwas not found[0m[1;33m[0m
[gazebo-2] [1;33m[GUI] [Wrn] [toggle_floors.cpp:237] [0m[1;33mNode for [0m[1;33mPK_01[0m[1;33mwas not found[0m[1;33m[0m
[gazebo-2] [1;33m[GUI] [Wrn] [toggle_floors.cpp:237] [0m[1;33mNode for [0m[1;33mPK_02[0m[1;33mwas not found[0m[1;33m[0m
[gazebo-2] [1;33m[GUI] [Wrn] [toggle_floors.cpp:237] [0m[1;33mNode for [0m[1;33mPK_01[0m[1;33mwas not found[0m[1;33m[0m
[gazebo-2] [1;33m[GUI] [Wrn] [toggle_floors.cpp:237] [0m[1;33mNode for [0m[1;33mPK_02[0m[1;33mwas not found[0m[1;33m[0m
[gazebo-2] [1;33m[GUI] [Wrn] [toggle_floors.cpp:237] [0m[1;33mNode for [0m[1;33mPK_01[0m[1;33mwas not found[0m[1;33m[0m
[gazebo-2] [1;33m[GUI] [Wrn] [toggle_floors.cpp:237] [0m[1;33mNode for [0m[1;33mPK_02[0m[1;33mwas not found[0m[1;33m[0m
[gazebo-2] [1;33m[GUI] [Wrn] [toggle_floors.cpp:237] [0m[1;33mNode for [0m[1;33mPK_01[0m[1;33mwas not found[0m[1;33m[0m
[gazebo-2] [1;33m[GUI] [Wrn] [toggle_floors.cpp:237] [0m[1;33mNode for [0m[1;33mPK_02[0m[1;33mwas not found[0m[1;33m[0m
[gazebo-2] [1;33m[GUI] [Wrn] [toggle_floors.cpp:237] [0m[1;33mNode for [0m[1;33mPK_01[0m[1;33mwas not found[0m[1;33m[0m
[gazebo-2] [1;33m[GUI] [Wrn] [toggle_floors.cpp:237] [0m[1;33mNode for [0m[1;33mPK_02[0m[1;33mwas not found[0m[1;33m[0m
[gazebo-2] [1;33m[GUI] [Wrn] [toggle_floors.cpp:237] [0m[1;33mNode for [0m[1;33mPK_01[0m[1;33mwas not found[0m[1;33m[0m
[gazebo-2] [1;33m[GUI] [Wrn] [toggle_floors.cpp:237] [0m[1;33mNode for [0m[1;33mPK_02[0m[1;33mwas not found[0m[1;33m[0m
[gazebo-2] [1;33m[GUI] [Wrn] [toggle_floors.cpp:237] [0m[1;33mNode for [0m[1;33mPK_01[0m[1;33mwas not found[0m[1;33m[0m
[gazebo-2] [1;33m[GUI] [Wrn] [toggle_floors.cpp:237] [0m[1;33mNode for [0m[1;33mPK_02[0m[1;33mwas not found[0m[1;33m[0m
[gazebo-2] [1;33m[GUI] [Wrn] [toggle_floors.cpp:237] [0m[1;33mNode for [0m[1;33mPK_01[0m[1;33mwas not found[0m[1;33m[0m
[gazebo-2] [1;33m[GUI] [Wrn] [toggle_floors.cpp:237] [0m[1;33mNode for [0m[1;33mPK_02[0m[1;33mwas not found[0m[1;33m[0m
[gazebo-2] [1;33m[GUI] [Wrn] [toggle_floors.cpp:237] [0m[1;33mNode for [0m[1;33mPK_01[0m[1;33mwas not found[0m[1;33m[0m
[gazebo-2] [1;33m[GUI] [Wrn] [toggle_floors.cpp:237] [0m[1;33mNode for [0m[1;33mPK_02[0m[1;33mwas not found[0m[1;33m[0m
[gazebo-2] [1;33m[GUI] [Wrn] [toggle_floors.cpp:237] [0m[1;33mNode for [0m[1;33mPK_01[0m[1;33mwas not found[0m[1;33m[0m
[gazebo-2] [1;33m[GUI] [Wrn] [toggle_floors.cpp:237] [0m[1;33mNode for [0m[1;33mPK_02[0m[1;33mwas not found[0m[1;33m[0m
[gazebo-2] [1;33m[GUI] [Wrn] [toggle_floors.cpp:237] [0m[1;33mNode for [0m[1;33mPK_01[0m[1;33mwas not found[0m[1;33m[0m
[gazebo-2] [1;33m[GUI] [Wrn] [toggle_floors.cpp:237] [0m[1;33mNode for [0m[1;33mPK_02[0m[1;33mwas not found[0m[1;33m[0m
[gazebo-2] [1;33m[GUI] [Wrn] [toggle_floors.cpp:237] [0m[1;33mNode for [0m[1;33mPK_01[0m[1;33mwas not found[0m[1;33m[0m
[gazebo-2] [1;33m[GUI] [Wrn] [toggle_floors.cpp:237] [0m[1;33mNode for [0m[1;33mPK_02[0m[1;33mwas not found[0m[1;33m[0m
[gazebo-2] [1;33m[GUI] [Wrn] [toggle_floors.cpp:237] [0m[1;33mNode for [0m[1;33mPK_01[0m[1;33mwas not found[0m[1;33m[0m
[gazebo-2] [1;33m[GUI] [Wrn] [toggle_floors.cpp:237] [0m[1;33mNode for [0m[1;33mPK_02[0m[1;33mwas not found[0m[1;33m[0m
[gazebo-2] [1;33m[GUI] [Wrn] [toggle_floors.cpp:237] [0m[1;33mNode for [0m[1;33mPK_01[0m[1;33mwas not found[0m[1;33m[0m
[gazebo-2] [1;33m[GUI] [Wrn] [toggle_floors.cpp:237] [0m[1;33mNode for [0m[1;33mPK_02[0m[1;33mwas not found[0m[1;33m[0m
[gazebo-2] [1;33m[GUI] [Wrn] [toggle_floors.cpp:237] [0m[1;33mNode for [0m[1;33mPK_01[0m[1;33mwas not found[0m[1;33m[0m
[gazebo-2] [1;33m[GUI] [Wrn] [toggle_floors.cpp:237] [0m[1;33mNode for [0m[1;33mPK_02[0m[1;33mwas not found[0m[1;33m[0m
[gazebo-2] [1;33m[GUI] [Wrn] [toggle_floors.cpp:237] [0m[1;33mNode for [0m[1;33mPK_01[0m[1;33mwas not found[0m[1;33m[0m
[gazebo-2] [1;33m[GUI] [Wrn] [toggle_floors.cpp:237] [0m[1;33mNode for [0m[1;33mPK_02[0m[1;33mwas not found[0m[1;33m[0m
[gazebo-2] [1;33m[GUI] [Wrn] [toggle_floors.cpp:237] [0m[1;33mNode for [0m[1;33mPK_01[0m[1;33mwas not found[0m[1;33m[0m
[gazebo-2] [1;33m[GUI] [Wrn] [toggle_floors.cpp:237] [0m[1;33mNode for [0m[1;33mPK_02[0m[1;33mwas not found[0m[1;33m[0m
[gazebo-2] [1;33m[GUI] [Wrn] [toggle_floors.cpp:237] [0m[1;33mNode for [0m[1;33mPK_01[0m[1;33mwas not found[0m[1;33m[0m
[gazebo-2] [1;33m[GUI] [Wrn] [toggle_floors.cpp:237] [0m[1;33mNode for [0m[1;33mPK_02[0m[1;33mwas not found[0m[1;33m[0m
[gazebo-2] [1;33m[GUI] [Wrn] [toggle_floors.cpp:237] [0m[1;33mNode for [0m[1;33mPK_01[0m[1;33mwas not found[0m[1;33m[0m
[gazebo-2] [1;33m[GUI] [Wrn] [toggle_floors.cpp:237] [0m[1;33mNode for [0m[1;33mPK_02[0m[1;33mwas not found[0m[1;33m[0m
[gazebo-2] [1;33m[GUI] [Wrn] [toggle_floors.cpp:237] [0m[1;33mNode for [0m[1;33mPK_01[0m[1;33mwas not found[0m[1;33m[0m
[gazebo-2] [1;33m[GUI] [Wrn] [toggle_floors.cpp:237] [0m[1;33mNode for [0m[1;33mPK_02[0m[1;33mwas not found[0m[1;33m[0m
[gazebo-2] [1;33m[GUI] [Wrn] [toggle_floors.cpp:237] [0m[1;33mNode for [0m[1;33mPK_01[0m[1;33mwas not found[0m[1;33m[0m
[gazebo-2] [1;33m[GUI] [Wrn] [toggle_floors.cpp:237] [0m[1;33mNode for [0m[1;33mPK_02[0m[1;33mwas not found[0m[1;33m[0m
[gazebo-2] [1;33m[GUI] [Wrn] [toggle_floors.cpp:237] [0m[1;33mNode for [0m[1;33mPK_01[0m[1;33mwas not found[0m[1;33m[0m
[gazebo-2] [1;33m[GUI] [Wrn] [toggle_floors.cpp:237] [0m[1;33mNode for [0m[1;33mPK_02[0m[1;33mwas not found[0m[1;33m[0m
[gazebo-2] [1;33m[GUI] [Wrn] [toggle_floors.cpp:237] [0m[1;33mNode for [0m[1;33mPK_01[0m[1;33mwas not found[0m[1;33m[0m
[gazebo-2] [1;33m[GUI] [Wrn] [toggle_floors.cpp:237] [0m[1;33mNode for [0m[1;33mPK_02[0m[1;33mwas not found[0m[1;33m[0m
[gazebo-2] [1;33m[GUI] [Wrn] [toggle_floors.cpp:237] [0m[1;33mNode for [0m[1;33mPK_01[0m[1;33mwas not found[0m[1;33m[0m
[gazebo-2] [1;33m[GUI] [Wrn] [toggle_floors.cpp:237] [0m[1;33mNode for [0m[1;33mPK_02[0m[1;33mwas not found[0m[1;33m[0m
[gazebo-2] [1;33m[GUI] [Wrn] [toggle_floors.cpp:237] [0m[1;33mNode for [0m[1;33mPK_01[0m[1;33mwas not found[0m[1;33m[0m
[gazebo-2] [1;33m[GUI] [Wrn] [toggle_floors.cpp:237] [0m[1;33mNode for [0m[1;33mPK_02[0m[1;33mwas not found[0m[1;33m[0m
[gazebo-2] [1;33m[GUI] [Wrn] [toggle_floors.cpp:237] [0m[1;33mNode for [0m[1;33mPK_01[0m[1;33mwas not found[0m[1;33m[0m
[gazebo-2] [1;33m[GUI] [Wrn] [toggle_floors.cpp:237] [0m[1;33mNode for [0m[1;33mPK_02[0m[1;33mwas not found[0m[1;33m[0m
[gazebo-2] [1;33m[GUI] [Wrn] [toggle_floors.cpp:237] [0m[1;33mNode for [0m[1;33mPK_01[0m[1;33mwas not found[0m[1;33m[0m
[gazebo-2] [1;33m[GUI] [Wrn] [toggle_floors.cpp:237] [0m[1;33mNode for [0m[1;33mPK_02[0m[1;33mwas not found[0m[1;33m[0m
[gazebo-2] [1;33m[GUI] [Wrn] [toggle_floors.cpp:237] [0m[1;33mNode for [0m[1;33mPK_01[0m[1;33mwas not found[0m[1;33m[0m
[gazebo-2] [1;33m[GUI] [Wrn] [toggle_floors.cpp:237] [0m[1;33mNode for [0m[1;33mPK_02[0m[1;33mwas not found[0m[1;33m[0m
[gazebo-2] [1;33m[GUI] [Wrn] [toggle_floors.cpp:237] [0m[1;33mNode for [0m[1;33mPK_01[0m[1;33mwas not found[0m[1;33m[0m
[gazebo-2] [1;33m[GUI] [Wrn] [toggle_floors.cpp:237] [0m[1;33mNode for [0m[1;33mPK_02[0m[1;33mwas not found[0m[1;33m[0m
[gazebo-2] [1;33m[GUI] [Wrn] [toggle_floors.cpp:237] [0m[1;33mNode for [0m[1;33mPK_01[0m[1;33mwas not found[0m[1;33m[0m
[gazebo-2] [1;33m[GUI] [Wrn] [toggle_floors.cpp:237] [0m[1;33mNode for [0m[1;33mPK_02[0m[1;33mwas not found[0m[1;33m[0m
[gazebo-2] [1;33m[GUI] [Wrn] [toggle_floors.cpp:237] [0m[1;33mNode for [0m[1;33mPK_01[0m[1;33mwas not found[0m[1;33m[0m
[gazebo-2] [1;33m[GUI] [Wrn] [toggle_floors.cpp:237] [0m[1;33mNode for [0m[1;33mPK_02[0m[1;33mwas not found[0m[1;33m[0m
[gazebo-2] [1;33m[GUI] [Wrn] [toggle_floors.cpp:237] [0m[1;33mNode for [0m[1;33mPK_01[0m[1;33mwas not found[0m[1;33m[0m
[gazebo-2] [1;33m[GUI] [Wrn] [toggle_floors.cpp:237] [0m[1;33mNode for [0m[1;33mPK_02[0m[1;33mwas not found[0m[1;33m[0m
[gazebo-2] [1;33m[GUI] [Wrn] [toggle_floors.cpp:237] [0m[1;33mNode for [0m[1;33mPK_01[0m[1;33mwas not found[0m[1;33m[0m
[gazebo-2] [1;33m[GUI] [Wrn] [toggle_floors.cpp:237] [0m[1;33mNode for [0m[1;33mPK_02[0m[1;33mwas not found[0m[1;33m[0m
[gazebo-2] [1;33m[GUI] [Wrn] [toggle_floors.cpp:237] [0m[1;33mNode for [0m[1;33mPK_01[0m[1;33mwas not found[0m[1;33m[0m
[gazebo-2] [1;33m[GUI] [Wrn] [toggle_floors.cpp:237] [0m[1;33mNode for [0m[1;33mPK_02[0m[1;33mwas not found[0m[1;33m[0m
[gazebo-2] [1;33m[GUI] [Wrn] [toggle_floors.cpp:237] [0m[1;33mNode for [0m[1;33mPK_01[0m[1;33mwas not found[0m[1;33m[0m
[gazebo-2] [1;33m[GUI] [Wrn] [toggle_floors.cpp:237] [0m[1;33mNode for [0m[1;33mPK_02[0m[1;33mwas not found[0m[1;33m[0m
[gazebo-2] [1;33m[GUI] [Wrn] [toggle_floors.cpp:237] [0m[1;33mNode for [0m[1;33mPK_01[0m[1;33mwas not found[0m[1;33m[0m
[gazebo-2] [1;33m[GUI] [Wrn] [toggle_floors.cpp:237] [0m[1;33mNode for [0m[1;33mPK_02[0m[1;33mwas not found[0m[1;33m[0m
[gazebo-2] [1;33m[GUI] [Wrn] [toggle_floors.cpp:237] [0m[1;33mNode for [0m[1;33mPK_01[0m[1;33mwas not found[0m[1;33m[0m
[gazebo-2] [1;33m[GUI] [Wrn] [toggle_floors.cpp:237] [0m[1;33mNode for [0m[1;33mPK_02[0m[1;33mwas not found[0m[1;33m[0m
[gazebo-2] [1;33m[GUI] [Wrn] [toggle_floors.cpp:237] [0m[1;33mNode for [0m[1;33mPK_01[0m[1;33mwas not found[0m[1;33m[0m
[gazebo-2] [1;33m[GUI] [Wrn] [toggle_floors.cpp:237] [0m[1;33mNode for [0m[1;33mPK_02[0m[1;33mwas not found[0m[1;33m[0m
[gazebo-2] [1;33m[GUI] [Wrn] [toggle_floors.cpp:237] [0m[1;33mNode for [0m[1;33mPK_01[0m[1;33mwas not found[0m[1;33m[0m
[gazebo-2] [1;33m[GUI] [Wrn] [toggle_floors.cpp:237] [0m[1;33mNode for [0m[1;33mPK_02[0m[1;33mwas not found[0m[1;33m[0m
[gazebo-2] [1;33m[GUI] [Wrn] [toggle_floors.cpp:237] [0m[1;33mNode for [0m[1;33mPK_01[0m[1;33mwas not found[0m[1;33m[0m
[gazebo-2] [1;33m[GUI] [Wrn] [toggle_floors.cpp:237] [0m[1;33mNode for [0m[1;33mPK_02[0m[1;33mwas not found[0m[1;33m[0m
[gazebo-2] [1;33m[GUI] [Wrn] [toggle_floors.cpp:237] [0m[1;33mNode for [0m[1;33mPK_01[0m[1;33mwas not found[0m[1;33m[0m
[gazebo-2] [1;33m[GUI] [Wrn] [toggle_floors.cpp:237] [0m[1;33mNode for [0m[1;33mPK_02[0m[1;33mwas not found[0m[1;33m[0m
[gazebo-2] [1;33m[GUI] [Wrn] [toggle_floors.cpp:237] [0m[1;33mNode for [0m[1;33mPK_01[0m[1;33mwas not found[0m[1;33m[0m
[gazebo-2] [1;33m[GUI] [Wrn] [toggle_floors.cpp:237] [0m[1;33mNode for [0m[1;33mPK_02[0m[1;33mwas not found[0m[1;33m[0m
[gazebo-2] [1;33m[GUI] [Wrn] [toggle_floors.cpp:237] [0m[1;33mNode for [0m[1;33mPK_01[0m[1;33mwas not found[0m[1;33m[0m
[gazebo-2] [1;33m[GUI] [Wrn] [toggle_floors.cpp:237] [0m[1;33mNode for [0m[1;33mPK_02[0m[1;33mwas not found[0m[1;33m[0m
[gazebo-2] [1;33m[GUI] [Wrn] [toggle_floors.cpp:237] [0m[1;33mNode for [0m[1;33mPK_01[0m[1;33mwas not found[0m[1;33m[0m
[gazebo-2] [1;33m[GUI] [Wrn] [toggle_floors.cpp:237] [0m[1;33mNode for [0m[1;33mPK_02[0m[1;33mwas not found[0m[1;33m[0m
[gazebo-2] [1;33m[GUI] [Wrn] [toggle_floors.cpp:237] [0m[1;33mNode for [0m[1;33mPK_01[0m[1;33mwas not found[0m[1;33m[0m
[gazebo-2] [1;33m[GUI] [Wrn] [toggle_floors.cpp:237] [0m[1;33mNode for [0m[1;33mPK_02[0m[1;33mwas not found[0m[1;33m[0m
[gazebo-2] [1;33m[GUI] [Wrn] [toggle_floors.cpp:237] [0m[1;33mNode for [0m[1;33mPK_01[0m[1;33mwas not found[0m[1;33m[0m
[gazebo-2] [1;33m[GUI] [Wrn] [toggle_floors.cpp:237] [0m[1;33mNode for [0m[1;33mPK_02[0m[1;33mwas not found[0m[1;33m[0m
[gazebo-2] [1;33m[GUI] [Wrn] [toggle_floors.cpp:237] [0m[1;33mNode for [0m[1;33mPK_01[0m[1;33mwas not found[0m[1;33m[0m
[gazebo-2] [1;33m[GUI] [Wrn] [toggle_floors.cpp:237] [0m[1;33mNode for [0m[1;33mPK_02[0m[1;33mwas not found[0m[1;33m[0m
[gazebo-2] [1;33m[GUI] [Wrn] [toggle_floors.cpp:237] [0m[1;33mNode for [0m[1;33mPK_01[0m[1;33mwas not found[0m[1;33m[0m
[gazebo-2] [1;33m[GUI] [Wrn] [toggle_floors.cpp:237] [0m[1;33mNode for [0m[1;33mPK_02[0m[1;33mwas not found[0m[1;33m[0m
[gazebo-2] [1;33m[GUI] [Wrn] [toggle_floors.cpp:237] [0m[1;33mNode for [0m[1;33mPK_01[0m[1;33mwas not found[0m[1;33m[0m
[gazebo-2] [1;33m[GUI] [Wrn] [toggle_floors.cpp:237] [0m[1;33mNode for [0m[1;33mPK_02[0m[1;33mwas not found[0m[1;33m[0m
[gazebo-2] [1;33m[GUI] [Wrn] [toggle_floors.cpp:237] [0m[1;33mNode for [0m[1;33mPK_01[0m[1;33mwas not found[0m[1;33m[0m
[gazebo-2] [1;33m[GUI] [Wrn] [toggle_floors.cpp:237] [0m[1;33mNode for [0m[1;33mPK_02[0m[1;33mwas not found[0m[1;33m[0m
[gazebo-2] [1;33m[GUI] [Wrn] [toggle_floors.cpp:237] [0m[1;33mNode for [0m[1;33mPK_01[0m[1;33mwas not found[0m[1;33m[0m
[gazebo-2] [1;33m[GUI] [Wrn] [toggle_floors.cpp:237] [0m[1;33mNode for [0m[1;33mPK_02[0m[1;33mwas not found[0m[1;33m[0m
[gazebo-2] [1;33m[GUI] [Wrn] [toggle_floors.cpp:237] [0m[1;33mNode for [0m[1;33mPK_01[0m[1;33mwas not found[0m[1;33m[0m
[gazebo-2] [1;33m[GUI] [Wrn] [toggle_floors.cpp:237] [0m[1;33mNode for [0m[1;33mPK_02[0m[1;33mwas not found[0m[1;33m[0m
[gazebo-2] [1;33m[GUI] [Wrn] [toggle_floors.cpp:237] [0m[1;33mNode for [0m[1;33mPK_01[0m[1;33mwas not found[0m[1;33m[0m
[gazebo-2] [1;33m[GUI] [Wrn] [toggle_floors.cpp:237] [0m[1;33mNode for [0m[1;33mPK_02[0m[1;33mwas not found[0m[1;33m[0m
[gazebo-2] [1;33m[GUI] [Wrn] [toggle_floors.cpp:237] [0m[1;33mNode for [0m[1;33mPK_01[0m[1;33mwas not found[0m[1;33m[0m
[gazebo-2] [1;33m[GUI] [Wrn] [toggle_floors.cpp:237] [0m[1;33mNode for [0m[1;33mPK_02[0m[1;33mwas not found[0m[1;33m[0m
[gazebo-2] [1;33m[GUI] [Wrn] [toggle_floors.cpp:237] [0m[1;33mNode for [0m[1;33mPK_01[0m[1;33mwas not found[0m[1;33m[0m
[gazebo-2] [1;33m[GUI] [Wrn] [toggle_floors.cpp:237] [0m[1;33mNode for [0m[1;33mPK_02[0m[1;33mwas not found[0m[1;33m[0m
[gazebo-2] [1;33m[GUI] [Wrn] [toggle_floors.cpp:237] [0m[1;33mNode for [0m[1;33mPK_01[0m[1;33mwas not found[0m[1;33m[0m
[gazebo-2] [1;33m[GUI] [Wrn] [toggle_floors.cpp:237] [0m[1;33mNode for [0m[1;33mPK_02[0m[1;33mwas not found[0m[1;33m[0m
[gazebo-2] [1;33m[GUI] [Wrn] [toggle_floors.cpp:237] [0m[1;33mNode for [0m[1;33mPK_01[0m[1;33mwas not found[0m[1;33m[0m
[gazebo-2] [1;33m[GUI] [Wrn] [toggle_floors.cpp:237] [0m[1;33mNode for [0m[1;33mPK_02[0m[1;33mwas not found[0m[1;33m[0m
[gazebo-2] [1;33m[GUI] [Wrn] [toggle_floors.cpp:237] [0m[1;33mNode for [0m[1;33mPK_01[0m[1;33mwas not found[0m[1;33m[0m
[gazebo-2] [1;33m[GUI] [Wrn] [toggle_floors.cpp:237] [0m[1;33mNode for [0m[1;33mPK_02[0m[1;33mwas not found[0m[1;33m[0m
[gazebo-2] [1;33m[GUI] [Wrn] [toggle_floors.cpp:237] [0m[1;33mNode for [0m[1;33mPK_01[0m[1;33mwas not found[0m[1;33m[0m
[gazebo-2] [1;33m[GUI] [Wrn] [toggle_floors.cpp:237] [0m[1;33mNode for [0m[1;33mPK_02[0m[1;33mwas not found[0m[1;33m[0m
[gazebo-2] [1;33m[GUI] [Wrn] [toggle_floors.cpp:237] [0m[1;33mNode for [0m[1;33mPK_01[0m[1;33mwas not found[0m[1;33m[0m
[gazebo-2] [1;33m[GUI] [Wrn] [toggle_floors.cpp:237] [0m[1;33mNode for [0m[1;33mPK_02[0m[1;33mwas not found[0m[1;33m[0m
[gazebo-2] [1;33m[GUI] [Wrn] [toggle_floors.cpp:237] [0m[1;33mNode for [0m[1;33mPK_01[0m[1;33mwas not found[0m[1;33m[0m
[gazebo-2] [1;33m[GUI] [Wrn] [toggle_floors.cpp:237] [0m[1;33mNode for [0m[1;33mPK_02[0m[1;33mwas not found[0m[1;33m[0m
[gazebo-2] [1;33m[GUI] [Wrn] [toggle_floors.cpp:237] [0m[1;33mNode for [0m[1;33mPK_01[0m[1;33mwas not found[0m[1;33m[0m
[gazebo-2] [1;33m[GUI] [Wrn] [toggle_floors.cpp:237] [0m[1;33mNode for [0m[1;33mPK_02[0m[1;33mwas not found[0m[1;33m[0m
[gazebo-2] [1;33m[GUI] [Wrn] [toggle_floors.cpp:237] [0m[1;33mNode for [0m[1;33mPK_01[0m[1;33mwas not found[0m[1;33m[0m
[gazebo-2] [1;33m[GUI] [Wrn] [toggle_floors.cpp:237] [0m[1;33mNode for [0m[1;33mPK_02[0m[1;33mwas not found[0m[1;33m[0m
[gazebo-2] [1;33m[GUI] [Wrn] [toggle_floors.cpp:237] [0m[1;33mNode for [0m[1;33mPK_01[0m[1;33mwas not found[0m[1;33m[0m
[gazebo-2] [1;33m[GUI] [Wrn] [toggle_floors.cpp:237] [0m[1;33mNode for [0m[1;33mPK_02[0m[1;33mwas not found[0m[1;33m[0m
[gazebo-2] [1;33m[GUI] [Wrn] [toggle_floors.cpp:237] [0m[1;33mNode for [0m[1;33mPK_01[0m[1;33mwas not found[0m[1;33m[0m
[gazebo-2] [1;33m[GUI] [Wrn] [toggle_floors.cpp:237] [0m[1;33mNode for [0m[1;33mPK_02[0m[1;33mwas not found[0m[1;33m[0m
[gazebo-2] [1;33m[GUI] [Wrn] [toggle_floors.cpp:237] [0m[1;33mNode for [0m[1;33mPK_01[0m[1;33mwas not found[0m[1;33m[0m
[gazebo-2] [1;33m[GUI] [Wrn] [toggle_floors.cpp:237] [0m[1;33mNode for [0m[1;33mPK_02[0m[1;33mwas not found[0m[1;33m[0m
[gazebo-2] [1;33m[GUI] [Wrn] [toggle_floors.cpp:237] [0m[1;33mNode for [0m[1;33mPK_01[0m[1;33mwas not found[0m[1;33m[0m
[gazebo-2] [1;33m[GUI] [Wrn] [toggle_floors.cpp:237] [0m[1;33mNode for [0m[1;33mPK_02[0m[1;33mwas not found[0m[1;33m[0m
[gazebo-2] [1;33m[GUI] [Wrn] [toggle_floors.cpp:237] [0m[1;33mNode for [0m[1;33mPK_01[0m[1;33mwas not found[0m[1;33m[0m
[gazebo-2] [1;33m[GUI] [Wrn] [toggle_floors.cpp:237] [0m[1;33mNode for [0m[1;33mPK_02[0m[1;33mwas not found[0m[1;33m[0m
[gazebo-2] [1;33m[GUI] [Wrn] [toggle_floors.cpp:237] [0m[1;33mNode for [0m[1;33mPK_01[0m[1;33mwas not found[0m[1;33m[0m
[gazebo-2] [1;33m[GUI] [Wrn] [toggle_floors.cpp:237] [0m[1;33mNode for [0m[1;33mPK_02[0m[1;33mwas not found[0m[1;33m[0m
[gazebo-2] [1;33m[GUI] [Wrn] [toggle_floors.cpp:237] [0m[1;33mNode for [0m[1;33mPK_01[0m[1;33mwas not found[0m[1;33m[0m
[gazebo-2] [1;33m[GUI] [Wrn] [toggle_floors.cpp:237] [0m[1;33mNode for [0m[1;33mPK_02[0m[1;33mwas not found[0m[1;33m[0m
[gazebo-2] [1;33m[GUI] [Wrn] [toggle_floors.cpp:237] [0m[1;33mNode for [0m[1;33mPK_01[0m[1;33mwas not found[0m[1;33m[0m
[gazebo-2] [1;33m[GUI] [Wrn] [toggle_floors.cpp:237] [0m[1;33mNode for [0m[1;33mPK_02[0m[1;33mwas not found[0m[1;33m[0m
[gazebo-2] [1;33m[GUI] [Wrn] [toggle_floors.cpp:237] [0m[1;33mNode for [0m[1;33mPK_01[0m[1;33mwas not found[0m[1;33m[0m
[gazebo-2] [1;33m[GUI] [Wrn] [toggle_floors.cpp:237] [0m[1;33mNode for [0m[1;33mPK_02[0m[1;33mwas not found[0m[1;33m[0m
[gazebo-2] [1;33m[GUI] [Wrn] [toggle_floors.cpp:237] [0m[1;33mNode for [0m[1;33mPK_01[0m[1;33mwas not found[0m[1;33m[0m
[gazebo-2] [1;33m[GUI] [Wrn] [toggle_floors.cpp:237] [0m[1;33mNode for [0m[1;33mPK_02[0m[1;33mwas not found[0m[1;33m[0m
[gazebo-2] [1;33m[GUI] [Wrn] [toggle_floors.cpp:237] [0m[1;33mNode for [0m[1;33mPK_01[0m[1;33mwas not found[0m[1;33m[0m
[gazebo-2] [1;33m[GUI] [Wrn] [toggle_floors.cpp:237] [0m[1;33mNode for [0m[1;33mPK_02[0m[1;33mwas not found[0m[1;33m[0m
[gazebo-2] [1;33m[GUI] [Wrn] [toggle_floors.cpp:237] [0m[1;33mNode for [0m[1;33mPK_01[0m[1;33mwas not found[0m[1;33m[0m
[gazebo-2] [1;33m[GUI] [Wrn] [toggle_floors.cpp:237] [0m[1;33mNode for [0m[1;33mPK_02[0m[1;33mwas not found[0m[1;33m[0m
[gazebo-2] [1;33m[GUI] [Wrn] [toggle_floors.cpp:237] [0m[1;33mNode for [0m[1;33mPK_01[0m[1;33mwas not found[0m[1;33m[0m
[gazebo-2] [1;33m[GUI] [Wrn] [toggle_floors.cpp:237] [0m[1;33mNode for [0m[1;33mPK_02[0m[1;33mwas not found[0m[1;33m[0m
[gazebo-2] [1;33m[GUI] [Wrn] [toggle_floors.cpp:237] [0m[1;33mNode for [0m[1;33mPK_01[0m[1;33mwas not found[0m[1;33m[0m
[gazebo-2] [1;33m[GUI] [Wrn] [toggle_floors.cpp:237] [0m[1;33mNode for [0m[1;33mPK_02[0m[1;33mwas not found[0m[1;33m[0m
[gazebo-2] [1;33m[GUI] [Wrn] [toggle_floors.cpp:237] [0m[1;33mNode for [0m[1;33mPK_01[0m[1;33mwas not found[0m[1;33m[0m
[gazebo-2] [1;33m[GUI] [Wrn] [toggle_floors.cpp:237] [0m[1;33mNode for [0m[1;33mPK_02[0m[1;33mwas not found[0m[1;33m[0m
[gazebo-2] [1;33m[GUI] [Wrn] [toggle_floors.cpp:237] [0m[1;33mNode for [0m[1;33mPK_01[0m[1;33mwas not found[0m[1;33m[0m
[gazebo-2] [1;33m[GUI] [Wrn] [toggle_floors.cpp:237] [0m[1;33mNode for [0m[1;33mPK_02[0m[1;33mwas not found[0m[1;33m[0m
[gazebo-2] [1;33m[GUI] [Wrn] [toggle_floors.cpp:237] [0m[1;33mNode for [0m[1;33mPK_01[0m[1;33mwas not found[0m[1;33m[0m
[gazebo-2] [1;33m[GUI] [Wrn] [toggle_floors.cpp:237] [0m[1;33mNode for [0m[1;33mPK_02[0m[1;33mwas not found[0m[1;33m[0m
[gazebo-2] [1;33m[GUI] [Wrn] [toggle_floors.cpp:237] [0m[1;33mNode for [0m[1;33mPK_01[0m[1;33mwas not found[0m[1;33m[0m
[gazebo-2] [1;33m[GUI] [Wrn] [toggle_floors.cpp:237] [0m[1;33mNode for [0m[1;33mPK_02[0m[1;33mwas not found[0m[1;33m[0m
[gazebo-2] [1;33m[GUI] [Wrn] [toggle_floors.cpp:237] [0m[1;33mNode for [0m[1;33mPK_01[0m[1;33mwas not found[0m[1;33m[0m
[gazebo-2] [1;33m[GUI] [Wrn] [toggle_floors.cpp:237] [0m[1;33mNode for [0m[1;33mPK_02[0m[1;33mwas not found[0m[1;33m[0m
[gazebo-2] [1;33m[GUI] [Wrn] [toggle_floors.cpp:237] [0m[1;33mNode for [0m[1;33mPK_01[0m[1;33mwas not found[0m[1;33m[0m
[gazebo-2] [1;33m[GUI] [Wrn] [toggle_floors.cpp:237] [0m[1;33mNode for [0m[1;33mPK_02[0m[1;33mwas not found[0m[1;33m[0m
[gazebo-2] [1;33m[GUI] [Wrn] [toggle_floors.cpp:237] [0m[1;33mNode for [0m[1;33mPK_01[0m[1;33mwas not found[0m[1;33m[0m
[gazebo-2] [1;33m[GUI] [Wrn] [toggle_floors.cpp:237] [0m[1;33mNode for [0m[1;33mPK_02[0m[1;33mwas not found[0m[1;33m[0m
[gazebo-2] [1;33m[GUI] [Wrn] [toggle_floors.cpp:237] [0m[1;33mNode for [0m[1;33mPK_01[0m[1;33mwas not found[0m[1;33m[0m
[gazebo-2] [1;33m[GUI] [Wrn] [toggle_floors.cpp:237] [0m[1;33mNode for [0m[1;33mPK_02[0m[1;33mwas not found[0m[1;33m[0m
[gazebo-2] [1;33m[GUI] [Wrn] [toggle_floors.cpp:237] [0m[1;33mNode for [0m[1;33mPK_01[0m[1;33mwas not found[0m[1;33m[0m
[gazebo-2] [1;33m[GUI] [Wrn] [toggle_floors.cpp:237] [0m[1;33mNode for [0m[1;33mPK_02[0m[1;33mwas not found[0m[1;33m[0m
[gazebo-2] [1;33m[GUI] [Wrn] [toggle_floors.cpp:237] [0m[1;33mNode for [0m[1;33mPK_01[0m[1;33mwas not found[0m[1;33m[0m
[gazebo-2] [1;33m[GUI] [Wrn] [toggle_floors.cpp:237] [0m[1;33mNode for [0m[1;33mPK_02[0m[1;33mwas not found[0m[1;33m[0m
[gazebo-2] [1;33m[GUI] [Wrn] [toggle_floors.cpp:237] [0m[1;33mNode for [0m[1;33mPK_01[0m[1;33mwas not found[0m[1;33m[0m
[gazebo-2] [1;33m[GUI] [Wrn] [toggle_floors.cpp:237] [0m[1;33mNode for [0m[1;33mPK_02[0m[1;33mwas not found[0m[1;33m[0m
[gazebo-2] [1;33m[GUI] [Wrn] [toggle_floors.cpp:237] [0m[1;33mNode for [0m[1;33mPK_01[0m[1;33mwas not found[0m[1;33m[0m
[gazebo-2] [1;33m[GUI] [Wrn] [toggle_floors.cpp:237] [0m[1;33mNode for [0m[1;33mPK_02[0m[1;33mwas not found[0m[1;33m[0m
[gazebo-2] [1;33m[GUI] [Wrn] [toggle_floors.cpp:237] [0m[1;33mNode for [0m[1;33mPK_01[0m[1;33mwas not found[0m[1;33m[0m
[gazebo-2] [1;33m[GUI] [Wrn] [toggle_floors.cpp:237] [0m[1;33mNode for [0m[1;33mPK_02[0m[1;33mwas not found[0m[1;33m[0m
[gazebo-2] [1;33m[GUI] [Wrn] [toggle_floors.cpp:237] [0m[1;33mNode for [0m[1;33mPK_01[0m[1;33mwas not found[0m[1;33m[0m
[gazebo-2] [1;33m[GUI] [Wrn] [toggle_floors.cpp:237] [0m[1;33mNode for [0m[1;33mPK_02[0m[1;33mwas not found[0m[1;33m[0m
[gazebo-2] [1;33m[GUI] [Wrn] [toggle_floors.cpp:237] [0m[1;33mNode for [0m[1;33mPK_01[0m[1;33mwas not found[0m[1;33m[0m
[gazebo-2] [1;33m[GUI] [Wrn] [toggle_floors.cpp:237] [0m[1;33mNode for [0m[1;33mPK_02[0m[1;33mwas not found[0m[1;33m[0m
[gazebo-2] [1;33m[GUI] [Wrn] [toggle_floors.cpp:237] [0m[1;33mNode for [0m[1;33mPK_01[0m[1;33mwas not found[0m[1;33m[0m
[gazebo-2] [1;33m[GUI] [Wrn] [toggle_floors.cpp:237] [0m[1;33mNode for [0m[1;33mPK_02[0m[1;33mwas not found[0m[1;33m[0m
[gazebo-2] [1;33m[GUI] [Wrn] [toggle_floors.cpp:237] [0m[1;33mNode for [0m[1;33mPK_01[0m[1;33mwas not found[0m[1;33m[0m
[gazebo-2] [1;33m[GUI] [Wrn] [toggle_floors.cpp:237] [0m[1;33mNode for [0m[1;33mPK_02[0m[1;33mwas not found[0m[1;33m[0m
[gazebo-2] [1;33m[GUI] [Wrn] [toggle_floors.cpp:237] [0m[1;33mNode for [0m[1;33mPK_01[0m[1;33mwas not found[0m[1;33m[0m
[gazebo-2] [1;33m[GUI] [Wrn] [toggle_floors.cpp:237] [0m[1;33mNode for [0m[1;33mPK_02[0m[1;33mwas not found[0m[1;33m[0m
[gazebo-2] [1;33m[GUI] [Wrn] [toggle_floors.cpp:237] [0m[1;33mNode for [0m[1;33mPK_01[0m[1;33mwas not found[0m[1;33m[0m
[gazebo-2] [1;33m[GUI] [Wrn] [toggle_floors.cpp:237] [0m[1;33mNode for [0m[1;33mPK_02[0m[1;33mwas not found[0m[1;33m[0m
[gazebo-2] [1;33m[GUI] [Wrn] [toggle_floors.cpp:237] [0m[1;33mNode for [0m[1;33mPK_01[0m[1;33mwas not found[0m[1;33m[0m
[gazebo-2] [1;33m[GUI] [Wrn] [toggle_floors.cpp:237] [0m[1;33mNode for [0m[1;33mPK_02[0m[1;33mwas not found[0m[1;33m[0m
[gazebo-2] [1;33m[GUI] [Wrn] [toggle_floors.cpp:237] [0m[1;33mNode for [0m[1;33mPK_01[0m[1;33mwas not found[0m[1;33m[0m
[gazebo-2] [1;33m[GUI] [Wrn] [toggle_floors.cpp:237] [0m[1;33mNode for [0m[1;33mPK_02[0m[1;33mwas not found[0m[1;33m[0m
[gazebo-2] [1;33m[GUI] [Wrn] [toggle_floors.cpp:237] [0m[1;33mNode for [0m[1;33mPK_01[0m[1;33mwas not found[0m[1;33m[0m
[gazebo-2] [1;33m[GUI] [Wrn] [toggle_floors.cpp:237] [0m[1;33mNode for [0m[1;33mPK_02[0m[1;33mwas not found[0m[1;33m[0m
[gazebo-2] [1;33m[GUI] [Wrn] [toggle_floors.cpp:237] [0m[1;33mNode for [0m[1;33mPK_01[0m[1;33mwas not found[0m[1;33m[0m
[gazebo-2] [1;33m[GUI] [Wrn] [toggle_floors.cpp:237] [0m[1;33mNode for [0m[1;33mPK_02[0m[1;33mwas not found[0m[1;33m[0m
[gazebo-2] [1;33m[GUI] [Wrn] [toggle_floors.cpp:237] [0m[1;33mNode for [0m[1;33mPK_01[0m[1;33mwas not found[0m[1;33m[0m
[gazebo-2] [1;33m[GUI] [Wrn] [toggle_floors.cpp:237] [0m[1;33mNode for [0m[1;33mPK_02[0m[1;33mwas not found[0m[1;33m[0m
[gazebo-2] [1;33m[GUI] [Wrn] [toggle_floors.cpp:237] [0m[1;33mNode for [0m[1;33mPK_01[0m[1;33mwas not found[0m[1;33m[0m
[gazebo-2] [1;33m[GUI] [Wrn] [toggle_floors.cpp:237] [0m[1;33mNode for [0m[1;33mPK_02[0m[1;33mwas not found[0m[1;33m[0m
[gazebo-2] [1;33m[GUI] [Wrn] [toggle_floors.cpp:237] [0m[1;33mNode for [0m[1;33mPK_01[0m[1;33mwas not found[0m[1;33m[0m
[gazebo-2] [1;33m[GUI] [Wrn] [toggle_floors.cpp:237] [0m[1;33mNode for [0m[1;33mPK_02[0m[1;33mwas not found[0m[1;33m[0m
[gazebo-2] [1;33m[GUI] [Wrn] [toggle_floors.cpp:237] [0m[1;33mNode for [0m[1;33mPK_01[0m[1;33mwas not found[0m[1;33m[0m
[gazebo-2] [1;33m[GUI] [Wrn] [toggle_floors.cpp:237] [0m[1;33mNode for [0m[1;33mPK_02[0m[1;33mwas not found[0m[1;33m[0m
[gazebo-2] [1;33m[GUI] [Wrn] [toggle_floors.cpp:237] [0m[1;33mNode for [0m[1;33mPK_01[0m[1;33mwas not found[0m[1;33m[0m
[gazebo-2] [1;33m[GUI] [Wrn] [toggle_floors.cpp:237] [0m[1;33mNode for [0m[1;33mPK_02[0m[1;33mwas not found[0m[1;33m[0m
[gazebo-2] [1;33m[GUI] [Wrn] [toggle_floors.cpp:237] [0m[1;33mNode for [0m[1;33mPK_01[0m[1;33mwas not found[0m[1;33m[0m
[gazebo-2] [1;33m[GUI] [Wrn] [toggle_floors.cpp:237] [0m[1;33mNode for [0m[1;33mPK_02[0m[1;33mwas not found[0m[1;33m[0m
[gazebo-2] [1;33m[GUI] [Wrn] [toggle_floors.cpp:237] [0m[1;33mNode for [0m[1;33mPK_01[0m[1;33mwas not found[0m[1;33m[0m
[gazebo-2] [1;33m[GUI] [Wrn] [toggle_floors.cpp:237] [0m[1;33mNode for [0m[1;33mPK_02[0m[1;33mwas not found[0m[1;33m[0m
[gazebo-2] [1;33m[GUI] [Wrn] [toggle_floors.cpp:237] [0m[1;33mNode for [0m[1;33mPK_01[0m[1;33mwas not found[0m[1;33m[0m
[gazebo-2] [1;33m[GUI] [Wrn] [toggle_floors.cpp:237] [0m[1;33mNode for [0m[1;33mPK_02[0m[1;33mwas not found[0m[1;33m[0m
[gazebo-2] [1;33m[GUI] [Wrn] [toggle_floors.cpp:237] [0m[1;33mNode for [0m[1;33mPK_01[0m[1;33mwas not found[0m[1;33m[0m
[gazebo-2] [1;33m[GUI] [Wrn] [toggle_floors.cpp:237] [0m[1;33mNode for [0m[1;33mPK_02[0m[1;33mwas not found[0m[1;33m[0m
[gazebo-2] [1;33m[GUI] [Wrn] [toggle_floors.cpp:237] [0m[1;33mNode for [0m[1;33mPK_01[0m[1;33mwas not found[0m[1;33m[0m
[gazebo-2] [1;33m[GUI] [Wrn] [toggle_floors.cpp:237] [0m[1;33mNode for [0m[1;33mPK_02[0m[1;33mwas not found[0m[1;33m[0m
[gazebo-2] [1;33m[GUI] [Wrn] [toggle_floors.cpp:237] [0m[1;33mNode for [0m[1;33mPK_01[0m[1;33mwas not found[0m[1;33m[0m
[gazebo-2] [1;33m[GUI] [Wrn] [toggle_floors.cpp:237] [0m[1;33mNode for [0m[1;33mPK_02[0m[1;33mwas not found[0m[1;33m[0m
[gazebo-2] [1;33m[GUI] [Wrn] [toggle_floors.cpp:237] [0m[1;33mNode for [0m[1;33mPK_01[0m[1;33mwas not found[0m[1;33m[0m
[gazebo-2] [1;33m[GUI] [Wrn] [toggle_floors.cpp:237] [0m[1;33mNode for [0m[1;33mPK_02[0m[1;33mwas not found[0m[1;33m[0m
[gazebo-2] [1;33m[GUI] [Wrn] [toggle_floors.cpp:237] [0m[1;33mNode for [0m[1;33mPK_01[0m[1;33mwas not found[0m[1;33m[0m
[gazebo-2] [1;33m[GUI] [Wrn] [toggle_floors.cpp:237] [0m[1;33mNode for [0m[1;33mPK_02[0m[1;33mwas not found[0m[1;33m[0m
[gazebo-2] [1;33m[GUI] [Wrn] [toggle_floors.cpp:237] [0m[1;33mNode for [0m[1;33mPK_01[0m[1;33mwas not found[0m[1;33m[0m
[gazebo-2] [1;33m[GUI] [Wrn] [toggle_floors.cpp:237] [0m[1;33mNode for [0m[1;33mPK_02[0m[1;33mwas not found[0m[1;33m[0m
[gazebo-2] [1;33m[GUI] [Wrn] [toggle_floors.cpp:237] [0m[1;33mNode for [0m[1;33mPK_01[0m[1;33mwas not found[0m[1;33m[0m
[gazebo-2] [1;33m[GUI] [Wrn] [toggle_floors.cpp:237] [0m[1;33mNode for [0m[1;33mPK_02[0m[1;33mwas not found[0m[1;33m[0m
[gazebo-2] [1;33m[GUI] [Wrn] [toggle_floors.cpp:237] [0m[1;33mNode for [0m[1;33mPK_01[0m[1;33mwas not found[0m[1;33m[0m
[gazebo-2] [1;33m[GUI] [Wrn] [toggle_floors.cpp:237] [0m[1;33mNode for [0m[1;33mPK_02[0m[1;33mwas not found[0m[1;33m[0m
[gazebo-2] [1;33m[GUI] [Wrn] [toggle_floors.cpp:237] [0m[1;33mNode for [0m[1;33mPK_01[0m[1;33mwas not found[0m[1;33m[0m
[gazebo-2] [1;33m[GUI] [Wrn] [toggle_floors.cpp:237] [0m[1;33mNode for [0m[1;33mPK_02[0m[1;33mwas not found[0m[1;33m[0m
[gazebo-2] [1;33m[GUI] [Wrn] [toggle_floors.cpp:237] [0m[1;33mNode for [0m[1;33mPK_01[0m[1;33mwas not found[0m[1;33m[0m
[gazebo-2] [1;33m[GUI] [Wrn] [toggle_floors.cpp:237] [0m[1;33mNode for [0m[1;33mPK_02[0m[1;33mwas not found[0m[1;33m[0m
[gazebo-2] [1;33m[GUI] [Wrn] [toggle_floors.cpp:237] [0m[1;33mNode for [0m[1;33mPK_01[0m[1;33mwas not found[0m[1;33m[0m
[gazebo-2] [1;33m[GUI] [Wrn] [toggle_floors.cpp:237] [0m[1;33mNode for [0m[1;33mPK_02[0m[1;33mwas not found[0m[1;33m[0m
[gazebo-2] [1;33m[GUI] [Wrn] [toggle_floors.cpp:237] [0m[1;33mNode for [0m[1;33mPK_01[0m[1;33mwas not found[0m[1;33m[0m
[gazebo-2] [1;33m[GUI] [Wrn] [toggle_floors.cpp:237] [0m[1;33mNode for [0m[1;33mPK_02[0m[1;33mwas not found[0m[1;33m[0m
[gazebo-2] [1;33m[GUI] [Wrn] [toggle_floors.cpp:237] [0m[1;33mNode for [0m[1;33mPK_01[0m[1;33mwas not found[0m[1;33m[0m
[gazebo-2] [1;33m[GUI] [Wrn] [toggle_floors.cpp:237] [0m[1;33mNode for [0m[1;33mPK_02[0m[1;33mwas not found[0m[1;33m[0m
[gazebo-2] [1;33m[GUI] [Wrn] [toggle_floors.cpp:237] [0m[1;33mNode for [0m[1;33mPK_01[0m[1;33mwas not found[0m[1;33m[0m
[gazebo-2] [1;33m[GUI] [Wrn] [toggle_floors.cpp:237] [0m[1;33mNode for [0m[1;33mPK_02[0m[1;33mwas not found[0m[1;33m[0m
[gazebo-2] [1;33m[GUI] [Wrn] [toggle_floors.cpp:237] [0m[1;33mNode for [0m[1;33mPK_01[0m[1;33mwas not found[0m[1;33m[0m
[gazebo-2] [1;33m[GUI] [Wrn] [toggle_floors.cpp:237] [0m[1;33mNode for [0m[1;33mPK_02[0m[1;33mwas not found[0m[1;33m[0m
[gazebo-2] [1;33m[GUI] [Wrn] [toggle_floors.cpp:237] [0m[1;33mNode for [0m[1;33mPK_01[0m[1;33mwas not found[0m[1;33m[0m
[gazebo-2] [1;33m[GUI] [Wrn] [toggle_floors.cpp:237] [0m[1;33mNode for [0m[1;33mPK_02[0m[1;33mwas not found[0m[1;33m[0m
[gazebo-2] [1;33m[GUI] [Wrn] [toggle_floors.cpp:237] [0m[1;33mNode for [0m[1;33mPK_01[0m[1;33mwas not found[0m[1;33m[0m
[gazebo-2] [1;33m[GUI] [Wrn] [toggle_floors.cpp:237] [0m[1;33mNode for [0m[1;33mPK_02[0m[1;33mwas not found[0m[1;33m[0m
[gazebo-2] [1;33m[GUI] [Wrn] [toggle_floors.cpp:237] [0m[1;33mNode for [0m[1;33mPK_01[0m[1;33mwas not found[0m[1;33m[0m
[gazebo-2] [1;33m[GUI] [Wrn] [toggle_floors.cpp:237] [0m[1;33mNode for [0m[1;33mPK_02[0m[1;33mwas not found[0m[1;33m[0m
[gazebo-2] [1;33m[GUI] [Wrn] [toggle_floors.cpp:237] [0m[1;33mNode for [0m[1;33mPK_01[0m[1;33mwas not found[0m[1;33m[0m
[gazebo-2] [1;33m[GUI] [Wrn] [toggle_floors.cpp:237] [0m[1;33mNode for [0m[1;33mPK_02[0m[1;33mwas not found[0m[1;33m[0m
[gazebo-2] [1;33m[GUI] [Wrn] [toggle_floors.cpp:237] [0m[1;33mNode for [0m[1;33mPK_01[0m[1;33mwas not found[0m[1;33m[0m
[gazebo-2] [1;33m[GUI] [Wrn] [toggle_floors.cpp:237] [0m[1;33mNode for [0m[1;33mPK_02[0m[1;33mwas not found[0m[1;33m[0m
[gazebo-2] [1;33m[GUI] [Wrn] [toggle_floors.cpp:237] [0m[1;33mNode for [0m[1;33mPK_01[0m[1;33mwas not found[0m[1;33m[0m
[gazebo-2] [1;33m[GUI] [Wrn] [toggle_floors.cpp:237] [0m[1;33mNode for [0m[1;33mPK_02[0m[1;33mwas not found[0m[1;33m[0m
[gazebo-2] [1;33m[GUI] [Wrn] [toggle_floors.cpp:237] [0m[1;33mNode for [0m[1;33mPK_01[0m[1;33mwas not found[0m[1;33m[0m
[gazebo-2] [1;33m[GUI] [Wrn] [toggle_floors.cpp:237] [0m[1;33mNode for [0m[1;33mPK_02[0m[1;33mwas not found[0m[1;33m[0m
[gazebo-2] [1;33m[GUI] [Wrn] [toggle_floors.cpp:237] [0m[1;33mNode for [0m[1;33mPK_01[0m[1;33mwas not found[0m[1;33m[0m
[gazebo-2] [1;33m[GUI] [Wrn] [toggle_floors.cpp:237] [0m[1;33mNode for [0m[1;33mPK_02[0m[1;33mwas not found[0m[1;33m[0m
[gazebo-2] [1;33m[GUI] [Wrn] [toggle_floors.cpp:237] [0m[1;33mNode for [0m[1;33mPK_01[0m[1;33mwas not found[0m[1;33m[0m
[gazebo-2] [1;33m[GUI] [Wrn] [toggle_floors.cpp:237] [0m[1;33mNode for [0m[1;33mPK_02[0m[1;33mwas not found[0m[1;33m[0m
[gazebo-2] [1;33m[GUI] [Wrn] [toggle_floors.cpp:237] [0m[1;33mNode for [0m[1;33mPK_01[0m[1;33mwas not found[0m[1;33m[0m
[gazebo-2] [1;33m[GUI] [Wrn] [toggle_floors.cpp:237] [0m[1;33mNode for [0m[1;33mPK_02[0m[1;33mwas not found[0m[1;33m[0m
[gazebo-2] [1;33m[GUI] [Wrn] [toggle_floors.cpp:237] [0m[1;33mNode for [0m[1;33mPK_01[0m[1;33mwas not found[0m[1;33m[0m
[gazebo-2] [1;33m[GUI] [Wrn] [toggle_floors.cpp:237] [0m[1;33mNode for [0m[1;33mPK_02[0m[1;33mwas not found[0m[1;33m[0m
[gazebo-2] [1;33m[GUI] [Wrn] [toggle_floors.cpp:237] [0m[1;33mNode for [0m[1;33mPK_01[0m[1;33mwas not found[0m[1;33m[0m
[gazebo-2] [1;33m[GUI] [Wrn] [toggle_floors.cpp:237] [0m[1;33mNode for [0m[1;33mPK_02[0m[1;33mwas not found[0m[1;33m[0m
[gazebo-2] [1;33m[GUI] [Wrn] [toggle_floors.cpp:237] [0m[1;33mNode for [0m[1;33mPK_01[0m[1;33mwas not found[0m[1;33m[0m
[gazebo-2] [1;33m[GUI] [Wrn] [toggle_floors.cpp:237] [0m[1;33mNode for [0m[1;33mPK_02[0m[1;33mwas not found[0m[1;33m[0m
[gazebo-2] [1;33m[GUI] [Wrn] [toggle_floors.cpp:237] [0m[1;33mNode for [0m[1;33mPK_01[0m[1;33mwas not found[0m[1;33m[0m
[gazebo-2] [1;33m[GUI] [Wrn] [toggle_floors.cpp:237] [0m[1;33mNode for [0m[1;33mPK_02[0m[1;33mwas not found[0m[1;33m[0m
[gazebo-2] [1;33m[GUI] [Wrn] [toggle_floors.cpp:237] [0m[1;33mNode for [0m[1;33mPK_01[0m[1;33mwas not found[0m[1;33m[0m
[gazebo-2] [1;33m[GUI] [Wrn] [toggle_floors.cpp:237] [0m[1;33mNode for [0m[1;33mPK_02[0m[1;33mwas not found[0m[1;33m[0m
[gazebo-2] [1;33m[GUI] [Wrn] [toggle_floors.cpp:237] [0m[1;33mNode for [0m[1;33mPK_01[0m[1;33mwas not found[0m[1;33m[0m
[gazebo-2] [1;33m[GUI] [Wrn] [toggle_floors.cpp:237] [0m[1;33mNode for [0m[1;33mPK_02[0m[1;33mwas not found[0m[1;33m[0m
[gazebo-2] [1;33m[GUI] [Wrn] [toggle_floors.cpp:237] [0m[1;33mNode for [0m[1;33mPK_01[0m[1;33mwas not found[0m[1;33m[0m
[gazebo-2] [1;33m[GUI] [Wrn] [toggle_floors.cpp:237] [0m[1;33mNode for [0m[1;33mPK_02[0m[1;33mwas not found[0m[1;33m[0m
[gazebo-2] [1;33m[GUI] [Wrn] [toggle_floors.cpp:237] [0m[1;33mNode for [0m[1;33mPK_01[0m[1;33mwas not found[0m[1;33m[0m
[gazebo-2] [1;33m[GUI] [Wrn] [toggle_floors.cpp:237] [0m[1;33mNode for [0m[1;33mPK_02[0m[1;33mwas not found[0m[1;33m[0m
[gazebo-2] [1;33m[GUI] [Wrn] [toggle_floors.cpp:237] [0m[1;33mNode for [0m[1;33mPK_01[0m[1;33mwas not found[0m[1;33m[0m
[gazebo-2] [1;33m[GUI] [Wrn] [toggle_floors.cpp:237] [0m[1;33mNode for [0m[1;33mPK_02[0m[1;33mwas not found[0m[1;33m[0m
[gazebo-2] [1;33m[GUI] [Wrn] [toggle_floors.cpp:237] [0m[1;33mNode for [0m[1;33mPK_01[0m[1;33mwas not found[0m[1;33m[0m
[gazebo-2] [1;33m[GUI] [Wrn] [toggle_floors.cpp:237] [0m[1;33mNode for [0m[1;33mPK_02[0m[1;33mwas not found[0m[1;33m[0m
[gazebo-2] [1;33m[GUI] [Wrn] [toggle_floors.cpp:237] [0m[1;33mNode for [0m[1;33mPK_01[0m[1;33mwas not found[0m[1;33m[0m
[gazebo-2] [1;33m[GUI] [Wrn] [toggle_floors.cpp:237] [0m[1;33mNode for [0m[1;33mPK_02[0m[1;33mwas not found[0m[1;33m[0m
[gazebo-2] [1;33m[GUI] [Wrn] [toggle_floors.cpp:237] [0m[1;33mNode for [0m[1;33mPK_01[0m[1;33mwas not found[0m[1;33m[0m
[gazebo-2] [1;33m[GUI] [Wrn] [toggle_floors.cpp:237] [0m[1;33mNode for [0m[1;33mPK_02[0m[1;33mwas not found[0m[1;33m[0m
[gazebo-2] [1;33m[GUI] [Wrn] [toggle_floors.cpp:237] [0m[1;33mNode for [0m[1;33mPK_01[0m[1;33mwas not found[0m[1;33m[0m
[gazebo-2] [1;33m[GUI] [Wrn] [toggle_floors.cpp:237] [0m[1;33mNode for [0m[1;33mPK_02[0m[1;33mwas not found[0m[1;33m[0m
[gazebo-2] [1;33m[GUI] [Wrn] [toggle_floors.cpp:237] [0m[1;33mNode for [0m[1;33mPK_01[0m[1;33mwas not found[0m[1;33m[0m
[gazebo-2] [1;33m[GUI] [Wrn] [toggle_floors.cpp:237] [0m[1;33mNode for [0m[1;33mPK_02[0m[1;33mwas not found[0m[1;33m[0m
[gazebo-2] [1;33m[GUI] [Wrn] [toggle_floors.cpp:237] [0m[1;33mNode for [0m[1;33mPK_01[0m[1;33mwas not found[0m[1;33m[0m
[gazebo-2] [1;33m[GUI] [Wrn] [toggle_floors.cpp:237] [0m[1;33mNode for [0m[1;33mPK_02[0m[1;33mwas not found[0m[1;33m[0m
[gazebo-2] [1;33m[GUI] [Wrn] [toggle_floors.cpp:237] [0m[1;33mNode for [0m[1;33mPK_01[0m[1;33mwas not found[0m[1;33m[0m
[gazebo-2] [1;33m[GUI] [Wrn] [toggle_floors.cpp:237] [0m[1;33mNode for [0m[1;33mPK_02[0m[1;33mwas not found[0m[1;33m[0m
[gazebo-2] [1;33m[GUI] [Wrn] [toggle_floors.cpp:237] [0m[1;33mNode for [0m[1;33mPK_01[0m[1;33mwas not found[0m[1;33m[0m
[gazebo-2] [1;33m[GUI] [Wrn] [toggle_floors.cpp:237] [0m[1;33mNode for [0m[1;33mPK_02[0m[1;33mwas not found[0m[1;33m[0m
[gazebo-2] [1;33m[GUI] [Wrn] [toggle_floors.cpp:237] [0m[1;33mNode for [0m[1;33mPK_01[0m[1;33mwas not found[0m[1;33m[0m
[gazebo-2] [1;33m[GUI] [Wrn] [toggle_floors.cpp:237] [0m[1;33mNode for [0m[1;33mPK_02[0m[1;33mwas not found[0m[1;33m[0m
[gazebo-2] [1;33m[GUI] [Wrn] [toggle_floors.cpp:237] [0m[1;33mNode for [0m[1;33mPK_01[0m[1;33mwas not found[0m[1;33m[0m
[gazebo-2] [1;33m[GUI] [Wrn] [toggle_floors.cpp:237] [0m[1;33mNode for [0m[1;33mPK_02[0m[1;33mwas not found[0m[1;33m[0m
[gazebo-2] [1;33m[GUI] [Wrn] [toggle_floors.cpp:237] [0m[1;33mNode for [0m[1;33mPK_01[0m[1;33mwas not found[0m[1;33m[0m
[gazebo-2] [1;33m[GUI] [Wrn] [toggle_floors.cpp:237] [0m[1;33mNode for [0m[1;33mPK_02[0m[1;33mwas not found[0m[1;33m[0m
[gazebo-2] [1;33m[GUI] [Wrn] [toggle_floors.cpp:237] [0m[1;33mNode for [0m[1;33mPK_01[0m[1;33mwas not found[0m[1;33m[0m
[gazebo-2] [1;33m[GUI] [Wrn] [toggle_floors.cpp:237] [0m[1;33mNode for [0m[1;33mPK_02[0m[1;33mwas not found[0m[1;33m[0m
[gazebo-2] [1;33m[GUI] [Wrn] [toggle_floors.cpp:237] [0m[1;33mNode for [0m[1;33mPK_01[0m[1;33mwas not found[0m[1;33m[0m
[gazebo-2] [1;33m[GUI] [Wrn] [toggle_floors.cpp:237] [0m[1;33mNode for [0m[1;33mPK_02[0m[1;33mwas not found[0m[1;33m[0m
[gazebo-2] [1;33m[GUI] [Wrn] [toggle_floors.cpp:237] [0m[1;33mNode for [0m[1;33mPK_01[0m[1;33mwas not found[0m[1;33m[0m
[gazebo-2] [1;33m[GUI] [Wrn] [toggle_floors.cpp:237] [0m[1;33mNode for [0m[1;33mPK_02[0m[1;33mwas not found[0m[1;33m[0m
[gazebo-2] [1;33m[GUI] [Wrn] [toggle_floors.cpp:237] [0m[1;33mNode for [0m[1;33mPK_01[0m[1;33mwas not found[0m[1;33m[0m
[gazebo-2] [1;33m[GUI] [Wrn] [toggle_floors.cpp:237] [0m[1;33mNode for [0m[1;33mPK_02[0m[1;33mwas not found[0m[1;33m[0m
[gazebo-2] [1;33m[GUI] [Wrn] [toggle_floors.cpp:237] [0m[1;33mNode for [0m[1;33mPK_01[0m[1;33mwas not found[0m[1;33m[0m
[gazebo-2] [1;33m[GUI] [Wrn] [toggle_floors.cpp:237] [0m[1;33mNode for [0m[1;33mPK_02[0m[1;33mwas not found[0m[1;33m[0m
[gazebo-2] [1;33m[GUI] [Wrn] [toggle_floors.cpp:237] [0m[1;33mNode for [0m[1;33mPK_01[0m[1;33mwas not found[0m[1;33m[0m
[gazebo-2] [1;33m[GUI] [Wrn] [toggle_floors.cpp:237] [0m[1;33mNode for [0m[1;33mPK_02[0m[1;33mwas not found[0m[1;33m[0m
[gazebo-2] [1;33m[GUI] [Wrn] [toggle_floors.cpp:237] [0m[1;33mNode for [0m[1;33mPK_01[0m[1;33mwas not found[0m[1;33m[0m
[gazebo-2] [1;33m[GUI] [Wrn] [toggle_floors.cpp:237] [0m[1;33mNode for [0m[1;33mPK_02[0m[1;33mwas not found[0m[1;33m[0m
[gazebo-2] [1;33m[GUI] [Wrn] [toggle_floors.cpp:237] [0m[1;33mNode for [0m[1;33mPK_01[0m[1;33mwas not found[0m[1;33m[0m
[gazebo-2] [1;33m[GUI] [Wrn] [toggle_floors.cpp:237] [0m[1;33mNode for [0m[1;33mPK_02[0m[1;33mwas not found[0m[1;33m[0m
[gazebo-2] [1;33m[GUI] [Wrn] [toggle_floors.cpp:237] [0m[1;33mNode for [0m[1;33mPK_01[0m[1;33mwas not found[0m[1;33m[0m
[gazebo-2] [1;33m[GUI] [Wrn] [toggle_floors.cpp:237] [0m[1;33mNode for [0m[1;33mPK_02[0m[1;33mwas not found[0m[1;33m[0m
[gazebo-2] [1;33m[GUI] [Wrn] [toggle_floors.cpp:237] [0m[1;33mNode for [0m[1;33mPK_01[0m[1;33mwas not found[0m[1;33m[0m
[gazebo-2] [1;33m[GUI] [Wrn] [toggle_floors.cpp:237] [0m[1;33mNode for [0m[1;33mPK_02[0m[1;33mwas not found[0m[1;33m[0m
[gazebo-2] [1;33m[GUI] [Wrn] [toggle_floors.cpp:237] [0m[1;33mNode for [0m[1;33mPK_01[0m[1;33mwas not found[0m[1;33m[0m
[gazebo-2] [1;33m[GUI] [Wrn] [toggle_floors.cpp:237] [0m[1;33mNode for [0m[1;33mPK_02[0m[1;33mwas not found[0m[1;33m[0m
[gazebo-2] [1;33m[GUI] [Wrn] [toggle_floors.cpp:237] [0m[1;33mNode for [0m[1;33mPK_01[0m[1;33mwas not found[0m[1;33m[0m
[gazebo-2] [1;33m[GUI] [Wrn] [toggle_floors.cpp:237] [0m[1;33mNode for [0m[1;33mPK_02[0m[1;33mwas not found[0m[1;33m[0m
[gazebo-2] [1;33m[GUI] [Wrn] [toggle_floors.cpp:237] [0m[1;33mNode for [0m[1;33mPK_01[0m[1;33mwas not found[0m[1;33m[0m
[gazebo-2] [1;33m[GUI] [Wrn] [toggle_floors.cpp:237] [0m[1;33mNode for [0m[1;33mPK_02[0m[1;33mwas not found[0m[1;33m[0m
[gazebo-2] [1;33m[GUI] [Wrn] [toggle_floors.cpp:237] [0m[1;33mNode for [0m[1;33mPK_01[0m[1;33mwas not found[0m[1;33m[0m
[gazebo-2] [1;33m[GUI] [Wrn] [toggle_floors.cpp:237] [0m[1;33mNode for [0m[1;33mPK_02[0m[1;33mwas not found[0m[1;33m[0m
[gazebo-2] [1;33m[GUI] [Wrn] [toggle_floors.cpp:237] [0m[1;33mNode for [0m[1;33mPK_01[0m[1;33mwas not found[0m[1;33m[0m
[gazebo-2] [1;33m[GUI] [Wrn] [toggle_floors.cpp:237] [0m[1;33mNode for [0m[1;33mPK_02[0m[1;33mwas not found[0m[1;33m[0m
[gazebo-2] [1;33m[GUI] [Wrn] [toggle_floors.cpp:237] [0m[1;33mNode for [0m[1;33mPK_01[0m[1;33mwas not found[0m[1;33m[0m
[gazebo-2] [1;33m[GUI] [Wrn] [toggle_floors.cpp:237] [0m[1;33mNode for [0m[1;33mPK_02[0m[1;33mwas not found[0m[1;33m[0m
[gazebo-2] [1;33m[GUI] [Wrn] [toggle_floors.cpp:237] [0m[1;33mNode for [0m[1;33mPK_01[0m[1;33mwas not found[0m[1;33m[0m
[gazebo-2] [1;33m[GUI] [Wrn] [toggle_floors.cpp:237] [0m[1;33mNode for [0m[1;33mPK_02[0m[1;33mwas not found[0m[1;33m[0m
[gazebo-2] [1;33m[GUI] [Wrn] [toggle_floors.cpp:237] [0m[1;33mNode for [0m[1;33mPK_01[0m[1;33mwas not found[0m[1;33m[0m
[gazebo-2] [1;33m[GUI] [Wrn] [toggle_floors.cpp:237] [0m[1;33mNode for [0m[1;33mPK_02[0m[1;33mwas not found[0m[1;33m[0m
[gazebo-2] [1;33m[GUI] [Wrn] [toggle_floors.cpp:237] [0m[1;33mNode for [0m[1;33mPK_01[0m[1;33mwas not found[0m[1;33m[0m
[gazebo-2] [1;33m[GUI] [Wrn] [toggle_floors.cpp:237] [0m[1;33mNode for [0m[1;33mPK_02[0m[1;33mwas not found[0m[1;33m[0m
[gazebo-2] [1;33m[GUI] [Wrn] [toggle_floors.cpp:237] [0m[1;33mNode for [0m[1;33mPK_01[0m[1;33mwas not found[0m[1;33m[0m
[gazebo-2] [1;33m[GUI] [Wrn] [toggle_floors.cpp:237] [0m[1;33mNode for [0m[1;33mPK_02[0m[1;33mwas not found[0m[1;33m[0m
[gazebo-2] [1;33m[GUI] [Wrn] [toggle_floors.cpp:237] [0m[1;33mNode for [0m[1;33mPK_01[0m[1;33mwas not found[0m[1;33m[0m
[gazebo-2] [1;33m[GUI] [Wrn] [toggle_floors.cpp:237] [0m[1;33mNode for [0m[1;33mPK_02[0m[1;33mwas not found[0m[1;33m[0m
[gazebo-2] [1;33m[GUI] [Wrn] [toggle_floors.cpp:237] [0m[1;33mNode for [0m[1;33mPK_01[0m[1;33mwas not found[0m[1;33m[0m
[gazebo-2] [1;33m[GUI] [Wrn] [toggle_floors.cpp:237] [0m[1;33mNode for [0m[1;33mPK_02[0m[1;33mwas not found[0m[1;33m[0m
[gazebo-2] [1;33m[GUI] [Wrn] [toggle_floors.cpp:237] [0m[1;33mNode for [0m[1;33mPK_01[0m[1;33mwas not found[0m[1;33m[0m
[gazebo-2] [1;33m[GUI] [Wrn] [toggle_floors.cpp:237] [0m[1;33mNode for [0m[1;33mPK_02[0m[1;33mwas not found[0m[1;33m[0m
[gazebo-2] [1;33m[GUI] [Wrn] [toggle_floors.cpp:237] [0m[1;33mNode for [0m[1;33mPK_01[0m[1;33mwas not found[0m[1;33m[0m
[gazebo-2] [1;33m[GUI] [Wrn] [toggle_floors.cpp:237] [0m[1;33mNode for [0m[1;33mPK_02[0m[1;33mwas not found[0m[1;33m[0m
[gazebo-2] [1;33m[GUI] [Wrn] [toggle_floors.cpp:237] [0m[1;33mNode for [0m[1;33mPK_01[0m[1;33mwas not found[0m[1;33m[0m
[gazebo-2] [1;33m[GUI] [Wrn] [toggle_floors.cpp:237] [0m[1;33mNode for [0m[1;33mPK_02[0m[1;33mwas not found[0m[1;33m[0m
[gazebo-2] [1;33m[GUI] [Wrn] [toggle_floors.cpp:237] [0m[1;33mNode for [0m[1;33mPK_01[0m[1;33mwas not found[0m[1;33m[0m
[gazebo-2] [1;33m[GUI] [Wrn] [toggle_floors.cpp:237] [0m[1;33mNode for [0m[1;33mPK_02[0m[1;33mwas not found[0m[1;33m[0m
[gazebo-2] [1;33m[GUI] [Wrn] [toggle_floors.cpp:237] [0m[1;33mNode for [0m[1;33mPK_01[0m[1;33mwas not found[0m[1;33m[0m
[gazebo-2] [1;33m[GUI] [Wrn] [toggle_floors.cpp:237] [0m[1;33mNode for [0m[1;33mPK_02[0m[1;33mwas not found[0m[1;33m[0m
[gazebo-2] [1;33m[GUI] [Wrn] [toggle_floors.cpp:237] [0m[1;33mNode for [0m[1;33mPK_01[0m[1;33mwas not found[0m[1;33m[0m
[gazebo-2] [1;33m[GUI] [Wrn] [toggle_floors.cpp:237] [0m[1;33mNode for [0m[1;33mPK_02[0m[1;33mwas not found[0m[1;33m[0m
[gazebo-2] [1;33m[GUI] [Wrn] [toggle_floors.cpp:237] [0m[1;33mNode for [0m[1;33mPK_01[0m[1;33mwas not found[0m[1;33m[0m
[gazebo-2] [1;33m[GUI] [Wrn] [toggle_floors.cpp:237] [0m[1;33mNode for [0m[1;33mPK_02[0m[1;33mwas not found[0m[1;33m[0m
[gazebo-2] [1;33m[GUI] [Wrn] [toggle_floors.cpp:237] [0m[1;33mNode for [0m[1;33mPK_01[0m[1;33mwas not found[0m[1;33m[0m
[gazebo-2] [1;33m[GUI] [Wrn] [toggle_floors.cpp:237] [0m[1;33mNode for [0m[1;33mPK_02[0m[1;33mwas not found[0m[1;33m[0m
[gazebo-2] [1;33m[GUI] [Wrn] [toggle_floors.cpp:237] [0m[1;33mNode for [0m[1;33mPK_01[0m[1;33mwas not found[0m[1;33m[0m
[gazebo-2] [1;33m[GUI] [Wrn] [toggle_floors.cpp:237] [0m[1;33mNode for [0m[1;33mPK_02[0m[1;33mwas not found[0m[1;33m[0m
[gazebo-2] [1;33m[GUI] [Wrn] [toggle_floors.cpp:237] [0m[1;33mNode for [0m[1;33mPK_01[0m[1;33mwas not found[0m[1;33m[0m
[gazebo-2] [1;33m[GUI] [Wrn] [toggle_floors.cpp:237] [0m[1;33mNode for [0m[1;33mPK_02[0m[1;33mwas not found[0m[1;33m[0m
[gazebo-2] [1;33m[GUI] [Wrn] [toggle_floors.cpp:237] [0m[1;33mNode for [0m[1;33mPK_01[0m[1;33mwas not found[0m[1;33m[0m
[gazebo-2] [1;33m[GUI] [Wrn] [toggle_floors.cpp:237] [0m[1;33mNode for [0m[1;33mPK_02[0m[1;33mwas not found[0m[1;33m[0m
[gazebo-2] [1;33m[GUI] [Wrn] [toggle_floors.cpp:237] [0m[1;33mNode for [0m[1;33mPK_01[0m[1;33mwas not found[0m[1;33m[0m
[gazebo-2] [1;33m[GUI] [Wrn] [toggle_floors.cpp:237] [0m[1;33mNode for [0m[1;33mPK_02[0m[1;33mwas not found[0m[1;33m[0m
[gazebo-2] [1;33m[GUI] [Wrn] [toggle_floors.cpp:237] [0m[1;33mNode for [0m[1;33mPK_01[0m[1;33mwas not found[0m[1;33m[0m
[gazebo-2] [1;33m[GUI] [Wrn] [toggle_floors.cpp:237] [0m[1;33mNode for [0m[1;33mPK_02[0m[1;33mwas not found[0m[1;33m[0m
[gazebo-2] [1;33m[GUI] [Wrn] [toggle_floors.cpp:237] [0m[1;33mNode for [0m[1;33mPK_01[0m[1;33mwas not found[0m[1;33m[0m
[gazebo-2] [1;33m[GUI] [Wrn] [toggle_floors.cpp:237] [0m[1;33mNode for [0m[1;33mPK_02[0m[1;33mwas not found[0m[1;33m[0m
[gazebo-2] [1;33m[GUI] [Wrn] [toggle_floors.cpp:237] [0m[1;33mNode for [0m[1;33mPK_01[0m[1;33mwas not found[0m[1;33m[0m
[gazebo-2] [1;33m[GUI] [Wrn] [toggle_floors.cpp:237] [0m[1;33mNode for [0m[1;33mPK_02[0m[1;33mwas not found[0m[1;33m[0m
[gazebo-2] [1;33m[GUI] [Wrn] [toggle_floors.cpp:237] [0m[1;33mNode for [0m[1;33mPK_01[0m[1;33mwas not found[0m[1;33m[0m
[gazebo-2] [1;33m[GUI] [Wrn] [toggle_floors.cpp:237] [0m[1;33mNode for [0m[1;33mPK_02[0m[1;33mwas not found[0m[1;33m[0m
[gazebo-2] [1;33m[GUI] [Wrn] [toggle_floors.cpp:237] [0m[1;33mNode for [0m[1;33mPK_01[0m[1;33mwas not found[0m[1;33m[0m
[gazebo-2] [1;33m[GUI] [Wrn] [toggle_floors.cpp:237] [0m[1;33mNode for [0m[1;33mPK_02[0m[1;33mwas not found[0m[1;33m[0m
[gazebo-2] [1;33m[GUI] [Wrn] [toggle_floors.cpp:237] [0m[1;33mNode for [0m[1;33mPK_01[0m[1;33mwas not found[0m[1;33m[0m
[gazebo-2] [1;33m[GUI] [Wrn] [toggle_floors.cpp:237] [0m[1;33mNode for [0m[1;33mPK_02[0m[1;33mwas not found[0m[1;33m[0m
[gazebo-2] [1;33m[GUI] [Wrn] [toggle_floors.cpp:237] [0m[1;33mNode for [0m[1;33mPK_01[0m[1;33mwas not found[0m[1;33m[0m
[gazebo-2] [1;33m[GUI] [Wrn] [toggle_floors.cpp:237] [0m[1;33mNode for [0m[1;33mPK_02[0m[1;33mwas not found[0m[1;33m[0m
[gazebo-2] [1;33m[GUI] [Wrn] [toggle_floors.cpp:237] [0m[1;33mNode for [0m[1;33mPK_01[0m[1;33mwas not found[0m[1;33m[0m
[gazebo-2] [1;33m[GUI] [Wrn] [toggle_floors.cpp:237] [0m[1;33mNode for [0m[1;33mPK_02[0m[1;33mwas not found[0m[1;33m[0m
[gazebo-2] [1;33m[GUI] [Wrn] [toggle_floors.cpp:237] [0m[1;33mNode for [0m[1;33mPK_01[0m[1;33mwas not found[0m[1;33m[0m
[gazebo-2] [1;33m[GUI] [Wrn] [toggle_floors.cpp:237] [0m[1;33mNode for [0m[1;33mPK_02[0m[1;33mwas not found[0m[1;33m[0m
[gazebo-2] [1;33m[GUI] [Wrn] [toggle_floors.cpp:237] [0m[1;33mNode for [0m[1;33mPK_01[0m[1;33mwas not found[0m[1;33m[0m
[gazebo-2] [1;33m[GUI] [Wrn] [toggle_floors.cpp:237] [0m[1;33mNode for [0m[1;33mPK_02[0m[1;33mwas not found[0m[1;33m[0m
[gazebo-2] [1;33m[GUI] [Wrn] [toggle_floors.cpp:237] [0m[1;33mNode for [0m[1;33mPK_01[0m[1;33mwas not found[0m[1;33m[0m
[gazebo-2] [1;33m[GUI] [Wrn] [toggle_floors.cpp:237] [0m[1;33mNode for [0m[1;33mPK_02[0m[1;33mwas not found[0m[1;33m[0m
[gazebo-2] [1;33m[GUI] [Wrn] [toggle_floors.cpp:237] [0m[1;33mNode for [0m[1;33mPK_01[0m[1;33mwas not found[0m[1;33m[0m
[gazebo-2] [1;33m[GUI] [Wrn] [toggle_floors.cpp:237] [0m[1;33mNode for [0m[1;33mPK_02[0m[1;33mwas not found[0m[1;33m[0m
[gazebo-2] [1;33m[GUI] [Wrn] [toggle_floors.cpp:237] [0m[1;33mNode for [0m[1;33mPK_01[0m[1;33mwas not found[0m[1;33m[0m
[gazebo-2] [1;33m[GUI] [Wrn] [toggle_floors.cpp:237] [0m[1;33mNode for [0m[1;33mPK_02[0m[1;33mwas not found[0m[1;33m[0m
[gazebo-2] [1;33m[GUI] [Wrn] [toggle_floors.cpp:237] [0m[1;33mNode for [0m[1;33mPK_01[0m[1;33mwas not found[0m[1;33m[0m
[gazebo-2] [1;33m[GUI] [Wrn] [toggle_floors.cpp:237] [0m[1;33mNode for [0m[1;33mPK_02[0m[1;33mwas not found[0m[1;33m[0m
[gazebo-2] [1;33m[GUI] [Wrn] [toggle_floors.cpp:237] [0m[1;33mNode for [0m[1;33mPK_01[0m[1;33mwas not found[0m[1;33m[0m
[gazebo-2] [1;33m[GUI] [Wrn] [toggle_floors.cpp:237] [0m[1;33mNode for [0m[1;33mPK_02[0m[1;33mwas not found[0m[1;33m[0m
[gazebo-2] [1;33m[GUI] [Wrn] [toggle_floors.cpp:237] [0m[1;33mNode for [0m[1;33mPK_01[0m[1;33mwas not found[0m[1;33m[0m
[gazebo-2] [1;33m[GUI] [Wrn] [toggle_floors.cpp:237] [0m[1;33mNode for [0m[1;33mPK_02[0m[1;33mwas not found[0m[1;33m[0m
[gazebo-2] [1;33m[GUI] [Wrn] [toggle_floors.cpp:237] [0m[1;33mNode for [0m[1;33mPK_01[0m[1;33mwas not found[0m[1;33m[0m
[gazebo-2] [1;33m[GUI] [Wrn] [toggle_floors.cpp:237] [0m[1;33mNode for [0m[1;33mPK_02[0m[1;33mwas not found[0m[1;33m[0m
[gazebo-2] [1;33m[GUI] [Wrn] [toggle_floors.cpp:237] [0m[1;33mNode for [0m[1;33mPK_01[0m[1;33mwas not found[0m[1;33m[0m
[gazebo-2] [1;33m[GUI] [Wrn] [toggle_floors.cpp:237] [0m[1;33mNode for [0m[1;33mPK_02[0m[1;33mwas not found[0m[1;33m[0m
[gazebo-2] [1;33m[GUI] [Wrn] [toggle_floors.cpp:237] [0m[1;33mNode for [0m[1;33mPK_01[0m[1;33mwas not found[0m[1;33m[0m
[gazebo-2] [1;33m[GUI] [Wrn] [toggle_floors.cpp:237] [0m[1;33mNode for [0m[1;33mPK_02[0m[1;33mwas not found[0m[1;33m[0m
[gazebo-2] [1;33m[GUI] [Wrn] [toggle_floors.cpp:237] [0m[1;33mNode for [0m[1;33mPK_01[0m[1;33mwas not found[0m[1;33m[0m
[gazebo-2] [1;33m[GUI] [Wrn] [toggle_floors.cpp:237] [0m[1;33mNode for [0m[1;33mPK_02[0m[1;33mwas not found[0m[1;33m[0m
[gazebo-2] [1;33m[GUI] [Wrn] [toggle_floors.cpp:237] [0m[1;33mNode for [0m[1;33mPK_01[0m[1;33mwas not found[0m[1;33m[0m
[gazebo-2] [1;33m[GUI] [Wrn] [toggle_floors.cpp:237] [0m[1;33mNode for [0m[1;33mPK_02[0m[1;33mwas not found[0m[1;33m[0m
[gazebo-2] [1;33m[GUI] [Wrn] [toggle_floors.cpp:237] [0m[1;33mNode for [0m[1;33mPK_01[0m[1;33mwas not found[0m[1;33m[0m
[gazebo-2] [1;33m[GUI] [Wrn] [toggle_floors.cpp:237] [0m[1;33mNode for [0m[1;33mPK_02[0m[1;33mwas not found[0m[1;33m[0m
[gazebo-2] [1;33m[GUI] [Wrn] [toggle_floors.cpp:237] [0m[1;33mNode for [0m[1;33mPK_01[0m[1;33mwas not found[0m[1;33m[0m
[gazebo-2] [1;33m[GUI] [Wrn] [toggle_floors.cpp:237] [0m[1;33mNode for [0m[1;33mPK_02[0m[1;33mwas not found[0m[1;33m[0m
[gazebo-2] [1;33m[GUI] [Wrn] [toggle_floors.cpp:237] [0m[1;33mNode for [0m[1;33mPK_01[0m[1;33mwas not found[0m[1;33m[0m
[gazebo-2] [1;33m[GUI] [Wrn] [toggle_floors.cpp:237] [0m[1;33mNode for [0m[1;33mPK_02[0m[1;33mwas not found[0m[1;33m[0m
[gazebo-2] [1;33m[GUI] [Wrn] [toggle_floors.cpp:237] [0m[1;33mNode for [0m[1;33mPK_01[0m[1;33mwas not found[0m[1;33m[0m
[gazebo-2] [1;33m[GUI] [Wrn] [toggle_floors.cpp:237] [0m[1;33mNode for [0m[1;33mPK_02[0m[1;33mwas not found[0m[1;33m[0m
[gazebo-2] [1;33m[GUI] [Wrn] [toggle_floors.cpp:237] [0m[1;33mNode for [0m[1;33mPK_01[0m[1;33mwas not found[0m[1;33m[0m
[gazebo-2] [1;33m[GUI] [Wrn] [toggle_floors.cpp:237] [0m[1;33mNode for [0m[1;33mPK_02[0m[1;33mwas not found[0m[1;33m[0m
[gazebo-2] [1;33m[GUI] [Wrn] [toggle_floors.cpp:237] [0m[1;33mNode for [0m[1;33mPK_01[0m[1;33mwas not found[0m[1;33m[0m
[gazebo-2] [1;33m[GUI] [Wrn] [toggle_floors.cpp:237] [0m[1;33mNode for [0m[1;33mPK_02[0m[1;33mwas not found[0m[1;33m[0m
[gazebo-2] [1;33m[GUI] [Wrn] [toggle_floors.cpp:237] [0m[1;33mNode for [0m[1;33mPK_01[0m[1;33mwas not found[0m[1;33m[0m
[gazebo-2] [1;33m[GUI] [Wrn] [toggle_floors.cpp:237] [0m[1;33mNode for [0m[1;33mPK_02[0m[1;33mwas not found[0m[1;33m[0m
[gazebo-2] [1;33m[GUI] [Wrn] [toggle_floors.cpp:237] [0m[1;33mNode for [0m[1;33mPK_01[0m[1;33mwas not found[0m[1;33m[0m
[gazebo-2] [1;33m[GUI] [Wrn] [toggle_floors.cpp:237] [0m[1;33mNode for [0m[1;33mPK_02[0m[1;33mwas not found[0m[1;33m[0m
[gazebo-2] [1;33m[GUI] [Wrn] [toggle_floors.cpp:237] [0m[1;33mNode for [0m[1;33mPK_01[0m[1;33mwas not found[0m[1;33m[0m
[gazebo-2] [1;33m[GUI] [Wrn] [toggle_floors.cpp:237] [0m[1;33mNode for [0m[1;33mPK_02[0m[1;33mwas not found[0m[1;33m[0m
[gazebo-2] [1;33m[GUI] [Wrn] [toggle_floors.cpp:237] [0m[1;33mNode for [0m[1;33mPK_01[0m[1;33mwas not found[0m[1;33m[0m
[gazebo-2] [1;33m[GUI] [Wrn] [toggle_floors.cpp:237] [0m[1;33mNode for [0m[1;33mPK_02[0m[1;33mwas not found[0m[1;33m[0m
[gazebo-2] [1;33m[GUI] [Wrn] [toggle_floors.cpp:237] [0m[1;33mNode for [0m[1;33mPK_01[0m[1;33mwas not found[0m[1;33m[0m
[gazebo-2] [1;33m[GUI] [Wrn] [toggle_floors.cpp:237] [0m[1;33mNode for [0m[1;33mPK_02[0m[1;33mwas not found[0m[1;33m[0m
[gazebo-2] [1;33m[GUI] [Wrn] [toggle_floors.cpp:237] [0m[1;33mNode for [0m[1;33mPK_01[0m[1;33mwas not found[0m[1;33m[0m
[gazebo-2] [1;33m[GUI] [Wrn] [toggle_floors.cpp:237] [0m[1;33mNode for [0m[1;33mPK_02[0m[1;33mwas not found[0m[1;33m[0m
[gazebo-2] [1;33m[GUI] [Wrn] [toggle_floors.cpp:237] [0m[1;33mNode for [0m[1;33mPK_01[0m[1;33mwas not found[0m[1;33m[0m
[gazebo-2] [1;33m[GUI] [Wrn] [toggle_floors.cpp:237] [0m[1;33mNode for [0m[1;33mPK_02[0m[1;33mwas not found[0m[1;33m[0m
[gazebo-2] [1;33m[GUI] [Wrn] [toggle_floors.cpp:237] [0m[1;33mNode for [0m[1;33mPK_01[0m[1;33mwas not found[0m[1;33m[0m
[gazebo-2] [1;33m[GUI] [Wrn] [toggle_floors.cpp:237] [0m[1;33mNode for [0m[1;33mPK_02[0m[1;33mwas not found[0m[1;33m[0m
[gazebo-2] [1;33m[GUI] [Wrn] [toggle_floors.cpp:237] [0m[1;33mNode for [0m[1;33mPK_01[0m[1;33mwas not found[0m[1;33m[0m
[gazebo-2] [1;33m[GUI] [Wrn] [toggle_floors.cpp:237] [0m[1;33mNode for [0m[1;33mPK_02[0m[1;33mwas not found[0m[1;33m[0m
[gazebo-2] [1;33m[GUI] [Wrn] [toggle_floors.cpp:237] [0m[1;33mNode for [0m[1;33mPK_01[0m[1;33mwas not found[0m[1;33m[0m
[gazebo-2] [1;33m[GUI] [Wrn] [toggle_floors.cpp:237] [0m[1;33mNode for [0m[1;33mPK_02[0m[1;33mwas not found[0m[1;33m[0m
[gazebo-2] [1;33m[GUI] [Wrn] [toggle_floors.cpp:237] [0m[1;33mNode for [0m[1;33mPK_01[0m[1;33mwas not found[0m[1;33m[0m
[gazebo-2] [1;33m[GUI] [Wrn] [toggle_floors.cpp:237] [0m[1;33mNode for [0m[1;33mPK_02[0m[1;33mwas not found[0m[1;33m[0m
[gazebo-2] [1;33m[GUI] [Wrn] [toggle_floors.cpp:237] [0m[1;33mNode for [0m[1;33mPK_01[0m[1;33mwas not found[0m[1;33m[0m
[gazebo-2] [1;33m[GUI] [Wrn] [toggle_floors.cpp:237] [0m[1;33mNode for [0m[1;33mPK_02[0m[1;33mwas not found[0m[1;33m[0m
[gazebo-2] [1;33m[GUI] [Wrn] [toggle_floors.cpp:237] [0m[1;33mNode for [0m[1;33mPK_01[0m[1;33mwas not found[0m[1;33m[0m
[gazebo-2] [1;33m[GUI] [Wrn] [toggle_floors.cpp:237] [0m[1;33mNode for [0m[1;33mPK_02[0m[1;33mwas not found[0m[1;33m[0m
[gazebo-2] [1;33m[GUI] [Wrn] [toggle_floors.cpp:237] [0m[1;33mNode for [0m[1;33mPK_01[0m[1;33mwas not found[0m[1;33m[0m
[gazebo-2] [1;33m[GUI] [Wrn] [toggle_floors.cpp:237] [0m[1;33mNode for [0m[1;33mPK_02[0m[1;33mwas not found[0m[1;33m[0m
[gazebo-2] [1;33m[GUI] [Wrn] [toggle_floors.cpp:237] [0m[1;33mNode for [0m[1;33mPK_01[0m[1;33mwas not found[0m[1;33m[0m
[gazebo-2] [1;33m[GUI] [Wrn] [toggle_floors.cpp:237] [0m[1;33mNode for [0m[1;33mPK_02[0m[1;33mwas not found[0m[1;33m[0m
[gazebo-2] [1;33m[GUI] [Wrn] [toggle_floors.cpp:237] [0m[1;33mNode for [0m[1;33mPK_01[0m[1;33mwas not found[0m[1;33m[0m
[gazebo-2] [1;33m[GUI] [Wrn] [toggle_floors.cpp:237] [0m[1;33mNode for [0m[1;33mPK_02[0m[1;33mwas not found[0m[1;33m[0m
[gazebo-2] [1;33m[GUI] [Wrn] [toggle_floors.cpp:237] [0m[1;33mNode for [0m[1;33mPK_01[0m[1;33mwas not found[0m[1;33m[0m
[gazebo-2] [1;33m[GUI] [Wrn] [toggle_floors.cpp:237] [0m[1;33mNode for [0m[1;33mPK_02[0m[1;33mwas not found[0m[1;33m[0m
[gazebo-2] [1;33m[GUI] [Wrn] [toggle_floors.cpp:237] [0m[1;33mNode for [0m[1;33mPK_01[0m[1;33mwas not found[0m[1;33m[0m
[gazebo-2] [1;33m[GUI] [Wrn] [toggle_floors.cpp:237] [0m[1;33mNode for [0m[1;33mPK_02[0m[1;33mwas not found[0m[1;33m[0m
[gazebo-2] [1;33m[GUI] [Wrn] [toggle_floors.cpp:237] [0m[1;33mNode for [0m[1;33mPK_01[0m[1;33mwas not found[0m[1;33m[0m
[gazebo-2] [1;33m[GUI] [Wrn] [toggle_floors.cpp:237] [0m[1;33mNode for [0m[1;33mPK_02[0m[1;33mwas not found[0m[1;33m[0m
[gazebo-2] [1;33m[GUI] [Wrn] [toggle_floors.cpp:237] [0m[1;33mNode for [0m[1;33mPK_01[0m[1;33mwas not found[0m[1;33m[0m
[gazebo-2] [1;33m[GUI] [Wrn] [toggle_floors.cpp:237] [0m[1;33mNode for [0m[1;33mPK_02[0m[1;33mwas not found[0m[1;33m[0m
[gazebo-2] [1;33m[GUI] [Wrn] [toggle_floors.cpp:237] [0m[1;33mNode for [0m[1;33mPK_01[0m[1;33mwas not found[0m[1;33m[0m
[gazebo-2] [1;33m[GUI] [Wrn] [toggle_floors.cpp:237] [0m[1;33mNode for [0m[1;33mPK_02[0m[1;33mwas not found[0m[1;33m[0m
[gazebo-2] [1;33m[GUI] [Wrn] [toggle_floors.cpp:237] [0m[1;33mNode for [0m[1;33mPK_01[0m[1;33mwas not found[0m[1;33m[0m
[gazebo-2] [1;33m[GUI] [Wrn] [toggle_floors.cpp:237] [0m[1;33mNode for [0m[1;33mPK_02[0m[1;33mwas not found[0m[1;33m[0m
[gazebo-2] [1;33m[GUI] [Wrn] [toggle_floors.cpp:237] [0m[1;33mNode for [0m[1;33mPK_01[0m[1;33mwas not found[0m[1;33m[0m
[gazebo-2] [1;33m[GUI] [Wrn] [toggle_floors.cpp:237] [0m[1;33mNode for [0m[1;33mPK_02[0m[1;33mwas not found[0m[1;33m[0m
[gazebo-2] [1;33m[GUI] [Wrn] [toggle_floors.cpp:237] [0m[1;33mNode for [0m[1;33mPK_01[0m[1;33mwas not found[0m[1;33m[0m
[gazebo-2] [1;33m[GUI] [Wrn] [toggle_floors.cpp:237] [0m[1;33mNode for [0m[1;33mPK_02[0m[1;33mwas not found[0m[1;33m[0m
[gazebo-2] [1;33m[GUI] [Wrn] [toggle_floors.cpp:237] [0m[1;33mNode for [0m[1;33mPK_01[0m[1;33mwas not found[0m[1;33m[0m
[gazebo-2] [1;33m[GUI] [Wrn] [toggle_floors.cpp:237] [0m[1;33mNode for [0m[1;33mPK_02[0m[1;33mwas not found[0m[1;33m[0m
[gazebo-2] [1;33m[GUI] [Wrn] [toggle_floors.cpp:237] [0m[1;33mNode for [0m[1;33mPK_01[0m[1;33mwas not found[0m[1;33m[0m
[gazebo-2] [1;33m[GUI] [Wrn] [toggle_floors.cpp:237] [0m[1;33mNode for [0m[1;33mPK_02[0m[1;33mwas not found[0m[1;33m[0m
[gazebo-2] [1;33m[GUI] [Wrn] [toggle_floors.cpp:237] [0m[1;33mNode for [0m[1;33mPK_01[0m[1;33mwas not found[0m[1;33m[0m
[gazebo-2] [1;33m[GUI] [Wrn] [toggle_floors.cpp:237] [0m[1;33mNode for [0m[1;33mPK_02[0m[1;33mwas not found[0m[1;33m[0m
[gazebo-2] [1;33m[GUI] [Wrn] [toggle_floors.cpp:237] [0m[1;33mNode for [0m[1;33mPK_01[0m[1;33mwas not found[0m[1;33m[0m
[gazebo-2] [1;33m[GUI] [Wrn] [toggle_floors.cpp:237] [0m[1;33mNode for [0m[1;33mPK_02[0m[1;33mwas not found[0m[1;33m[0m
[gazebo-2] [1;33m[GUI] [Wrn] [toggle_floors.cpp:237] [0m[1;33mNode for [0m[1;33mPK_01[0m[1;33mwas not found[0m[1;33m[0m
[gazebo-2] [1;33m[GUI] [Wrn] [toggle_floors.cpp:237] [0m[1;33mNode for [0m[1;33mPK_02[0m[1;33mwas not found[0m[1;33m[0m
[gazebo-2] [1;33m[GUI] [Wrn] [toggle_floors.cpp:237] [0m[1;33mNode for [0m[1;33mPK_01[0m[1;33mwas not found[0m[1;33m[0m
[gazebo-2] [1;33m[GUI] [Wrn] [toggle_floors.cpp:237] [0m[1;33mNode for [0m[1;33mPK_02[0m[1;33mwas not found[0m[1;33m[0m
[gazebo-2] [1;33m[GUI] [Wrn] [toggle_floors.cpp:237] [0m[1;33mNode for [0m[1;33mPK_01[0m[1;33mwas not found[0m[1;33m[0m
[gazebo-2] [1;33m[GUI] [Wrn] [toggle_floors.cpp:237] [0m[1;33mNode for [0m[1;33mPK_02[0m[1;33mwas not found[0m[1;33m[0m
[gazebo-2] [1;33m[GUI] [Wrn] [toggle_floors.cpp:237] [0m[1;33mNode for [0m[1;33mPK_01[0m[1;33mwas not found[0m[1;33m[0m
[gazebo-2] [1;33m[GUI] [Wrn] [toggle_floors.cpp:237] [0m[1;33mNode for [0m[1;33mPK_02[0m[1;33mwas not found[0m[1;33m[0m
[gazebo-2] [1;33m[GUI] [Wrn] [toggle_floors.cpp:237] [0m[1;33mNode for [0m[1;33mPK_01[0m[1;33mwas not found[0m[1;33m[0m
[gazebo-2] [1;33m[GUI] [Wrn] [toggle_floors.cpp:237] [0m[1;33mNode for [0m[1;33mPK_02[0m[1;33mwas not found[0m[1;33m[0m
[gazebo-2] [1;33m[GUI] [Wrn] [toggle_floors.cpp:237] [0m[1;33mNode for [0m[1;33mPK_01[0m[1;33mwas not found[0m[1;33m[0m
[gazebo-2] [1;33m[GUI] [Wrn] [toggle_floors.cpp:237] [0m[1;33mNode for [0m[1;33mPK_02[0m[1;33mwas not found[0m[1;33m[0m
[gazebo-2] [1;33m[GUI] [Wrn] [toggle_floors.cpp:237] [0m[1;33mNode for [0m[1;33mPK_01[0m[1;33mwas not found[0m[1;33m[0m
[gazebo-2] [1;33m[GUI] [Wrn] [toggle_floors.cpp:237] [0m[1;33mNode for [0m[1;33mPK_02[0m[1;33mwas not found[0m[1;33m[0m
[gazebo-2] [1;33m[GUI] [Wrn] [toggle_floors.cpp:237] [0m[1;33mNode for [0m[1;33mPK_01[0m[1;33mwas not found[0m[1;33m[0m
[gazebo-2] [1;33m[GUI] [Wrn] [toggle_floors.cpp:237] [0m[1;33mNode for [0m[1;33mPK_02[0m[1;33mwas not found[0m[1;33m[0m
[gazebo-2] [1;33m[GUI] [Wrn] [toggle_floors.cpp:237] [0m[1;33mNode for [0m[1;33mPK_01[0m[1;33mwas not found[0m[1;33m[0m
[gazebo-2] [1;33m[GUI] [Wrn] [toggle_floors.cpp:237] [0m[1;33mNode for [0m[1;33mPK_02[0m[1;33mwas not found[0m[1;33m[0m
[gazebo-2] [1;33m[GUI] [Wrn] [toggle_floors.cpp:237] [0m[1;33mNode for [0m[1;33mPK_01[0m[1;33mwas not found[0m[1;33m[0m
[gazebo-2] [1;33m[GUI] [Wrn] [toggle_floors.cpp:237] [0m[1;33mNode for [0m[1;33mPK_02[0m[1;33mwas not found[0m[1;33m[0m
[gazebo-2] [1;33m[GUI] [Wrn] [toggle_floors.cpp:237] [0m[1;33mNode for [0m[1;33mPK_01[0m[1;33mwas not found[0m[1;33m[0m
[gazebo-2] [1;33m[GUI] [Wrn] [toggle_floors.cpp:237] [0m[1;33mNode for [0m[1;33mPK_02[0m[1;33mwas not found[0m[1;33m[0m
[gazebo-2] [1;33m[GUI] [Wrn] [toggle_floors.cpp:237] [0m[1;33mNode for [0m[1;33mPK_01[0m[1;33mwas not found[0m[1;33m[0m
[gazebo-2] [1;33m[GUI] [Wrn] [toggle_floors.cpp:237] [0m[1;33mNode for [0m[1;33mPK_02[0m[1;33mwas not found[0m[1;33m[0m
[gazebo-2] [1;33m[GUI] [Wrn] [toggle_floors.cpp:237] [0m[1;33mNode for [0m[1;33mPK_01[0m[1;33mwas not found[0m[1;33m[0m
[gazebo-2] [1;33m[GUI] [Wrn] [toggle_floors.cpp:237] [0m[1;33mNode for [0m[1;33mPK_02[0m[1;33mwas not found[0m[1;33m[0m
[gazebo-2] [1;33m[GUI] [Wrn] [toggle_floors.cpp:237] [0m[1;33mNode for [0m[1;33mPK_01[0m[1;33mwas not found[0m[1;33m[0m
[gazebo-2] [1;33m[GUI] [Wrn] [toggle_floors.cpp:237] [0m[1;33mNode for [0m[1;33mPK_02[0m[1;33mwas not found[0m[1;33m[0m
[gazebo-2] [1;33m[GUI] [Wrn] [toggle_floors.cpp:237] [0m[1;33mNode for [0m[1;33mPK_01[0m[1;33mwas not found[0m[1;33m[0m
[gazebo-2] [1;33m[GUI] [Wrn] [toggle_floors.cpp:237] [0m[1;33mNode for [0m[1;33mPK_02[0m[1;33mwas not found[0m[1;33m[0m
[gazebo-2] [1;33m[GUI] [Wrn] [toggle_floors.cpp:237] [0m[1;33mNode for [0m[1;33mPK_01[0m[1;33mwas not found[0m[1;33m[0m
[gazebo-2] [1;33m[GUI] [Wrn] [toggle_floors.cpp:237] [0m[1;33mNode for [0m[1;33mPK_02[0m[1;33mwas not found[0m[1;33m[0m
[gazebo-2] [1;33m[GUI] [Wrn] [toggle_floors.cpp:237] [0m[1;33mNode for [0m[1;33mPK_01[0m[1;33mwas not found[0m[1;33m[0m
[gazebo-2] [1;33m[GUI] [Wrn] [toggle_floors.cpp:237] [0m[1;33mNode for [0m[1;33mPK_02[0m[1;33mwas not found[0m[1;33m[0m
[gazebo-2] [1;33m[GUI] [Wrn] [toggle_floors.cpp:237] [0m[1;33mNode for [0m[1;33mPK_01[0m[1;33mwas not found[0m[1;33m[0m
[gazebo-2] [1;33m[GUI] [Wrn] [toggle_floors.cpp:237] [0m[1;33mNode for [0m[1;33mPK_02[0m[1;33mwas not found[0m[1;33m[0m
[gazebo-2] [1;33m[GUI] [Wrn] [toggle_floors.cpp:237] [0m[1;33mNode for [0m[1;33mPK_01[0m[1;33mwas not found[0m[1;33m[0m
[gazebo-2] [1;33m[GUI] [Wrn] [toggle_floors.cpp:237] [0m[1;33mNode for [0m[1;33mPK_02[0m[1;33mwas not found[0m[1;33m[0m
[gazebo-2] [1;33m[GUI] [Wrn] [toggle_floors.cpp:237] [0m[1;33mNode for [0m[1;33mPK_01[0m[1;33mwas not found[0m[1;33m[0m
[gazebo-2] [1;33m[GUI] [Wrn] [toggle_floors.cpp:237] [0m[1;33mNode for [0m[1;33mPK_02[0m[1;33mwas not found[0m[1;33m[0m
[gazebo-2] [1;33m[GUI] [Wrn] [toggle_floors.cpp:237] [0m[1;33mNode for [0m[1;33mPK_01[0m[1;33mwas not found[0m[1;33m[0m
[gazebo-2] [1;33m[GUI] [Wrn] [toggle_floors.cpp:237] [0m[1;33mNode for [0m[1;33mPK_02[0m[1;33mwas not found[0m[1;33m[0m
[gazebo-2] [1;33m[GUI] [Wrn] [toggle_floors.cpp:237] [0m[1;33mNode for [0m[1;33mPK_01[0m[1;33mwas not found[0m[1;33m[0m
[gazebo-2] [1;33m[GUI] [Wrn] [toggle_floors.cpp:237] [0m[1;33mNode for [0m[1;33mPK_02[0m[1;33mwas not found[0m[1;33m[0m
[gazebo-2] [1;33m[GUI] [Wrn] [toggle_floors.cpp:237] [0m[1;33mNode for [0m[1;33mPK_01[0m[1;33mwas not found[0m[1;33m[0m
[gazebo-2] [1;33m[GUI] [Wrn] [toggle_floors.cpp:237] [0m[1;33mNode for [0m[1;33mPK_02[0m[1;33mwas not found[0m[1;33m[0m
[gazebo-2] [1;33m[GUI] [Wrn] [toggle_floors.cpp:237] [0m[1;33mNode for [0m[1;33mPK_01[0m[1;33mwas not found[0m[1;33m[0m
[gazebo-2] [1;33m[GUI] [Wrn] [toggle_floors.cpp:237] [0m[1;33mNode for [0m[1;33mPK_02[0m[1;33mwas not found[0m[1;33m[0m
[gazebo-2] [1;33m[GUI] [Wrn] [toggle_floors.cpp:237] [0m[1;33mNode for [0m[1;33mPK_01[0m[1;33mwas not found[0m[1;33m[0m
[gazebo-2] [1;33m[GUI] [Wrn] [toggle_floors.cpp:237] [0m[1;33mNode for [0m[1;33mPK_02[0m[1;33mwas not found[0m[1;33m[0m
[gazebo-2] [1;33m[GUI] [Wrn] [toggle_floors.cpp:237] [0m[1;33mNode for [0m[1;33mPK_01[0m[1;33mwas not found[0m[1;33m[0m
[gazebo-2] [1;33m[GUI] [Wrn] [toggle_floors.cpp:237] [0m[1;33mNode for [0m[1;33mPK_02[0m[1;33mwas not found[0m[1;33m[0m
[gazebo-2] [1;33m[GUI] [Wrn] [toggle_floors.cpp:237] [0m[1;33mNode for [0m[1;33mPK_01[0m[1;33mwas not found[0m[1;33m[0m
[gazebo-2] [1;33m[GUI] [Wrn] [toggle_floors.cpp:237] [0m[1;33mNode for [0m[1;33mPK_02[0m[1;33mwas not found[0m[1;33m[0m
[gazebo-2] [1;33m[GUI] [Wrn] [toggle_floors.cpp:237] [0m[1;33mNode for [0m[1;33mPK_01[0m[1;33mwas not found[0m[1;33m[0m
[gazebo-2] [1;33m[GUI] [Wrn] [toggle_floors.cpp:237] [0m[1;33mNode for [0m[1;33mPK_02[0m[1;33mwas not found[0m[1;33m[0m
[gazebo-2] [1;33m[GUI] [Wrn] [toggle_floors.cpp:237] [0m[1;33mNode for [0m[1;33mPK_01[0m[1;33mwas not found[0m[1;33m[0m
[gazebo-2] [1;33m[GUI] [Wrn] [toggle_floors.cpp:237] [0m[1;33mNode for [0m[1;33mPK_02[0m[1;33mwas not found[0m[1;33m[0m
[gazebo-2] [1;33m[GUI] [Wrn] [toggle_floors.cpp:237] [0m[1;33mNode for [0m[1;33mPK_01[0m[1;33mwas not found[0m[1;33m[0m
[gazebo-2] [1;33m[GUI] [Wrn] [toggle_floors.cpp:237] [0m[1;33mNode for [0m[1;33mPK_02[0m[1;33mwas not found[0m[1;33m[0m
[gazebo-2] [1;33m[GUI] [Wrn] [toggle_floors.cpp:237] [0m[1;33mNode for [0m[1;33mPK_01[0m[1;33mwas not found[0m[1;33m[0m
[gazebo-2] [1;33m[GUI] [Wrn] [toggle_floors.cpp:237] [0m[1;33mNode for [0m[1;33mPK_02[0m[1;33mwas not found[0m[1;33m[0m
[gazebo-2] [1;33m[GUI] [Wrn] [toggle_floors.cpp:237] [0m[1;33mNode for [0m[1;33mPK_01[0m[1;33mwas not found[0m[1;33m[0m
[gazebo-2] [1;33m[GUI] [Wrn] [toggle_floors.cpp:237] [0m[1;33mNode for [0m[1;33mPK_02[0m[1;33mwas not found[0m[1;33m[0m
[gazebo-2] [1;33m[GUI] [Wrn] [toggle_floors.cpp:237] [0m[1;33mNode for [0m[1;33mPK_01[0m[1;33mwas not found[0m[1;33m[0m
[gazebo-2] [1;33m[GUI] [Wrn] [toggle_floors.cpp:237] [0m[1;33mNode for [0m[1;33mPK_02[0m[1;33mwas not found[0m[1;33m[0m
[gazebo-2] [1;33m[GUI] [Wrn] [toggle_floors.cpp:237] [0m[1;33mNode for [0m[1;33mPK_01[0m[1;33mwas not found[0m[1;33m[0m
[gazebo-2] [1;33m[GUI] [Wrn] [toggle_floors.cpp:237] [0m[1;33mNode for [0m[1;33mPK_02[0m[1;33mwas not found[0m[1;33m[0m
[gazebo-2] [1;33m[GUI] [Wrn] [toggle_floors.cpp:237] [0m[1;33mNode for [0m[1;33mPK_01[0m[1;33mwas not found[0m[1;33m[0m
[gazebo-2] [1;33m[GUI] [Wrn] [toggle_floors.cpp:237] [0m[1;33mNode for [0m[1;33mPK_02[0m[1;33mwas not found[0m[1;33m[0m
[gazebo-2] [1;33m[GUI] [Wrn] [toggle_floors.cpp:237] [0m[1;33mNode for [0m[1;33mPK_01[0m[1;33mwas not found[0m[1;33m[0m
[gazebo-2] [1;33m[GUI] [Wrn] [toggle_floors.cpp:237] [0m[1;33mNode for [0m[1;33mPK_02[0m[1;33mwas not found[0m[1;33m[0m
[gazebo-2] [1;33m[GUI] [Wrn] [toggle_floors.cpp:237] [0m[1;33mNode for [0m[1;33mPK_01[0m[1;33mwas not found[0m[1;33m[0m
[gazebo-2] [1;33m[GUI] [Wrn] [toggle_floors.cpp:237] [0m[1;33mNode for [0m[1;33mPK_02[0m[1;33mwas not found[0m[1;33m[0m
[gazebo-2] [1;33m[GUI] [Wrn] [toggle_floors.cpp:237] [0m[1;33mNode for [0m[1;33mPK_01[0m[1;33mwas not found[0m[1;33m[0m
[gazebo-2] [1;33m[GUI] [Wrn] [toggle_floors.cpp:237] [0m[1;33mNode for [0m[1;33mPK_02[0m[1;33mwas not found[0m[1;33m[0m
[gazebo-2] [1;33m[GUI] [Wrn] [toggle_floors.cpp:237] [0m[1;33mNode for [0m[1;33mPK_01[0m[1;33mwas not found[0m[1;33m[0m
[gazebo-2] [1;33m[GUI] [Wrn] [toggle_floors.cpp:237] [0m[1;33mNode for [0m[1;33mPK_02[0m[1;33mwas not found[0m[1;33m[0m
[gazebo-2] [1;33m[GUI] [Wrn] [toggle_floors.cpp:237] [0m[1;33mNode for [0m[1;33mPK_01[0m[1;33mwas not found[0m[1;33m[0m
[gazebo-2] [1;33m[GUI] [Wrn] [toggle_floors.cpp:237] [0m[1;33mNode for [0m[1;33mPK_02[0m[1;33mwas not found[0m[1;33m[0m
[gazebo-2] [1;33m[GUI] [Wrn] [toggle_floors.cpp:237] [0m[1;33mNode for [0m[1;33mPK_01[0m[1;33mwas not found[0m[1;33m[0m
[gazebo-2] [1;33m[GUI] [Wrn] [toggle_floors.cpp:237] [0m[1;33mNode for [0m[1;33mPK_02[0m[1;33mwas not found[0m[1;33m[0m
[gazebo-2] [1;33m[GUI] [Wrn] [toggle_floors.cpp:237] [0m[1;33mNode for [0m[1;33mPK_01[0m[1;33mwas not found[0m[1;33m[0m
[gazebo-2] [1;33m[GUI] [Wrn] [toggle_floors.cpp:237] [0m[1;33mNode for [0m[1;33mPK_02[0m[1;33mwas not found[0m[1;33m[0m
[gazebo-2] [1;33m[GUI] [Wrn] [toggle_floors.cpp:237] [0m[1;33mNode for [0m[1;33mPK_01[0m[1;33mwas not found[0m[1;33m[0m
[gazebo-2] [1;33m[GUI] [Wrn] [toggle_floors.cpp:237] [0m[1;33mNode for [0m[1;33mPK_02[0m[1;33mwas not found[0m[1;33m[0m
[gazebo-2] [1;33m[GUI] [Wrn] [toggle_floors.cpp:237] [0m[1;33mNode for [0m[1;33mPK_01[0m[1;33mwas not found[0m[1;33m[0m
[gazebo-2] [1;33m[GUI] [Wrn] [toggle_floors.cpp:237] [0m[1;33mNode for [0m[1;33mPK_02[0m[1;33mwas not found[0m[1;33m[0m
[gazebo-2] [1;33m[GUI] [Wrn] [toggle_floors.cpp:237] [0m[1;33mNode for [0m[1;33mPK_01[0m[1;33mwas not found[0m[1;33m[0m
[gazebo-2] [1;33m[GUI] [Wrn] [toggle_floors.cpp:237] [0m[1;33mNode for [0m[1;33mPK_02[0m[1;33mwas not found[0m[1;33m[0m
[gazebo-2] [1;33m[GUI] [Wrn] [toggle_floors.cpp:237] [0m[1;33mNode for [0m[1;33mPK_01[0m[1;33mwas not found[0m[1;33m[0m
[gazebo-2] [1;33m[GUI] [Wrn] [toggle_floors.cpp:237] [0m[1;33mNode for [0m[1;33mPK_02[0m[1;33mwas not found[0m[1;33m[0m
[gazebo-2] [1;33m[GUI] [Wrn] [toggle_floors.cpp:237] [0m[1;33mNode for [0m[1;33mPK_01[0m[1;33mwas not found[0m[1;33m[0m
[gazebo-2] [1;33m[GUI] [Wrn] [toggle_floors.cpp:237] [0m[1;33mNode for [0m[1;33mPK_02[0m[1;33mwas not found[0m[1;33m[0m
[gazebo-2] [1;33m[GUI] [Wrn] [toggle_floors.cpp:237] [0m[1;33mNode for [0m[1;33mPK_01[0m[1;33mwas not found[0m[1;33m[0m
[gazebo-2] [1;33m[GUI] [Wrn] [toggle_floors.cpp:237] [0m[1;33mNode for [0m[1;33mPK_02[0m[1;33mwas not found[0m[1;33m[0m
[gazebo-2] [1;33m[GUI] [Wrn] [toggle_floors.cpp:237] [0m[1;33mNode for [0m[1;33mPK_01[0m[1;33mwas not found[0m[1;33m[0m
[gazebo-2] [1;33m[GUI] [Wrn] [toggle_floors.cpp:237] [0m[1;33mNode for [0m[1;33mPK_02[0m[1;33mwas not found[0m[1;33m[0m
[gazebo-2] [1;33m[GUI] [Wrn] [toggle_floors.cpp:237] [0m[1;33mNode for [0m[1;33mPK_01[0m[1;33mwas not found[0m[1;33m[0m
[gazebo-2] [1;33m[GUI] [Wrn] [toggle_floors.cpp:237] [0m[1;33mNode for [0m[1;33mPK_02[0m[1;33mwas not found[0m[1;33m[0m
[gazebo-2] [1;33m[GUI] [Wrn] [toggle_floors.cpp:237] [0m[1;33mNode for [0m[1;33mPK_01[0m[1;33mwas not found[0m[1;33m[0m
[gazebo-2] [1;33m[GUI] [Wrn] [toggle_floors.cpp:237] [0m[1;33mNode for [0m[1;33mPK_02[0m[1;33mwas not found[0m[1;33m[0m
[gazebo-2] [1;33m[GUI] [Wrn] [toggle_floors.cpp:237] [0m[1;33mNode for [0m[1;33mPK_01[0m[1;33mwas not found[0m[1;33m[0m
[gazebo-2] [1;33m[GUI] [Wrn] [toggle_floors.cpp:237] [0m[1;33mNode for [0m[1;33mPK_02[0m[1;33mwas not found[0m[1;33m[0m
[gazebo-2] [1;33m[GUI] [Wrn] [toggle_floors.cpp:237] [0m[1;33mNode for [0m[1;33mPK_01[0m[1;33mwas not found[0m[1;33m[0m
[gazebo-2] [1;33m[GUI] [Wrn] [toggle_floors.cpp:237] [0m[1;33mNode for [0m[1;33mPK_02[0m[1;33mwas not found[0m[1;33m[0m
[gazebo-2] [1;33m[GUI] [Wrn] [toggle_floors.cpp:237] [0m[1;33mNode for [0m[1;33mPK_01[0m[1;33mwas not found[0m[1;33m[0m
[gazebo-2] [1;33m[GUI] [Wrn] [toggle_floors.cpp:237] [0m[1;33mNode for [0m[1;33mPK_02[0m[1;33mwas not found[0m[1;33m[0m
[gazebo-2] [1;33m[GUI] [Wrn] [toggle_floors.cpp:237] [0m[1;33mNode for [0m[1;33mPK_01[0m[1;33mwas not found[0m[1;33m[0m
[gazebo-2] [1;33m[GUI] [Wrn] [toggle_floors.cpp:237] [0m[1;33mNode for [0m[1;33mPK_02[0m[1;33mwas not found[0m[1;33m[0m
[gazebo-2] [1;33m[GUI] [Wrn] [toggle_floors.cpp:237] [0m[1;33mNode for [0m[1;33mPK_01[0m[1;33mwas not found[0m[1;33m[0m
[gazebo-2] [1;33m[GUI] [Wrn] [toggle_floors.cpp:237] [0m[1;33mNode for [0m[1;33mPK_02[0m[1;33mwas not found[0m[1;33m[0m
[gazebo-2] [1;33m[GUI] [Wrn] [toggle_floors.cpp:237] [0m[1;33mNode for [0m[1;33mPK_01[0m[1;33mwas not found[0m[1;33m[0m
[gazebo-2] [1;33m[GUI] [Wrn] [toggle_floors.cpp:237] [0m[1;33mNode for [0m[1;33mPK_02[0m[1;33mwas not found[0m[1;33m[0m
[gazebo-2] [1;33m[GUI] [Wrn] [toggle_floors.cpp:237] [0m[1;33mNode for [0m[1;33mPK_01[0m[1;33mwas not found[0m[1;33m[0m
[gazebo-2] [1;33m[GUI] [Wrn] [toggle_floors.cpp:237] [0m[1;33mNode for [0m[1;33mPK_02[0m[1;33mwas not found[0m[1;33m[0m
[gazebo-2] [1;33m[GUI] [Wrn] [toggle_floors.cpp:237] [0m[1;33mNode for [0m[1;33mPK_01[0m[1;33mwas not found[0m[1;33m[0m
[gazebo-2] [1;33m[GUI] [Wrn] [toggle_floors.cpp:237] [0m[1;33mNode for [0m[1;33mPK_02[0m[1;33mwas not found[0m[1;33m[0m
[gazebo-2] [1;33m[GUI] [Wrn] [toggle_floors.cpp:237] [0m[1;33mNode for [0m[1;33mPK_01[0m[1;33mwas not found[0m[1;33m[0m
[gazebo-2] [1;33m[GUI] [Wrn] [toggle_floors.cpp:237] [0m[1;33mNode for [0m[1;33mPK_02[0m[1;33mwas not found[0m[1;33m[0m
[gazebo-2] [1;33m[GUI] [Wrn] [toggle_floors.cpp:237] [0m[1;33mNode for [0m[1;33mPK_01[0m[1;33mwas not found[0m[1;33m[0m
[gazebo-2] [1;33m[GUI] [Wrn] [toggle_floors.cpp:237] [0m[1;33mNode for [0m[1;33mPK_02[0m[1;33mwas not found[0m[1;33m[0m
[gazebo-2] [1;33m[GUI] [Wrn] [toggle_floors.cpp:237] [0m[1;33mNode for [0m[1;33mPK_01[0m[1;33mwas not found[0m[1;33m[0m
[gazebo-2] [1;33m[GUI] [Wrn] [toggle_floors.cpp:237] [0m[1;33mNode for [0m[1;33mPK_02[0m[1;33mwas not found[0m[1;33m[0m
[gazebo-2] [1;33m[GUI] [Wrn] [toggle_floors.cpp:237] [0m[1;33mNode for [0m[1;33mPK_01[0m[1;33mwas not found[0m[1;33m[0m
[gazebo-2] [1;33m[GUI] [Wrn] [toggle_floors.cpp:237] [0m[1;33mNode for [0m[1;33mPK_02[0m[1;33mwas not found[0m[1;33m[0m
[gazebo-2] [1;33m[GUI] [Wrn] [toggle_floors.cpp:237] [0m[1;33mNode for [0m[1;33mPK_01[0m[1;33mwas not found[0m[1;33m[0m
[gazebo-2] [1;33m[GUI] [Wrn] [toggle_floors.cpp:237] [0m[1;33mNode for [0m[1;33mPK_02[0m[1;33mwas not found[0m[1;33m[0m
[gazebo-2] [1;33m[GUI] [Wrn] [toggle_floors.cpp:237] [0m[1;33mNode for [0m[1;33mPK_01[0m[1;33mwas not found[0m[1;33m[0m
[gazebo-2] [1;33m[GUI] [Wrn] [toggle_floors.cpp:237] [0m[1;33mNode for [0m[1;33mPK_02[0m[1;33mwas not found[0m[1;33m[0m
[gazebo-2] [1;33m[GUI] [Wrn] [toggle_floors.cpp:237] [0m[1;33mNode for [0m[1;33mPK_01[0m[1;33mwas not found[0m[1;33m[0m
[gazebo-2] [1;33m[GUI] [Wrn] [toggle_floors.cpp:237] [0m[1;33mNode for [0m[1;33mPK_02[0m[1;33mwas not found[0m[1;33m[0m
[gazebo-2] [1;33m[GUI] [Wrn] [toggle_floors.cpp:237] [0m[1;33mNode for [0m[1;33mPK_01[0m[1;33mwas not found[0m[1;33m[0m
[gazebo-2] [1;33m[GUI] [Wrn] [toggle_floors.cpp:237] [0m[1;33mNode for [0m[1;33mPK_02[0m[1;33mwas not found[0m[1;33m[0m
[gazebo-2] [1;33m[GUI] [Wrn] [toggle_floors.cpp:237] [0m[1;33mNode for [0m[1;33mPK_01[0m[1;33mwas not found[0m[1;33m[0m
[gazebo-2] [1;33m[GUI] [Wrn] [toggle_floors.cpp:237] [0m[1;33mNode for [0m[1;33mPK_02[0m[1;33mwas not found[0m[1;33m[0m
[gazebo-2] [1;33m[GUI] [Wrn] [toggle_floors.cpp:237] [0m[1;33mNode for [0m[1;33mPK_01[0m[1;33mwas not found[0m[1;33m[0m
[gazebo-2] [1;33m[GUI] [Wrn] [toggle_floors.cpp:237] [0m[1;33mNode for [0m[1;33mPK_02[0m[1;33mwas not found[0m[1;33m[0m
[gazebo-2] [1;33m[GUI] [Wrn] [toggle_floors.cpp:237] [0m[1;33mNode for [0m[1;33mPK_01[0m[1;33mwas not found[0m[1;33m[0m
[gazebo-2] [1;33m[GUI] [Wrn] [toggle_floors.cpp:237] [0m[1;33mNode for [0m[1;33mPK_02[0m[1;33mwas not found[0m[1;33m[0m
[gazebo-2] [1;33m[GUI] [Wrn] [toggle_floors.cpp:237] [0m[1;33mNode for [0m[1;33mPK_01[0m[1;33mwas not found[0m[1;33m[0m
[gazebo-2] [1;33m[GUI] [Wrn] [toggle_floors.cpp:237] [0m[1;33mNode for [0m[1;33mPK_02[0m[1;33mwas not found[0m[1;33m[0m
[gazebo-2] [1;33m[GUI] [Wrn] [toggle_floors.cpp:237] [0m[1;33mNode for [0m[1;33mPK_01[0m[1;33mwas not found[0m[1;33m[0m
[gazebo-2] [1;33m[GUI] [Wrn] [toggle_floors.cpp:237] [0m[1;33mNode for [0m[1;33mPK_02[0m[1;33mwas not found[0m[1;33m[0m
[gazebo-2] [1;33m[GUI] [Wrn] [toggle_floors.cpp:237] [0m[1;33mNode for [0m[1;33mPK_01[0m[1;33mwas not found[0m[1;33m[0m
[gazebo-2] [1;33m[GUI] [Wrn] [toggle_floors.cpp:237] [0m[1;33mNode for [0m[1;33mPK_02[0m[1;33mwas not found[0m[1;33m[0m
[gazebo-2] [1;33m[GUI] [Wrn] [toggle_floors.cpp:237] [0m[1;33mNode for [0m[1;33mPK_01[0m[1;33mwas not found[0m[1;33m[0m
[gazebo-2] [1;33m[GUI] [Wrn] [toggle_floors.cpp:237] [0m[1;33mNode for [0m[1;33mPK_02[0m[1;33mwas not found[0m[1;33m[0m
[gazebo-2] [1;33m[GUI] [Wrn] [toggle_floors.cpp:237] [0m[1;33mNode for [0m[1;33mPK_01[0m[1;33mwas not found[0m[1;33m[0m
[gazebo-2] [1;33m[GUI] [Wrn] [toggle_floors.cpp:237] [0m[1;33mNode for [0m[1;33mPK_02[0m[1;33mwas not found[0m[1;33m[0m
[gazebo-2] [1;33m[GUI] [Wrn] [toggle_floors.cpp:237] [0m[1;33mNode for [0m[1;33mPK_01[0m[1;33mwas not found[0m[1;33m[0m
[gazebo-2] [1;33m[GUI] [Wrn] [toggle_floors.cpp:237] [0m[1;33mNode for [0m[1;33mPK_02[0m[1;33mwas not found[0m[1;33m[0m
[gazebo-2] [1;33m[GUI] [Wrn] [toggle_floors.cpp:237] [0m[1;33mNode for [0m[1;33mPK_01[0m[1;33mwas not found[0m[1;33m[0m
[gazebo-2] [1;33m[GUI] [Wrn] [toggle_floors.cpp:237] [0m[1;33mNode for [0m[1;33mPK_02[0m[1;33mwas not found[0m[1;33m[0m
[gazebo-2] [1;33m[GUI] [Wrn] [toggle_floors.cpp:237] [0m[1;33mNode for [0m[1;33mPK_01[0m[1;33mwas not found[0m[1;33m[0m
[gazebo-2] [1;33m[GUI] [Wrn] [toggle_floors.cpp:237] [0m[1;33mNode for [0m[1;33mPK_02[0m[1;33mwas not found[0m[1;33m[0m
[gazebo-2] [1;33m[GUI] [Wrn] [toggle_floors.cpp:237] [0m[1;33mNode for [0m[1;33mPK_01[0m[1;33mwas not found[0m[1;33m[0m
[gazebo-2] [1;33m[GUI] [Wrn] [toggle_floors.cpp:237] [0m[1;33mNode for [0m[1;33mPK_02[0m[1;33mwas not found[0m[1;33m[0m
[gazebo-2] [1;33m[GUI] [Wrn] [toggle_floors.cpp:237] [0m[1;33mNode for [0m[1;33mPK_01[0m[1;33mwas not found[0m[1;33m[0m
[gazebo-2] [1;33m[GUI] [Wrn] [toggle_floors.cpp:237] [0m[1;33mNode for [0m[1;33mPK_02[0m[1;33mwas not found[0m[1;33m[0m
[gazebo-2] [1;33m[GUI] [Wrn] [toggle_floors.cpp:237] [0m[1;33mNode for [0m[1;33mPK_01[0m[1;33mwas not found[0m[1;33m[0m
[gazebo-2] [1;33m[GUI] [Wrn] [toggle_floors.cpp:237] [0m[1;33mNode for [0m[1;33mPK_02[0m[1;33mwas not found[0m[1;33m[0m
[gazebo-2] [1;33m[GUI] [Wrn] [toggle_floors.cpp:237] [0m[1;33mNode for [0m[1;33mPK_01[0m[1;33mwas not found[0m[1;33m[0m
[gazebo-2] [1;33m[GUI] [Wrn] [toggle_floors.cpp:237] [0m[1;33mNode for [0m[1;33mPK_02[0m[1;33mwas not found[0m[1;33m[0m
[gazebo-2] [1;33m[GUI] [Wrn] [toggle_floors.cpp:237] [0m[1;33mNode for [0m[1;33mPK_01[0m[1;33mwas not found[0m[1;33m[0m
[gazebo-2] [1;33m[GUI] [Wrn] [toggle_floors.cpp:237] [0m[1;33mNode for [0m[1;33mPK_02[0m[1;33mwas not found[0m[1;33m[0m
[gazebo-2] [1;33m[GUI] [Wrn] [toggle_floors.cpp:237] [0m[1;33mNode for [0m[1;33mPK_01[0m[1;33mwas not found[0m[1;33m[0m
[gazebo-2] [1;33m[GUI] [Wrn] [toggle_floors.cpp:237] [0m[1;33mNode for [0m[1;33mPK_02[0m[1;33mwas not found[0m[1;33m[0m
[gazebo-2] [1;33m[GUI] [Wrn] [toggle_floors.cpp:237] [0m[1;33mNode for [0m[1;33mPK_01[0m[1;33mwas not found[0m[1;33m[0m
[gazebo-2] [1;33m[GUI] [Wrn] [toggle_floors.cpp:237] [0m[1;33mNode for [0m[1;33mPK_02[0m[1;33mwas not found[0m[1;33m[0m
[gazebo-2] [1;33m[GUI] [Wrn] [toggle_floors.cpp:237] [0m[1;33mNode for [0m[1;33mPK_01[0m[1;33mwas not found[0m[1;33m[0m
[gazebo-2] [1;33m[GUI] [Wrn] [toggle_floors.cpp:237] [0m[1;33mNode for [0m[1;33mPK_02[0m[1;33mwas not found[0m[1;33m[0m
[gazebo-2] [1;33m[GUI] [Wrn] [toggle_floors.cpp:237] [0m[1;33mNode for [0m[1;33mPK_01[0m[1;33mwas not found[0m[1;33m[0m
[gazebo-2] [1;33m[GUI] [Wrn] [toggle_floors.cpp:237] [0m[1;33mNode for [0m[1;33mPK_02[0m[1;33mwas not found[0m[1;33m[0m
[gazebo-2] [1;33m[GUI] [Wrn] [toggle_floors.cpp:237] [0m[1;33mNode for [0m[1;33mPK_01[0m[1;33mwas not found[0m[1;33m[0m
[gazebo-2] [1;33m[GUI] [Wrn] [toggle_floors.cpp:237] [0m[1;33mNode for [0m[1;33mPK_02[0m[1;33mwas not found[0m[1;33m[0m
[gazebo-2] [1;33m[GUI] [Wrn] [toggle_floors.cpp:237] [0m[1;33mNode for [0m[1;33mPK_01[0m[1;33mwas not found[0m[1;33m[0m
[gazebo-2] [1;33m[GUI] [Wrn] [toggle_floors.cpp:237] [0m[1;33mNode for [0m[1;33mPK_02[0m[1;33mwas not found[0m[1;33m[0m
[gazebo-2] [1;33m[GUI] [Wrn] [toggle_floors.cpp:237] [0m[1;33mNode for [0m[1;33mPK_01[0m[1;33mwas not found[0m[1;33m[0m
[gazebo-2] [1;33m[GUI] [Wrn] [toggle_floors.cpp:237] [0m[1;33mNode for [0m[1;33mPK_02[0m[1;33mwas not found[0m[1;33m[0m
[gazebo-2] [1;33m[GUI] [Wrn] [toggle_floors.cpp:237] [0m[1;33mNode for [0m[1;33mPK_01[0m[1;33mwas not found[0m[1;33m[0m
[gazebo-2] [1;33m[GUI] [Wrn] [toggle_floors.cpp:237] [0m[1;33mNode for [0m[1;33mPK_02[0m[1;33mwas not found[0m[1;33m[0m
[gazebo-2] [1;33m[GUI] [Wrn] [toggle_floors.cpp:237] [0m[1;33mNode for [0m[1;33mPK_01[0m[1;33mwas not found[0m[1;33m[0m
[gazebo-2] [1;33m[GUI] [Wrn] [toggle_floors.cpp:237] [0m[1;33mNode for [0m[1;33mPK_02[0m[1;33mwas not found[0m[1;33m[0m
[gazebo-2] [1;33m[GUI] [Wrn] [toggle_floors.cpp:237] [0m[1;33mNode for [0m[1;33mPK_01[0m[1;33mwas not found[0m[1;33m[0m
[gazebo-2] [1;33m[GUI] [Wrn] [toggle_floors.cpp:237] [0m[1;33mNode for [0m[1;33mPK_02[0m[1;33mwas not found[0m[1;33m[0m
[gazebo-2] [1;33m[GUI] [Wrn] [toggle_floors.cpp:237] [0m[1;33mNode for [0m[1;33mPK_01[0m[1;33mwas not found[0m[1;33m[0m
[gazebo-2] [1;33m[GUI] [Wrn] [toggle_floors.cpp:237] [0m[1;33mNode for [0m[1;33mPK_02[0m[1;33mwas not found[0m[1;33m[0m
[gazebo-2] [1;33m[GUI] [Wrn] [toggle_floors.cpp:237] [0m[1;33mNode for [0m[1;33mPK_01[0m[1;33mwas not found[0m[1;33m[0m
[gazebo-2] [1;33m[GUI] [Wrn] [toggle_floors.cpp:237] [0m[1;33mNode for [0m[1;33mPK_02[0m[1;33mwas not found[0m[1;33m[0m
[gazebo-2] [1;33m[GUI] [Wrn] [toggle_floors.cpp:237] [0m[1;33mNode for [0m[1;33mPK_01[0m[1;33mwas not found[0m[1;33m[0m
[gazebo-2] [1;33m[GUI] [Wrn] [toggle_floors.cpp:237] [0m[1;33mNode for [0m[1;33mPK_02[0m[1;33mwas not found[0m[1;33m[0m
[gazebo-2] [1;33m[GUI] [Wrn] [toggle_floors.cpp:237] [0m[1;33mNode for [0m[1;33mPK_01[0m[1;33mwas not found[0m[1;33m[0m
[gazebo-2] [1;33m[GUI] [Wrn] [toggle_floors.cpp:237] [0m[1;33mNode for [0m[1;33mPK_02[0m[1;33mwas not found[0m[1;33m[0m
[gazebo-2] [1;33m[GUI] [Wrn] [toggle_floors.cpp:237] [0m[1;33mNode for [0m[1;33mPK_01[0m[1;33mwas not found[0m[1;33m[0m
[gazebo-2] [1;33m[GUI] [Wrn] [toggle_floors.cpp:237] [0m[1;33mNode for [0m[1;33mPK_02[0m[1;33mwas not found[0m[1;33m[0m
[gazebo-2] [1;33m[GUI] [Wrn] [toggle_floors.cpp:237] [0m[1;33mNode for [0m[1;33mPK_01[0m[1;33mwas not found[0m[1;33m[0m
[gazebo-2] [1;33m[GUI] [Wrn] [toggle_floors.cpp:237] [0m[1;33mNode for [0m[1;33mPK_02[0m[1;33mwas not found[0m[1;33m[0m
[gazebo-2] [1;33m[GUI] [Wrn] [toggle_floors.cpp:237] [0m[1;33mNode for [0m[1;33mPK_01[0m[1;33mwas not found[0m[1;33m[0m
[gazebo-2] [1;33m[GUI] [Wrn] [toggle_floors.cpp:237] [0m[1;33mNode for [0m[1;33mPK_02[0m[1;33mwas not found[0m[1;33m[0m
[gazebo-2] [1;33m[GUI] [Wrn] [toggle_floors.cpp:237] [0m[1;33mNode for [0m[1;33mPK_01[0m[1;33mwas not found[0m[1;33m[0m
[gazebo-2] [1;33m[GUI] [Wrn] [toggle_floors.cpp:237] [0m[1;33mNode for [0m[1;33mPK_02[0m[1;33mwas not found[0m[1;33m[0m
[gazebo-2] [1;33m[GUI] [Wrn] [toggle_floors.cpp:237] [0m[1;33mNode for [0m[1;33mPK_01[0m[1;33mwas not found[0m[1;33m[0m
[gazebo-2] [1;33m[GUI] [Wrn] [toggle_floors.cpp:237] [0m[1;33mNode for [0m[1;33mPK_02[0m[1;33mwas not found[0m[1;33m[0m
[gazebo-2] [1;33m[GUI] [Wrn] [toggle_floors.cpp:237] [0m[1;33mNode for [0m[1;33mPK_01[0m[1;33mwas not found[0m[1;33m[0m
[gazebo-2] [1;33m[GUI] [Wrn] [toggle_floors.cpp:237] [0m[1;33mNode for [0m[1;33mPK_02[0m[1;33mwas not found[0m[1;33m[0m
[gazebo-2] [1;33m[GUI] [Wrn] [toggle_floors.cpp:237] [0m[1;33mNode for [0m[1;33mPK_01[0m[1;33mwas not found[0m[1;33m[0m
[gazebo-2] [1;33m[GUI] [Wrn] [toggle_floors.cpp:237] [0m[1;33mNode for [0m[1;33mPK_02[0m[1;33mwas not found[0m[1;33m[0m
[gazebo-2] [1;33m[GUI] [Wrn] [toggle_floors.cpp:237] [0m[1;33mNode for [0m[1;33mPK_01[0m[1;33mwas not found[0m[1;33m[0m
[gazebo-2] [1;33m[GUI] [Wrn] [toggle_floors.cpp:237] [0m[1;33mNode for [0m[1;33mPK_02[0m[1;33mwas not found[0m[1;33m[0m
[gazebo-2] [1;33m[GUI] [Wrn] [toggle_floors.cpp:237] [0m[1;33mNode for [0m[1;33mPK_01[0m[1;33mwas not found[0m[1;33m[0m
[gazebo-2] [1;33m[GUI] [Wrn] [toggle_floors.cpp:237] [0m[1;33mNode for [0m[1;33mPK_02[0m[1;33mwas not found[0m[1;33m[0m
[gazebo-2] [1;33m[GUI] [Wrn] [toggle_floors.cpp:237] [0m[1;33mNode for [0m[1;33mPK_01[0m[1;33mwas not found[0m[1;33m[0m
[gazebo-2] [1;33m[GUI] [Wrn] [toggle_floors.cpp:237] [0m[1;33mNode for [0m[1;33mPK_02[0m[1;33mwas not found[0m[1;33m[0m
[gazebo-2] [1;33m[GUI] [Wrn] [toggle_floors.cpp:237] [0m[1;33mNode for [0m[1;33mPK_01[0m[1;33mwas not found[0m[1;33m[0m
[gazebo-2] [1;33m[GUI] [Wrn] [toggle_floors.cpp:237] [0m[1;33mNode for [0m[1;33mPK_02[0m[1;33mwas not found[0m[1;33m[0m
[gazebo-2] [1;33m[GUI] [Wrn] [toggle_floors.cpp:237] [0m[1;33mNode for [0m[1;33mPK_01[0m[1;33mwas not found[0m[1;33m[0m
[gazebo-2] [1;33m[GUI] [Wrn] [toggle_floors.cpp:237] [0m[1;33mNode for [0m[1;33mPK_02[0m[1;33mwas not found[0m[1;33m[0m
[gazebo-2] [1;33m[GUI] [Wrn] [toggle_floors.cpp:237] [0m[1;33mNode for [0m[1;33mPK_01[0m[1;33mwas not found[0m[1;33m[0m
[gazebo-2] [1;33m[GUI] [Wrn] [toggle_floors.cpp:237] [0m[1;33mNode for [0m[1;33mPK_02[0m[1;33mwas not found[0m[1;33m[0m
[gazebo-2] [1;33m[GUI] [Wrn] [toggle_floors.cpp:237] [0m[1;33mNode for [0m[1;33mPK_01[0m[1;33mwas not found[0m[1;33m[0m
[gazebo-2] [1;33m[GUI] [Wrn] [toggle_floors.cpp:237] [0m[1;33mNode for [0m[1;33mPK_02[0m[1;33mwas not found[0m[1;33m[0m
[gazebo-2] [1;33m[GUI] [Wrn] [toggle_floors.cpp:237] [0m[1;33mNode for [0m[1;33mPK_01[0m[1;33mwas not found[0m[1;33m[0m
[gazebo-2] [1;33m[GUI] [Wrn] [toggle_floors.cpp:237] [0m[1;33mNode for [0m[1;33mPK_02[0m[1;33mwas not found[0m[1;33m[0m
[gazebo-2] [1;33m[GUI] [Wrn] [toggle_floors.cpp:237] [0m[1;33mNode for [0m[1;33mPK_01[0m[1;33mwas not found[0m[1;33m[0m
[gazebo-2] [1;33m[GUI] [Wrn] [toggle_floors.cpp:237] [0m[1;33mNode for [0m[1;33mPK_02[0m[1;33mwas not found[0m[1;33m[0m
[gazebo-2] [1;33m[GUI] [Wrn] [toggle_floors.cpp:237] [0m[1;33mNode for [0m[1;33mPK_01[0m[1;33mwas not found[0m[1;33m[0m
[gazebo-2] [1;33m[GUI] [Wrn] [toggle_floors.cpp:237] [0m[1;33mNode for [0m[1;33mPK_02[0m[1;33mwas not found[0m[1;33m[0m
[gazebo-2] [1;33m[GUI] [Wrn] [toggle_floors.cpp:237] [0m[1;33mNode for [0m[1;33mPK_01[0m[1;33mwas not found[0m[1;33m[0m
[gazebo-2] [1;33m[GUI] [Wrn] [toggle_floors.cpp:237] [0m[1;33mNode for [0m[1;33mPK_02[0m[1;33mwas not found[0m[1;33m[0m
[gazebo-2] [1;33m[GUI] [Wrn] [toggle_floors.cpp:237] [0m[1;33mNode for [0m[1;33mPK_01[0m[1;33mwas not found[0m[1;33m[0m
[gazebo-2] [1;33m[GUI] [Wrn] [toggle_floors.cpp:237] [0m[1;33mNode for [0m[1;33mPK_02[0m[1;33mwas not found[0m[1;33m[0m
[gazebo-2] [1;33m[GUI] [Wrn] [toggle_floors.cpp:237] [0m[1;33mNode for [0m[1;33mPK_01[0m[1;33mwas not found[0m[1;33m[0m
[gazebo-2] [1;33m[GUI] [Wrn] [toggle_floors.cpp:237] [0m[1;33mNode for [0m[1;33mPK_02[0m[1;33mwas not found[0m[1;33m[0m
[gazebo-2] [1;33m[GUI] [Wrn] [toggle_floors.cpp:237] [0m[1;33mNode for [0m[1;33mPK_01[0m[1;33mwas not found[0m[1;33m[0m
[gazebo-2] [1;33m[GUI] [Wrn] [toggle_floors.cpp:237] [0m[1;33mNode for [0m[1;33mPK_02[0m[1;33mwas not found[0m[1;33m[0m
[gazebo-2] [1;33m[GUI] [Wrn] [toggle_floors.cpp:237] [0m[1;33mNode for [0m[1;33mPK_01[0m[1;33mwas not found[0m[1;33m[0m
[gazebo-2] [1;33m[GUI] [Wrn] [toggle_floors.cpp:237] [0m[1;33mNode for [0m[1;33mPK_02[0m[1;33mwas not found[0m[1;33m[0m
[gazebo-2] [1;33m[GUI] [Wrn] [toggle_floors.cpp:237] [0m[1;33mNode for [0m[1;33mPK_01[0m[1;33mwas not found[0m[1;33m[0m
[gazebo-2] [1;33m[GUI] [Wrn] [toggle_floors.cpp:237] [0m[1;33mNode for [0m[1;33mPK_02[0m[1;33mwas not found[0m[1;33m[0m
[gazebo-2] [1;33m[GUI] [Wrn] [toggle_floors.cpp:237] [0m[1;33mNode for [0m[1;33mPK_01[0m[1;33mwas not found[0m[1;33m[0m
[gazebo-2] [1;33m[GUI] [Wrn] [toggle_floors.cpp:237] [0m[1;33mNode for [0m[1;33mPK_02[0m[1;33mwas not found[0m[1;33m[0m
[gazebo-2] [1;33m[GUI] [Wrn] [toggle_floors.cpp:237] [0m[1;33mNode for [0m[1;33mPK_01[0m[1;33mwas not found[0m[1;33m[0m
[gazebo-2] [1;33m[GUI] [Wrn] [toggle_floors.cpp:237] [0m[1;33mNode for [0m[1;33mPK_02[0m[1;33mwas not found[0m[1;33m[0m
[gazebo-2] [1;33m[GUI] [Wrn] [toggle_floors.cpp:237] [0m[1;33mNode for [0m[1;33mPK_01[0m[1;33mwas not found[0m[1;33m[0m
[gazebo-2] [1;33m[GUI] [Wrn] [toggle_floors.cpp:237] [0m[1;33mNode for [0m[1;33mPK_02[0m[1;33mwas not found[0m[1;33m[0m
[gazebo-2] [1;33m[GUI] [Wrn] [toggle_floors.cpp:237] [0m[1;33mNode for [0m[1;33mPK_01[0m[1;33mwas not found[0m[1;33m[0m
[gazebo-2] [1;33m[GUI] [Wrn] [toggle_floors.cpp:237] [0m[1;33mNode for [0m[1;33mPK_02[0m[1;33mwas not found[0m[1;33m[0m
[gazebo-2] [1;33m[GUI] [Wrn] [toggle_floors.cpp:237] [0m[1;33mNode for [0m[1;33mPK_01[0m[1;33mwas not found[0m[1;33m[0m
[gazebo-2] [1;33m[GUI] [Wrn] [toggle_floors.cpp:237] [0m[1;33mNode for [0m[1;33mPK_02[0m[1;33mwas not found[0m[1;33m[0m
[gazebo-2] [1;33m[GUI] [Wrn] [toggle_floors.cpp:237] [0m[1;33mNode for [0m[1;33mPK_01[0m[1;33mwas not found[0m[1;33m[0m
[gazebo-2] [1;33m[GUI] [Wrn] [toggle_floors.cpp:237] [0m[1;33mNode for [0m[1;33mPK_02[0m[1;33mwas not found[0m[1;33m[0m
[gazebo-2] [1;33m[GUI] [Wrn] [toggle_floors.cpp:237] [0m[1;33mNode for [0m[1;33mPK_01[0m[1;33mwas not found[0m[1;33m[0m
[gazebo-2] [1;33m[GUI] [Wrn] [toggle_floors.cpp:237] [0m[1;33mNode for [0m[1;33mPK_02[0m[1;33mwas not found[0m[1;33m[0m
[gazebo-2] [1;33m[GUI] [Wrn] [toggle_floors.cpp:237] [0m[1;33mNode for [0m[1;33mPK_01[0m[1;33mwas not found[0m[1;33m[0m
[gazebo-2] [1;33m[GUI] [Wrn] [toggle_floors.cpp:237] [0m[1;33mNode for [0m[1;33mPK_02[0m[1;33mwas not found[0m[1;33m[0m
[gazebo-2] [1;33m[GUI] [Wrn] [toggle_floors.cpp:237] [0m[1;33mNode for [0m[1;33mPK_01[0m[1;33mwas not found[0m[1;33m[0m
[gazebo-2] [1;33m[GUI] [Wrn] [toggle_floors.cpp:237] [0m[1;33mNode for [0m[1;33mPK_02[0m[1;33mwas not found[0m[1;33m[0m
[gazebo-2] [1;33m[GUI] [Wrn] [toggle_floors.cpp:237] [0m[1;33mNode for [0m[1;33mPK_01[0m[1;33mwas not found[0m[1;33m[0m
[gazebo-2] [1;33m[GUI] [Wrn] [toggle_floors.cpp:237] [0m[1;33mNode for [0m[1;33mPK_02[0m[1;33mwas not found[0m[1;33m[0m
[gazebo-2] [1;33m[GUI] [Wrn] [toggle_floors.cpp:237] [0m[1;33mNode for [0m[1;33mPK_01[0m[1;33mwas not found[0m[1;33m[0m
[gazebo-2] [1;33m[GUI] [Wrn] [toggle_floors.cpp:237] [0m[1;33mNode for [0m[1;33mPK_02[0m[1;33mwas not found[0m[1;33m[0m
[gazebo-2] [1;33m[GUI] [Wrn] [toggle_floors.cpp:237] [0m[1;33mNode for [0m[1;33mPK_01[0m[1;33mwas not found[0m[1;33m[0m
[gazebo-2] [1;33m[GUI] [Wrn] [toggle_floors.cpp:237] [0m[1;33mNode for [0m[1;33mPK_02[0m[1;33mwas not found[0m[1;33m[0m
[gazebo-2] [1;33m[GUI] [Wrn] [toggle_floors.cpp:237] [0m[1;33mNode for [0m[1;33mPK_01[0m[1;33mwas not found[0m[1;33m[0m
[gazebo-2] [1;33m[GUI] [Wrn] [toggle_floors.cpp:237] [0m[1;33mNode for [0m[1;33mPK_02[0m[1;33mwas not found[0m[1;33m[0m
[gazebo-2] [1;33m[GUI] [Wrn] [toggle_floors.cpp:237] [0m[1;33mNode for [0m[1;33mPK_01[0m[1;33mwas not found[0m[1;33m[0m
[gazebo-2] [1;33m[GUI] [Wrn] [toggle_floors.cpp:237] [0m[1;33mNode for [0m[1;33mPK_02[0m[1;33mwas not found[0m[1;33m[0m
[gazebo-2] [1;33m[GUI] [Wrn] [toggle_floors.cpp:237] [0m[1;33mNode for [0m[1;33mPK_01[0m[1;33mwas not found[0m[1;33m[0m
[gazebo-2] [1;33m[GUI] [Wrn] [toggle_floors.cpp:237] [0m[1;33mNode for [0m[1;33mPK_02[0m[1;33mwas not found[0m[1;33m[0m
[gazebo-2] [1;33m[GUI] [Wrn] [toggle_floors.cpp:237] [0m[1;33mNode for [0m[1;33mPK_01[0m[1;33mwas not found[0m[1;33m[0m
[gazebo-2] [1;33m[GUI] [Wrn] [toggle_floors.cpp:237] [0m[1;33mNode for [0m[1;33mPK_02[0m[1;33mwas not found[0m[1;33m[0m
[gazebo-2] [1;33m[GUI] [Wrn] [toggle_floors.cpp:237] [0m[1;33mNode for [0m[1;33mPK_01[0m[1;33mwas not found[0m[1;33m[0m
[gazebo-2] [1;33m[GUI] [Wrn] [toggle_floors.cpp:237] [0m[1;33mNode for [0m[1;33mPK_02[0m[1;33mwas not found[0m[1;33m[0m
[gazebo-2] [1;33m[GUI] [Wrn] [toggle_floors.cpp:237] [0m[1;33mNode for [0m[1;33mPK_01[0m[1;33mwas not found[0m[1;33m[0m
[gazebo-2] [1;33m[GUI] [Wrn] [toggle_floors.cpp:237] [0m[1;33mNode for [0m[1;33mPK_02[0m[1;33mwas not found[0m[1;33m[0m
[gazebo-2] [1;33m[GUI] [Wrn] [toggle_floors.cpp:237] [0m[1;33mNode for [0m[1;33mPK_01[0m[1;33mwas not found[0m[1;33m[0m
[gazebo-2] [1;33m[GUI] [Wrn] [toggle_floors.cpp:237] [0m[1;33mNode for [0m[1;33mPK_02[0m[1;33mwas not found[0m[1;33m[0m
[gazebo-2] [1;33m[GUI] [Wrn] [toggle_floors.cpp:237] [0m[1;33mNode for [0m[1;33mPK_01[0m[1;33mwas not found[0m[1;33m[0m
[gazebo-2] [1;33m[GUI] [Wrn] [toggle_floors.cpp:237] [0m[1;33mNode for [0m[1;33mPK_02[0m[1;33mwas not found[0m[1;33m[0m
[gazebo-2] [1;33m[GUI] [Wrn] [toggle_floors.cpp:237] [0m[1;33mNode for [0m[1;33mPK_01[0m[1;33mwas not found[0m[1;33m[0m
[gazebo-2] [1;33m[GUI] [Wrn] [toggle_floors.cpp:237] [0m[1;33mNode for [0m[1;33mPK_02[0m[1;33mwas not found[0m[1;33m[0m
[gazebo-2] [1;33m[GUI] [Wrn] [toggle_floors.cpp:237] [0m[1;33mNode for [0m[1;33mPK_01[0m[1;33mwas not found[0m[1;33m[0m
[gazebo-2] [1;33m[GUI] [Wrn] [toggle_floors.cpp:237] [0m[1;33mNode for [0m[1;33mPK_02[0m[1;33mwas not found[0m[1;33m[0m
[gazebo-2] [1;33m[GUI] [Wrn] [toggle_floors.cpp:237] [0m[1;33mNode for [0m[1;33mPK_01[0m[1;33mwas not found[0m[1;33m[0m
[gazebo-2] [1;33m[GUI] [Wrn] [toggle_floors.cpp:237] [0m[1;33mNode for [0m[1;33mPK_02[0m[1;33mwas not found[0m[1;33m[0m
[gazebo-2] [1;33m[GUI] [Wrn] [toggle_floors.cpp:237] [0m[1;33mNode for [0m[1;33mPK_01[0m[1;33mwas not found[0m[1;33m[0m
[gazebo-2] [1;33m[GUI] [Wrn] [toggle_floors.cpp:237] [0m[1;33mNode for [0m[1;33mPK_02[0m[1;33mwas not found[0m[1;33m[0m
[gazebo-2] [1;33m[GUI] [Wrn] [toggle_floors.cpp:237] [0m[1;33mNode for [0m[1;33mPK_01[0m[1;33mwas not found[0m[1;33m[0m
[gazebo-2] [1;33m[GUI] [Wrn] [toggle_floors.cpp:237] [0m[1;33mNode for [0m[1;33mPK_02[0m[1;33mwas not found[0m[1;33m[0m
[gazebo-2] [1;33m[GUI] [Wrn] [toggle_floors.cpp:237] [0m[1;33mNode for [0m[1;33mPK_01[0m[1;33mwas not found[0m[1;33m[0m
[gazebo-2] [1;33m[GUI] [Wrn] [toggle_floors.cpp:237] [0m[1;33mNode for [0m[1;33mPK_02[0m[1;33mwas not found[0m[1;33m[0m
[gazebo-2] [1;33m[GUI] [Wrn] [toggle_floors.cpp:237] [0m[1;33mNode for [0m[1;33mPK_01[0m[1;33mwas not found[0m[1;33m[0m
[gazebo-2] [1;33m[GUI] [Wrn] [toggle_floors.cpp:237] [0m[1;33mNode for [0m[1;33mPK_02[0m[1;33mwas not found[0m[1;33m[0m
[gazebo-2] [1;33m[GUI] [Wrn] [toggle_floors.cpp:237] [0m[1;33mNode for [0m[1;33mPK_01[0m[1;33mwas not found[0m[1;33m[0m
[gazebo-2] [1;33m[GUI] [Wrn] [toggle_floors.cpp:237] [0m[1;33mNode for [0m[1;33mPK_02[0m[1;33mwas not found[0m[1;33m[0m
[gazebo-2] [1;33m[GUI] [Wrn] [toggle_floors.cpp:237] [0m[1;33mNode for [0m[1;33mPK_01[0m[1;33mwas not found[0m[1;33m[0m
[gazebo-2] [1;33m[GUI] [Wrn] [toggle_floors.cpp:237] [0m[1;33mNode for [0m[1;33mPK_02[0m[1;33mwas not found[0m[1;33m[0m
[gazebo-2] [1;33m[GUI] [Wrn] [toggle_floors.cpp:237] [0m[1;33mNode for [0m[1;33mPK_01[0m[1;33mwas not found[0m[1;33m[0m
[gazebo-2] [1;33m[GUI] [Wrn] [toggle_floors.cpp:237] [0m[1;33mNode for [0m[1;33mPK_02[0m[1;33mwas not found[0m[1;33m[0m
[gazebo-2] [1;33m[GUI] [Wrn] [toggle_floors.cpp:237] [0m[1;33mNode for [0m[1;33mPK_01[0m[1;33mwas not found[0m[1;33m[0m
[gazebo-2] [1;33m[GUI] [Wrn] [toggle_floors.cpp:237] [0m[1;33mNode for [0m[1;33mPK_02[0m[1;33mwas not found[0m[1;33m[0m
[gazebo-2] [1;33m[GUI] [Wrn] [toggle_floors.cpp:237] [0m[1;33mNode for [0m[1;33mPK_01[0m[1;33mwas not found[0m[1;33m[0m
[gazebo-2] [1;33m[GUI] [Wrn] [toggle_floors.cpp:237] [0m[1;33mNode for [0m[1;33mPK_02[0m[1;33mwas not found[0m[1;33m[0m
[gazebo-2] [1;33m[GUI] [Wrn] [toggle_floors.cpp:237] [0m[1;33mNode for [0m[1;33mPK_01[0m[1;33mwas not found[0m[1;33m[0m
[gazebo-2] [1;33m[GUI] [Wrn] [toggle_floors.cpp:237] [0m[1;33mNode for [0m[1;33mPK_02[0m[1;33mwas not found[0m[1;33m[0m
[gazebo-2] [1;33m[GUI] [Wrn] [toggle_floors.cpp:237] [0m[1;33mNode for [0m[1;33mPK_01[0m[1;33mwas not found[0m[1;33m[0m
[gazebo-2] [1;33m[GUI] [Wrn] [toggle_floors.cpp:237] [0m[1;33mNode for [0m[1;33mPK_02[0m[1;33mwas not found[0m[1;33m[0m
[gazebo-2] [1;33m[GUI] [Wrn] [toggle_floors.cpp:237] [0m[1;33mNode for [0m[1;33mPK_01[0m[1;33mwas not found[0m[1;33m[0m
[gazebo-2] [1;33m[GUI] [Wrn] [toggle_floors.cpp:237] [0m[1;33mNode for [0m[1;33mPK_02[0m[1;33mwas not found[0m[1;33m[0m
[gazebo-2] [1;33m[GUI] [Wrn] [toggle_floors.cpp:237] [0m[1;33mNode for [0m[1;33mPK_01[0m[1;33mwas not found[0m[1;33m[0m
[gazebo-2] [1;33m[GUI] [Wrn] [toggle_floors.cpp:237] [0m[1;33mNode for [0m[1;33mPK_02[0m[1;33mwas not found[0m[1;33m[0m
[gazebo-2] [1;33m[GUI] [Wrn] [toggle_floors.cpp:237] [0m[1;33mNode for [0m[1;33mPK_01[0m[1;33mwas not found[0m[1;33m[0m
[gazebo-2] [1;33m[GUI] [Wrn] [toggle_floors.cpp:237] [0m[1;33mNode for [0m[1;33mPK_02[0m[1;33mwas not found[0m[1;33m[0m
[gazebo-2] [1;33m[GUI] [Wrn] [toggle_floors.cpp:237] [0m[1;33mNode for [0m[1;33mPK_01[0m[1;33mwas not found[0m[1;33m[0m
[gazebo-2] [1;33m[GUI] [Wrn] [toggle_floors.cpp:237] [0m[1;33mNode for [0m[1;33mPK_02[0m[1;33mwas not found[0m[1;33m[0m
[gazebo-2] [1;33m[GUI] [Wrn] [toggle_floors.cpp:237] [0m[1;33mNode for [0m[1;33mPK_01[0m[1;33mwas not found[0m[1;33m[0m
[gazebo-2] [1;33m[GUI] [Wrn] [toggle_floors.cpp:237] [0m[1;33mNode for [0m[1;33mPK_02[0m[1;33mwas not found[0m[1;33m[0m
[gazebo-2] [1;33m[GUI] [Wrn] [toggle_floors.cpp:237] [0m[1;33mNode for [0m[1;33mPK_01[0m[1;33mwas not found[0m[1;33m[0m
[gazebo-2] [1;33m[GUI] [Wrn] [toggle_floors.cpp:237] [0m[1;33mNode for [0m[1;33mPK_02[0m[1;33mwas not found[0m[1;33m[0m
[gazebo-2] [1;33m[GUI] [Wrn] [toggle_floors.cpp:237] [0m[1;33mNode for [0m[1;33mPK_01[0m[1;33mwas not found[0m[1;33m[0m
[gazebo-2] [1;33m[GUI] [Wrn] [toggle_floors.cpp:237] [0m[1;33mNode for [0m[1;33mPK_02[0m[1;33mwas not found[0m[1;33m[0m
[gazebo-2] [1;33m[GUI] [Wrn] [toggle_floors.cpp:237] [0m[1;33mNode for [0m[1;33mPK_01[0m[1;33mwas not found[0m[1;33m[0m
[gazebo-2] [1;33m[GUI] [Wrn] [toggle_floors.cpp:237] [0m[1;33mNode for [0m[1;33mPK_02[0m[1;33mwas not found[0m[1;33m[0m
[gazebo-2] [1;33m[GUI] [Wrn] [toggle_floors.cpp:237] [0m[1;33mNode for [0m[1;33mPK_01[0m[1;33mwas not found[0m[1;33m[0m
[gazebo-2] [1;33m[GUI] [Wrn] [toggle_floors.cpp:237] [0m[1;33mNode for [0m[1;33mPK_02[0m[1;33mwas not found[0m[1;33m[0m
[gazebo-2] [1;33m[GUI] [Wrn] [toggle_floors.cpp:237] [0m[1;33mNode for [0m[1;33mPK_01[0m[1;33mwas not found[0m[1;33m[0m
[gazebo-2] [1;33m[GUI] [Wrn] [toggle_floors.cpp:237] [0m[1;33mNode for [0m[1;33mPK_02[0m[1;33mwas not found[0m[1;33m[0m
[gazebo-2] [1;33m[GUI] [Wrn] [toggle_floors.cpp:237] [0m[1;33mNode for [0m[1;33mPK_01[0m[1;33mwas not found[0m[1;33m[0m
[gazebo-2] [1;33m[GUI] [Wrn] [toggle_floors.cpp:237] [0m[1;33mNode for [0m[1;33mPK_02[0m[1;33mwas not found[0m[1;33m[0m
[gazebo-2] [1;33m[GUI] [Wrn] [toggle_floors.cpp:237] [0m[1;33mNode for [0m[1;33mPK_01[0m[1;33mwas not found[0m[1;33m[0m
[gazebo-2] [1;33m[GUI] [Wrn] [toggle_floors.cpp:237] [0m[1;33mNode for [0m[1;33mPK_02[0m[1;33mwas not found[0m[1;33m[0m
[gazebo-2] [1;33m[GUI] [Wrn] [toggle_floors.cpp:237] [0m[1;33mNode for [0m[1;33mPK_01[0m[1;33mwas not found[0m[1;33m[0m
[gazebo-2] [1;33m[GUI] [Wrn] [toggle_floors.cpp:237] [0m[1;33mNode for [0m[1;33mPK_02[0m[1;33mwas not found[0m[1;33m[0m
[gazebo-2] [1;33m[GUI] [Wrn] [toggle_floors.cpp:237] [0m[1;33mNode for [0m[1;33mPK_01[0m[1;33mwas not found[0m[1;33m[0m
[gazebo-2] [1;33m[GUI] [Wrn] [toggle_floors.cpp:237] [0m[1;33mNode for [0m[1;33mPK_02[0m[1;33mwas not found[0m[1;33m[0m
[gazebo-2] [1;33m[GUI] [Wrn] [toggle_floors.cpp:237] [0m[1;33mNode for [0m[1;33mPK_01[0m[1;33mwas not found[0m[1;33m[0m
[gazebo-2] [1;33m[GUI] [Wrn] [toggle_floors.cpp:237] [0m[1;33mNode for [0m[1;33mPK_02[0m[1;33mwas not found[0m[1;33m[0m
[gazebo-2] [1;33m[GUI] [Wrn] [toggle_floors.cpp:237] [0m[1;33mNode for [0m[1;33mPK_01[0m[1;33mwas not found[0m[1;33m[0m
[gazebo-2] [1;33m[GUI] [Wrn] [toggle_floors.cpp:237] [0m[1;33mNode for [0m[1;33mPK_02[0m[1;33mwas not found[0m[1;33m[0m
[gazebo-2] [1;33m[GUI] [Wrn] [toggle_floors.cpp:237] [0m[1;33mNode for [0m[1;33mPK_01[0m[1;33mwas not found[0m[1;33m[0m
[gazebo-2] [1;33m[GUI] [Wrn] [toggle_floors.cpp:237] [0m[1;33mNode for [0m[1;33mPK_02[0m[1;33mwas not found[0m[1;33m[0m
[gazebo-2] [1;33m[GUI] [Wrn] [toggle_floors.cpp:237] [0m[1;33mNode for [0m[1;33mPK_01[0m[1;33mwas not found[0m[1;33m[0m
[gazebo-2] [1;33m[GUI] [Wrn] [toggle_floors.cpp:237] [0m[1;33mNode for [0m[1;33mPK_02[0m[1;33mwas not found[0m[1;33m[0m
[gazebo-2] [1;33m[GUI] [Wrn] [toggle_floors.cpp:237] [0m[1;33mNode for [0m[1;33mPK_01[0m[1;33mwas not found[0m[1;33m[0m
[gazebo-2] [1;33m[GUI] [Wrn] [toggle_floors.cpp:237] [0m[1;33mNode for [0m[1;33mPK_02[0m[1;33mwas not found[0m[1;33m[0m
[gazebo-2] [1;33m[GUI] [Wrn] [toggle_floors.cpp:237] [0m[1;33mNode for [0m[1;33mPK_01[0m[1;33mwas not found[0m[1;33m[0m
[gazebo-2] [1;33m[GUI] [Wrn] [toggle_floors.cpp:237] [0m[1;33mNode for [0m[1;33mPK_02[0m[1;33mwas not found[0m[1;33m[0m
[gazebo-2] [1;33m[GUI] [Wrn] [toggle_floors.cpp:237] [0m[1;33mNode for [0m[1;33mPK_01[0m[1;33mwas not found[0m[1;33m[0m
[gazebo-2] [1;33m[GUI] [Wrn] [toggle_floors.cpp:237] [0m[1;33mNode for [0m[1;33mPK_02[0m[1;33mwas not found[0m[1;33m[0m
[gazebo-2] [1;33m[GUI] [Wrn] [toggle_floors.cpp:237] [0m[1;33mNode for [0m[1;33mPK_01[0m[1;33mwas not found[0m[1;33m[0m
[gazebo-2] [1;33m[GUI] [Wrn] [toggle_floors.cpp:237] [0m[1;33mNode for [0m[1;33mPK_02[0m[1;33mwas not found[0m[1;33m[0m
[gazebo-2] [1;33m[GUI] [Wrn] [toggle_floors.cpp:237] [0m[1;33mNode for [0m[1;33mPK_01[0m[1;33mwas not found[0m[1;33m[0m
[gazebo-2] [1;33m[GUI] [Wrn] [toggle_floors.cpp:237] [0m[1;33mNode for [0m[1;33mPK_02[0m[1;33mwas not found[0m[1;33m[0m
[gazebo-2] [1;33m[GUI] [Wrn] [toggle_floors.cpp:237] [0m[1;33mNode for [0m[1;33mPK_01[0m[1;33mwas not found[0m[1;33m[0m
[gazebo-2] [1;33m[GUI] [Wrn] [toggle_floors.cpp:237] [0m[1;33mNode for [0m[1;33mPK_02[0m[1;33mwas not found[0m[1;33m[0m
[gazebo-2] [1;33m[GUI] [Wrn] [toggle_floors.cpp:237] [0m[1;33mNode for [0m[1;33mPK_01[0m[1;33mwas not found[0m[1;33m[0m
[gazebo-2] [1;33m[GUI] [Wrn] [toggle_floors.cpp:237] [0m[1;33mNode for [0m[1;33mPK_02[0m[1;33mwas not found[0m[1;33m[0m
[gazebo-2] [1;33m[GUI] [Wrn] [toggle_floors.cpp:237] [0m[1;33mNode for [0m[1;33mPK_01[0m[1;33mwas not found[0m[1;33m[0m
[gazebo-2] [1;33m[GUI] [Wrn] [toggle_floors.cpp:237] [0m[1;33mNode for [0m[1;33mPK_02[0m[1;33mwas not found[0m[1;33m[0m
[gazebo-2] [1;33m[GUI] [Wrn] [toggle_floors.cpp:237] [0m[1;33mNode for [0m[1;33mPK_01[0m[1;33mwas not found[0m[1;33m[0m
[gazebo-2] [1;33m[GUI] [Wrn] [toggle_floors.cpp:237] [0m[1;33mNode for [0m[1;33mPK_02[0m[1;33mwas not found[0m[1;33m[0m
[gazebo-2] [1;33m[GUI] [Wrn] [toggle_floors.cpp:237] [0m[1;33mNode for [0m[1;33mPK_01[0m[1;33mwas not found[0m[1;33m[0m
[gazebo-2] [1;33m[GUI] [Wrn] [toggle_floors.cpp:237] [0m[1;33mNode for [0m[1;33mPK_02[0m[1;33mwas not found[0m[1;33m[0m
[gazebo-2] [1;33m[GUI] [Wrn] [toggle_floors.cpp:237] [0m[1;33mNode for [0m[1;33mPK_01[0m[1;33mwas not found[0m[1;33m[0m
[gazebo-2] [1;33m[GUI] [Wrn] [toggle_floors.cpp:237] [0m[1;33mNode for [0m[1;33mPK_02[0m[1;33mwas not found[0m[1;33m[0m
[gazebo-2] [1;33m[GUI] [Wrn] [toggle_floors.cpp:237] [0m[1;33mNode for [0m[1;33mPK_01[0m[1;33mwas not found[0m[1;33m[0m
[gazebo-2] [1;33m[GUI] [Wrn] [toggle_floors.cpp:237] [0m[1;33mNode for [0m[1;33mPK_02[0m[1;33mwas not found[0m[1;33m[0m
[gazebo-2] [1;33m[GUI] [Wrn] [toggle_floors.cpp:237] [0m[1;33mNode for [0m[1;33mPK_01[0m[1;33mwas not found[0m[1;33m[0m
[gazebo-2] [1;33m[GUI] [Wrn] [toggle_floors.cpp:237] [0m[1;33mNode for [0m[1;33mPK_02[0m[1;33mwas not found[0m[1;33m[0m
[gazebo-2] [1;33m[GUI] [Wrn] [toggle_floors.cpp:237] [0m[1;33mNode for [0m[1;33mPK_01[0m[1;33mwas not found[0m[1;33m[0m
[gazebo-2] [1;33m[GUI] [Wrn] [toggle_floors.cpp:237] [0m[1;33mNode for [0m[1;33mPK_02[0m[1;33mwas not found[0m[1;33m[0m
[gazebo-2] [1;33m[GUI] [Wrn] [toggle_floors.cpp:237] [0m[1;33mNode for [0m[1;33mPK_01[0m[1;33mwas not found[0m[1;33m[0m
[gazebo-2] [1;33m[GUI] [Wrn] [toggle_floors.cpp:237] [0m[1;33mNode for [0m[1;33mPK_02[0m[1;33mwas not found[0m[1;33m[0m
[gazebo-2] [1;33m[GUI] [Wrn] [toggle_floors.cpp:237] [0m[1;33mNode for [0m[1;33mPK_01[0m[1;33mwas not found[0m[1;33m[0m
[gazebo-2] [1;33m[GUI] [Wrn] [toggle_floors.cpp:237] [0m[1;33mNode for [0m[1;33mPK_02[0m[1;33mwas not found[0m[1;33m[0m
[gazebo-2] [1;33m[GUI] [Wrn] [toggle_floors.cpp:237] [0m[1;33mNode for [0m[1;33mPK_01[0m[1;33mwas not found[0m[1;33m[0m
[gazebo-2] [1;33m[GUI] [Wrn] [toggle_floors.cpp:237] [0m[1;33mNode for [0m[1;33mPK_02[0m[1;33mwas not found[0m[1;33m[0m
[gazebo-2] [1;33m[GUI] [Wrn] [toggle_floors.cpp:237] [0m[1;33mNode for [0m[1;33mPK_01[0m[1;33mwas not found[0m[1;33m[0m
[gazebo-2] [1;33m[GUI] [Wrn] [toggle_floors.cpp:237] [0m[1;33mNode for [0m[1;33mPK_02[0m[1;33mwas not found[0m[1;33m[0m
[gazebo-2] [1;33m[GUI] [Wrn] [toggle_floors.cpp:237] [0m[1;33mNode for [0m[1;33mPK_01[0m[1;33mwas not found[0m[1;33m[0m
[gazebo-2] [1;33m[GUI] [Wrn] [toggle_floors.cpp:237] [0m[1;33mNode for [0m[1;33mPK_02[0m[1;33mwas not found[0m[1;33m[0m
[gazebo-2] [1;33m[GUI] [Wrn] [toggle_floors.cpp:237] [0m[1;33mNode for [0m[1;33mPK_01[0m[1;33mwas not found[0m[1;33m[0m
[gazebo-2] [1;33m[GUI] [Wrn] [toggle_floors.cpp:237] [0m[1;33mNode for [0m[1;33mPK_02[0m[1;33mwas not found[0m[1;33m[0m
[gazebo-2] [1;33m[GUI] [Wrn] [toggle_floors.cpp:237] [0m[1;33mNode for [0m[1;33mPK_01[0m[1;33mwas not found[0m[1;33m[0m
[gazebo-2] [1;33m[GUI] [Wrn] [toggle_floors.cpp:237] [0m[1;33mNode for [0m[1;33mPK_02[0m[1;33mwas not found[0m[1;33m[0m
[gazebo-2] [1;33m[GUI] [Wrn] [toggle_floors.cpp:237] [0m[1;33mNode for [0m[1;33mPK_01[0m[1;33mwas not found[0m[1;33m[0m
[gazebo-2] [1;33m[GUI] [Wrn] [toggle_floors.cpp:237] [0m[1;33mNode for [0m[1;33mPK_02[0m[1;33mwas not found[0m[1;33m[0m
[gazebo-2] [1;33m[GUI] [Wrn] [toggle_floors.cpp:237] [0m[1;33mNode for [0m[1;33mPK_01[0m[1;33mwas not found[0m[1;33m[0m
[gazebo-2] [1;33m[GUI] [Wrn] [toggle_floors.cpp:237] [0m[1;33mNode for [0m[1;33mPK_02[0m[1;33mwas not found[0m[1;33m[0m
[gazebo-2] [1;33m[GUI] [Wrn] [toggle_floors.cpp:237] [0m[1;33mNode for [0m[1;33mPK_01[0m[1;33mwas not found[0m[1;33m[0m
[gazebo-2] [1;33m[GUI] [Wrn] [toggle_floors.cpp:237] [0m[1;33mNode for [0m[1;33mPK_02[0m[1;33mwas not found[0m[1;33m[0m
[gazebo-2] [1;33m[GUI] [Wrn] [toggle_floors.cpp:237] [0m[1;33mNode for [0m[1;33mPK_01[0m[1;33mwas not found[0m[1;33m[0m
[gazebo-2] [1;33m[GUI] [Wrn] [toggle_floors.cpp:237] [0m[1;33mNode for [0m[1;33mPK_02[0m[1;33mwas not found[0m[1;33m[0m
[gazebo-2] [1;33m[GUI] [Wrn] [toggle_floors.cpp:237] [0m[1;33mNode for [0m[1;33mPK_01[0m[1;33mwas not found[0m[1;33m[0m
[gazebo-2] [1;33m[GUI] [Wrn] [toggle_floors.cpp:237] [0m[1;33mNode for [0m[1;33mPK_02[0m[1;33mwas not found[0m[1;33m[0m
[gazebo-2] [1;33m[GUI] [Wrn] [toggle_floors.cpp:237] [0m[1;33mNode for [0m[1;33mPK_01[0m[1;33mwas not found[0m[1;33m[0m
[gazebo-2] [1;33m[GUI] [Wrn] [toggle_floors.cpp:237] [0m[1;33mNode for [0m[1;33mPK_02[0m[1;33mwas not found[0m[1;33m[0m
[gazebo-2] [1;33m[GUI] [Wrn] [toggle_floors.cpp:237] [0m[1;33mNode for [0m[1;33mPK_01[0m[1;33mwas not found[0m[1;33m[0m
[gazebo-2] [1;33m[GUI] [Wrn] [toggle_floors.cpp:237] [0m[1;33mNode for [0m[1;33mPK_02[0m[1;33mwas not found[0m[1;33m[0m
[gazebo-2] [1;33m[GUI] [Wrn] [toggle_floors.cpp:237] [0m[1;33mNode for [0m[1;33mPK_01[0m[1;33mwas not found[0m[1;33m[0m
[gazebo-2] [1;33m[GUI] [Wrn] [toggle_floors.cpp:237] [0m[1;33mNode for [0m[1;33mPK_02[0m[1;33mwas not found[0m[1;33m[0m
[gazebo-2] [1;33m[GUI] [Wrn] [toggle_floors.cpp:237] [0m[1;33mNode for [0m[1;33mPK_01[0m[1;33mwas not found[0m[1;33m[0m
[gazebo-2] [1;33m[GUI] [Wrn] [toggle_floors.cpp:237] [0m[1;33mNode for [0m[1;33mPK_02[0m[1;33mwas not found[0m[1;33m[0m
[gazebo-2] [1;33m[GUI] [Wrn] [toggle_floors.cpp:237] [0m[1;33mNode for [0m[1;33mPK_01[0m[1;33mwas not found[0m[1;33m[0m
[gazebo-2] [1;33m[GUI] [Wrn] [toggle_floors.cpp:237] [0m[1;33mNode for [0m[1;33mPK_02[0m[1;33mwas not found[0m[1;33m[0m
[gazebo-2] [1;33m[GUI] [Wrn] [toggle_floors.cpp:237] [0m[1;33mNode for [0m[1;33mPK_01[0m[1;33mwas not found[0m[1;33m[0m
[gazebo-2] [1;33m[GUI] [Wrn] [toggle_floors.cpp:237] [0m[1;33mNode for [0m[1;33mPK_02[0m[1;33mwas not found[0m[1;33m[0m
[gazebo-2] [1;33m[GUI] [Wrn] [toggle_floors.cpp:237] [0m[1;33mNode for [0m[1;33mPK_01[0m[1;33mwas not found[0m[1;33m[0m
[gazebo-2] [1;33m[GUI] [Wrn] [toggle_floors.cpp:237] [0m[1;33mNode for [0m[1;33mPK_02[0m[1;33mwas not found[0m[1;33m[0m
[gazebo-2] [1;33m[GUI] [Wrn] [toggle_floors.cpp:237] [0m[1;33mNode for [0m[1;33mPK_01[0m[1;33mwas not found[0m[1;33m[0m
[gazebo-2] [1;33m[GUI] [Wrn] [toggle_floors.cpp:237] [0m[1;33mNode for [0m[1;33mPK_02[0m[1;33mwas not found[0m[1;33m[0m
[gazebo-2] [1;33m[GUI] [Wrn] [toggle_floors.cpp:237] [0m[1;33mNode for [0m[1;33mPK_01[0m[1;33mwas not found[0m[1;33m[0m
[gazebo-2] [1;33m[GUI] [Wrn] [toggle_floors.cpp:237] [0m[1;33mNode for [0m[1;33mPK_02[0m[1;33mwas not found[0m[1;33m[0m
[gazebo-2] [1;33m[GUI] [Wrn] [toggle_floors.cpp:237] [0m[1;33mNode for [0m[1;33mPK_01[0m[1;33mwas not found[0m[1;33m[0m
[gazebo-2] [1;33m[GUI] [Wrn] [toggle_floors.cpp:237] [0m[1;33mNode for [0m[1;33mPK_02[0m[1;33mwas not found[0m[1;33m[0m
[gazebo-2] [1;33m[GUI] [Wrn] [toggle_floors.cpp:237] [0m[1;33mNode for [0m[1;33mPK_01[0m[1;33mwas not found[0m[1;33m[0m
[gazebo-2] [1;33m[GUI] [Wrn] [toggle_floors.cpp:237] [0m[1;33mNode for [0m[1;33mPK_02[0m[1;33mwas not found[0m[1;33m[0m
[gazebo-2] [1;33m[GUI] [Wrn] [toggle_floors.cpp:237] [0m[1;33mNode for [0m[1;33mPK_01[0m[1;33mwas not found[0m[1;33m[0m
[gazebo-2] [1;33m[GUI] [Wrn] [toggle_floors.cpp:237] [0m[1;33mNode for [0m[1;33mPK_02[0m[1;33mwas not found[0m[1;33m[0m
[gazebo-2] [1;33m[GUI] [Wrn] [toggle_floors.cpp:237] [0m[1;33mNode for [0m[1;33mPK_01[0m[1;33mwas not found[0m[1;33m[0m
[gazebo-2] [1;33m[GUI] [Wrn] [toggle_floors.cpp:237] [0m[1;33mNode for [0m[1;33mPK_02[0m[1;33mwas not found[0m[1;33m[0m
[gazebo-2] [1;33m[GUI] [Wrn] [toggle_floors.cpp:237] [0m[1;33mNode for [0m[1;33mPK_01[0m[1;33mwas not found[0m[1;33m[0m
[gazebo-2] [1;33m[GUI] [Wrn] [toggle_floors.cpp:237] [0m[1;33mNode for [0m[1;33mPK_02[0m[1;33mwas not found[0m[1;33m[0m
[gazebo-2] [1;33m[GUI] [Wrn] [toggle_floors.cpp:237] [0m[1;33mNode for [0m[1;33mPK_01[0m[1;33mwas not found[0m[1;33m[0m
[gazebo-2] [1;33m[GUI] [Wrn] [toggle_floors.cpp:237] [0m[1;33mNode for [0m[1;33mPK_02[0m[1;33mwas not found[0m[1;33m[0m
[gazebo-2] [1;33m[GUI] [Wrn] [toggle_floors.cpp:237] [0m[1;33mNode for [0m[1;33mPK_01[0m[1;33mwas not found[0m[1;33m[0m
[gazebo-2] [1;33m[GUI] [Wrn] [toggle_floors.cpp:237] [0m[1;33mNode for [0m[1;33mPK_02[0m[1;33mwas not found[0m[1;33m[0m
[gazebo-2] [1;33m[GUI] [Wrn] [toggle_floors.cpp:237] [0m[1;33mNode for [0m[1;33mPK_01[0m[1;33mwas not found[0m[1;33m[0m
[gazebo-2] [1;33m[GUI] [Wrn] [toggle_floors.cpp:237] [0m[1;33mNode for [0m[1;33mPK_02[0m[1;33mwas not found[0m[1;33m[0m
[gazebo-2] [1;33m[GUI] [Wrn] [toggle_floors.cpp:237] [0m[1;33mNode for [0m[1;33mPK_01[0m[1;33mwas not found[0m[1;33m[0m
[gazebo-2] [1;33m[GUI] [Wrn] [toggle_floors.cpp:237] [0m[1;33mNode for [0m[1;33mPK_02[0m[1;33mwas not found[0m[1;33m[0m
[gazebo-2] [1;33m[GUI] [Wrn] [toggle_floors.cpp:237] [0m[1;33mNode for [0m[1;33mPK_01[0m[1;33mwas not found[0m[1;33m[0m
[gazebo-2] [1;33m[GUI] [Wrn] [toggle_floors.cpp:237] [0m[1;33mNode for [0m[1;33mPK_02[0m[1;33mwas not found[0m[1;33m[0m
[gazebo-2] [1;33m[GUI] [Wrn] [toggle_floors.cpp:237] [0m[1;33mNode for [0m[1;33mPK_01[0m[1;33mwas not found[0m[1;33m[0m
[gazebo-2] [1;33m[GUI] [Wrn] [toggle_floors.cpp:237] [0m[1;33mNode for [0m[1;33mPK_02[0m[1;33mwas not found[0m[1;33m[0m
[gazebo-2] [1;33m[GUI] [Wrn] [toggle_floors.cpp:237] [0m[1;33mNode for [0m[1;33mPK_01[0m[1;33mwas not found[0m[1;33m[0m
[gazebo-2] [1;33m[GUI] [Wrn] [toggle_floors.cpp:237] [0m[1;33mNode for [0m[1;33mPK_02[0m[1;33mwas not found[0m[1;33m[0m
[gazebo-2] [1;33m[GUI] [Wrn] [toggle_floors.cpp:237] [0m[1;33mNode for [0m[1;33mPK_01[0m[1;33mwas not found[0m[1;33m[0m
[gazebo-2] [1;33m[GUI] [Wrn] [toggle_floors.cpp:237] [0m[1;33mNode for [0m[1;33mPK_02[0m[1;33mwas not found[0m[1;33m[0m
[gazebo-2] [1;33m[GUI] [Wrn] [toggle_floors.cpp:237] [0m[1;33mNode for [0m[1;33mPK_01[0m[1;33mwas not found[0m[1;33m[0m
[gazebo-2] [1;33m[GUI] [Wrn] [toggle_floors.cpp:237] [0m[1;33mNode for [0m[1;33mPK_02[0m[1;33mwas not found[0m[1;33m[0m
[gazebo-2] [1;33m[GUI] [Wrn] [toggle_floors.cpp:237] [0m[1;33mNode for [0m[1;33mPK_01[0m[1;33mwas not found[0m[1;33m[0m
[gazebo-2] [1;33m[GUI] [Wrn] [toggle_floors.cpp:237] [0m[1;33mNode for [0m[1;33mPK_02[0m[1;33mwas not found[0m[1;33m[0m
[gazebo-2] [1;33m[GUI] [Wrn] [toggle_floors.cpp:237] [0m[1;33mNode for [0m[1;33mPK_01[0m[1;33mwas not found[0m[1;33m[0m
[gazebo-2] [1;33m[GUI] [Wrn] [toggle_floors.cpp:237] [0m[1;33mNode for [0m[1;33mPK_02[0m[1;33mwas not found[0m[1;33m[0m
[gazebo-2] [1;33m[GUI] [Wrn] [toggle_floors.cpp:237] [0m[1;33mNode for [0m[1;33mPK_01[0m[1;33mwas not found[0m[1;33m[0m
[gazebo-2] [1;33m[GUI] [Wrn] [toggle_floors.cpp:237] [0m[1;33mNode for [0m[1;33mPK_02[0m[1;33mwas not found[0m[1;33m[0m
[gazebo-2] [1;33m[GUI] [Wrn] [toggle_floors.cpp:237] [0m[1;33mNode for [0m[1;33mPK_01[0m[1;33mwas not found[0m[1;33m[0m
[gazebo-2] [1;33m[GUI] [Wrn] [toggle_floors.cpp:237] [0m[1;33mNode for [0m[1;33mPK_02[0m[1;33mwas not found[0m[1;33m[0m
[gazebo-2] [1;33m[GUI] [Wrn] [toggle_floors.cpp:237] [0m[1;33mNode for [0m[1;33mPK_01[0m[1;33mwas not found[0m[1;33m[0m
[gazebo-2] [1;33m[GUI] [Wrn] [toggle_floors.cpp:237] [0m[1;33mNode for [0m[1;33mPK_02[0m[1;33mwas not found[0m[1;33m[0m
[gazebo-2] [1;33m[GUI] [Wrn] [toggle_floors.cpp:237] [0m[1;33mNode for [0m[1;33mPK_01[0m[1;33mwas not found[0m[1;33m[0m
[gazebo-2] [1;33m[GUI] [Wrn] [toggle_floors.cpp:237] [0m[1;33mNode for [0m[1;33mPK_02[0m[1;33mwas not found[0m[1;33m[0m
[gazebo-2] [1;33m[GUI] [Wrn] [toggle_floors.cpp:237] [0m[1;33mNode for [0m[1;33mPK_01[0m[1;33mwas not found[0m[1;33m[0m
[gazebo-2] [1;33m[GUI] [Wrn] [toggle_floors.cpp:237] [0m[1;33mNode for [0m[1;33mPK_02[0m[1;33mwas not found[0m[1;33m[0m
[gazebo-2] [1;33m[GUI] [Wrn] [toggle_floors.cpp:237] [0m[1;33mNode for [0m[1;33mPK_01[0m[1;33mwas not found[0m[1;33m[0m
[gazebo-2] [1;33m[GUI] [Wrn] [toggle_floors.cpp:237] [0m[1;33mNode for [0m[1;33mPK_02[0m[1;33mwas not found[0m[1;33m[0m
[gazebo-2] [1;33m[GUI] [Wrn] [toggle_floors.cpp:237] [0m[1;33mNode for [0m[1;33mPK_01[0m[1;33mwas not found[0m[1;33m[0m
[gazebo-2] [1;33m[GUI] [Wrn] [toggle_floors.cpp:237] [0m[1;33mNode for [0m[1;33mPK_02[0m[1;33mwas not found[0m[1;33m[0m
[gazebo-2] [1;33m[GUI] [Wrn] [toggle_floors.cpp:237] [0m[1;33mNode for [0m[1;33mPK_01[0m[1;33mwas not found[0m[1;33m[0m
[gazebo-2] [1;33m[GUI] [Wrn] [toggle_floors.cpp:237] [0m[1;33mNode for [0m[1;33mPK_02[0m[1;33mwas not found[0m[1;33m[0m
[gazebo-2] [1;33m[GUI] [Wrn] [toggle_floors.cpp:237] [0m[1;33mNode for [0m[1;33mPK_01[0m[1;33mwas not found[0m[1;33m[0m
[gazebo-2] [1;33m[GUI] [Wrn] [toggle_floors.cpp:237] [0m[1;33mNode for [0m[1;33mPK_02[0m[1;33mwas not found[0m[1;33m[0m
[gazebo-2] [1;33m[GUI] [Wrn] [toggle_floors.cpp:237] [0m[1;33mNode for [0m[1;33mPK_01[0m[1;33mwas not found[0m[1;33m[0m
[gazebo-2] [1;33m[GUI] [Wrn] [toggle_floors.cpp:237] [0m[1;33mNode for [0m[1;33mPK_02[0m[1;33mwas not found[0m[1;33m[0m
[gazebo-2] [1;33m[GUI] [Wrn] [toggle_floors.cpp:237] [0m[1;33mNode for [0m[1;33mPK_01[0m[1;33mwas not found[0m[1;33m[0m
[gazebo-2] [1;33m[GUI] [Wrn] [toggle_floors.cpp:237] [0m[1;33mNode for [0m[1;33mPK_02[0m[1;33mwas not found[0m[1;33m[0m
[gazebo-2] [1;33m[GUI] [Wrn] [toggle_floors.cpp:237] [0m[1;33mNode for [0m[1;33mPK_01[0m[1;33mwas not found[0m[1;33m[0m
[gazebo-2] [1;33m[GUI] [Wrn] [toggle_floors.cpp:237] [0m[1;33mNode for [0m[1;33mPK_02[0m[1;33mwas not found[0m[1;33m[0m
[gazebo-2] [1;33m[GUI] [Wrn] [toggle_floors.cpp:237] [0m[1;33mNode for [0m[1;33mPK_01[0m[1;33mwas not found[0m[1;33m[0m
[gazebo-2] [1;33m[GUI] [Wrn] [toggle_floors.cpp:237] [0m[1;33mNode for [0m[1;33mPK_02[0m[1;33mwas not found[0m[1;33m[0m
[gazebo-2] [1;33m[GUI] [Wrn] [toggle_floors.cpp:237] [0m[1;33mNode for [0m[1;33mPK_01[0m[1;33mwas not found[0m[1;33m[0m
[gazebo-2] [1;33m[GUI] [Wrn] [toggle_floors.cpp:237] [0m[1;33mNode for [0m[1;33mPK_02[0m[1;33mwas not found[0m[1;33m[0m
[gazebo-2] [1;33m[GUI] [Wrn] [toggle_floors.cpp:237] [0m[1;33mNode for [0m[1;33mPK_01[0m[1;33mwas not found[0m[1;33m[0m
[gazebo-2] [1;33m[GUI] [Wrn] [toggle_floors.cpp:237] [0m[1;33mNode for [0m[1;33mPK_02[0m[1;33mwas not found[0m[1;33m[0m
[gazebo-2] [1;33m[GUI] [Wrn] [toggle_floors.cpp:237] [0m[1;33mNode for [0m[1;33mPK_01[0m[1;33mwas not found[0m[1;33m[0m
[gazebo-2] [1;33m[GUI] [Wrn] [toggle_floors.cpp:237] [0m[1;33mNode for [0m[1;33mPK_02[0m[1;33mwas not found[0m[1;33m[0m
[gazebo-2] [1;33m[GUI] [Wrn] [toggle_floors.cpp:237] [0m[1;33mNode for [0m[1;33mPK_01[0m[1;33mwas not found[0m[1;33m[0m
[gazebo-2] [1;33m[GUI] [Wrn] [toggle_floors.cpp:237] [0m[1;33mNode for [0m[1;33mPK_02[0m[1;33mwas not found[0m[1;33m[0m
[gazebo-2] [1;33m[GUI] [Wrn] [toggle_floors.cpp:237] [0m[1;33mNode for [0m[1;33mPK_01[0m[1;33mwas not found[0m[1;33m[0m
[gazebo-2] [1;33m[GUI] [Wrn] [toggle_floors.cpp:237] [0m[1;33mNode for [0m[1;33mPK_02[0m[1;33mwas not found[0m[1;33m[0m
[gazebo-2] [1;33m[GUI] [Wrn] [toggle_floors.cpp:237] [0m[1;33mNode for [0m[1;33mPK_01[0m[1;33mwas not found[0m[1;33m[0m
[gazebo-2] [1;33m[GUI] [Wrn] [toggle_floors.cpp:237] [0m[1;33mNode for [0m[1;33mPK_02[0m[1;33mwas not found[0m[1;33m[0m
[gazebo-2] [1;33m[GUI] [Wrn] [toggle_floors.cpp:237] [0m[1;33mNode for [0m[1;33mPK_01[0m[1;33mwas not found[0m[1;33m[0m
[gazebo-2] [1;33m[GUI] [Wrn] [toggle_floors.cpp:237] [0m[1;33mNode for [0m[1;33mPK_02[0m[1;33mwas not found[0m[1;33m[0m
[gazebo-2] [1;33m[GUI] [Wrn] [toggle_floors.cpp:237] [0m[1;33mNode for [0m[1;33mPK_01[0m[1;33mwas not found[0m[1;33m[0m
[gazebo-2] [1;33m[GUI] [Wrn] [toggle_floors.cpp:237] [0m[1;33mNode for [0m[1;33mPK_02[0m[1;33mwas not found[0m[1;33m[0m
[gazebo-2] [1;33m[GUI] [Wrn] [toggle_floors.cpp:237] [0m[1;33mNode for [0m[1;33mPK_01[0m[1;33mwas not found[0m[1;33m[0m
[gazebo-2] [1;33m[GUI] [Wrn] [toggle_floors.cpp:237] [0m[1;33mNode for [0m[1;33mPK_02[0m[1;33mwas not found[0m[1;33m[0m
[gazebo-2] [1;33m[GUI] [Wrn] [toggle_floors.cpp:237] [0m[1;33mNode for [0m[1;33mPK_01[0m[1;33mwas not found[0m[1;33m[0m
[gazebo-2] [1;33m[GUI] [Wrn] [toggle_floors.cpp:237] [0m[1;33mNode for [0m[1;33mPK_02[0m[1;33mwas not found[0m[1;33m[0m
[gazebo-2] [1;33m[GUI] [Wrn] [toggle_floors.cpp:237] [0m[1;33mNode for [0m[1;33mPK_01[0m[1;33mwas not found[0m[1;33m[0m
[gazebo-2] [1;33m[GUI] [Wrn] [toggle_floors.cpp:237] [0m[1;33mNode for [0m[1;33mPK_02[0m[1;33mwas not found[0m[1;33m[0m
[gazebo-2] [1;33m[GUI] [Wrn] [toggle_floors.cpp:237] [0m[1;33mNode for [0m[1;33mPK_01[0m[1;33mwas not found[0m[1;33m[0m
[gazebo-2] [1;33m[GUI] [Wrn] [toggle_floors.cpp:237] [0m[1;33mNode for [0m[1;33mPK_02[0m[1;33mwas not found[0m[1;33m[0m
[gazebo-2] [1;33m[GUI] [Wrn] [toggle_floors.cpp:237] [0m[1;33mNode for [0m[1;33mPK_01[0m[1;33mwas not found[0m[1;33m[0m
[gazebo-2] [1;33m[GUI] [Wrn] [toggle_floors.cpp:237] [0m[1;33mNode for [0m[1;33mPK_02[0m[1;33mwas not found[0m[1;33m[0m
[gazebo-2] [1;33m[GUI] [Wrn] [toggle_floors.cpp:237] [0m[1;33mNode for [0m[1;33mPK_01[0m[1;33mwas not found[0m[1;33m[0m
[gazebo-2] [1;33m[GUI] [Wrn] [toggle_floors.cpp:237] [0m[1;33mNode for [0m[1;33mPK_02[0m[1;33mwas not found[0m[1;33m[0m
[gazebo-2] [1;33m[GUI] [Wrn] [toggle_floors.cpp:237] [0m[1;33mNode for [0m[1;33mPK_01[0m[1;33mwas not found[0m[1;33m[0m
[gazebo-2] [1;33m[GUI] [Wrn] [toggle_floors.cpp:237] [0m[1;33mNode for [0m[1;33mPK_02[0m[1;33mwas not found[0m[1;33m[0m
[gazebo-2] [1;33m[GUI] [Wrn] [toggle_floors.cpp:237] [0m[1;33mNode for [0m[1;33mPK_01[0m[1;33mwas not found[0m[1;33m[0m
[gazebo-2] [1;33m[GUI] [Wrn] [toggle_floors.cpp:237] [0m[1;33mNode for [0m[1;33mPK_02[0m[1;33mwas not found[0m[1;33m[0m
[gazebo-2] [1;33m[GUI] [Wrn] [toggle_floors.cpp:237] [0m[1;33mNode for [0m[1;33mPK_01[0m[1;33mwas not found[0m[1;33m[0m
[gazebo-2] [1;33m[GUI] [Wrn] [toggle_floors.cpp:237] [0m[1;33mNode for [0m[1;33mPK_02[0m[1;33mwas not found[0m[1;33m[0m
[gazebo-2] [1;33m[GUI] [Wrn] [toggle_floors.cpp:237] [0m[1;33mNode for [0m[1;33mPK_01[0m[1;33mwas not found[0m[1;33m[0m
[gazebo-2] [1;33m[GUI] [Wrn] [toggle_floors.cpp:237] [0m[1;33mNode for [0m[1;33mPK_02[0m[1;33mwas not found[0m[1;33m[0m
[gazebo-2] [1;33m[GUI] [Wrn] [toggle_floors.cpp:237] [0m[1;33mNode for [0m[1;33mPK_01[0m[1;33mwas not found[0m[1;33m[0m
[gazebo-2] [1;33m[GUI] [Wrn] [toggle_floors.cpp:237] [0m[1;33mNode for [0m[1;33mPK_02[0m[1;33mwas not found[0m[1;33m[0m
[gazebo-2] [1;33m[GUI] [Wrn] [toggle_floors.cpp:237] [0m[1;33mNode for [0m[1;33mPK_01[0m[1;33mwas not found[0m[1;33m[0m
[gazebo-2] [1;33m[GUI] [Wrn] [toggle_floors.cpp:237] [0m[1;33mNode for [0m[1;33mPK_02[0m[1;33mwas not found[0m[1;33m[0m
[gazebo-2] [1;33m[GUI] [Wrn] [toggle_floors.cpp:237] [0m[1;33mNode for [0m[1;33mPK_01[0m[1;33mwas not found[0m[1;33m[0m
[gazebo-2] [1;33m[GUI] [Wrn] [toggle_floors.cpp:237] [0m[1;33mNode for [0m[1;33mPK_02[0m[1;33mwas not found[0m[1;33m[0m
[gazebo-2] [1;33m[GUI] [Wrn] [toggle_floors.cpp:237] [0m[1;33mNode for [0m[1;33mPK_01[0m[1;33mwas not found[0m[1;33m[0m
[gazebo-2] [1;33m[GUI] [Wrn] [toggle_floors.cpp:237] [0m[1;33mNode for [0m[1;33mPK_02[0m[1;33mwas not found[0m[1;33m[0m
[gazebo-2] [1;33m[GUI] [Wrn] [toggle_floors.cpp:237] [0m[1;33mNode for [0m[1;33mPK_01[0m[1;33mwas not found[0m[1;33m[0m
[gazebo-2] [1;33m[GUI] [Wrn] [toggle_floors.cpp:237] [0m[1;33mNode for [0m[1;33mPK_02[0m[1;33mwas not found[0m[1;33m[0m
[gazebo-2] [1;33m[GUI] [Wrn] [toggle_floors.cpp:237] [0m[1;33mNode for [0m[1;33mPK_01[0m[1;33mwas not found[0m[1;33m[0m
[gazebo-2] [1;33m[GUI] [Wrn] [toggle_floors.cpp:237] [0m[1;33mNode for [0m[1;33mPK_02[0m[1;33mwas not found[0m[1;33m[0m
[gazebo-2] [1;33m[GUI] [Wrn] [toggle_floors.cpp:237] [0m[1;33mNode for [0m[1;33mPK_01[0m[1;33mwas not found[0m[1;33m[0m
[gazebo-2] [1;33m[GUI] [Wrn] [toggle_floors.cpp:237] [0m[1;33mNode for [0m[1;33mPK_02[0m[1;33mwas not found[0m[1;33m[0m
[gazebo-2] [1;33m[GUI] [Wrn] [toggle_floors.cpp:237] [0m[1;33mNode for [0m[1;33mPK_01[0m[1;33mwas not found[0m[1;33m[0m
[gazebo-2] [1;33m[GUI] [Wrn] [toggle_floors.cpp:237] [0m[1;33mNode for [0m[1;33mPK_02[0m[1;33mwas not found[0m[1;33m[0m
[gazebo-2] [1;33m[GUI] [Wrn] [toggle_floors.cpp:237] [0m[1;33mNode for [0m[1;33mPK_01[0m[1;33mwas not found[0m[1;33m[0m
[gazebo-2] [1;33m[GUI] [Wrn] [toggle_floors.cpp:237] [0m[1;33mNode for [0m[1;33mPK_02[0m[1;33mwas not found[0m[1;33m[0m
[gazebo-2] [1;33m[GUI] [Wrn] [toggle_floors.cpp:237] [0m[1;33mNode for [0m[1;33mPK_01[0m[1;33mwas not found[0m[1;33m[0m
[gazebo-2] [1;33m[GUI] [Wrn] [toggle_floors.cpp:237] [0m[1;33mNode for [0m[1;33mPK_02[0m[1;33mwas not found[0m[1;33m[0m
[gazebo-2] [1;33m[GUI] [Wrn] [toggle_floors.cpp:237] [0m[1;33mNode for [0m[1;33mPK_01[0m[1;33mwas not found[0m[1;33m[0m
[gazebo-2] [1;33m[GUI] [Wrn] [toggle_floors.cpp:237] [0m[1;33mNode for [0m[1;33mPK_02[0m[1;33mwas not found[0m[1;33m[0m
[gazebo-2] [1;33m[GUI] [Wrn] [toggle_floors.cpp:237] [0m[1;33mNode for [0m[1;33mPK_01[0m[1;33mwas not found[0m[1;33m[0m
[gazebo-2] [1;33m[GUI] [Wrn] [toggle_floors.cpp:237] [0m[1;33mNode for [0m[1;33mPK_02[0m[1;33mwas not found[0m[1;33m[0m
[gazebo-2] [1;33m[GUI] [Wrn] [toggle_floors.cpp:237] [0m[1;33mNode for [0m[1;33mPK_01[0m[1;33mwas not found[0m[1;33m[0m
[gazebo-2] [1;33m[GUI] [Wrn] [toggle_floors.cpp:237] [0m[1;33mNode for [0m[1;33mPK_02[0m[1;33mwas not found[0m[1;33m[0m
[gazebo-2] [1;33m[GUI] [Wrn] [toggle_floors.cpp:237] [0m[1;33mNode for [0m[1;33mPK_01[0m[1;33mwas not found[0m[1;33m[0m
[gazebo-2] [1;33m[GUI] [Wrn] [toggle_floors.cpp:237] [0m[1;33mNode for [0m[1;33mPK_02[0m[1;33mwas not found[0m[1;33m[0m
[gazebo-2] [1;33m[GUI] [Wrn] [toggle_floors.cpp:237] [0m[1;33mNode for [0m[1;33mPK_01[0m[1;33mwas not found[0m[1;33m[0m
[gazebo-2] [1;33m[GUI] [Wrn] [toggle_floors.cpp:237] [0m[1;33mNode for [0m[1;33mPK_02[0m[1;33mwas not found[0m[1;33m[0m
[gazebo-2] [1;33m[GUI] [Wrn] [toggle_floors.cpp:237] [0m[1;33mNode for [0m[1;33mPK_01[0m[1;33mwas not found[0m[1;33m[0m
[gazebo-2] [1;33m[GUI] [Wrn] [toggle_floors.cpp:237] [0m[1;33mNode for [0m[1;33mPK_02[0m[1;33mwas not found[0m[1;33m[0m
[gazebo-2] [1;33m[GUI] [Wrn] [toggle_floors.cpp:237] [0m[1;33mNode for [0m[1;33mPK_01[0m[1;33mwas not found[0m[1;33m[0m
[gazebo-2] [1;33m[GUI] [Wrn] [toggle_floors.cpp:237] [0m[1;33mNode for [0m[1;33mPK_02[0m[1;33mwas not found[0m[1;33m[0m
[gazebo-2] [1;33m[GUI] [Wrn] [toggle_floors.cpp:237] [0m[1;33mNode for [0m[1;33mPK_01[0m[1;33mwas not found[0m[1;33m[0m
[gazebo-2] [1;33m[GUI] [Wrn] [toggle_floors.cpp:237] [0m[1;33mNode for [0m[1;33mPK_02[0m[1;33mwas not found[0m[1;33m[0m
[gazebo-2] [1;33m[GUI] [Wrn] [toggle_floors.cpp:237] [0m[1;33mNode for [0m[1;33mPK_01[0m[1;33mwas not found[0m[1;33m[0m
[gazebo-2] [1;33m[GUI] [Wrn] [toggle_floors.cpp:237] [0m[1;33mNode for [0m[1;33mPK_02[0m[1;33mwas not found[0m[1;33m[0m
[gazebo-2] [1;33m[GUI] [Wrn] [toggle_floors.cpp:237] [0m[1;33mNode for [0m[1;33mPK_01[0m[1;33mwas not found[0m[1;33m[0m
[gazebo-2] [1;33m[GUI] [Wrn] [toggle_floors.cpp:237] [0m[1;33mNode for [0m[1;33mPK_02[0m[1;33mwas not found[0m[1;33m[0m
[gazebo-2] [1;33m[GUI] [Wrn] [toggle_floors.cpp:237] [0m[1;33mNode for [0m[1;33mPK_01[0m[1;33mwas not found[0m[1;33m[0m
[gazebo-2] [1;33m[GUI] [Wrn] [toggle_floors.cpp:237] [0m[1;33mNode for [0m[1;33mPK_02[0m[1;33mwas not found[0m[1;33m[0m
[gazebo-2] [1;33m[GUI] [Wrn] [toggle_floors.cpp:237] [0m[1;33mNode for [0m[1;33mPK_01[0m[1;33mwas not found[0m[1;33m[0m
[gazebo-2] [1;33m[GUI] [Wrn] [toggle_floors.cpp:237] [0m[1;33mNode for [0m[1;33mPK_02[0m[1;33mwas not found[0m[1;33m[0m
[gazebo-2] [1;33m[GUI] [Wrn] [toggle_floors.cpp:237] [0m[1;33mNode for [0m[1;33mPK_01[0m[1;33mwas not found[0m[1;33m[0m
[gazebo-2] [1;33m[GUI] [Wrn] [toggle_floors.cpp:237] [0m[1;33mNode for [0m[1;33mPK_02[0m[1;33mwas not found[0m[1;33m[0m
[gazebo-2] [1;33m[GUI] [Wrn] [toggle_floors.cpp:237] [0m[1;33mNode for [0m[1;33mPK_01[0m[1;33mwas not found[0m[1;33m[0m
[gazebo-2] [1;33m[GUI] [Wrn] [toggle_floors.cpp:237] [0m[1;33mNode for [0m[1;33mPK_02[0m[1;33mwas not found[0m[1;33m[0m
[gazebo-2] [1;33m[GUI] [Wrn] [toggle_floors.cpp:237] [0m[1;33mNode for [0m[1;33mPK_01[0m[1;33mwas not found[0m[1;33m[0m
[gazebo-2] [1;33m[GUI] [Wrn] [toggle_floors.cpp:237] [0m[1;33mNode for [0m[1;33mPK_02[0m[1;33mwas not found[0m[1;33m[0m
[gazebo-2] [1;33m[GUI] [Wrn] [toggle_floors.cpp:237] [0m[1;33mNode for [0m[1;33mPK_01[0m[1;33mwas not found[0m[1;33m[0m
[gazebo-2] [1;33m[GUI] [Wrn] [toggle_floors.cpp:237] [0m[1;33mNode for [0m[1;33mPK_02[0m[1;33mwas not found[0m[1;33m[0m
[gazebo-2] [1;33m[GUI] [Wrn] [toggle_floors.cpp:237] [0m[1;33mNode for [0m[1;33mPK_01[0m[1;33mwas not found[0m[1;33m[0m
[gazebo-2] [1;33m[GUI] [Wrn] [toggle_floors.cpp:237] [0m[1;33mNode for [0m[1;33mPK_02[0m[1;33mwas not found[0m[1;33m[0m
[gazebo-2] [1;33m[GUI] [Wrn] [toggle_floors.cpp:237] [0m[1;33mNode for [0m[1;33mPK_01[0m[1;33mwas not found[0m[1;33m[0m
[gazebo-2] [1;33m[GUI] [Wrn] [toggle_floors.cpp:237] [0m[1;33mNode for [0m[1;33mPK_02[0m[1;33mwas not found[0m[1;33m[0m
[gazebo-2] [1;33m[GUI] [Wrn] [toggle_floors.cpp:237] [0m[1;33mNode for [0m[1;33mPK_01[0m[1;33mwas not found[0m[1;33m[0m
[gazebo-2] [1;33m[GUI] [Wrn] [toggle_floors.cpp:237] [0m[1;33mNode for [0m[1;33mPK_02[0m[1;33mwas not found[0m[1;33m[0m
[gazebo-2] [1;33m[GUI] [Wrn] [toggle_floors.cpp:237] [0m[1;33mNode for [0m[1;33mPK_01[0m[1;33mwas not found[0m[1;33m[0m
[gazebo-2] [1;33m[GUI] [Wrn] [toggle_floors.cpp:237] [0m[1;33mNode for [0m[1;33mPK_02[0m[1;33mwas not found[0m[1;33m[0m
[gazebo-2] [1;33m[GUI] [Wrn] [toggle_floors.cpp:237] [0m[1;33mNode for [0m[1;33mPK_01[0m[1;33mwas not found[0m[1;33m[0m
[gazebo-2] [1;33m[GUI] [Wrn] [toggle_floors.cpp:237] [0m[1;33mNode for [0m[1;33mPK_02[0m[1;33mwas not found[0m[1;33m[0m
[gazebo-2] [1;33m[GUI] [Wrn] [toggle_floors.cpp:237] [0m[1;33mNode for [0m[1;33mPK_01[0m[1;33mwas not found[0m[1;33m[0m
[gazebo-2] [1;33m[GUI] [Wrn] [toggle_floors.cpp:237] [0m[1;33mNode for [0m[1;33mPK_02[0m[1;33mwas not found[0m[1;33m[0m
[gazebo-2] [1;33m[GUI] [Wrn] [toggle_floors.cpp:237] [0m[1;33mNode for [0m[1;33mPK_01[0m[1;33mwas not found[0m[1;33m[0m
[gazebo-2] [1;33m[GUI] [Wrn] [toggle_floors.cpp:237] [0m[1;33mNode for [0m[1;33mPK_02[0m[1;33mwas not found[0m[1;33m[0m
[gazebo-2] [1;33m[GUI] [Wrn] [toggle_floors.cpp:237] [0m[1;33mNode for [0m[1;33mPK_01[0m[1;33mwas not found[0m[1;33m[0m
[gazebo-2] [1;33m[GUI] [Wrn] [toggle_floors.cpp:237] [0m[1;33mNode for [0m[1;33mPK_02[0m[1;33mwas not found[0m[1;33m[0m
[gazebo-2] [1;33m[GUI] [Wrn] [toggle_floors.cpp:237] [0m[1;33mNode for [0m[1;33mPK_01[0m[1;33mwas not found[0m[1;33m[0m
[gazebo-2] [1;33m[GUI] [Wrn] [toggle_floors.cpp:237] [0m[1;33mNode for [0m[1;33mPK_02[0m[1;33mwas not found[0m[1;33m[0m
[gazebo-2] [1;33m[GUI] [Wrn] [toggle_floors.cpp:237] [0m[1;33mNode for [0m[1;33mPK_01[0m[1;33mwas not found[0m[1;33m[0m
[gazebo-2] [1;33m[GUI] [Wrn] [toggle_floors.cpp:237] [0m[1;33mNode for [0m[1;33mPK_02[0m[1;33mwas not found[0m[1;33m[0m
[gazebo-2] [1;33m[GUI] [Wrn] [toggle_floors.cpp:237] [0m[1;33mNode for [0m[1;33mPK_01[0m[1;33mwas not found[0m[1;33m[0m
[gazebo-2] [1;33m[GUI] [Wrn] [toggle_floors.cpp:237] [0m[1;33mNode for [0m[1;33mPK_02[0m[1;33mwas not found[0m[1;33m[0m
[gazebo-2] [1;33m[GUI] [Wrn] [toggle_floors.cpp:237] [0m[1;33mNode for [0m[1;33mPK_01[0m[1;33mwas not found[0m[1;33m[0m
[gazebo-2] [1;33m[GUI] [Wrn] [toggle_floors.cpp:237] [0m[1;33mNode for [0m[1;33mPK_02[0m[1;33mwas not found[0m[1;33m[0m
[gazebo-2] [1;33m[GUI] [Wrn] [toggle_floors.cpp:237] [0m[1;33mNode for [0m[1;33mPK_01[0m[1;33mwas not found[0m[1;33m[0m
[gazebo-2] [1;33m[GUI] [Wrn] [toggle_floors.cpp:237] [0m[1;33mNode for [0m[1;33mPK_02[0m[1;33mwas not found[0m[1;33m[0m
[gazebo-2] [1;33m[GUI] [Wrn] [toggle_floors.cpp:237] [0m[1;33mNode for [0m[1;33mPK_01[0m[1;33mwas not found[0m[1;33m[0m
[gazebo-2] [1;33m[GUI] [Wrn] [toggle_floors.cpp:237] [0m[1;33mNode for [0m[1;33mPK_02[0m[1;33mwas not found[0m[1;33m[0m
[gazebo-2] [1;33m[GUI] [Wrn] [toggle_floors.cpp:237] [0m[1;33mNode for [0m[1;33mPK_01[0m[1;33mwas not found[0m[1;33m[0m
[gazebo-2] [1;33m[GUI] [Wrn] [toggle_floors.cpp:237] [0m[1;33mNode for [0m[1;33mPK_02[0m[1;33mwas not found[0m[1;33m[0m
[gazebo-2] [1;33m[GUI] [Wrn] [toggle_floors.cpp:237] [0m[1;33mNode for [0m[1;33mPK_01[0m[1;33mwas not found[0m[1;33m[0m
[gazebo-2] [1;33m[GUI] [Wrn] [toggle_floors.cpp:237] [0m[1;33mNode for [0m[1;33mPK_02[0m[1;33mwas not found[0m[1;33m[0m
[gazebo-2] [1;33m[GUI] [Wrn] [toggle_floors.cpp:237] [0m[1;33mNode for [0m[1;33mPK_01[0m[1;33mwas not found[0m[1;33m[0m
[gazebo-2] [1;33m[GUI] [Wrn] [toggle_floors.cpp:237] [0m[1;33mNode for [0m[1;33mPK_02[0m[1;33mwas not found[0m[1;33m[0m
[gazebo-2] [1;33m[GUI] [Wrn] [toggle_floors.cpp:237] [0m[1;33mNode for [0m[1;33mPK_01[0m[1;33mwas not found[0m[1;33m[0m
[gazebo-2] [1;33m[GUI] [Wrn] [toggle_floors.cpp:237] [0m[1;33mNode for [0m[1;33mPK_02[0m[1;33mwas not found[0m[1;33m[0m
[gazebo-2] [1;33m[GUI] [Wrn] [toggle_floors.cpp:237] [0m[1;33mNode for [0m[1;33mPK_01[0m[1;33mwas not found[0m[1;33m[0m
[gazebo-2] [1;33m[GUI] [Wrn] [toggle_floors.cpp:237] [0m[1;33mNode for [0m[1;33mPK_02[0m[1;33mwas not found[0m[1;33m[0m
[gazebo-2] [1;33m[GUI] [Wrn] [toggle_floors.cpp:237] [0m[1;33mNode for [0m[1;33mPK_01[0m[1;33mwas not found[0m[1;33m[0m
[gazebo-2] [1;33m[GUI] [Wrn] [toggle_floors.cpp:237] [0m[1;33mNode for [0m[1;33mPK_02[0m[1;33mwas not found[0m[1;33m[0m
[gazebo-2] [1;33m[GUI] [Wrn] [toggle_floors.cpp:237] [0m[1;33mNode for [0m[1;33mPK_01[0m[1;33mwas not found[0m[1;33m[0m
[gazebo-2] [1;33m[GUI] [Wrn] [toggle_floors.cpp:237] [0m[1;33mNode for [0m[1;33mPK_02[0m[1;33mwas not found[0m[1;33m[0m
[gazebo-2] [1;33m[GUI] [Wrn] [toggle_floors.cpp:237] [0m[1;33mNode for [0m[1;33mPK_01[0m[1;33mwas not found[0m[1;33m[0m
[gazebo-2] [1;33m[GUI] [Wrn] [toggle_floors.cpp:237] [0m[1;33mNode for [0m[1;33mPK_02[0m[1;33mwas not found[0m[1;33m[0m
[gazebo-2] [1;33m[GUI] [Wrn] [toggle_floors.cpp:237] [0m[1;33mNode for [0m[1;33mPK_01[0m[1;33mwas not found[0m[1;33m[0m
[gazebo-2] [1;33m[GUI] [Wrn] [toggle_floors.cpp:237] [0m[1;33mNode for [0m[1;33mPK_02[0m[1;33mwas not found[0m[1;33m[0m
[gazebo-2] [1;33m[GUI] [Wrn] [toggle_floors.cpp:237] [0m[1;33mNode for [0m[1;33mPK_01[0m[1;33mwas not found[0m[1;33m[0m
[gazebo-2] [1;33m[GUI] [Wrn] [toggle_floors.cpp:237] [0m[1;33mNode for [0m[1;33mPK_02[0m[1;33mwas not found[0m[1;33m[0m
[gazebo-2] [1;33m[GUI] [Wrn] [toggle_floors.cpp:237] [0m[1;33mNode for [0m[1;33mPK_01[0m[1;33mwas not found[0m[1;33m[0m
[gazebo-2] [1;33m[GUI] [Wrn] [toggle_floors.cpp:237] [0m[1;33mNode for [0m[1;33mPK_02[0m[1;33mwas not found[0m[1;33m[0m
[gazebo-2] [1;33m[GUI] [Wrn] [toggle_floors.cpp:237] [0m[1;33mNode for [0m[1;33mPK_01[0m[1;33mwas not found[0m[1;33m[0m
[gazebo-2] [1;33m[GUI] [Wrn] [toggle_floors.cpp:237] [0m[1;33mNode for [0m[1;33mPK_02[0m[1;33mwas not found[0m[1;33m[0m
[gazebo-2] [1;33m[GUI] [Wrn] [toggle_floors.cpp:237] [0m[1;33mNode for [0m[1;33mPK_01[0m[1;33mwas not found[0m[1;33m[0m
[gazebo-2] [1;33m[GUI] [Wrn] [toggle_floors.cpp:237] [0m[1;33mNode for [0m[1;33mPK_02[0m[1;33mwas not found[0m[1;33m[0m
[gazebo-2] [1;33m[GUI] [Wrn] [toggle_floors.cpp:237] [0m[1;33mNode for [0m[1;33mPK_01[0m[1;33mwas not found[0m[1;33m[0m
[gazebo-2] [1;33m[GUI] [Wrn] [toggle_floors.cpp:237] [0m[1;33mNode for [0m[1;33mPK_02[0m[1;33mwas not found[0m[1;33m[0m
[gazebo-2] [1;33m[GUI] [Wrn] [toggle_floors.cpp:237] [0m[1;33mNode for [0m[1;33mPK_01[0m[1;33mwas not found[0m[1;33m[0m
[gazebo-2] [1;33m[GUI] [Wrn] [toggle_floors.cpp:237] [0m[1;33mNode for [0m[1;33mPK_02[0m[1;33mwas not found[0m[1;33m[0m
[gazebo-2] [1;33m[GUI] [Wrn] [toggle_floors.cpp:237] [0m[1;33mNode for [0m[1;33mPK_01[0m[1;33mwas not found[0m[1;33m[0m
[gazebo-2] [1;33m[GUI] [Wrn] [toggle_floors.cpp:237] [0m[1;33mNode for [0m[1;33mPK_02[0m[1;33mwas not found[0m[1;33m[0m
[gazebo-2] [1;33m[GUI] [Wrn] [toggle_floors.cpp:237] [0m[1;33mNode for [0m[1;33mPK_01[0m[1;33mwas not found[0m[1;33m[0m
[gazebo-2] [1;33m[GUI] [Wrn] [toggle_floors.cpp:237] [0m[1;33mNode for [0m[1;33mPK_02[0m[1;33mwas not found[0m[1;33m[0m
[gazebo-2] [1;33m[GUI] [Wrn] [toggle_floors.cpp:237] [0m[1;33mNode for [0m[1;33mPK_01[0m[1;33mwas not found[0m[1;33m[0m
[gazebo-2] [1;33m[GUI] [Wrn] [toggle_floors.cpp:237] [0m[1;33mNode for [0m[1;33mPK_02[0m[1;33mwas not found[0m[1;33m[0m
[gazebo-2] [1;33m[GUI] [Wrn] [toggle_floors.cpp:237] [0m[1;33mNode for [0m[1;33mPK_01[0m[1;33mwas not found[0m[1;33m[0m
[gazebo-2] [1;33m[GUI] [Wrn] [toggle_floors.cpp:237] [0m[1;33mNode for [0m[1;33mPK_02[0m[1;33mwas not found[0m[1;33m[0m
[gazebo-2] [1;33m[GUI] [Wrn] [toggle_floors.cpp:237] [0m[1;33mNode for [0m[1;33mPK_01[0m[1;33mwas not found[0m[1;33m[0m
[gazebo-2] [1;33m[GUI] [Wrn] [toggle_floors.cpp:237] [0m[1;33mNode for [0m[1;33mPK_02[0m[1;33mwas not found[0m[1;33m[0m
[gazebo-2] [1;33m[GUI] [Wrn] [toggle_floors.cpp:237] [0m[1;33mNode for [0m[1;33mPK_01[0m[1;33mwas not found[0m[1;33m[0m
[gazebo-2] [1;33m[GUI] [Wrn] [toggle_floors.cpp:237] [0m[1;33mNode for [0m[1;33mPK_02[0m[1;33mwas not found[0m[1;33m[0m
[gazebo-2] [1;33m[GUI] [Wrn] [toggle_floors.cpp:237] [0m[1;33mNode for [0m[1;33mPK_01[0m[1;33mwas not found[0m[1;33m[0m
[gazebo-2] [1;33m[GUI] [Wrn] [toggle_floors.cpp:237] [0m[1;33mNode for [0m[1;33mPK_02[0m[1;33mwas not found[0m[1;33m[0m
[gazebo-2] [1;33m[GUI] [Wrn] [toggle_floors.cpp:237] [0m[1;33mNode for [0m[1;33mPK_01[0m[1;33mwas not found[0m[1;33m[0m
[gazebo-2] [1;33m[GUI] [Wrn] [toggle_floors.cpp:237] [0m[1;33mNode for [0m[1;33mPK_02[0m[1;33mwas not found[0m[1;33m[0m
[gazebo-2] [1;33m[GUI] [Wrn] [toggle_floors.cpp:237] [0m[1;33mNode for [0m[1;33mPK_01[0m[1;33mwas not found[0m[1;33m[0m
[gazebo-2] [1;33m[GUI] [Wrn] [toggle_floors.cpp:237] [0m[1;33mNode for [0m[1;33mPK_02[0m[1;33mwas not found[0m[1;33m[0m
[gazebo-2] [1;33m[GUI] [Wrn] [toggle_floors.cpp:237] [0m[1;33mNode for [0m[1;33mPK_01[0m[1;33mwas not found[0m[1;33m[0m
[gazebo-2] [1;33m[GUI] [Wrn] [toggle_floors.cpp:237] [0m[1;33mNode for [0m[1;33mPK_02[0m[1;33mwas not found[0m[1;33m[0m
[gazebo-2] [1;33m[GUI] [Wrn] [toggle_floors.cpp:237] [0m[1;33mNode for [0m[1;33mPK_01[0m[1;33mwas not found[0m[1;33m[0m
[gazebo-2] [1;33m[GUI] [Wrn] [toggle_floors.cpp:237] [0m[1;33mNode for [0m[1;33mPK_02[0m[1;33mwas not found[0m[1;33m[0m
[gazebo-2] [1;33m[GUI] [Wrn] [toggle_floors.cpp:237] [0m[1;33mNode for [0m[1;33mPK_01[0m[1;33mwas not found[0m[1;33m[0m
[gazebo-2] [1;33m[GUI] [Wrn] [toggle_floors.cpp:237] [0m[1;33mNode for [0m[1;33mPK_02[0m[1;33mwas not found[0m[1;33m[0m
[gazebo-2] [1;33m[GUI] [Wrn] [toggle_floors.cpp:237] [0m[1;33mNode for [0m[1;33mPK_01[0m[1;33mwas not found[0m[1;33m[0m
[gazebo-2] [1;33m[GUI] [Wrn] [toggle_floors.cpp:237] [0m[1;33mNode for [0m[1;33mPK_02[0m[1;33mwas not found[0m[1;33m[0m
[gazebo-2] [1;33m[GUI] [Wrn] [toggle_floors.cpp:237] [0m[1;33mNode for [0m[1;33mPK_01[0m[1;33mwas not found[0m[1;33m[0m
[gazebo-2] [1;33m[GUI] [Wrn] [toggle_floors.cpp:237] [0m[1;33mNode for [0m[1;33mPK_02[0m[1;33mwas not found[0m[1;33m[0m
[gazebo-2] [1;33m[GUI] [Wrn] [toggle_floors.cpp:237] [0m[1;33mNode for [0m[1;33mPK_01[0m[1;33mwas not found[0m[1;33m[0m
[gazebo-2] [1;33m[GUI] [Wrn] [toggle_floors.cpp:237] [0m[1;33mNode for [0m[1;33mPK_02[0m[1;33mwas not found[0m[1;33m[0m
[gazebo-2] [1;33m[GUI] [Wrn] [toggle_floors.cpp:237] [0m[1;33mNode for [0m[1;33mPK_01[0m[1;33mwas not found[0m[1;33m[0m
[gazebo-2] [1;33m[GUI] [Wrn] [toggle_floors.cpp:237] [0m[1;33mNode for [0m[1;33mPK_02[0m[1;33mwas not found[0m[1;33m[0m
[gazebo-2] [1;33m[GUI] [Wrn] [toggle_floors.cpp:237] [0m[1;33mNode for [0m[1;33mPK_01[0m[1;33mwas not found[0m[1;33m[0m
[gazebo-2] [1;33m[GUI] [Wrn] [toggle_floors.cpp:237] [0m[1;33mNode for [0m[1;33mPK_02[0m[1;33mwas not found[0m[1;33m[0m
[gazebo-2] [1;33m[GUI] [Wrn] [toggle_floors.cpp:237] [0m[1;33mNode for [0m[1;33mPK_01[0m[1;33mwas not found[0m[1;33m[0m
[gazebo-2] [1;33m[GUI] [Wrn] [toggle_floors.cpp:237] [0m[1;33mNode for [0m[1;33mPK_02[0m[1;33mwas not found[0m[1;33m[0m
[gazebo-2] [1;33m[GUI] [Wrn] [toggle_floors.cpp:237] [0m[1;33mNode for [0m[1;33mPK_01[0m[1;33mwas not found[0m[1;33m[0m
[gazebo-2] [1;33m[GUI] [Wrn] [toggle_floors.cpp:237] [0m[1;33mNode for [0m[1;33mPK_02[0m[1;33mwas not found[0m[1;33m[0m
[gazebo-2] [1;33m[GUI] [Wrn] [toggle_floors.cpp:237] [0m[1;33mNode for [0m[1;33mPK_01[0m[1;33mwas not found[0m[1;33m[0m
[gazebo-2] [1;33m[GUI] [Wrn] [toggle_floors.cpp:237] [0m[1;33mNode for [0m[1;33mPK_02[0m[1;33mwas not found[0m[1;33m[0m
[gazebo-2] [1;33m[GUI] [Wrn] [toggle_floors.cpp:237] [0m[1;33mNode for [0m[1;33mPK_01[0m[1;33mwas not found[0m[1;33m[0m
[gazebo-2] [1;33m[GUI] [Wrn] [toggle_floors.cpp:237] [0m[1;33mNode for [0m[1;33mPK_02[0m[1;33mwas not found[0m[1;33m[0m
[gazebo-2] [1;33m[GUI] [Wrn] [toggle_floors.cpp:237] [0m[1;33mNode for [0m[1;33mPK_01[0m[1;33mwas not found[0m[1;33m[0m
[gazebo-2] [1;33m[GUI] [Wrn] [toggle_floors.cpp:237] [0m[1;33mNode for [0m[1;33mPK_02[0m[1;33mwas not found[0m[1;33m[0m
[gazebo-2] [1;33m[GUI] [Wrn] [toggle_floors.cpp:237] [0m[1;33mNode for [0m[1;33mPK_01[0m[1;33mwas not found[0m[1;33m[0m
[gazebo-2] [1;33m[GUI] [Wrn] [toggle_floors.cpp:237] [0m[1;33mNode for [0m[1;33mPK_02[0m[1;33mwas not found[0m[1;33m[0m
[gazebo-2] [1;33m[GUI] [Wrn] [toggle_floors.cpp:237] [0m[1;33mNode for [0m[1;33mPK_01[0m[1;33mwas not found[0m[1;33m[0m
[gazebo-2] [1;33m[GUI] [Wrn] [toggle_floors.cpp:237] [0m[1;33mNode for [0m[1;33mPK_02[0m[1;33mwas not found[0m[1;33m[0m
[gazebo-2] [1;33m[GUI] [Wrn] [toggle_floors.cpp:237] [0m[1;33mNode for [0m[1;33mPK_01[0m[1;33mwas not found[0m[1;33m[0m
[gazebo-2] [1;33m[GUI] [Wrn] [toggle_floors.cpp:237] [0m[1;33mNode for [0m[1;33mPK_02[0m[1;33mwas not found[0m[1;33m[0m
[gazebo-2] [1;33m[GUI] [Wrn] [toggle_floors.cpp:237] [0m[1;33mNode for [0m[1;33mPK_01[0m[1;33mwas not found[0m[1;33m[0m
[gazebo-2] [1;33m[GUI] [Wrn] [toggle_floors.cpp:237] [0m[1;33mNode for [0m[1;33mPK_02[0m[1;33mwas not found[0m[1;33m[0m
[gazebo-2] [1;33m[GUI] [Wrn] [toggle_floors.cpp:237] [0m[1;33mNode for [0m[1;33mPK_01[0m[1;33mwas not found[0m[1;33m[0m
[gazebo-2] [1;33m[GUI] [Wrn] [toggle_floors.cpp:237] [0m[1;33mNode for [0m[1;33mPK_02[0m[1;33mwas not found[0m[1;33m[0m
[gazebo-2] [1;33m[GUI] [Wrn] [toggle_floors.cpp:237] [0m[1;33mNode for [0m[1;33mPK_01[0m[1;33mwas not found[0m[1;33m[0m
[gazebo-2] [1;33m[GUI] [Wrn] [toggle_floors.cpp:237] [0m[1;33mNode for [0m[1;33mPK_02[0m[1;33mwas not found[0m[1;33m[0m
[gazebo-2] [1;33m[GUI] [Wrn] [toggle_floors.cpp:237] [0m[1;33mNode for [0m[1;33mPK_01[0m[1;33mwas not found[0m[1;33m[0m
[gazebo-2] [1;33m[GUI] [Wrn] [toggle_floors.cpp:237] [0m[1;33mNode for [0m[1;33mPK_02[0m[1;33mwas not found[0m[1;33m[0m
[gazebo-2] [1;33m[GUI] [Wrn] [toggle_floors.cpp:237] [0m[1;33mNode for [0m[1;33mPK_01[0m[1;33mwas not found[0m[1;33m[0m
[gazebo-2] [1;33m[GUI] [Wrn] [toggle_floors.cpp:237] [0m[1;33mNode for [0m[1;33mPK_02[0m[1;33mwas not found[0m[1;33m[0m
[gazebo-2] [1;33m[GUI] [Wrn] [toggle_floors.cpp:237] [0m[1;33mNode for [0m[1;33mPK_01[0m[1;33mwas not found[0m[1;33m[0m
[gazebo-2] [1;33m[GUI] [Wrn] [toggle_floors.cpp:237] [0m[1;33mNode for [0m[1;33mPK_02[0m[1;33mwas not found[0m[1;33m[0m
[gazebo-2] [1;33m[GUI] [Wrn] [toggle_floors.cpp:237] [0m[1;33mNode for [0m[1;33mPK_01[0m[1;33mwas not found[0m[1;33m[0m
[gazebo-2] [1;33m[GUI] [Wrn] [toggle_floors.cpp:237] [0m[1;33mNode for [0m[1;33mPK_02[0m[1;33mwas not found[0m[1;33m[0m
[gazebo-2] [1;33m[GUI] [Wrn] [toggle_floors.cpp:237] [0m[1;33mNode for [0m[1;33mPK_01[0m[1;33mwas not found[0m[1;33m[0m
[gazebo-2] [1;33m[GUI] [Wrn] [toggle_floors.cpp:237] [0m[1;33mNode for [0m[1;33mPK_02[0m[1;33mwas not found[0m[1;33m[0m
[gazebo-2] [1;33m[GUI] [Wrn] [toggle_floors.cpp:237] [0m[1;33mNode for [0m[1;33mPK_01[0m[1;33mwas not found[0m[1;33m[0m
[gazebo-2] [1;33m[GUI] [Wrn] [toggle_floors.cpp:237] [0m[1;33mNode for [0m[1;33mPK_02[0m[1;33mwas not found[0m[1;33m[0m
[gazebo-2] [1;33m[GUI] [Wrn] [toggle_floors.cpp:237] [0m[1;33mNode for [0m[1;33mPK_01[0m[1;33mwas not found[0m[1;33m[0m
[gazebo-2] [1;33m[GUI] [Wrn] [toggle_floors.cpp:237] [0m[1;33mNode for [0m[1;33mPK_02[0m[1;33mwas not found[0m[1;33m[0m
[gazebo-2] [1;33m[GUI] [Wrn] [toggle_floors.cpp:237] [0m[1;33mNode for [0m[1;33mPK_01[0m[1;33mwas not found[0m[1;33m[0m
[gazebo-2] [1;33m[GUI] [Wrn] [toggle_floors.cpp:237] [0m[1;33mNode for [0m[1;33mPK_02[0m[1;33mwas not found[0m[1;33m[0m
[gazebo-2] [1;33m[GUI] [Wrn] [toggle_floors.cpp:237] [0m[1;33mNode for [0m[1;33mPK_01[0m[1;33mwas not found[0m[1;33m[0m
[gazebo-2] [1;33m[GUI] [Wrn] [toggle_floors.cpp:237] [0m[1;33mNode for [0m[1;33mPK_02[0m[1;33mwas not found[0m[1;33m[0m
[gazebo-2] [1;33m[GUI] [Wrn] [toggle_floors.cpp:237] [0m[1;33mNode for [0m[1;33mPK_01[0m[1;33mwas not found[0m[1;33m[0m
[gazebo-2] [1;33m[GUI] [Wrn] [toggle_floors.cpp:237] [0m[1;33mNode for [0m[1;33mPK_02[0m[1;33mwas not found[0m[1;33m[0m
[gazebo-2] [1;33m[GUI] [Wrn] [toggle_floors.cpp:237] [0m[1;33mNode for [0m[1;33mPK_01[0m[1;33mwas not found[0m[1;33m[0m
[gazebo-2] [1;33m[GUI] [Wrn] [toggle_floors.cpp:237] [0m[1;33mNode for [0m[1;33mPK_02[0m[1;33mwas not found[0m[1;33m[0m
[gazebo-2] [1;33m[GUI] [Wrn] [toggle_floors.cpp:237] [0m[1;33mNode for [0m[1;33mPK_01[0m[1;33mwas not found[0m[1;33m[0m
[gazebo-2] [1;33m[GUI] [Wrn] [toggle_floors.cpp:237] [0m[1;33mNode for [0m[1;33mPK_02[0m[1;33mwas not found[0m[1;33m[0m
[gazebo-2] [1;33m[GUI] [Wrn] [toggle_floors.cpp:237] [0m[1;33mNode for [0m[1;33mPK_01[0m[1;33mwas not found[0m[1;33m[0m
[gazebo-2] [1;33m[GUI] [Wrn] [toggle_floors.cpp:237] [0m[1;33mNode for [0m[1;33mPK_02[0m[1;33mwas not found[0m[1;33m[0m
[gazebo-2] [1;33m[GUI] [Wrn] [toggle_floors.cpp:237] [0m[1;33mNode for [0m[1;33mPK_01[0m[1;33mwas not found[0m[1;33m[0m
[gazebo-2] [1;33m[GUI] [Wrn] [toggle_floors.cpp:237] [0m[1;33mNode for [0m[1;33mPK_02[0m[1;33mwas not found[0m[1;33m[0m
[gazebo-2] [1;33m[GUI] [Wrn] [toggle_floors.cpp:237] [0m[1;33mNode for [0m[1;33mPK_01[0m[1;33mwas not found[0m[1;33m[0m
[gazebo-2] [1;33m[GUI] [Wrn] [toggle_floors.cpp:237] [0m[1;33mNode for [0m[1;33mPK_02[0m[1;33mwas not found[0m[1;33m[0m
[gazebo-2] [1;33m[GUI] [Wrn] [toggle_floors.cpp:237] [0m[1;33mNode for [0m[1;33mPK_01[0m[1;33mwas not found[0m[1;33m[0m
[gazebo-2] [1;33m[GUI] [Wrn] [toggle_floors.cpp:237] [0m[1;33mNode for [0m[1;33mPK_02[0m[1;33mwas not found[0m[1;33m[0m
[gazebo-2] [1;33m[GUI] [Wrn] [toggle_floors.cpp:237] [0m[1;33mNode for [0m[1;33mPK_01[0m[1;33mwas not found[0m[1;33m[0m
[gazebo-2] [1;33m[GUI] [Wrn] [toggle_floors.cpp:237] [0m[1;33mNode for [0m[1;33mPK_02[0m[1;33mwas not found[0m[1;33m[0m
[gazebo-2] [1;33m[GUI] [Wrn] [toggle_floors.cpp:237] [0m[1;33mNode for [0m[1;33mPK_01[0m[1;33mwas not found[0m[1;33m[0m
[gazebo-2] [1;33m[GUI] [Wrn] [toggle_floors.cpp:237] [0m[1;33mNode for [0m[1;33mPK_02[0m[1;33mwas not found[0m[1;33m[0m
[gazebo-2] [1;33m[GUI] [Wrn] [toggle_floors.cpp:237] [0m[1;33mNode for [0m[1;33mPK_01[0m[1;33mwas not found[0m[1;33m[0m
[gazebo-2] [1;33m[GUI] [Wrn] [toggle_floors.cpp:237] [0m[1;33mNode for [0m[1;33mPK_02[0m[1;33mwas not found[0m[1;33m[0m
[gazebo-2] [1;33m[GUI] [Wrn] [toggle_floors.cpp:237] [0m[1;33mNode for [0m[1;33mPK_01[0m[1;33mwas not found[0m[1;33m[0m
[gazebo-2] [1;33m[GUI] [Wrn] [toggle_floors.cpp:237] [0m[1;33mNode for [0m[1;33mPK_02[0m[1;33mwas not found[0m[1;33m[0m
[gazebo-2] [1;33m[GUI] [Wrn] [toggle_floors.cpp:237] [0m[1;33mNode for [0m[1;33mPK_01[0m[1;33mwas not found[0m[1;33m[0m
[gazebo-2] [1;33m[GUI] [Wrn] [toggle_floors.cpp:237] [0m[1;33mNode for [0m[1;33mPK_02[0m[1;33mwas not found[0m[1;33m[0m
[gazebo-2] [1;33m[GUI] [Wrn] [toggle_floors.cpp:237] [0m[1;33mNode for [0m[1;33mPK_01[0m[1;33mwas not found[0m[1;33m[0m
[gazebo-2] [1;33m[GUI] [Wrn] [toggle_floors.cpp:237] [0m[1;33mNode for [0m[1;33mPK_02[0m[1;33mwas not found[0m[1;33m[0m
[gazebo-2] [1;33m[GUI] [Wrn] [toggle_floors.cpp:237] [0m[1;33mNode for [0m[1;33mPK_01[0m[1;33mwas not found[0m[1;33m[0m
[gazebo-2] [1;33m[GUI] [Wrn] [toggle_floors.cpp:237] [0m[1;33mNode for [0m[1;33mPK_02[0m[1;33mwas not found[0m[1;33m[0m
[gazebo-2] [1;33m[GUI] [Wrn] [toggle_floors.cpp:237] [0m[1;33mNode for [0m[1;33mPK_01[0m[1;33mwas not found[0m[1;33m[0m
[gazebo-2] [1;33m[GUI] [Wrn] [toggle_floors.cpp:237] [0m[1;33mNode for [0m[1;33mPK_02[0m[1;33mwas not found[0m[1;33m[0m
[gazebo-2] [1;33m[GUI] [Wrn] [toggle_floors.cpp:237] [0m[1;33mNode for [0m[1;33mPK_01[0m[1;33mwas not found[0m[1;33m[0m
[gazebo-2] [1;33m[GUI] [Wrn] [toggle_floors.cpp:237] [0m[1;33mNode for [0m[1;33mPK_02[0m[1;33mwas not found[0m[1;33m[0m
[gazebo-2] [1;33m[GUI] [Wrn] [toggle_floors.cpp:237] [0m[1;33mNode for [0m[1;33mPK_01[0m[1;33mwas not found[0m[1;33m[0m
[gazebo-2] [1;33m[GUI] [Wrn] [toggle_floors.cpp:237] [0m[1;33mNode for [0m[1;33mPK_02[0m[1;33mwas not found[0m[1;33m[0m
[gazebo-2] [1;33m[GUI] [Wrn] [toggle_floors.cpp:237] [0m[1;33mNode for [0m[1;33mPK_01[0m[1;33mwas not found[0m[1;33m[0m
[gazebo-2] [1;33m[GUI] [Wrn] [toggle_floors.cpp:237] [0m[1;33mNode for [0m[1;33mPK_02[0m[1;33mwas not found[0m[1;33m[0m
[gazebo-2] [1;33m[GUI] [Wrn] [toggle_floors.cpp:237] [0m[1;33mNode for [0m[1;33mPK_01[0m[1;33mwas not found[0m[1;33m[0m
[gazebo-2] [1;33m[GUI] [Wrn] [toggle_floors.cpp:237] [0m[1;33mNode for [0m[1;33mPK_02[0m[1;33mwas not found[0m[1;33m[0m
[gazebo-2] [1;33m[GUI] [Wrn] [toggle_floors.cpp:237] [0m[1;33mNode for [0m[1;33mPK_01[0m[1;33mwas not found[0m[1;33m[0m
[gazebo-2] [1;33m[GUI] [Wrn] [toggle_floors.cpp:237] [0m[1;33mNode for [0m[1;33mPK_02[0m[1;33mwas not found[0m[1;33m[0m
[gazebo-2] [1;33m[GUI] [Wrn] [toggle_floors.cpp:237] [0m[1;33mNode for [0m[1;33mPK_01[0m[1;33mwas not found[0m[1;33m[0m
[gazebo-2] [1;33m[GUI] [Wrn] [toggle_floors.cpp:237] [0m[1;33mNode for [0m[1;33mPK_02[0m[1;33mwas not found[0m[1;33m[0m
[gazebo-2] [1;33m[GUI] [Wrn] [toggle_floors.cpp:237] [0m[1;33mNode for [0m[1;33mPK_01[0m[1;33mwas not found[0m[1;33m[0m
[gazebo-2] [1;33m[GUI] [Wrn] [toggle_floors.cpp:237] [0m[1;33mNode for [0m[1;33mPK_02[0m[1;33mwas not found[0m[1;33m[0m
[gazebo-2] [1;33m[GUI] [Wrn] [toggle_floors.cpp:237] [0m[1;33mNode for [0m[1;33mPK_01[0m[1;33mwas not found[0m[1;33m[0m
