=== 2026-08-13 18:14:14 project1 실행 ===
Gazebo 창: true · RViz: false · ROS_DOMAIN_ID: 22
월드에 센서 시스템이 이미 있습니다.
월드에 충돌 검출기가 이미 지정돼 있습니다.
[1/3] Gazebo bringup
[INFO] [launch]: All log files can be found below /home/gyi/.ros/log/2026-08-13-18-14-16-123347-gyi-15UD50T-GX5JK-649856
[INFO] [launch]: Default logging verbosity is set to INFO
[INFO] [gazebo-1]: process started with pid [649888]
[INFO] [gazebo-2]: process started with pid [649889]
[INFO] [robot_state_publisher-3]: process started with pid [649890]
[INFO] [joint_state_publisher-4]: process started with pid [649892]
[INFO] [create-5]: process started with pid [649894]
[INFO] [robot_state_publisher-6]: process started with pid [649895]
[INFO] [create-7]: process started with pid [649896]
[INFO] [spawner-8]: process started with pid [649897]
[INFO] [spawner-9]: process started with pid [649898]
[INFO] [spawner-10]: process started with pid [649899]
[INFO] [parameter_bridge-11]: process started with pid [649900]
[robot_state_publisher-6] [INFO] [1786612457.661574920] [omx_03.robot_state_publisher]: Robot initialized
[robot_state_publisher-3] [INFO] [1786612457.663696689] [pinky_01.robot_state_publisher]: Robot initialized
[create-5] [INFO] [1786612457.678778649] [pinky_01.ros_gz_sim]: Requesting list of world names.
[create-7] [INFO] [1786612457.683094093] [omx_03.ros_gz_sim]: Requesting list of world names.
[gazebo-1] [1;33mWarning [Utils.cc:132][0m [/sdf/world[@name="sim_world"]/gui/window:/home/gyi/robosapiens/rmf_maps/project1/project1.world:L34]: XML Element[window], child of element[gui], not defined in SDF. Copying[window] as children of [gui].
[gazebo-2] [1;33m[GUI] [Wrn] [Application.cc:908] [0m[1;33m[QT] file:///usr/lib/x86_64-linux-gnu/qt5/qml/QtQuick/Dialogs/DefaultFileDialog.qml:413:17: QML ToolButton: Binding loop detected for property "implicitHeight"[0m[1;33m[0m
[gazebo-2] [1;33m[GUI] [Wrn] [Application.cc:908] [0m[1;33m[QT] file:///usr/lib/x86_64-linux-gnu/qt5/qml/QtQuick/Dialogs/DefaultFileDialog.qml:309:21: QML Button: Binding loop detected for property "implicitHeight"[0m[1;33m[0m
  ↑ 같은 줄 1번 더
[gazebo-2] [1;33m[GUI] [Wrn] [Application.cc:908] [0m[1;33m[QT] file:///usr/lib/x86_64-linux-gnu/qt5/qml/QtQuick/Dialogs/DefaultFileDialog.qml:413:17: QML ToolButton: Binding loop detected for property "implicitHeight"[0m[1;33m[0m
[gazebo-2] [1;33m[GUI] [Wrn] [Application.cc:908] [0m[1;33m[QT] file:///usr/lib/x86_64-linux-gnu/qt5/qml/QtQuick/Dialogs/DefaultFileDialog.qml:309:21: QML Button: Binding loop detected for property "implicitHeight"[0m[1;33m[0m
  ↑ 같은 줄 1번 더
[gazebo-1] [INFO] [1786612458.105223510] [rmf_simulation_door_manager]: Loading DoorManager
[spawner-9] [INFO] [1786612458.112171450] [omx_03.spawner_arm_controller]: waiting for service /omx_03/controller_manager/list_controllers to become available...
[gazebo-1] [INFO] [1786612458.122787384] [rmf_simulation_lift_manager]: Starting LiftManager
[gazebo-1] [1;33m[Wrn] [SdfEntityCreator.cc:933] [0m[1;33mGazebo does not support Ogre material scripts. See [0m[1;33mhttps://gazebosim.org/api/sim/8/migrationsdf.html#:~:text=Materials [0m[1;33mfor details.[0m[1;33m[0m
[gazebo-1] [1;33m[Wrn] [SdfEntityCreator.cc:939] [0m[1;33mCustom material scripts are not supported.[0m[1;33m[0m
[gazebo-1] [1;33m[Wrn] [SdfEntityCreator.cc:933] [0m[1;33mGazebo does not support Ogre material scripts. See [0m[1;33mhttps://gazebosim.org/api/sim/8/migrationsdf.html#:~:text=Materials [0m[1;33mfor details.[0m[1;33m[0m
[gazebo-1] [1;33m[Wrn] [SdfEntityCreator.cc:939] [0m[1;33mCustom material scripts are not supported.[0m[1;33m[0m
[gazebo-2] [1;33m[GUI] [Wrn] [Application.cc:908] [0m[1;33m[QT] file:///usr/lib/x86_64-linux-gnu/qt5/qml/QtQuick/Dialogs/DefaultFileDialog.qml:413:17: QML ToolButton: Binding loop detected for property "implicitHeight"[0m[1;33m[0m
[gazebo-2] [1;33m[GUI] [Wrn] [Application.cc:908] [0m[1;33m[QT] file:///usr/lib/x86_64-linux-gnu/qt5/qml/QtQuick/Dialogs/DefaultFileDialog.qml:309:21: QML Button: Binding loop detected for property "implicitHeight"[0m[1;33m[0m
  ↑ 같은 줄 1번 더
[joint_state_publisher-4] [INFO] [1786612458.198496023] [pinky_01.joint_state_publisher]: Waiting for robot_description to be published on the robot_description topic...
[create-5] [INFO] [1786612458.233272488] [pinky_01.ros_gz_sim]: Waiting messages on topic [/pinky_01/robot_description].
[joint_state_publisher-4] [INFO] [1786612458.411604967] [pinky_01.joint_state_publisher]: Got description, configuring robot
[create-5] [INFO] [1786612458.434482921] [pinky_01.ros_gz_sim]: Entity creation successful.
[create-7] [INFO] [1786612458.436121434] [omx_03.ros_gz_sim]: Waiting messages on topic [robot_description].
[create-7] [INFO] [1786612458.447643577] [omx_03.ros_gz_sim]: Entity creation successful.
[INFO] [create-5]: process has finished cleanly [pid 649894]
[INFO] [create-7]: process has finished cleanly [pid 649896]
[parameter_bridge-11] [INFO] [1786612458.710168381] [gz_bridge]: Creating GZ->ROS Bridge: [/clock (gz.msgs.Clock) -> /clock (rosgraph_msgs/msg/Clock)] (Lazy 0)
[parameter_bridge-11] [INFO] [1786612458.712038180] [gz_bridge]: Creating GZ->ROS Bridge: [/tf (gz.msgs.Pose_V) -> /tf (tf2_msgs/msg/TFMessage)] (Lazy 0)
[parameter_bridge-11] [INFO] [1786612458.715664374] [gz_bridge]: Creating GZ->ROS Bridge: [/pinky_01/odom (gz.msgs.Odometry) -> /pinky_01/odom (nav_msgs/msg/Odometry)] (Lazy 0)
[parameter_bridge-11] [INFO] [1786612458.718350784] [gz_bridge]: Creating ROS->GZ Bridge: [/pinky_01/cmd_vel_smoothed (geometry_msgs/msg/Twist) -> /pinky_01/cmd_vel (gz.msgs.Twist)] (Lazy 0)
[parameter_bridge-11] [INFO] [1786612458.719571358] [gz_bridge]: Creating GZ->ROS Bridge: [/pinky_01/scan (gz.msgs.LaserScan) -> /pinky_01/scan (sensor_msgs/msg/LaserScan)] (Lazy 0)
[parameter_bridge-11] [INFO] [1786612458.721866482] [gz_bridge]: Creating GZ->ROS Bridge: [/pinky_01/joint_states (gz.msgs.Model) -> /pinky_01/joint_states (sensor_msgs/msg/JointState)] (Lazy 0)
[parameter_bridge-11] [INFO] [1786612458.722645683] [gz_bridge]: Creating GZ->ROS Bridge: [/pinky_01/imu_raw (gz.msgs.IMU) -> /pinky_01/imu_raw (sensor_msgs/msg/Imu)] (Lazy 0)
[gazebo-2] [1;33m[GUI] [Wrn] [Application.cc:908] [0m[1;33m[QT] file:///usr/lib/x86_64-linux-gnu/qt5/qml/QtQuick/Dialogs/DefaultFileDialog.qml:413:17: QML ToolButton: Binding loop detected for property "implicitHeight"[0m[1;33m[0m
[gazebo-2] [1;33m[GUI] [Wrn] [Application.cc:908] [0m[1;33m[QT] file:///usr/lib/x86_64-linux-gnu/qt5/qml/QtQuick/Dialogs/DefaultFileDialog.qml:309:21: QML Button: Binding loop detected for property "implicitHeight"[0m[1;33m[0m
  ↑ 같은 줄 1번 더
[gazebo-2] [1;33m[GUI] [Wrn] [Application.cc:908] [0m[1;33m[QT] file::/ComponentInspector/ComponentInspector.qml:251:3: QML Dialog: Binding loop detected for property "implicitHeight"[0m[1;33m[0m
[gazebo-2] [1;33m[GUI] [Wrn] [Application.cc:908] [0m[1;33m[QT] file:///usr/lib/x86_64-linux-gnu/qt5/qml/QtQuick/Dialogs/DefaultFileDialog.qml:413:17: QML ToolButton: Binding loop detected for property "implicitHeight"[0m[1;33m[0m
[gazebo-2] [1;33m[GUI] [Wrn] [Application.cc:908] [0m[1;33m[QT] file:///usr/lib/x86_64-linux-gnu/qt5/qml/QtQuick/Dialogs/DefaultFileDialog.qml:309:21: QML Button: Binding loop detected for property "implicitHeight"[0m[1;33m[0m
  ↑ 같은 줄 1번 더
[gazebo-2] [1;33m[GUI] [Wrn] [Application.cc:908] [0m[1;33m[QT] file::/toggle_floors/toggle_floors.qml:40: ReferenceError: qfloors is not defined[0m[1;33m[0m
[gazebo-2] [1;33m[GUI] [Wrn] [Application.cc:908] [0m[1;33m[QT] file::/WorldStats/WorldStats.qml:53:3: QML RowLayout: Binding loop detected for property "x"[0m[1;33m[0m
[gazebo-2] [1;33m[GUI] [Wrn] [toggle_floors.cpp:221] [0m[1;33mNode for [0m[1;33mproject1_L1[0m[1;33mwas not found[0m[1;33m[0m
[gazebo-1] [1;33mWarning [Utils.cc:132][0m [/sdf/model[@name="pinky"]/link[@name="base_footprint"]/sensor[@name="pinky_01/camera"]/gz_frame_id:<urdf-string>:L0]: XML Element[gz_frame_id], child of element[sensor], not defined in SDF. Copying[gz_frame_id] as children of [sensor].
[gazebo-1] [1;33mWarning [Utils.cc:132][0m [/sdf/model[@name="pinky"]/link[@name="base_footprint"]/sensor[@name="pinky_01/imu"]/gz_frame_id:<urdf-string>:L0]: XML Element[gz_frame_id], child of element[sensor], not defined in SDF. Copying[gz_frame_id] as children of [sensor].
[gazebo-1] [1;33mWarning [Utils.cc:132][0m [/sdf/model[@name="pinky"]/link[@name="base_footprint"]/sensor[@name="pinky_01/gpu_lidar"]/gz_frame_id:<urdf-string>:L0]: XML Element[gz_frame_id], child of element[sensor], not defined in SDF. Copying[gz_frame_id] as children of [sensor].
[gazebo-1] [INFO] [1786612459.886548899] [omx_03.gz_ros_control]: [gz_ros2_control] Fixed joint ['world_fixed'] (Entity='73') is skipped.
[gazebo-1] [INFO] [1786612459.889502406] [omx_03.gz_ros_control]: Loading controller_manager
[gazebo-1] [INFO] [1786612459.910987821] [omx_03.controller_manager]: Using ROS clock for triggering controller manager cycles.
[gazebo-1] [INFO] [1786612459.915309344] [omx_03.controller_manager]: Subscribing to '/omx_03/robot_description' topic for robot description.
[gazebo-1] [WARN] [1786612459.918464448] [omx_03.gz_ros_control]: Waiting RM to load and initialize hardware...
[gazebo-1] [INFO] [1786612459.925809064] [omx_03.controller_manager]: Received robot description from topic.
[gazebo-1] [INFO] [1786612459.925870049] [omx_03.controller_manager]: Enforcing command limits is disabled. Command limits from URDF will be ignored.
[gazebo-1] [INFO] [1786612459.933416275] [omx_03.gz_ros_control]: The position_proportional_gain has been set to: 0.1
[gazebo-1] [INFO] [1786612459.933507194] [omx_03.gz_ros_control]: Loading joint: joint1
[gazebo-1] [INFO] [1786612459.933513836] [omx_03.gz_ros_control]: 	State:
[gazebo-1] [INFO] [1786612459.933519194] [omx_03.gz_ros_control]: 		 position
[gazebo-1] [INFO] [1786612459.933521969] [omx_03.gz_ros_control]: 		 velocity
[gazebo-1] [INFO] [1786612459.933527742] [omx_03.gz_ros_control]: 		 effort
[gazebo-1] [INFO] [1786612459.933530685] [omx_03.gz_ros_control]: 	Command:
[gazebo-1] [INFO] [1786612459.933532783] [omx_03.gz_ros_control]: 		 position
[gazebo-1] [INFO] [1786612459.933542662] [omx_03.gz_ros_control]: Loading joint: joint2
[gazebo-1] [INFO] [1786612459.933544894] [omx_03.gz_ros_control]: 	State:
[gazebo-1] [INFO] [1786612459.933546988] [omx_03.gz_ros_control]: 		 position
[gazebo-1] [INFO] [1786612459.933548971] [omx_03.gz_ros_control]: 		 velocity
[gazebo-1] [INFO] [1786612459.933551345] [omx_03.gz_ros_control]: 		 effort
[gazebo-1] [INFO] [1786612459.933553338] [omx_03.gz_ros_control]: 	Command:
[gazebo-1] [INFO] [1786612459.933555198] [omx_03.gz_ros_control]: 		 position
[gazebo-1] [INFO] [1786612459.933562516] [omx_03.gz_ros_control]: Loading joint: joint3
[gazebo-1] [INFO] [1786612459.933564533] [omx_03.gz_ros_control]: 	State:
[gazebo-1] [INFO] [1786612459.933566328] [omx_03.gz_ros_control]: 		 position
[gazebo-1] [INFO] [1786612459.933568122] [omx_03.gz_ros_control]: 		 velocity
[gazebo-1] [INFO] [1786612459.933569939] [omx_03.gz_ros_control]: 		 effort
[gazebo-1] [INFO] [1786612459.933572638] [omx_03.gz_ros_control]: 	Command:
[gazebo-1] [INFO] [1786612459.933575263] [omx_03.gz_ros_control]: 		 position
[gazebo-1] [INFO] [1786612459.933580995] [omx_03.gz_ros_control]: Loading joint: joint4
[gazebo-1] [INFO] [1786612459.933583064] [omx_03.gz_ros_control]: 	State:
[gazebo-1] [INFO] [1786612459.933585322] [omx_03.gz_ros_control]: 		 position
[gazebo-1] [INFO] [1786612459.933587111] [omx_03.gz_ros_control]: 		 velocity
[gazebo-1] [INFO] [1786612459.933588803] [omx_03.gz_ros_control]: 		 effort
[gazebo-1] [INFO] [1786612459.933590533] [omx_03.gz_ros_control]: 	Command:
[gazebo-1] [INFO] [1786612459.933592321] [omx_03.gz_ros_control]: 		 position
[gazebo-1] [INFO] [1786612459.933598700] [omx_03.gz_ros_control]: Loading joint: gripper_left_joint
[gazebo-1] [INFO] [1786612459.933601231] [omx_03.gz_ros_control]: 	State:
[gazebo-1] [INFO] [1786612459.933603169] [omx_03.gz_ros_control]: 		 position
[gazebo-1] [INFO] [1786612459.933605068] [omx_03.gz_ros_control]: 		 velocity
[gazebo-1] [INFO] [1786612459.933606901] [omx_03.gz_ros_control]: 		 effort
[gazebo-1] [INFO] [1786612459.933608768] [omx_03.gz_ros_control]: 	Command:
[gazebo-1] [INFO] [1786612459.933610666] [omx_03.gz_ros_control]: 		 position
[gazebo-1] [INFO] [1786612459.933619061] [omx_03.gz_ros_control]: Loading joint: gripper_right_joint
[gazebo-1] [INFO] [1786612459.933622715] [omx_03.gz_ros_control]: Joint 'gripper_right_joint'is mimicking joint 'gripper_left_joint' with multiplier: 1 and offset: 0
[gazebo-1] [INFO] [1786612459.933625472] [omx_03.gz_ros_control]: 	State:
[gazebo-1] [INFO] [1786612459.933627368] [omx_03.gz_ros_control]: 		 position
[gazebo-1] [INFO] [1786612459.933629278] [omx_03.gz_ros_control]: 		 velocity
[gazebo-1] [INFO] [1786612459.933632416] [omx_03.gz_ros_control]: 		 effort
[gazebo-1] [INFO] [1786612459.933634304] [omx_03.gz_ros_control]: 	Command:
[gazebo-1] [INFO] [1786612459.933679931] [omx_03.gz_ros_control]: Loading sensor: pinky_01/imu
[gazebo-1] [INFO] [1786612459.933690368] [omx_03.gz_ros_control]: 	State:
[gazebo-1] [WARN] [1786612459.933723717] [omx_03.gz_ros_control]: IMU sensor 'pinky_01/imu' not found in hardware_info, skipping.
[gazebo-1] [INFO] [1786612459.933817613] [omx_03.controller_manager]: Initialize hardware 'OpenManipulatorXSystem' 
[gazebo-1] [WARN] [1786612459.933847738] [omx_03.controller_manager.hardware_component.system.OpenManipulatorXSystem]: Executor is not available during hardware component initialization for 'OpenManipulatorXSystem'. Skipping node creation!
[gazebo-1] [INFO] [1786612459.933936100] [omx_03.controller_manager]: Successful initialization of hardware 'OpenManipulatorXSystem'
[gazebo-1] [INFO] [1786612459.934078255] [omx_03.controller_manager]: Activating component 'OpenManipulatorXSystem'.
[gazebo-1] [INFO] [1786612459.934090624] [resource_manager]: 'configure' hardware 'OpenManipulatorXSystem' 
[gazebo-1] [INFO] [1786612459.934095116] [omx_03.gz_ros_control]: System Successfully configured!
[gazebo-1] [INFO] [1786612459.934099169] [resource_manager]: Successful 'configure' of hardware 'OpenManipulatorXSystem'
[gazebo-1] [INFO] [1786612459.934107799] [resource_manager]: 'activate' hardware 'OpenManipulatorXSystem' 
[gazebo-1] [INFO] [1786612459.934128481] [resource_manager]: Successful 'activate' of hardware 'OpenManipulatorXSystem'
[gazebo-1] [WARN] [1786612459.934243845] [omx_03.controller_manager]: Component 'OpenManipulatorXSystem' does not have read or write statistics initialized, skipping registration.
[gazebo-1] [INFO] [1786612459.934251954] [omx_03.controller_manager]: Resource Manager has been successfully initialized. Starting Controller Manager services...
[gazebo-1] [INFO] [1786612460.115242509] [omx_03.controller_manager]: Loading controller : 'arm_controller' of type 'joint_trajectory_controller/JointTrajectoryController'
[gazebo-1] [INFO] [1786612460.115289827] [omx_03.controller_manager]: Loading controller 'arm_controller'
[gazebo-1] [INFO] [1786612460.123632136] [omx_03.controller_manager]: Controller 'arm_controller' node arguments: --ros-args --params-file /home/gyi/robosapiens/open_manipulator/install/open_manipulator_bringup/share/open_manipulator_bringup/config/open_manipulator_x/hardware_controller_manager.yaml -p use_sim_time:=true --param use_sim_time:=true 
[spawner-9] [INFO] [1786612460.142497653] [omx_03.spawner_arm_controller]: Loaded arm_controller
[gazebo-1] [INFO] [1786612460.143293109] [omx_03.controller_manager]: Configuring controller: 'arm_controller'
[gazebo-1] [INFO] [1786612460.143702030] [omx_03.arm_controller]: No specific joint names are used for command interfaces. Using 'joints' parameter.
[gazebo-1] [INFO] [1786612460.143737174] [omx_03.arm_controller]: Command interfaces are [position] and state interfaces are [position velocity].
[gazebo-1] [INFO] [1786612460.143772035] [omx_03.arm_controller]: Using 'splines' interpolation method.
[gazebo-1] [INFO] [1786612460.152247080] [omx_03.arm_controller]: Goals with partial set of joints are allowed
[gazebo-1] [INFO] [1786612460.152270975] [omx_03.arm_controller]: Action status changes will be monitored at 20.00 Hz.
[gazebo-1] [INFO] [1786612460.156772741] [omx_03.arm_controller]: Setting initial scaling factor to 1.000000
[gazebo-1] [INFO] [1786612460.156806271] [omx_03.arm_controller]: No scaling interface set. This controller will not read speed scaling from the hardware.
[gazebo-1] [INFO] [1786612460.157849530] [omx_03.controller_manager]: Activating controllers: [ arm_controller ]
[gazebo-1] [1;31m[Err] [Physics.cc:1808] [0m[1;31mAttempting to create a mimic constraint for joint [[0m[1;31mgripper_right_joint[0m[1;31m] but the chosen physics engine does not support [0m[1;31mmimic constraints, so no constraint will be [0m[1;31mcreated.[0m[1;31m[0m
[gazebo-1] [1;33m[Wrn] [Component.hh:144] [0m[1;33mTrying to serialize component with data type [[0m[1;33mN2gz3sim11ChargerDataE[0m[1;33m], which doesn't have [0m[1;33m`operator<<`. Component will not be serialized.[0m[1;33m[0m
[gazebo-1] [INFO] [1786612462.100486988] [omx_03.controller_manager]: Successfully switched controllers!
[gazebo-2] [1;33m[GUI] [Wrn] [EntityComponentManager.cc:1930] [0m[1;33mComponent type [[0m[1;33m1728988591536574887[0m[1;33m] has not been [0m[1;33mregistered in this process, so it can't be deserialized.[0m[1;33m[0m
[gazebo-2] [1;33mWarning [Utils.cc:132][0m [/sdf/model[@name="pinky"]/link[@name="base_footprint"]/sensor[@name="pinky_01/camera"]/gz_frame_id:<data-string>:L122]: XML Element[gz_frame_id], child of element[sensor], not defined in SDF. Copying[gz_frame_id] as children of [sensor].
[gazebo-2] [1;33mWarning [Utils.cc:132][0m [/sdf/model[@name="pinky"]/link[@name="base_footprint"]/sensor[@name="pinky_01/imu"]/gz_frame_id:<data-string>:L131]: XML Element[gz_frame_id], child of element[sensor], not defined in SDF. Copying[gz_frame_id] as children of [sensor].
[gazebo-2] [1;33mWarning [Utils.cc:132][0m [/sdf/model[@name="pinky"]/link[@name="base_footprint"]/sensor[@name="pinky_01/gpu_lidar"]/gz_frame_id:<data-string>:L165]: XML Element[gz_frame_id], child of element[sensor], not defined in SDF. Copying[gz_frame_id] as children of [sensor].
[spawner-9] [INFO] [1786612462.240734742] [omx_03.spawner_arm_controller]: Configured and activated arm_controller
[spawner-8] [INFO] [1786612462.355925847] [omx_03.spawner_joint_state_broadcaster]: waiting for service /omx_03/controller_manager/list_controllers to become available...
[INFO] [spawner-9]: process has finished cleanly [pid 649898]
[gazebo-1] [INFO] [1786612462.608034912] [omx_03.controller_manager]: Loading controller : 'joint_state_broadcaster' of type 'joint_state_broadcaster/JointStateBroadcaster'
[gazebo-1] [INFO] [1786612462.608085592] [omx_03.controller_manager]: Loading controller 'joint_state_broadcaster'
[gazebo-1] [INFO] [1786612462.612768400] [omx_03.controller_manager]: Controller 'joint_state_broadcaster' node arguments: --ros-args --params-file /home/gyi/robosapiens/open_manipulator/install/open_manipulator_bringup/share/open_manipulator_bringup/config/open_manipulator_x/hardware_controller_manager.yaml -p use_sim_time:=true --param use_sim_time:=true 
[gazebo-1] [1;33m[Wrn] [Ogre2Camera.cc:423] [0m[1;33mOgre2Camera::SetVisibilityMask: Mask bits [0m[1;33mc0000000[0m[1;33m are set but will be ignored as they conflict with the [0m[1;33mreserved bits used internally by the ogre2 backend.[0m[1;33m[0m
[spawner-8] [INFO] [1786612463.189736443] [omx_03.spawner_joint_state_broadcaster]: Loaded joint_state_broadcaster
[gazebo-1] [INFO] [1786612463.190820400] [omx_03.controller_manager]: Configuring controller: 'joint_state_broadcaster'
[gazebo-1] [INFO] [1786612463.190934436] [omx_03.joint_state_broadcaster]: 'joints' or 'interfaces' parameter is empty. All available state interfaces will be published
[gazebo-1] [INFO] [1786612463.219238265] [omx_03.controller_manager]: Activating controllers: [ joint_state_broadcaster ]
[gazebo-1] [INFO] [1786612463.263628760] [omx_03.controller_manager]: Successfully switched controllers!
[spawner-8] [INFO] [1786612463.316236237] [omx_03.spawner_joint_state_broadcaster]: Configured and activated joint_state_broadcaster
[spawner-10] [INFO] [1786612463.436153793] [omx_03.spawner_gripper_controller]: waiting for service /omx_03/controller_manager/list_controllers to become available...
[INFO] [spawner-8]: process has finished cleanly [pid 649897]
[gazebo-1] [INFO] [1786612465.189301908] [omx_03.controller_manager]: Loading controller : 'gripper_controller' of type 'position_controllers/GripperActionController'
[gazebo-1] [INFO] [1786612465.189352739] [omx_03.controller_manager]: Loading controller 'gripper_controller'
[gazebo-1] [INFO] [1786612465.191594748] [omx_03.controller_manager]: Controller 'gripper_controller' node arguments: --ros-args --params-file /home/gyi/robosapiens/open_manipulator/install/open_manipulator_bringup/share/open_manipulator_bringup/config/open_manipulator_x/hardware_controller_manager.yaml -p use_sim_time:=true --param use_sim_time:=true 
[gazebo-1] [WARN] [1786612465.202194856] [omx_03.gripper_controller]: [Deprecated]: the `position_controllers/GripperActionController` and `effort_controllers::GripperActionController` controllers are replaced by 'parallel_gripper_controllers/GripperActionController' controller
[spawner-10] [INFO] [1786612465.219240044] [omx_03.spawner_gripper_controller]: Loaded gripper_controller
[gazebo-1] [INFO] [1786612465.220619084] [omx_03.controller_manager]: Configuring controller: 'gripper_controller'
[gazebo-1] [INFO] [1786612465.220741189] [omx_03.gripper_controller]: Action status changes will be monitored at 20.000000 Hz.
[gazebo-1] [INFO] [1786612465.344519980] [omx_03.controller_manager]: Activating controllers: [ gripper_controller ]
[gazebo-1] [INFO] [1786612465.355530719] [omx_03.controller_manager]: Successfully switched controllers!
[spawner-10] [INFO] [1786612465.403099749] [omx_03.spawner_gripper_controller]: Configured and activated gripper_controller
[INFO] [spawner-10]: process has finished cleanly [pid 649899]

Gazebo 가 90 초 안에 뜨지 않았습니다.
RMF 와 Nav2 는 띄우지 않고 여기서 멈춥니다 — 월드가 없으면 그 둘은
토픽 이름만 만들어 놓고 값은 하나도 못 받습니다.

무엇이 있었는지: /home/gyi/robosapiens/rmf_maps/project1/project1.log
오류만 모은 것: /home/gyi/robosapiens/rmf_maps/project1/project1.err.log
정리 중...
=== 로그 수집 파이프 복구됨 ===
[schedule_visualizer_node-4] [INFO] [1786674890.918458476] [schedule_data_node]: Requesting new schedule update because update timed out
[schedule_visualizer_node-4] [INFO] [1786674890.918525156] [schedule_data_node]: [rmf_traffic_ros2::MirrorManager::request_update] Requesting changes for query ID [1] since version [18]
[schedule_visualizer_node-4] [INFO] [1786674910.918468281] [schedule_data_node]: Requesting new schedule update because update timed out
[schedule_visualizer_node-4] [INFO] [1786674910.918551820] [schedule_data_node]: [rmf_traffic_ros2::MirrorManager::request_update] Requesting changes for query ID [1] since beginning of recorded history
[rmf_traffic_schedule-1] [INFO] [1786674910.926887535] [rmf_traffic_schedule_primary]: [ScheduleNode::update_mirrors] Sending remedial update starting from the beginning going to 18 for query 1
[schedule_visualizer_node-4] [INFO] [1786674930.927629953] [schedule_data_node]: Requesting new schedule update because update timed out
[schedule_visualizer_node-4] [INFO] [1786674930.927688557] [schedule_data_node]: [rmf_traffic_ros2::MirrorManager::request_update] Requesting changes for query ID [1] since version [18]
[WARNING] [launch]: user interrupted with ctrl-c (SIGINT)
[waypoint_follower-18] [INFO] [1786674961.466238514] [rclcpp]: signal_handler(SIGINT/SIGTERM)
[waypoint_follower-18] [INFO] [1786674961.466358532] [pinky_02.waypoint_follower]: Running Nav2 LifecycleNode rcl preshutdown (waypoint_follower)
[waypoint_follower-18] [INFO] [1786674961.466464734] [pinky_02.waypoint_follower]: Deactivating
[amcl-12] [INFO] [1786674961.466279622] [rclcpp]: signal_handler(SIGINT/SIGTERM)
[amcl-12] [INFO] [1786674961.466677993] [pinky_02.amcl]: Running Nav2 LifecycleNode rcl preshutdown (amcl)
[controller_server-13] [INFO] [1786674961.466315826] [rclcpp]: signal_handler(SIGINT/SIGTERM)
[controller_server-13] [INFO] [1786674961.466401200] [pinky_02.controller_server]: Running Nav2 LifecycleNode rcl preshutdown (controller_server)
[controller_server-13] [INFO] [1786674961.466483063] [pinky_02.controller_server]: Deactivating
[controller_server-13] [INFO] [1786674961.466496082] [pinky_02.controller_server]: Deactivating controller: FollowPath of type regulated_pure_pursuit_controller::RegulatedPurePursuitController
[controller_server-13] [INFO] [1786674961.466512007] [pinky_02.local_costmap.local_costmap]: Deactivating
[lifecycle_manager-11] [INFO] [1786674961.466318412] [rclcpp]: signal_handler(SIGINT/SIGTERM)
[lifecycle_manager-11] [INFO] [1786674961.466396753] [pinky_01.lifecycle_manager_navigation]: Running Nav2 LifecycleManager rcl preshutdown (lifecycle_manager_navigation)
[velocity_smoother-10] [INFO] [1786674961.466323396] [rclcpp]: signal_handler(SIGINT/SIGTERM)
[velocity_smoother-10] [INFO] [1786674961.466400938] [pinky_01.velocity_smoother]: Running Nav2 LifecycleNode rcl preshutdown (velocity_smoother)
[velocity_smoother-10] [INFO] [1786674961.466470129] [pinky_01.velocity_smoother]: Deactivating
[velocity_smoother-10] [INFO] [1786674961.466492889] [pinky_01.velocity_smoother]: Destroying bond (velocity_smoother) to lifecycle manager.
[planner_server-15] [INFO] [1786674961.466323283] [rclcpp]: signal_handler(SIGINT/SIGTERM)
[planner_server-15] [INFO] [1786674961.466404296] [pinky_02.planner_server]: Running Nav2 LifecycleNode rcl preshutdown (planner_server)
[planner_server-15] [INFO] [1786674961.466470310] [pinky_02.planner_server]: Deactivating
[planner_server-15] [INFO] [1786674961.466492349] [pinky_02.global_costmap.global_costmap]: Deactivating
[planner_server-6] [INFO] [1786674961.466329962] [rclcpp]: signal_handler(SIGINT/SIGTERM)
[planner_server-6] [INFO] [1786674961.466401752] [pinky_01.planner_server]: Running Nav2 LifecycleNode rcl preshutdown (planner_server)
[planner_server-6] [INFO] [1786674961.466466977] [pinky_01.planner_server]: Deactivating
[planner_server-6] [INFO] [1786674961.466495582] [pinky_01.global_costmap.global_costmap]: Deactivating
[controller_server-4] [INFO] [1786674961.466336984] [rclcpp]: signal_handler(SIGINT/SIGTERM)
[controller_server-4] [INFO] [1786674961.466408477] [pinky_01.controller_server]: Running Nav2 LifecycleNode rcl preshutdown (controller_server)
[controller_server-4] [INFO] [1786674961.466479067] [pinky_01.controller_server]: Deactivating
[controller_server-4] [INFO] [1786674961.466496125] [pinky_01.controller_server]: Deactivating controller: FollowPath of type regulated_pure_pursuit_controller::RegulatedPurePursuitController
[controller_server-4] [INFO] [1786674961.466517952] [pinky_01.local_costmap.local_costmap]: Deactivating
[smoother_server-5] [INFO] [1786674961.466384183] [rclcpp]: signal_handler(SIGINT/SIGTERM)
[smoother_server-5] [INFO] [1786674961.466457492] [pinky_01.smoother_server]: Running Nav2 LifecycleNode rcl preshutdown (smoother_server)
[smoother_server-5] [INFO] [1786674961.466516173] [pinky_01.smoother_server]: Deactivating
[lifecycle_manager-20] [INFO] [1786674961.466307437] [rclcpp]: signal_handler(SIGINT/SIGTERM)
[lifecycle_manager-20] [INFO] [1786674961.466595710] [pinky_02.lifecycle_manager_navigation]: Running Nav2 LifecycleManager rcl preshutdown (lifecycle_manager_navigation)
[waypoint_follower-9] [INFO] [1786674961.466545369] [rclcpp]: signal_handler(SIGINT/SIGTERM)
[waypoint_follower-9] [INFO] [1786674961.466717528] [pinky_01.waypoint_follower]: Running Nav2 LifecycleNode rcl preshutdown (waypoint_follower)
[INFO] [python3-23]: sending signal 'SIGINT' to process[python3-23]
[INFO] [python3-22]: sending signal 'SIGINT' to process[python3-22]
[INFO] [lifecycle_manager-20]: sending signal 'SIGINT' to process[lifecycle_manager-20]
[INFO] [velocity_smoother-19]: sending signal 'SIGINT' to process[velocity_smoother-19]
[INFO] [waypoint_follower-18]: sending signal 'SIGINT' to process[waypoint_follower-18]
[INFO] [bt_navigator-17]: sending signal 'SIGINT' to process[bt_navigator-17]
[INFO] [behavior_server-16]: sending signal 'SIGINT' to process[behavior_server-16]
[INFO] [planner_server-15]: sending signal 'SIGINT' to process[planner_server-15]
[INFO] [smoother_server-14]: sending signal 'SIGINT' to process[smoother_server-14]
[INFO] [controller_server-13]: sending signal 'SIGINT' to process[controller_server-13]
[INFO] [amcl-12]: sending signal 'SIGINT' to process[amcl-12]
[INFO] [lifecycle_manager-11]: sending signal 'SIGINT' to process[lifecycle_manager-11]
[INFO] [velocity_smoother-10]: sending signal 'SIGINT' to process[velocity_smoother-10]
[INFO] [waypoint_follower-9]: sending signal 'SIGINT' to process[waypoint_follower-9]
[INFO] [bt_navigator-8]: sending signal 'SIGINT' to process[bt_navigator-8]
[INFO] [behavior_server-7]: sending signal 'SIGINT' to process[behavior_server-7]
[INFO] [planner_server-6]: sending signal 'SIGINT' to process[planner_server-6]
[INFO] [smoother_server-5]: sending signal 'SIGINT' to process[smoother_server-5]
[INFO] [controller_server-4]: sending signal 'SIGINT' to process[controller_server-4]
[INFO] [amcl-3]: sending signal 'SIGINT' to process[amcl-3]
[INFO] [lifecycle_manager-2]: sending signal 'SIGINT' to process[lifecycle_manager-2]
[INFO] [map_server-1]: sending signal 'SIGINT' to process[map_server-1]
[amcl-12] [INFO] [1786674961.466740230] [pinky_02.amcl]: Deactivating
[amcl-12] [INFO] [1786674961.466762800] [pinky_02.amcl]: Destroying bond (amcl) to lifecycle manager.
[lifecycle_manager-11] [INFO] [1786674961.468407965] [pinky_01.lifecycle_manager_navigation]: [34m[1mTerminating bond timer...[0m[0m
[smoother_server-5] [INFO] [1786674961.468940896] [pinky_01.smoother_server]: Destroying bond (smoother_server) to lifecycle manager.
[lifecycle_manager-20] [INFO] [1786674961.468663560] [pinky_02.lifecycle_manager_navigation]: [34m[1mTerminating bond timer...[0m[0m
[waypoint_follower-9] [INFO] [1786674961.466788054] [pinky_01.waypoint_follower]: Deactivating
[waypoint_follower-9] [INFO] [1786674961.480194699] [pinky_01.waypoint_follower]: Destroying bond (waypoint_follower) to lifecycle manager.
[smoother_server-14] [INFO] [1786674961.466660261] [rclcpp]: signal_handler(SIGINT/SIGTERM)
[smoother_server-14] [INFO] [1786674961.466729331] [pinky_02.smoother_server]: Running Nav2 LifecycleNode rcl preshutdown (smoother_server)
[smoother_server-14] [INFO] [1786674961.466786364] [pinky_02.smoother_server]: Deactivating
[smoother_server-14] [INFO] [1786674961.469360221] [pinky_02.smoother_server]: Destroying bond (smoother_server) to lifecycle manager.
[amcl-3] [INFO] [1786674961.466684537] [rclcpp]: signal_handler(SIGINT/SIGTERM)
[amcl-3] [INFO] [1786674961.466739116] [pinky_01.amcl]: Running Nav2 LifecycleNode rcl preshutdown (amcl)
[amcl-3] [INFO] [1786674961.466788962] [pinky_01.amcl]: Deactivating
[amcl-3] [INFO] [1786674961.466804603] [pinky_01.amcl]: Destroying bond (amcl) to lifecycle manager.
[amcl-3] [INFO] [1786674961.477109190] [pinky_01.amcl]: Cleaning up
[bt_navigator-8] [INFO] [1786674961.466819887] [rclcpp]: signal_handler(SIGINT/SIGTERM)
[bt_navigator-8] [INFO] [1786674961.466881642] [pinky_01.bt_navigator]: Running Nav2 LifecycleNode rcl preshutdown (bt_navigator)
[bt_navigator-8] [INFO] [1786674961.466948889] [pinky_01.bt_navigator]: Deactivating
[bt_navigator-8] [INFO] [1786674961.466984867] [pinky_01.bt_navigator]: Destroying bond (bt_navigator) to lifecycle manager.
[bt_navigator-8] [INFO] [1786674961.477597359] [pinky_01.bt_navigator]: Cleaning up
[bt_navigator-17] [INFO] [1786674961.467017026] [rclcpp]: signal_handler(SIGINT/SIGTERM)
[bt_navigator-17] [INFO] [1786674961.467083464] [pinky_02.bt_navigator]: Running Nav2 LifecycleNode rcl preshutdown (bt_navigator)
[bt_navigator-17] [INFO] [1786674961.467154177] [pinky_02.bt_navigator]: Deactivating
[bt_navigator-17] [INFO] [1786674961.467192721] [pinky_02.bt_navigator]: Destroying bond (bt_navigator) to lifecycle manager.
[behavior_server-16] [INFO] [1786674961.467049143] [rclcpp]: signal_handler(SIGINT/SIGTERM)
[behavior_server-16] [INFO] [1786674961.467119751] [pinky_02.behavior_server]: Running Nav2 LifecycleNode rcl preshutdown (behavior_server)
[behavior_server-16] [INFO] [1786674961.467192001] [pinky_02.behavior_server]: Deactivating
[behavior_server-16] [INFO] [1786674961.469961542] [pinky_02.behavior_server]: Destroying bond (behavior_server) to lifecycle manager.
[behavior_server-16] [INFO] [1786674961.480257855] [pinky_02.behavior_server]: Cleaning up
[behavior_server-7] [INFO] [1786674961.467067523] [rclcpp]: signal_handler(SIGINT/SIGTERM)
[behavior_server-7] [INFO] [1786674961.467164287] [pinky_01.behavior_server]: Running Nav2 LifecycleNode rcl preshutdown (behavior_server)
[behavior_server-7] [INFO] [1786674961.467310244] [pinky_01.behavior_server]: Deactivating
[behavior_server-7] [INFO] [1786674961.470780965] [pinky_01.behavior_server]: Destroying bond (behavior_server) to lifecycle manager.
[ERROR] [lifecycle_manager-2]: process has died [pid 113578, exit code -2, cmd '/opt/ros/jazzy/lib/nav2_lifecycle_manager/lifecycle_manager --ros-args -r __node:=lifecycle_manager_map --params-file /tmp/launch_params_8qs3dqjd --params-file /tmp/launch_params_sa1et3dq --params-file /tmp/launch_params_wv3p4twt'].
[velocity_smoother-19] [INFO] [1786674961.467209719] [rclcpp]: signal_handler(SIGINT/SIGTERM)
[velocity_smoother-19] [INFO] [1786674961.467278650] [pinky_02.velocity_smoother]: Running Nav2 LifecycleNode rcl preshutdown (velocity_smoother)
[velocity_smoother-19] [INFO] [1786674961.467332834] [pinky_02.velocity_smoother]: Deactivating
[velocity_smoother-19] [INFO] [1786674961.467359508] [pinky_02.velocity_smoother]: Destroying bond (velocity_smoother) to lifecycle manager.
[velocity_smoother-19] [INFO] [1786674961.487621727] [pinky_02.velocity_smoother]: Cleaning up
[velocity_smoother-19] [INFO] [1786674961.487668451] [pinky_02.velocity_smoother]: Destroying bond (velocity_smoother) to lifecycle manager.
[map_server-1] [INFO] [1786674961.467317031] [rclcpp]: signal_handler(SIGINT/SIGTERM)
[map_server-1] [INFO] [1786674961.467384153] [map_server]: Running Nav2 LifecycleNode rcl preshutdown (map_server)
[map_server-1] [INFO] [1786674961.470319204] [map_server]: Deactivating
[map_server-1] [INFO] [1786674961.472551464] [map_server]: Destroying bond (map_server) to lifecycle manager.
[map_server-1] [INFO] [1786674961.483497469] [map_server]: Cleaning up
[map_server-1] [INFO] [1786674961.483554875] [map_server]: Destroying bond (map_server) to lifecycle manager.
[lifecycle_manager-2] [INFO] [1786674961.467444508] [rclcpp]: signal_handler(SIGINT/SIGTERM)
[lifecycle_manager-2] [INFO] [1786674961.467505609] [lifecycle_manager_map]: Running Nav2 LifecycleManager rcl preshutdown (lifecycle_manager_map)
[lifecycle_manager-2] [INFO] [1786674961.468513694] [lifecycle_manager_map]: [34m[1mTerminating bond timer...[0m[0m
[velocity_smoother-10] [INFO] [1786674961.477311582] [pinky_01.velocity_smoother]: Cleaning up
[velocity_smoother-10] [INFO] [1786674961.477361988] [pinky_01.velocity_smoother]: Destroying bond (velocity_smoother) to lifecycle manager.
[waypoint_follower-18] [INFO] [1786674961.478268348] [pinky_02.waypoint_follower]: Destroying bond (waypoint_follower) to lifecycle manager.
[waypoint_follower-18] [INFO] [1786674961.488630750] [pinky_02.waypoint_follower]: Cleaning up
[smoother_server-5] [INFO] [1786674961.489394480] [pinky_01.smoother_server]: Cleaning up
[smoother_server-14] [INFO] [1786674961.489673843] [pinky_02.smoother_server]: Cleaning up
[behavior_server-7] [INFO] [1786674961.491288990] [pinky_01.behavior_server]: Cleaning up
[bt_navigator-17] [INFO] [1786674961.498402530] [pinky_02.bt_navigator]: Cleaning up
[amcl-12] [INFO] [1786674961.498556079] [pinky_02.amcl]: Cleaning up
[python3-23] Traceback (most recent call last):
[python3-23]   File "/home/gyi/robosapiens/rmf_maps/project1/project1_sensor_relay.py", line 159, in <module>
[python3-23]     main(sys.argv)
[python3-23]   File "/home/gyi/robosapiens/rmf_maps/project1/project1_sensor_relay.py", line 151, in main
[python3-23]     node.destroy_node()
[python3-23]   File "/opt/ros/jazzy/lib/python3.12/site-packages/rclpy/node.py", line 1958, in destroy_node
[python3-23]     self.destroy_subscription(self._subscriptions[0])
[python3-23]   File "/opt/ros/jazzy/lib/python3.12/site-packages/rclpy/node.py", line 1854, in destroy_subscription
[ERROR] [map_server-1]: process has died [pid 113577, exit code -2, cmd '/opt/ros/jazzy/lib/nav2_map_server/map_server --ros-args -r __node:=map_server --params-file /tmp/launch_params_r62xbro6 --params-file /tmp/launch_params_1ajoph_3 --params-file /tmp/launch_params_fxuavvuw'].
[python3-23]     subscription.destroy()
[python3-23]   File "/opt/ros/jazzy/lib/python3.12/site-packages/rclpy/subscription.py", line 101, in destroy
[python3-23]     self.handle.destroy_when_not_in_use()
[python3-23] KeyboardInterrupt
[python3-22] Traceback (most recent call last):
[python3-22]   File "/home/gyi/robosapiens/rmf_maps/project1/project1_workcell.py", line 226, in <module>
[python3-22]     main()
[python3-22]   File "/home/gyi/robosapiens/rmf_maps/project1/project1_workcell.py", line 220, in main
[python3-22]     node.destroy_node()
[python3-22]   File "/opt/ros/jazzy/lib/python3.12/site-packages/rclpy/node.py", line 1956, in destroy_node
[velocity_smoother-19] [INFO] [1786674961.509515312] [rclcpp]: signal_handler(SIGINT/SIGTERM)
[waypoint_follower-9] [INFO] [1786674961.511182317] [pinky_01.waypoint_follower]: Cleaning up
[python3-22]     self.destroy_publisher(self._publishers[0])
[python3-22]   File "/opt/ros/jazzy/lib/python3.12/site-packages/rclpy/node.py", line 1836, in destroy_publisher
[python3-22]     publisher.destroy()
[python3-22]   File "/opt/ros/jazzy/lib/python3.12/site-packages/rclpy/publisher.py", line 105, in destroy
[python3-22]     self.__publisher.destroy_when_not_in_use()
[python3-22] KeyboardInterrupt
[controller_server-13] [INFO] [1786674961.524888434] [pinky_02.controller_server]: Destroying bond (controller_server) to lifecycle manager.
[lifecycle_manager-2] [INFO] [1786674961.527369287] [lifecycle_manager_map]: Destroying lifecycle_manager_map
[behavior_server-7] [INFO] [1786674961.528457295] [pinky_01.behavior_server]: Destroying bond (behavior_server) to lifecycle manager.
[velocity_smoother-19] [INFO] [1786674961.530235641] [pinky_02.velocity_smoother]: Destroying
[velocity_smoother-10] [INFO] [1786674961.534506730] [rclcpp]: signal_handler(SIGINT/SIGTERM)
[behavior_server-16] [INFO] [1786674961.534925420] [pinky_02.behavior_server]: Destroying bond (behavior_server) to lifecycle manager.
[amcl-3] [INFO] [1786674961.538145153] [pinky_01.amcl]: Destroying bond (amcl) to lifecycle manager.
[controller_server-13] [INFO] [1786674961.546762527] [pinky_02.controller_server]: Cleaning up
[controller_server-13] [INFO] [1786674961.546797658] [pinky_02.controller_server]: Cleaning up controller: FollowPath of type regulated_pure_pursuit_controller::RegulatedPurePursuitController
[controller_server-13] [INFO] [1786674961.547457450] [pinky_02.local_costmap.local_costmap]: Cleaning up
[velocity_smoother-10] [INFO] [1786674961.549547526] [pinky_01.velocity_smoother]: Destroying
[behavior_server-16] [INFO] [1786674961.549812190] [rclcpp]: signal_handler(SIGINT/SIGTERM)
[behavior_server-7] [INFO] [1786674961.555214310] [rclcpp]: signal_handler(SIGINT/SIGTERM)
[amcl-3] [INFO] [1786674961.566473404] [rclcpp]: signal_handler(SIGINT/SIGTERM)
[amcl-12] [INFO] [1786674961.568470780] [pinky_02.amcl]: Destroying bond (amcl) to lifecycle manager.
[map_server-1] [INFO] [1786674961.568961550] [map_server]: Destroying
[smoother_server-5] [INFO] [1786674961.581286583] [pinky_01.smoother_server]: Destroying bond (smoother_server) to lifecycle manager.
[amcl-3] [INFO] [1786674961.582714937] [pinky_01.amcl]: Destroying
[controller_server-4] [INFO] [1786674961.584967876] [pinky_01.controller_server]: Destroying bond (controller_server) to lifecycle manager.
[amcl-12] [INFO] [1786674961.589117951] [rclcpp]: signal_handler(SIGINT/SIGTERM)
[smoother_server-14] [INFO] [1786674961.597088589] [pinky_02.smoother_server]: Destroying bond (smoother_server) to lifecycle manager.
[smoother_server-5] [INFO] [1786674961.601273313] [rclcpp]: signal_handler(SIGINT/SIGTERM)
[controller_server-4] [INFO] [1786674961.595266439] [pinky_01.controller_server]: Cleaning up
[controller_server-4] [INFO] [1786674961.601355210] [pinky_01.controller_server]: Cleaning up controller: FollowPath of type regulated_pure_pursuit_controller::RegulatedPurePursuitController
[smoother_server-14] [INFO] [1786674961.602981349] [rclcpp]: signal_handler(SIGINT/SIGTERM)
[smoother_server-5] [INFO] [1786674961.619333859] [pinky_01.smoother_server]: Destroying
[controller_server-4] [INFO] [1786674961.619853147] [pinky_01.local_costmap.local_costmap]: Cleaning up
[amcl-12] [INFO] [1786674961.642234798] [pinky_02.amcl]: Destroying
[smoother_server-14] [INFO] [1786674961.647847613] [pinky_02.smoother_server]: Destroying
[waypoint_follower-9] [INFO] [1786674961.702150665] [pinky_01.waypoint_follower]: Destroying bond (waypoint_follower) to lifecycle manager.
[waypoint_follower-9] [INFO] [1786674961.715350088] [rclcpp]: signal_handler(SIGINT/SIGTERM)
[waypoint_follower-9] [INFO] [1786674961.715738795] [pinky_01.waypoint_follower]: Destroying
[waypoint_follower-18] [INFO] [1786674961.723026190] [pinky_02.waypoint_follower]: Destroying bond (waypoint_follower) to lifecycle manager.
[ERROR] [python3-23]: process has died [pid 113599, exit code -2, cmd 'python3 /home/gyi/robosapiens/rmf_maps/project1/project1_sensor_relay.py -o /tmp/robosapiens_sensors'].
[waypoint_follower-18] [INFO] [1786674961.740584193] [rclcpp]: signal_handler(SIGINT/SIGTERM)
[waypoint_follower-18] [INFO] [1786674961.741392152] [pinky_02.waypoint_follower]: Destroying
[ERROR] [python3-22]: process has died [pid 113598, exit code -2, cmd 'python3 /home/gyi/robosapiens/rmf_maps/project1/project1_workcell.py'].
[behavior_server-16] [INFO] [1786674961.792275867] [pinky_02.behavior_server]: Destroying
[controller_server-4] [INFO] [1786674961.819184493] [pinky_01.controller_server]: Destroying bond (controller_server) to lifecycle manager.
[controller_server-4] [INFO] [1786674961.826423266] [rclcpp]: signal_handler(SIGINT/SIGTERM)
[lifecycle_manager-20] [INFO] [1786674961.826476831] [rclcpp]: signal_handler(SIGINT/SIGTERM)
[behavior_server-7] [INFO] [1786674961.828519516] [pinky_01.behavior_server]: Destroying
[controller_server-13] [INFO] [1786674961.833070682] [pinky_02.controller_server]: Destroying bond (controller_server) to lifecycle manager.
[lifecycle_manager-11] [INFO] [1786674961.835420091] [rclcpp]: signal_handler(SIGINT/SIGTERM)
[controller_server-13] [INFO] [1786674961.841221372] [rclcpp]: signal_handler(SIGINT/SIGTERM)
[lifecycle_manager-20] [INFO] [1786674961.843977082] [pinky_02.lifecycle_manager_navigation]: Destroying lifecycle_manager_navigation
[controller_server-13] [INFO] [1786674961.847300112] [pinky_02.local_costmap.local_costmap]: Destroying
[INFO] [amcl-3]: process has finished cleanly [pid 113579]
[INFO] [velocity_smoother-10]: process has finished cleanly [pid 113586]
[controller_server-4] [INFO] [1786674961.849138978] [pinky_01.local_costmap.local_costmap]: Destroying
[INFO] [velocity_smoother-19]: process has finished cleanly [pid 113595]
[lifecycle_manager-11] [INFO] [1786674961.857975237] [pinky_01.lifecycle_manager_navigation]: Destroying lifecycle_manager_navigation
[controller_server-13] [INFO] [1786674961.881041542] [pinky_02.controller_server]: Destroying
[INFO] [smoother_server-5]: process has finished cleanly [pid 113581]
[controller_server-4] [INFO] [1786674961.886971599] [pinky_01.controller_server]: Destroying
[INFO] [amcl-12]: process has finished cleanly [pid 113588]
[INFO] [smoother_server-14]: process has finished cleanly [pid 113590]
[bt_navigator-8] [INFO] [1786674961.931137076] [pinky_01.bt_navigator]: Completed Cleaning up
[bt_navigator-8] [INFO] [1786674961.931188862] [pinky_01.bt_navigator]: Destroying bond (bt_navigator) to lifecycle manager.
[bt_navigator-8] [INFO] [1786674961.932107108] [rclcpp]: signal_handler(SIGINT/SIGTERM)
[bt_navigator-17] [INFO] [1786674961.932433493] [pinky_02.bt_navigator]: Completed Cleaning up
[bt_navigator-17] [INFO] [1786674961.932467402] [pinky_02.bt_navigator]: Destroying bond (bt_navigator) to lifecycle manager.
[bt_navigator-17] [INFO] [1786674961.934246655] [rclcpp]: signal_handler(SIGINT/SIGTERM)
[INFO] [waypoint_follower-9]: process has finished cleanly [pid 113585]
[bt_navigator-8] [INFO] [1786674961.943856439] [pinky_01.bt_navigator]: Destroying
[bt_navigator-17] [INFO] [1786674961.947777505] [pinky_02.bt_navigator]: Destroying
[INFO] [waypoint_follower-18]: process has finished cleanly [pid 113594]
[INFO] [behavior_server-16]: process has finished cleanly [pid 113592]
[INFO] [lifecycle_manager-20]: process has finished cleanly [pid 113596]
[INFO] [behavior_server-7]: process has finished cleanly [pid 113583]
[INFO] [lifecycle_manager-11]: process has finished cleanly [pid 113587]
[INFO] [controller_server-13]: process has finished cleanly [pid 113589]
[INFO] [controller_server-4]: process has finished cleanly [pid 113580]
[planner_server-15] [INFO] [1786674962.055541214] [pinky_02.planner_server]: Deactivating plugin GridBased of type NavfnPlanner
[planner_server-15] [INFO] [1786674962.055574580] [pinky_02.planner_server]: Destroying bond (planner_server) to lifecycle manager.
[planner_server-15] [INFO] [1786674962.065768678] [pinky_02.planner_server]: Cleaning up
[planner_server-15] [INFO] [1786674962.073587486] [pinky_02.global_costmap.global_costmap]: Cleaning up
[INFO] [bt_navigator-17]: process has finished cleanly [pid 113593]
[INFO] [bt_navigator-8]: process has finished cleanly [pid 113584]
[planner_server-15] [INFO] [1786674962.078649416] [pinky_02.planner_server]: Cleaning up plugin GridBased of type NavfnPlanner
[planner_server-15] [INFO] [1786674962.078985875] [pinky_02.planner_server]: Destroying plugin GridBased of type NavfnPlanner
[planner_server-15] [INFO] [1786674962.093477675] [pinky_02.planner_server]: Destroying bond (planner_server) to lifecycle manager.
[planner_server-15] [INFO] [1786674962.095439274] [rclcpp]: signal_handler(SIGINT/SIGTERM)
[planner_server-15] [INFO] [1786674962.097619671] [pinky_02.global_costmap.global_costmap]: Destroying
[planner_server-15] [INFO] [1786674962.105807804] [pinky_02.planner_server]: Destroying
[planner_server-6] [INFO] [1786674962.114138077] [pinky_01.planner_server]: Deactivating plugin GridBased of type NavfnPlanner
[planner_server-6] [INFO] [1786674962.114180424] [pinky_01.planner_server]: Destroying bond (planner_server) to lifecycle manager.
[planner_server-6] [INFO] [1786674962.124343481] [pinky_01.planner_server]: Cleaning up
[planner_server-6] [INFO] [1786674962.134609965] [pinky_01.global_costmap.global_costmap]: Cleaning up
[planner_server-6] [INFO] [1786674962.138550984] [pinky_01.planner_server]: Cleaning up plugin GridBased of type NavfnPlanner
[planner_server-6] [INFO] [1786674962.138822076] [pinky_01.planner_server]: Destroying plugin GridBased of type NavfnPlanner
[planner_server-6] [INFO] [1786674962.150823121] [pinky_01.planner_server]: Destroying bond (planner_server) to lifecycle manager.
[planner_server-6] [INFO] [1786674962.152779648] [rclcpp]: signal_handler(SIGINT/SIGTERM)
[planner_server-6] [INFO] [1786674962.154563657] [pinky_01.global_costmap.global_costmap]: Destroying
[planner_server-6] [INFO] [1786674962.162417279] [pinky_01.planner_server]: Destroying
[INFO] [planner_server-15]: process has finished cleanly [pid 113591]
[INFO] [planner_server-6]: process has finished cleanly [pid 113582]
정리 중...
  ↑ 같은 줄 1번 더
=== 2026-08-14 11:37:50 project1 실행 ===
Gazebo 창: true · RViz: false · ROS_DOMAIN_ID: 22
월드에 센서 시스템이 이미 있습니다.
월드에 충돌 검출기가 이미 지정돼 있습니다.
[1/3] Gazebo bringup
[INFO] [launch]: All log files can be found below /home/gyi/.ros/log/2026-08-14-11-37-52-232893-gyi-15UD50T-GX5JK-141550
[INFO] [launch]: Default logging verbosity is set to INFO
[INFO] [gazebo-1]: process started with pid [141682]
[INFO] [gazebo-2]: process started with pid [141683]
[INFO] [robot_state_publisher-3]: process started with pid [141684]
[INFO] [joint_state_publisher-4]: process started with pid [141686]
[INFO] [create-5]: process started with pid [141688]
[INFO] [robot_state_publisher-6]: process started with pid [141689]
[INFO] [joint_state_publisher-7]: process started with pid [141690]
[INFO] [create-8]: process started with pid [141691]
[INFO] [robot_state_publisher-9]: process started with pid [141692]
[INFO] [create-10]: process started with pid [141693]
[INFO] [spawner-11]: process started with pid [141694]
[INFO] [spawner-12]: process started with pid [141695]
[INFO] [spawner-13]: process started with pid [141696]
[INFO] [robot_state_publisher-14]: process started with pid [141697]
[INFO] [create-15]: process started with pid [141698]
[INFO] [spawner-16]: process started with pid [141699]
[INFO] [spawner-17]: process started with pid [141700]
[INFO] [spawner-18]: process started with pid [141701]
[INFO] [robot_state_publisher-19]: process started with pid [141702]
[INFO] [create-20]: process started with pid [141703]
[INFO] [spawner-21]: process started with pid [141704]
[INFO] [spawner-22]: process started with pid [141707]
[INFO] [spawner-23]: process started with pid [141708]
[INFO] [parameter_bridge-24]: process started with pid [141709]
[robot_state_publisher-19] [INFO] [1786675074.983426293] [omx_03.robot_state_publisher]: Robot initialized
[robot_state_publisher-3] [INFO] [1786675074.991231399] [pinky_01.robot_state_publisher]: Robot initialized
[create-15] [INFO] [1786675075.067269061] [omx_02.ros_gz_sim]: Requesting list of world names.
[create-8] [INFO] [1786675075.091723825] [pinky_02.ros_gz_sim]: Requesting list of world names.
[create-20] [INFO] [1786675075.104644854] [omx_03.ros_gz_sim]: Requesting list of world names.
[create-5] [INFO] [1786675075.105684726] [pinky_01.ros_gz_sim]: Requesting list of world names.
[create-10] [INFO] [1786675075.431097423] [omx_01.ros_gz_sim]: Requesting list of world names.
[gazebo-1] [1;33mWarning [Utils.cc:132][0m [/sdf/world[@name="sim_world"]/gui/window:/home/gyi/robosapiens/rmf_maps/project1/project1.world:L34]: XML Element[window], child of element[gui], not defined in SDF. Copying[window] as children of [gui].
[robot_state_publisher-9] [INFO] [1786675075.439010931] [omx_01.robot_state_publisher]: Robot initialized
[robot_state_publisher-6] [INFO] [1786675075.481472002] [pinky_02.robot_state_publisher]: Robot initialized
[robot_state_publisher-14] [INFO] [1786675075.554726890] [omx_02.robot_state_publisher]: Robot initialized
[spawner-21] [INFO] [1786675075.672217110] [omx_03.spawner_joint_state_broadcaster]: waiting for service /omx_03/controller_manager/list_controllers to become available...
[joint_state_publisher-7] [INFO] [1786675075.696343784] [pinky_02.joint_state_publisher]: Waiting for robot_description to be published on the robot_description topic...
[joint_state_publisher-4] [INFO] [1786675075.713779033] [pinky_01.joint_state_publisher]: Waiting for robot_description to be published on the robot_description topic...
[joint_state_publisher-4] [INFO] [1786675075.729504985] [pinky_01.joint_state_publisher]: Got description, configuring robot
[gazebo-1] [INFO] [1786675075.803305912] [rmf_simulation_door_manager]: Loading DoorManager
[gazebo-1] [INFO] [1786675075.819754904] [rmf_simulation_lift_manager]: Starting LiftManager
[gazebo-1] [1;33m[Wrn] [SdfEntityCreator.cc:933] [0m[1;33mGazebo does not support Ogre material scripts. See [0m[1;33mhttps://gazebosim.org/api/sim/8/migrationsdf.html#:~:text=Materials [0m[1;33mfor details.[0m[1;33m[0m
[gazebo-1] [1;33m[Wrn] [SdfEntityCreator.cc:939] [0m[1;33mCustom material scripts are not supported.[0m[1;33m[0m
[gazebo-1] [1;33m[Wrn] [SdfEntityCreator.cc:933] [0m[1;33mGazebo does not support Ogre material scripts. See [0m[1;33mhttps://gazebosim.org/api/sim/8/migrationsdf.html#:~:text=Materials [0m[1;33mfor details.[0m[1;33m[0m
[gazebo-1] [1;33m[Wrn] [SdfEntityCreator.cc:939] [0m[1;33mCustom material scripts are not supported.[0m[1;33m[0m
[joint_state_publisher-7] [INFO] [1786675075.860847004] [pinky_02.joint_state_publisher]: Got description, configuring robot
[gazebo-2] [1;33m[GUI] [Wrn] [Application.cc:908] [0m[1;33m[QT] file:///usr/lib/x86_64-linux-gnu/qt5/qml/QtQuick/Dialogs/DefaultFileDialog.qml:413:17: QML ToolButton: Binding loop detected for property "implicitHeight"[0m[1;33m[0m
[gazebo-2] [1;33m[GUI] [Wrn] [Application.cc:908] [0m[1;33m[QT] file:///usr/lib/x86_64-linux-gnu/qt5/qml/QtQuick/Dialogs/DefaultFileDialog.qml:309:21: QML Button: Binding loop detected for property "implicitHeight"[0m[1;33m[0m
  ↑ 같은 줄 1번 더
[gazebo-2] [1;33m[GUI] [Wrn] [Application.cc:908] [0m[1;33m[QT] file:///usr/lib/x86_64-linux-gnu/qt5/qml/QtQuick/Dialogs/DefaultFileDialog.qml:413:17: QML ToolButton: Binding loop detected for property "implicitHeight"[0m[1;33m[0m
[gazebo-2] [1;33m[GUI] [Wrn] [Application.cc:908] [0m[1;33m[QT] file:///usr/lib/x86_64-linux-gnu/qt5/qml/QtQuick/Dialogs/DefaultFileDialog.qml:309:21: QML Button: Binding loop detected for property "implicitHeight"[0m[1;33m[0m
  ↑ 같은 줄 1번 더
[create-10] [INFO] [1786675075.928640602] [omx_01.ros_gz_sim]: Waiting messages on topic [robot_description].
[gazebo-2] [1;33m[GUI] [Wrn] [Application.cc:908] [0m[1;33m[QT] file:///usr/lib/x86_64-linux-gnu/qt5/qml/QtQuick/Dialogs/DefaultFileDialog.qml:413:17: QML ToolButton: Binding loop detected for property "implicitHeight"[0m[1;33m[0m
[gazebo-2] [1;33m[GUI] [Wrn] [Application.cc:908] [0m[1;33m[QT] file:///usr/lib/x86_64-linux-gnu/qt5/qml/QtQuick/Dialogs/DefaultFileDialog.qml:309:21: QML Button: Binding loop detected for property "implicitHeight"[0m[1;33m[0m
  ↑ 같은 줄 1번 더
[create-5] [INFO] [1786675076.029329624] [pinky_01.ros_gz_sim]: Waiting messages on topic [/pinky_01/robot_description].
[create-8] [INFO] [1786675076.129064701] [pinky_02.ros_gz_sim]: Waiting messages on topic [/pinky_02/robot_description].
[parameter_bridge-24] [INFO] [1786675076.171979044] [gz_bridge]: Creating GZ->ROS Bridge: [/clock (gz.msgs.Clock) -> /clock (rosgraph_msgs/msg/Clock)] (Lazy 0)
[parameter_bridge-24] [INFO] [1786675076.177516834] [gz_bridge]: Creating GZ->ROS Bridge: [/tf (gz.msgs.Pose_V) -> /tf (tf2_msgs/msg/TFMessage)] (Lazy 0)
[parameter_bridge-24] [INFO] [1786675076.181434126] [gz_bridge]: Creating GZ->ROS Bridge: [/pinky_01/odom (gz.msgs.Odometry) -> /pinky_01/odom (nav_msgs/msg/Odometry)] (Lazy 0)
[parameter_bridge-24] [INFO] [1786675076.185045167] [gz_bridge]: Creating ROS->GZ Bridge: [/pinky_01/cmd_vel_smoothed (geometry_msgs/msg/Twist) -> /pinky_01/cmd_vel (gz.msgs.Twist)] (Lazy 0)
[parameter_bridge-24] [INFO] [1786675076.187519841] [gz_bridge]: Creating GZ->ROS Bridge: [/pinky_01/scan (gz.msgs.LaserScan) -> /pinky_01/scan (sensor_msgs/msg/LaserScan)] (Lazy 0)
[parameter_bridge-24] [INFO] [1786675076.191996095] [gz_bridge]: Creating GZ->ROS Bridge: [/pinky_01/joint_states (gz.msgs.Model) -> /pinky_01/joint_states (sensor_msgs/msg/JointState)] (Lazy 0)
[parameter_bridge-24] [INFO] [1786675076.193600071] [gz_bridge]: Creating GZ->ROS Bridge: [/pinky_01/imu_raw (gz.msgs.IMU) -> /pinky_01/imu_raw (sensor_msgs/msg/Imu)] (Lazy 0)
[parameter_bridge-24] [INFO] [1786675076.194996654] [gz_bridge]: Creating GZ->ROS Bridge: [/pinky_02/odom (gz.msgs.Odometry) -> /pinky_02/odom (nav_msgs/msg/Odometry)] (Lazy 0)
[parameter_bridge-24] [INFO] [1786675076.196041395] [gz_bridge]: Creating ROS->GZ Bridge: [/pinky_02/cmd_vel_smoothed (geometry_msgs/msg/Twist) -> /pinky_02/cmd_vel (gz.msgs.Twist)] (Lazy 0)
[parameter_bridge-24] [INFO] [1786675076.196870920] [gz_bridge]: Creating GZ->ROS Bridge: [/pinky_02/scan (gz.msgs.LaserScan) -> /pinky_02/scan (sensor_msgs/msg/LaserScan)] (Lazy 0)
[parameter_bridge-24] [INFO] [1786675076.197755954] [gz_bridge]: Creating GZ->ROS Bridge: [/pinky_02/joint_states (gz.msgs.Model) -> /pinky_02/joint_states (sensor_msgs/msg/JointState)] (Lazy 0)
[parameter_bridge-24] [INFO] [1786675076.198637191] [gz_bridge]: Creating GZ->ROS Bridge: [/pinky_02/imu_raw (gz.msgs.IMU) -> /pinky_02/imu_raw (sensor_msgs/msg/Imu)] (Lazy 0)
[create-20] [INFO] [1786675076.229427987] [omx_03.ros_gz_sim]: Waiting messages on topic [robot_description].
[create-15] [INFO] [1786675076.330384463] [omx_02.ros_gz_sim]: Waiting messages on topic [robot_description].
[create-20] [INFO] [1786675076.429339223] [omx_03.ros_gz_sim]: Entity creation successful.
[create-8] [INFO] [1786675076.429374327] [pinky_02.ros_gz_sim]: Entity creation successful.
[create-5] [INFO] [1786675076.429377508] [pinky_01.ros_gz_sim]: Entity creation successful.
[create-15] [INFO] [1786675076.429382920] [omx_02.ros_gz_sim]: Entity creation successful.
[create-10] [INFO] [1786675076.429421017] [omx_01.ros_gz_sim]: Entity creation successful.
[INFO] [create-20]: process has finished cleanly [pid 141703]
[INFO] [create-8]: process has finished cleanly [pid 141691]
[INFO] [create-5]: process has finished cleanly [pid 141688]
[INFO] [create-15]: process has finished cleanly [pid 141698]
[INFO] [create-10]: process has finished cleanly [pid 141693]
[gazebo-2] [1;33m[GUI] [Wrn] [Application.cc:908] [0m[1;33m[QT] file:///usr/lib/x86_64-linux-gnu/qt5/qml/QtQuick/Dialogs/DefaultFileDialog.qml:413:17: QML ToolButton: Binding loop detected for property "implicitHeight"[0m[1;33m[0m
[gazebo-2] [1;33m[GUI] [Wrn] [Application.cc:908] [0m[1;33m[QT] file:///usr/lib/x86_64-linux-gnu/qt5/qml/QtQuick/Dialogs/DefaultFileDialog.qml:309:21: QML Button: Binding loop detected for property "implicitHeight"[0m[1;33m[0m
  ↑ 같은 줄 1번 더
[gazebo-2] [1;33m[GUI] [Wrn] [Application.cc:908] [0m[1;33m[QT] file::/ComponentInspector/ComponentInspector.qml:251:3: QML Dialog: Binding loop detected for property "implicitHeight"[0m[1;33m[0m
[gazebo-2] [1;33m[GUI] [Wrn] [Application.cc:908] [0m[1;33m[QT] file:///usr/lib/x86_64-linux-gnu/qt5/qml/QtQuick/Dialogs/DefaultFileDialog.qml:413:17: QML ToolButton: Binding loop detected for property "implicitHeight"[0m[1;33m[0m
[gazebo-2] [1;33m[GUI] [Wrn] [Application.cc:908] [0m[1;33m[QT] file:///usr/lib/x86_64-linux-gnu/qt5/qml/QtQuick/Dialogs/DefaultFileDialog.qml:309:21: QML Button: Binding loop detected for property "implicitHeight"[0m[1;33m[0m
  ↑ 같은 줄 1번 더
[gazebo-2] [1;33m[GUI] [Wrn] [Application.cc:908] [0m[1;33m[QT] file::/toggle_floors/toggle_floors.qml:40: ReferenceError: qfloors is not defined[0m[1;33m[0m
[gazebo-2] [1;33m[GUI] [Wrn] [Application.cc:908] [0m[1;33m[QT] file::/WorldStats/WorldStats.qml:53:3: QML RowLayout: Binding loop detected for property "x"[0m[1;33m[0m
[gazebo-1] [INFO] [1786675077.506635037] [omx_01.gz_ros_control]: [gz_ros2_control] Fixed joint ['world_fixed'] (Entity='38') is skipped.
[gazebo-1] [INFO] [1786675077.513118643] [omx_01.gz_ros_control]: Loading controller_manager
[gazebo-1] [INFO] [1786675077.558629760] [omx_01.controller_manager]: Using ROS clock for triggering controller manager cycles.
[gazebo-1] [INFO] [1786675077.565391700] [omx_01.controller_manager]: Subscribing to '/omx_01/robot_description' topic for robot description.
[gazebo-1] [WARN] [1786675077.570315796] [omx_01.gz_ros_control]: Waiting RM to load and initialize hardware...
[gazebo-1] [INFO] [1786675077.575726063] [omx_01.controller_manager]: Received robot description from topic.
[gazebo-1] [INFO] [1786675077.575771717] [omx_01.controller_manager]: Enforcing command limits is disabled. Command limits from URDF will be ignored.
[gazebo-1] [INFO] [1786675077.581043615] [omx_01.gz_ros_control]: The position_proportional_gain has been set to: 0.1
[gazebo-1] [INFO] [1786675077.581122959] [omx_01.gz_ros_control]: Loading joint: joint1
[gazebo-1] [INFO] [1786675077.581131876] [omx_01.gz_ros_control]: 	State:
[gazebo-1] [INFO] [1786675077.581137764] [omx_01.gz_ros_control]: 		 position
[gazebo-1] [INFO] [1786675077.581142226] [omx_01.gz_ros_control]: 		 velocity
[gazebo-1] [INFO] [1786675077.581153174] [omx_01.gz_ros_control]: 		 effort
[gazebo-1] [INFO] [1786675077.581157155] [omx_01.gz_ros_control]: 	Command:
[gazebo-1] [INFO] [1786675077.581159917] [omx_01.gz_ros_control]: 		 position
[gazebo-1] [INFO] [1786675077.581181069] [omx_01.gz_ros_control]: Loading joint: joint2
[gazebo-1] [INFO] [1786675077.581184488] [omx_01.gz_ros_control]: 	State:
[gazebo-1] [INFO] [1786675077.581187076] [omx_01.gz_ros_control]: 		 position
[gazebo-1] [INFO] [1786675077.581189555] [omx_01.gz_ros_control]: 		 velocity
[gazebo-1] [INFO] [1786675077.581193259] [omx_01.gz_ros_control]: 		 effort
[gazebo-1] [INFO] [1786675077.581195583] [omx_01.gz_ros_control]: 	Command:
[gazebo-1] [INFO] [1786675077.581201504] [omx_01.gz_ros_control]: 		 position
[gazebo-1] [INFO] [1786675077.581210629] [omx_01.gz_ros_control]: Loading joint: joint3
[gazebo-1] [INFO] [1786675077.581213796] [omx_01.gz_ros_control]: 	State:
[gazebo-1] [INFO] [1786675077.581217465] [omx_01.gz_ros_control]: 		 position
[gazebo-1] [INFO] [1786675077.581219940] [omx_01.gz_ros_control]: 		 velocity
[gazebo-1] [INFO] [1786675077.581222792] [omx_01.gz_ros_control]: 		 effort
[gazebo-1] [INFO] [1786675077.581226634] [omx_01.gz_ros_control]: 	Command:
[gazebo-1] [INFO] [1786675077.581229709] [omx_01.gz_ros_control]: 		 position
[gazebo-1] [INFO] [1786675077.581238634] [omx_01.gz_ros_control]: Loading joint: joint4
[gazebo-1] [INFO] [1786675077.581241865] [omx_01.gz_ros_control]: 	State:
[gazebo-1] [INFO] [1786675077.581245160] [omx_01.gz_ros_control]: 		 position
[gazebo-1] [INFO] [1786675077.581248500] [omx_01.gz_ros_control]: 		 velocity
[gazebo-1] [INFO] [1786675077.581251349] [omx_01.gz_ros_control]: 		 effort
[gazebo-1] [INFO] [1786675077.581254421] [omx_01.gz_ros_control]: 	Command:
[gazebo-1] [INFO] [1786675077.581261741] [omx_01.gz_ros_control]: 		 position
[gazebo-1] [INFO] [1786675077.581270580] [omx_01.gz_ros_control]: Loading joint: gripper_left_joint
[gazebo-1] [INFO] [1786675077.581274220] [omx_01.gz_ros_control]: 	State:
[gazebo-1] [INFO] [1786675077.581277398] [omx_01.gz_ros_control]: 		 position
[gazebo-1] [INFO] [1786675077.581280553] [omx_01.gz_ros_control]: 		 velocity
[gazebo-1] [INFO] [1786675077.581283738] [omx_01.gz_ros_control]: 		 effort
[gazebo-1] [INFO] [1786675077.581286959] [omx_01.gz_ros_control]: 	Command:
[gazebo-1] [INFO] [1786675077.581290107] [omx_01.gz_ros_control]: 		 position
[gazebo-1] [INFO] [1786675077.581300596] [omx_01.gz_ros_control]: Loading joint: gripper_right_joint
[gazebo-1] [INFO] [1786675077.581305782] [omx_01.gz_ros_control]: Joint 'gripper_right_joint'is mimicking joint 'gripper_left_joint' with multiplier: 1 and offset: 0
[gazebo-1] [INFO] [1786675077.581310110] [omx_01.gz_ros_control]: 	State:
[gazebo-1] [INFO] [1786675077.581313128] [omx_01.gz_ros_control]: 		 position
[gazebo-1] [INFO] [1786675077.581316091] [omx_01.gz_ros_control]: 		 velocity
[gazebo-1] [INFO] [1786675077.581321295] [omx_01.gz_ros_control]: 		 effort
[gazebo-1] [INFO] [1786675077.581324579] [omx_01.gz_ros_control]: 	Command:
[gazebo-1] [INFO] [1786675077.581485515] [omx_01.controller_manager]: Initialize hardware 'OpenManipulatorXSystem' 
[gazebo-1] [WARN] [1786675077.581568398] [omx_01.controller_manager.hardware_component.system.OpenManipulatorXSystem]: Executor is not available during hardware component initialization for 'OpenManipulatorXSystem'. Skipping node creation!
[gazebo-1] [INFO] [1786675077.581663152] [omx_01.controller_manager]: Successful initialization of hardware 'OpenManipulatorXSystem'
[gazebo-1] [INFO] [1786675077.581812027] [omx_01.controller_manager]: Activating component 'OpenManipulatorXSystem'.
[gazebo-1] [INFO] [1786675077.581825624] [resource_manager]: 'configure' hardware 'OpenManipulatorXSystem' 
[gazebo-1] [INFO] [1786675077.581831341] [omx_01.gz_ros_control]: System Successfully configured!
[gazebo-1] [INFO] [1786675077.581837039] [resource_manager]: Successful 'configure' of hardware 'OpenManipulatorXSystem'
[gazebo-1] [INFO] [1786675077.581845944] [resource_manager]: 'activate' hardware 'OpenManipulatorXSystem' 
[gazebo-1] [INFO] [1786675077.581864336] [resource_manager]: Successful 'activate' of hardware 'OpenManipulatorXSystem'
[gazebo-1] [WARN] [1786675077.581968381] [omx_01.controller_manager]: Component 'OpenManipulatorXSystem' does not have read or write statistics initialized, skipping registration.
[gazebo-1] [INFO] [1786675077.581977851] [omx_01.controller_manager]: Resource Manager has been successfully initialized. Starting Controller Manager services...
[gazebo-2] [1;33m[GUI] [Wrn] [toggle_floors.cpp:221] [0m[1;33mNode for [0m[1;33mproject1_L1[0m[1;33mwas not found[0m[1;33m[0m
[gazebo-1] [1;33mWarning [Utils.cc:132][0m [/sdf/model[@name="pinky"]/link[@name="base_footprint"]/sensor[@name="pinky_01/camera"]/gz_frame_id:<urdf-string>:L0]: XML Element[gz_frame_id], child of element[sensor], not defined in SDF. Copying[gz_frame_id] as children of [sensor].
[gazebo-1] [1;33mWarning [Utils.cc:132][0m [/sdf/model[@name="pinky"]/link[@name="base_footprint"]/sensor[@name="pinky_01/imu"]/gz_frame_id:<urdf-string>:L0]: XML Element[gz_frame_id], child of element[sensor], not defined in SDF. Copying[gz_frame_id] as children of [sensor].
[gazebo-1] [1;33mWarning [Utils.cc:132][0m [/sdf/model[@name="pinky"]/link[@name="base_footprint"]/sensor[@name="pinky_01/gpu_lidar"]/gz_frame_id:<urdf-string>:L0]: XML Element[gz_frame_id], child of element[sensor], not defined in SDF. Copying[gz_frame_id] as children of [sensor].
[gazebo-1] [1;33mWarning [Utils.cc:132][0m [/sdf/model[@name="pinky"]/link[@name="base_footprint"]/sensor[@name="pinky_02/camera"]/gz_frame_id:<urdf-string>:L0]: XML Element[gz_frame_id], child of element[sensor], not defined in SDF. Copying[gz_frame_id] as children of [sensor].
[gazebo-1] [1;33mWarning [Utils.cc:132][0m [/sdf/model[@name="pinky"]/link[@name="base_footprint"]/sensor[@name="pinky_02/imu"]/gz_frame_id:<urdf-string>:L0]: XML Element[gz_frame_id], child of element[sensor], not defined in SDF. Copying[gz_frame_id] as children of [sensor].
[gazebo-1] [1;33mWarning [Utils.cc:132][0m [/sdf/model[@name="pinky"]/link[@name="base_footprint"]/sensor[@name="pinky_02/gpu_lidar"]/gz_frame_id:<urdf-string>:L0]: XML Element[gz_frame_id], child of element[sensor], not defined in SDF. Copying[gz_frame_id] as children of [sensor].
[gazebo-1] [INFO] [1786675079.670902865] [omx_03.gz_ros_control]: [gz_ros2_control] Fixed joint ['world_fixed'] (Entity='138') is skipped.
[gazebo-1] [INFO] [1786675079.675962490] [omx_03.gz_ros_control]: Loading controller_manager
[gazebo-1] [INFO] [1786675079.694698330] [omx_03.controller_manager]: Using ROS clock for triggering controller manager cycles.
[gazebo-1] [INFO] [1786675079.695969823] [omx_03.controller_manager]: Subscribing to '/omx_03/robot_description' topic for robot description.
[gazebo-1] [WARN] [1786675079.696874304] [omx_03.gz_ros_control]: Waiting RM to load and initialize hardware...
[gazebo-1] [INFO] [1786675079.706322992] [omx_03.controller_manager]: Received robot description from topic.
[gazebo-1] [INFO] [1786675079.706369509] [omx_03.controller_manager]: Enforcing command limits is disabled. Command limits from URDF will be ignored.
[gazebo-1] [INFO] [1786675079.708556838] [omx_03.gz_ros_control]: The position_proportional_gain has been set to: 0.1
[gazebo-1] [INFO] [1786675079.708599806] [omx_03.gz_ros_control]: Loading joint: joint1
[gazebo-1] [INFO] [1786675079.708603696] [omx_03.gz_ros_control]: 	State:
[gazebo-1] [INFO] [1786675079.708606310] [omx_03.gz_ros_control]: 		 position
[gazebo-1] [INFO] [1786675079.708609024] [omx_03.gz_ros_control]: 		 velocity
[gazebo-1] [INFO] [1786675079.708613156] [omx_03.gz_ros_control]: 		 effort
[gazebo-1] [INFO] [1786675079.708615755] [omx_03.gz_ros_control]: 	Command:
[gazebo-1] [INFO] [1786675079.708617702] [omx_03.gz_ros_control]: 		 position
[gazebo-1] [INFO] [1786675079.708628709] [omx_03.gz_ros_control]: Loading joint: joint2
[gazebo-1] [INFO] [1786675079.708630673] [omx_03.gz_ros_control]: 	State:
[gazebo-1] [INFO] [1786675079.708632428] [omx_03.gz_ros_control]: 		 position
[gazebo-1] [INFO] [1786675079.708634206] [omx_03.gz_ros_control]: 		 velocity
[gazebo-1] [INFO] [1786675079.708636609] [omx_03.gz_ros_control]: 		 effort
[gazebo-1] [INFO] [1786675079.708638515] [omx_03.gz_ros_control]: 	Command:
[gazebo-1] [INFO] [1786675079.708640177] [omx_03.gz_ros_control]: 		 position
[gazebo-1] [INFO] [1786675079.708646760] [omx_03.gz_ros_control]: Loading joint: joint3
[gazebo-1] [INFO] [1786675079.708648726] [omx_03.gz_ros_control]: 	State:
[gazebo-1] [INFO] [1786675079.708650445] [omx_03.gz_ros_control]: 		 position
[gazebo-1] [INFO] [1786675079.708652203] [omx_03.gz_ros_control]: 		 velocity
[gazebo-1] [INFO] [1786675079.708654115] [omx_03.gz_ros_control]: 		 effort
[gazebo-1] [INFO] [1786675079.708656518] [omx_03.gz_ros_control]: 	Command:
[gazebo-1] [INFO] [1786675079.708658887] [omx_03.gz_ros_control]: 		 position
[gazebo-1] [INFO] [1786675079.708666809] [omx_03.gz_ros_control]: Loading joint: joint4
[gazebo-1] [INFO] [1786675079.708668664] [omx_03.gz_ros_control]: 	State:
[gazebo-1] [INFO] [1786675079.708670351] [omx_03.gz_ros_control]: 		 position
[gazebo-1] [INFO] [1786675079.708672174] [omx_03.gz_ros_control]: 		 velocity
[gazebo-1] [INFO] [1786675079.708673815] [omx_03.gz_ros_control]: 		 effort
[gazebo-1] [INFO] [1786675079.708675600] [omx_03.gz_ros_control]: 	Command:
[gazebo-1] [INFO] [1786675079.708677409] [omx_03.gz_ros_control]: 		 position
[gazebo-1] [INFO] [1786675079.708683725] [omx_03.gz_ros_control]: Loading joint: gripper_left_joint
[gazebo-1] [INFO] [1786675079.708703448] [omx_03.gz_ros_control]: 	State:
[gazebo-1] [INFO] [1786675079.708705563] [omx_03.gz_ros_control]: 		 position
[gazebo-1] [INFO] [1786675079.708709486] [omx_03.gz_ros_control]: 		 velocity
[gazebo-1] [INFO] [1786675079.708711286] [omx_03.gz_ros_control]: 		 effort
[gazebo-1] [INFO] [1786675079.708713145] [omx_03.gz_ros_control]: 	Command:
[gazebo-1] [INFO] [1786675079.708714769] [omx_03.gz_ros_control]: 		 position
[gazebo-1] [INFO] [1786675079.708723498] [omx_03.gz_ros_control]: Loading joint: gripper_right_joint
[gazebo-1] [INFO] [1786675079.708727236] [omx_03.gz_ros_control]: Joint 'gripper_right_joint'is mimicking joint 'gripper_left_joint' with multiplier: 1 and offset: 0
[gazebo-1] [INFO] [1786675079.708729881] [omx_03.gz_ros_control]: 	State:
[gazebo-1] [INFO] [1786675079.708731663] [omx_03.gz_ros_control]: 		 position
[gazebo-1] [INFO] [1786675079.708733482] [omx_03.gz_ros_control]: 		 velocity
[gazebo-1] [INFO] [1786675079.708736505] [omx_03.gz_ros_control]: 		 effort
[gazebo-1] [INFO] [1786675079.708738403] [omx_03.gz_ros_control]: 	Command:
[gazebo-1] [INFO] [1786675079.708755920] [omx_03.gz_ros_control]: Loading sensor: pinky_01/imu
[gazebo-1] [INFO] [1786675079.708760489] [omx_03.gz_ros_control]: 	State:
[gazebo-1] [WARN] [1786675079.708763267] [omx_03.gz_ros_control]: IMU sensor 'pinky_01/imu' not found in hardware_info, skipping.
[gazebo-1] [INFO] [1786675079.708765814] [omx_03.gz_ros_control]: Loading sensor: pinky_02/imu
[gazebo-1] [INFO] [1786675079.708767609] [omx_03.gz_ros_control]: 	State:
[gazebo-1] [WARN] [1786675079.708769334] [omx_03.gz_ros_control]: IMU sensor 'pinky_02/imu' not found in hardware_info, skipping.
[gazebo-1] [INFO] [1786675079.708793573] [omx_03.controller_manager]: Initialize hardware 'OpenManipulatorXSystem' 
[gazebo-1] [WARN] [1786675079.708802248] [omx_03.controller_manager.hardware_component.system.OpenManipulatorXSystem]: Executor is not available during hardware component initialization for 'OpenManipulatorXSystem'. Skipping node creation!
[gazebo-1] [INFO] [1786675079.708832909] [omx_03.controller_manager]: Successful initialization of hardware 'OpenManipulatorXSystem'
[gazebo-1] [INFO] [1786675079.708892890] [omx_03.controller_manager]: Activating component 'OpenManipulatorXSystem'.
[gazebo-1] [INFO] [1786675079.708896872] [resource_manager]: 'configure' hardware 'OpenManipulatorXSystem' 
[gazebo-1] [INFO] [1786675079.708898399] [omx_03.gz_ros_control]: System Successfully configured!
[gazebo-1] [INFO] [1786675079.708901000] [resource_manager]: Successful 'configure' of hardware 'OpenManipulatorXSystem'
[gazebo-1] [INFO] [1786675079.708904265] [resource_manager]: 'activate' hardware 'OpenManipulatorXSystem' 
[gazebo-1] [INFO] [1786675079.708906925] [resource_manager]: Successful 'activate' of hardware 'OpenManipulatorXSystem'
[gazebo-1] [WARN] [1786675079.708921843] [omx_03.controller_manager]: Component 'OpenManipulatorXSystem' does not have read or write statistics initialized, skipping registration.
[gazebo-1] [INFO] [1786675079.708927002] [omx_03.controller_manager]: Resource Manager has been successfully initialized. Starting Controller Manager services...
[gazebo-1] [INFO] [1786675079.926987432] [omx_03.controller_manager]: Loading controller : 'joint_state_broadcaster' of type 'joint_state_broadcaster/JointStateBroadcaster'
[gazebo-1] [INFO] [1786675079.927039921] [omx_03.controller_manager]: Loading controller 'joint_state_broadcaster'
[gazebo-1] [INFO] [1786675079.937608402] [omx_03.controller_manager]: Controller 'joint_state_broadcaster' node arguments: --ros-args --params-file /home/gyi/robosapiens/robot_model/open_manipulator/install/open_manipulator_bringup/share/open_manipulator_bringup/config/open_manipulator_x/hardware_controller_manager.yaml -p use_sim_time:=true --param use_sim_time:=true 
[spawner-21] [INFO] [1786675079.953690187] [omx_03.spawner_joint_state_broadcaster]: Loaded joint_state_broadcaster
[gazebo-1] [INFO] [1786675079.955284382] [omx_03.controller_manager]: Configuring controller: 'joint_state_broadcaster'
[gazebo-1] [INFO] [1786675079.955439515] [omx_03.joint_state_broadcaster]: 'joints' or 'interfaces' parameter is empty. All available state interfaces will be published
[gazebo-1] [INFO] [1786675079.971787538] [omx_03.controller_manager]: Activating controllers: [ joint_state_broadcaster ]
[gazebo-1] [INFO] [1786675081.733409786] [omx_02.gz_ros_control]: [gz_ros2_control] Fixed joint ['world_fixed'] (Entity='168') is skipped.
[gazebo-1] [INFO] [1786675081.736331025] [omx_02.gz_ros_control]: Loading controller_manager
[gazebo-1] [INFO] [1786675081.756378669] [omx_02.controller_manager]: Using ROS clock for triggering controller manager cycles.
[gazebo-1] [INFO] [1786675081.757254986] [omx_02.controller_manager]: Subscribing to '/omx_02/robot_description' topic for robot description.
[gazebo-1] [WARN] [1786675081.758082805] [omx_02.gz_ros_control]: Waiting RM to load and initialize hardware...
[gazebo-1] [INFO] [1786675081.767667178] [omx_02.controller_manager]: Received robot description from topic.
[gazebo-1] [INFO] [1786675081.767716127] [omx_02.controller_manager]: Enforcing command limits is disabled. Command limits from URDF will be ignored.
[gazebo-1] [INFO] [1786675081.769709678] [omx_02.gz_ros_control]: The position_proportional_gain has been set to: 0.1
[gazebo-1] [INFO] [1786675081.769763424] [omx_02.gz_ros_control]: Loading joint: joint1
[gazebo-1] [INFO] [1786675081.769767825] [omx_02.gz_ros_control]: 	State:
[gazebo-1] [INFO] [1786675081.769770951] [omx_02.gz_ros_control]: 		 position
[gazebo-1] [INFO] [1786675081.769773609] [omx_02.gz_ros_control]: 		 velocity
[gazebo-1] [INFO] [1786675081.769777264] [omx_02.gz_ros_control]: 		 effort
[gazebo-1] [INFO] [1786675081.769779914] [omx_02.gz_ros_control]: 	Command:
[gazebo-1] [INFO] [1786675081.769782111] [omx_02.gz_ros_control]: 		 position
[gazebo-1] [INFO] [1786675081.769795512] [omx_02.gz_ros_control]: Loading joint: joint2
[gazebo-1] [INFO] [1786675081.769797934] [omx_02.gz_ros_control]: 	State:
[gazebo-1] [INFO] [1786675081.769799969] [omx_02.gz_ros_control]: 		 position
[gazebo-1] [INFO] [1786675081.769801741] [omx_02.gz_ros_control]: 		 velocity
[gazebo-1] [INFO] [1786675081.769804177] [omx_02.gz_ros_control]: 		 effort
[gazebo-1] [INFO] [1786675081.769806046] [omx_02.gz_ros_control]: 	Command:
[gazebo-1] [INFO] [1786675081.769807702] [omx_02.gz_ros_control]: 		 position
[gazebo-1] [INFO] [1786675081.769815293] [omx_02.gz_ros_control]: Loading joint: joint3
[gazebo-1] [INFO] [1786675081.769817406] [omx_02.gz_ros_control]: 	State:
[gazebo-1] [INFO] [1786675081.769819322] [omx_02.gz_ros_control]: 		 position
[gazebo-1] [INFO] [1786675081.769821126] [omx_02.gz_ros_control]: 		 velocity
[gazebo-1] [INFO] [1786675081.769822857] [omx_02.gz_ros_control]: 		 effort
[gazebo-1] [INFO] [1786675081.769825321] [omx_02.gz_ros_control]: 	Command:
[gazebo-1] [INFO] [1786675081.769826994] [omx_02.gz_ros_control]: 		 position
[gazebo-1] [INFO] [1786675081.769835104] [omx_02.gz_ros_control]: Loading joint: joint4
[gazebo-1] [INFO] [1786675081.769837119] [omx_02.gz_ros_control]: 	State:
[gazebo-1] [INFO] [1786675081.769839139] [omx_02.gz_ros_control]: 		 position
[gazebo-1] [INFO] [1786675081.769841208] [omx_02.gz_ros_control]: 		 velocity
[gazebo-1] [INFO] [1786675081.769842976] [omx_02.gz_ros_control]: 		 effort
[gazebo-1] [INFO] [1786675081.769844783] [omx_02.gz_ros_control]: 	Command:
[gazebo-1] [INFO] [1786675081.769851958] [omx_02.gz_ros_control]: 		 position
[gazebo-1] [INFO] [1786675081.769860104] [omx_02.gz_ros_control]: Loading joint: gripper_left_joint
[gazebo-1] [INFO] [1786675081.769862593] [omx_02.gz_ros_control]: 	State:
[gazebo-1] [INFO] [1786675081.769864735] [omx_02.gz_ros_control]: 		 position
[gazebo-1] [INFO] [1786675081.769866549] [omx_02.gz_ros_control]: 		 velocity
[gazebo-1] [INFO] [1786675081.769868393] [omx_02.gz_ros_control]: 		 effort
[gazebo-1] [INFO] [1786675081.769870213] [omx_02.gz_ros_control]: 	Command:
[gazebo-1] [INFO] [1786675081.769871891] [omx_02.gz_ros_control]: 		 position
[gazebo-1] [INFO] [1786675081.769880331] [omx_02.gz_ros_control]: Loading joint: gripper_right_joint
[gazebo-1] [INFO] [1786675081.769883677] [omx_02.gz_ros_control]: Joint 'gripper_right_joint'is mimicking joint 'gripper_left_joint' with multiplier: 1 and offset: 0
[gazebo-1] [INFO] [1786675081.769886579] [omx_02.gz_ros_control]: 	State:
[gazebo-1] [INFO] [1786675081.769888494] [omx_02.gz_ros_control]: 		 position
[gazebo-1] [INFO] [1786675081.769890228] [omx_02.gz_ros_control]: 		 velocity
[gazebo-1] [INFO] [1786675081.769893859] [omx_02.gz_ros_control]: 		 effort
[gazebo-1] [INFO] [1786675081.769895759] [omx_02.gz_ros_control]: 	Command:
[gazebo-1] [INFO] [1786675081.769901542] [omx_02.gz_ros_control]: Loading sensor: pinky_01/imu
[gazebo-1] [INFO] [1786675081.769906362] [omx_02.gz_ros_control]: 	State:
[gazebo-1] [WARN] [1786675081.769909047] [omx_02.gz_ros_control]: IMU sensor 'pinky_01/imu' not found in hardware_info, skipping.
[gazebo-1] [INFO] [1786675081.769938984] [omx_02.gz_ros_control]: Loading sensor: pinky_02/imu
[gazebo-1] [INFO] [1786675081.769941527] [omx_02.gz_ros_control]: 	State:
[gazebo-1] [WARN] [1786675081.769943317] [omx_02.gz_ros_control]: IMU sensor 'pinky_02/imu' not found in hardware_info, skipping.
[gazebo-1] [INFO] [1786675081.769971556] [omx_02.controller_manager]: Initialize hardware 'OpenManipulatorXSystem' 
[gazebo-1] [WARN] [1786675081.769980629] [omx_02.controller_manager.hardware_component.system.OpenManipulatorXSystem]: Executor is not available during hardware component initialization for 'OpenManipulatorXSystem'. Skipping node creation!
[gazebo-1] [INFO] [1786675081.770018029] [omx_02.controller_manager]: Successful initialization of hardware 'OpenManipulatorXSystem'
[gazebo-1] [INFO] [1786675081.770099205] [omx_02.controller_manager]: Activating component 'OpenManipulatorXSystem'.
[gazebo-1] [INFO] [1786675081.770103075] [resource_manager]: 'configure' hardware 'OpenManipulatorXSystem' 
[gazebo-1] [INFO] [1786675081.770105095] [omx_02.gz_ros_control]: System Successfully configured!
[gazebo-1] [INFO] [1786675081.770109190] [resource_manager]: Successful 'configure' of hardware 'OpenManipulatorXSystem'
[gazebo-1] [INFO] [1786675081.770112370] [resource_manager]: 'activate' hardware 'OpenManipulatorXSystem' 
[gazebo-1] [INFO] [1786675081.770115176] [resource_manager]: Successful 'activate' of hardware 'OpenManipulatorXSystem'
[gazebo-1] [WARN] [1786675081.770131814] [omx_02.controller_manager]: Component 'OpenManipulatorXSystem' does not have read or write statistics initialized, skipping registration.
[gazebo-1] [INFO] [1786675081.770136279] [omx_02.controller_manager]: Resource Manager has been successfully initialized. Starting Controller Manager services...
[gazebo-1] [1;31m[Err] [Physics.cc:1808] [0m[1;31mAttempting to create a mimic constraint for joint [[0m[1;31mgripper_right_joint[0m[1;31m] but the chosen physics engine does not support [0m[1;31mmimic constraints, so no constraint will be [0m[1;31mcreated.[0m[1;31m[0m
[gazebo-1] [1;33m[Wrn] [Component.hh:144] [0m[1;33mTrying to serialize component with data type [[0m[1;33mN2gz3sim11ChargerDataE[0m[1;33m], which doesn't have [0m[1;33m`operator<<`. Component will not be serialized.[0m[1;33m[0m
[gazebo-2] [1;33m[GUI] [Wrn] [EntityComponentManager.cc:1930] [0m[1;33mComponent type [[0m[1;33m1728988591536574887[0m[1;33m] has not been [0m[1;33mregistered in this process, so it can't be deserialized.[0m[1;33m[0m
[gazebo-1] [INFO] [1786675084.200949736] [omx_03.controller_manager]: Successfully switched controllers!
[gazebo-2] [1;33mWarning [Utils.cc:132][0m [/sdf/model[@name="pinky"]/link[@name="base_footprint"]/sensor[@name="pinky_02/camera"]/gz_frame_id:<data-string>:L122]: XML Element[gz_frame_id], child of element[sensor], not defined in SDF. Copying[gz_frame_id] as children of [sensor].
[gazebo-2] [1;33mWarning [Utils.cc:132][0m [/sdf/model[@name="pinky"]/link[@name="base_footprint"]/sensor[@name="pinky_02/imu"]/gz_frame_id:<data-string>:L131]: XML Element[gz_frame_id], child of element[sensor], not defined in SDF. Copying[gz_frame_id] as children of [sensor].
[gazebo-2] [1;33mWarning [Utils.cc:132][0m [/sdf/model[@name="pinky"]/link[@name="base_footprint"]/sensor[@name="pinky_02/gpu_lidar"]/gz_frame_id:<data-string>:L165]: XML Element[gz_frame_id], child of element[sensor], not defined in SDF. Copying[gz_frame_id] as children of [sensor].
[gazebo-2] [1;33mWarning [Utils.cc:132][0m [/sdf/model[@name="pinky"]/link[@name="base_footprint"]/sensor[@name="pinky_01/camera"]/gz_frame_id:<data-string>:L122]: XML Element[gz_frame_id], child of element[sensor], not defined in SDF. Copying[gz_frame_id] as children of [sensor].
[gazebo-2] [1;33mWarning [Utils.cc:132][0m [/sdf/model[@name="pinky"]/link[@name="base_footprint"]/sensor[@name="pinky_01/imu"]/gz_frame_id:<data-string>:L131]: XML Element[gz_frame_id], child of element[sensor], not defined in SDF. Copying[gz_frame_id] as children of [sensor].
[gazebo-2] [1;33mWarning [Utils.cc:132][0m [/sdf/model[@name="pinky"]/link[@name="base_footprint"]/sensor[@name="pinky_01/gpu_lidar"]/gz_frame_id:<data-string>:L165]: XML Element[gz_frame_id], child of element[sensor], not defined in SDF. Copying[gz_frame_id] as children of [sensor].
[spawner-21] [INFO] [1786675084.418688209] [omx_03.spawner_joint_state_broadcaster]: Configured and activated joint_state_broadcaster
[spawner-16] [INFO] [1786675084.517859165] [omx_02.spawner_joint_state_broadcaster]: waiting for service /omx_02/controller_manager/list_controllers to become available...
[INFO] [spawner-21]: process has finished cleanly [pid 141704]
[gazebo-1] [1;33m[Wrn] [Ogre2Camera.cc:423] [0m[1;33mOgre2Camera::SetVisibilityMask: Mask bits [0m[1;33mc0000000[0m[1;33m are set but will be ignored as they conflict with the [0m[1;33mreserved bits used internally by the ogre2 backend.[0m[1;33m[0m
  ↑ 같은 줄 1번 더
[2/3] Open-RMF
[INFO] [launch]: All log files can be found below /home/gyi/.ros/log/2026-08-14-11-38-05-867181-gyi-15UD50T-GX5JK-142656
[INFO] [launch]: Default logging verbosity is set to INFO
[INFO] [rmf_traffic_schedule-1]: process started with pid [142660]
[INFO] [rmf_traffic_blockade-2]: process started with pid [142661]
[INFO] [building_map_server-3]: process started with pid [142662]
[INFO] [schedule_visualizer_node-4]: process started with pid [142663]
[INFO] [fleetstates_visualizer_node-5]: process started with pid [142664]
[INFO] [rmf_visualization_building_systems-6]: process started with pid [142665]
[INFO] [navgraph_visualizer_node-7]: process started with pid [142666]
[INFO] [floorplan_visualizer_node-8]: process started with pid [142667]
[INFO] [obstacle_visualizer_node-9]: process started with pid [142668]
[INFO] [door_supervisor-10]: process started with pid [142669]
[INFO] [lift_supervisor-11]: process started with pid [142670]
[INFO] [mutex_group_supervisor-12]: process started with pid [142671]
[INFO] [rmf_task_dispatcher-13]: process started with pid [142672]
[rmf_task_dispatcher-13] ~Initializing Dispatcher Node~
[fleetstates_visualizer_node-5] [INFO] [1786675086.475953559] [fleet_states_visualizer]: Configuring fleet_states_visualizer...
[obstacle_visualizer_node-9] [INFO] [1786675086.476138085] [rmf_obstacle_visualizer]: Beginning RMF obstacle visualizer node
[rmf_traffic_blockade-2] [INFO] [1786675086.479034544] [rmf_traffic_blockade_node]: Beginning traffic blockade node
[fleetstates_visualizer_node-5] [INFO] [1786675086.491427791] [fleet_states_visualizer]: Setting parameter initial_map_name to L1
[fleetstates_visualizer_node-5] [INFO] [1786675086.494796439] [fleet_states_visualizer]: Setting parameter fleet_state_nose_scale to 0.500000
[floorplan_visualizer_node-8] [INFO] [1786675086.518734487] [floorplan_visualizer]: Configuring floorplan_visualizer...
[floorplan_visualizer_node-8] [INFO] [1786675086.519596411] [floorplan_visualizer]: Setting parameter initial_map_name to L1
[schedule_visualizer_node-4] [INFO] [1786675086.524999597] [schedule_visualizer_node]: Setting parameter rate to 10.000000
[schedule_visualizer_node-4] [INFO] [1786675086.525181003] [schedule_visualizer_node]: Setting parameter path_width to 0.200000
[schedule_visualizer_node-4] [INFO] [1786675086.525255274] [schedule_visualizer_node]: Setting parameter initial_map_name to L1
[schedule_visualizer_node-4] [INFO] [1786675086.525330742] [schedule_visualizer_node]: Setting parameter wait_secs to 10
[schedule_visualizer_node-4] [INFO] [1786675086.525383282] [schedule_visualizer_node]: Setting parameter port to 8006
[schedule_visualizer_node-4] [INFO] [1786675086.525424201] [schedule_visualizer_node]: Setting parameter retained_history_count to 50
[floorplan_visualizer_node-8] [INFO] [1786675086.553637526] [floorplan_visualizer]: Running floorplan_visualizer...
[fleetstates_visualizer_node-5] [INFO] [1786675086.554839517] [fleet_states_visualizer]: Running fleet_states_visualizer...
[rmf_traffic_schedule-1] [INFO] [1786675086.558259121] [rmf_traffic_schedule_primary]: Successfully loaded logfile .rmf_schedule_node.yaml 
[rmf_traffic_schedule-1] [INFO] [1786675086.561909173] [rmf_traffic_schedule_primary]: Set up heartbeat on /rmf_traffic/heartbeat with liveliness lease duration of 10000 ms and deadline of 10000 ms
[gazebo-1] [INFO] [1786675086.772271888] [omx_02.controller_manager]: Loading controller : 'joint_state_broadcaster' of type 'joint_state_broadcaster/JointStateBroadcaster'
[gazebo-1] [INFO] [1786675086.772353344] [omx_02.controller_manager]: Loading controller 'joint_state_broadcaster'
[gazebo-1] [INFO] [1786675086.773700418] [omx_02.controller_manager]: Controller 'joint_state_broadcaster' node arguments: --ros-args --params-file /home/gyi/robosapiens/robot_model/open_manipulator/install/open_manipulator_bringup/share/open_manipulator_bringup/config/open_manipulator_x/hardware_controller_manager.yaml -p use_sim_time:=true --param use_sim_time:=true 
[spawner-16] [INFO] [1786675086.837375572] [omx_02.spawner_joint_state_broadcaster]: Loaded joint_state_broadcaster
[gazebo-1] [INFO] [1786675086.840891810] [omx_02.controller_manager]: Configuring controller: 'joint_state_broadcaster'
[gazebo-1] [INFO] [1786675086.841014208] [omx_02.joint_state_broadcaster]: 'joints' or 'interfaces' parameter is empty. All available state interfaces will be published
[rmf_visualization_building_systems-6] [INFO] [1786675086.883336121] [building_systems_visualizer]: Building systems visualizer started...
[navgraph_visualizer_node-7] [INFO] [1786675086.891579220] [navgraph_visualizer]: Setting parameter initial_map_name to L1
[navgraph_visualizer_node-7] [INFO] [1786675086.892257399] [navgraph_visualizer]: Setting parameter lane_width to 0.120000
[navgraph_visualizer_node-7] [INFO] [1786675086.892380522] [navgraph_visualizer]: Setting parameter lane_transparency to 0.600000
[navgraph_visualizer_node-7] [INFO] [1786675086.892434517] [navgraph_visualizer]: Setting parameter waypoint_scale to 1.000000
[navgraph_visualizer_node-7] [INFO] [1786675086.892473578] [navgraph_visualizer]: Setting parameter text_scale to 0.600000
[rmf_task_dispatcher-13] [INFO] [1786675086.917740326] [rmf_dispatcher_node]:  Declared Time Window Param as: 2.000000 secs
[rmf_task_dispatcher-13] [INFO] [1786675086.920296243] [rmf_dispatcher_node]:  Declared Terminated Tasks Max Size Param as: 100
[rmf_task_dispatcher-13] [INFO] [1786675086.920763758] [rmf_dispatcher_node]:  Declared publish_active_tasks_period as: 2 secs
[rmf_task_dispatcher-13] [INFO] [1786675086.921299134] [rmf_dispatcher_node]:  Use timestamp with task_id: false
[rmf_task_dispatcher-13] [INFO] [1786675086.921902249] [rmf_dispatcher_node]:  Use unique hex string with task_id: true
[navgraph_visualizer_node-7] [INFO] [1786675086.926256391] [navgraph_visualizer]: NavGraph visualizer is running...
[rmf_task_dispatcher-13] [INFO] [1786675086.971631694] [rmf_dispatcher_node]: Starting task dispatcher node
[building_map_server-3] [INFO] [1786675086.998375954] [building_map_server]: loading map path: /home/gyi/robosapiens/rmf_maps/project1/project1.building.yaml
[rmf_traffic_schedule-1] [INFO] [1786675087.002057792] [rmf_traffic_schedule_primary]: Beginning traffic schedule node
[building_map_server-3] [INFO] [1786675087.005972422] [building_map_server]: opening: /home/gyi/robosapiens/rmf_maps/project1/gwanghee.png
[building_map_server-3] [INFO] [1786675087.006701132] [building_map_server]: read 179943 byte image
[building_map_server-3] [INFO] [1786675087.007716706] [building_map_server]: unable to generate GeoJSON for this map.
[building_map_server-3] [INFO] [1786675087.024283224] [building_map_server]: publishing map...
[gazebo-1] [INFO] [1786675087.024400715] [omx_02.controller_manager]: Activating controllers: [ joint_state_broadcaster ]
[building_map_server-3] [INFO] [1786675087.026116150] [building_map_server]: ready to serve map: "project1"  Ctrl+C to exit...
[gazebo-1] [INFO] [1786675087.170965959] [omx_02.controller_manager]: Successfully switched controllers!
[rmf_traffic_schedule-1] [INFO] [1786675087.200481468] [rmf_traffic_schedule_primary]: Registered new query [1]
[schedule_visualizer_node-4] [INFO] [1786675087.205435099] [schedule_data_node]: Registering to query topic rmf_traffic/query_update_1
[schedule_visualizer_node-4] [INFO] [1786675087.214992219] [schedule_data_node]: [rmf_traffic_ros2::MirrorManager::request_update] Requesting changes for query ID [1] since beginning of recorded history
[rmf_traffic_schedule-1] [INFO] [1786675087.222785305] [rmf_traffic_schedule_primary]: [ScheduleNode::update_mirrors] Sending remedial update starting from the beginning going to 6 for query 1
[schedule_visualizer_node-4] [INFO] [1786675087.242063124] [schedule_visualizer_node]: Successfully connected to rmf_traffic_schedule node.
[schedule_visualizer_node-4] [INFO] [1786675087.242857478] [schedule_data_node]: Mirror handling new sync of 1 queries from schedule node [30037f9d-a6fa-4f05-86db-a2e646e33d56]
[spawner-16] [INFO] [1786675087.336009771] [omx_02.spawner_joint_state_broadcaster]: Configured and activated joint_state_broadcaster
[spawner-12] [INFO] [1786675087.476699971] [omx_01.spawner_arm_controller]: waiting for service /omx_01/controller_manager/list_controllers to become available...
[INFO] [spawner-16]: process has finished cleanly [pid 141699]
[gazebo-1] [INFO] [1786675087.895438072] [omx_01.controller_manager]: Loading controller : 'arm_controller' of type 'joint_trajectory_controller/JointTrajectoryController'
[gazebo-1] [INFO] [1786675087.895518171] [omx_01.controller_manager]: Loading controller 'arm_controller'
[gazebo-1] [INFO] [1786675087.908516322] [omx_01.controller_manager]: Controller 'arm_controller' node arguments: --ros-args --params-file /home/gyi/robosapiens/robot_model/open_manipulator/install/open_manipulator_bringup/share/open_manipulator_bringup/config/open_manipulator_x/hardware_controller_manager.yaml -p use_sim_time:=true --param use_sim_time:=true 
[spawner-12] [INFO] [1786675087.985410972] [omx_01.spawner_arm_controller]: Loaded arm_controller
[gazebo-1] [INFO] [1786675087.988001873] [omx_01.controller_manager]: Configuring controller: 'arm_controller'
[gazebo-1] [INFO] [1786675087.988306064] [omx_01.arm_controller]: No specific joint names are used for command interfaces. Using 'joints' parameter.
[gazebo-1] [INFO] [1786675087.988351859] [omx_01.arm_controller]: Command interfaces are [position] and state interfaces are [position velocity].
[gazebo-1] [INFO] [1786675087.988393341] [omx_01.arm_controller]: Using 'splines' interpolation method.
[gazebo-1] [INFO] [1786675087.994344009] [omx_01.arm_controller]: Goals with partial set of joints are allowed
[gazebo-1] [INFO] [1786675087.994371431] [omx_01.arm_controller]: Action status changes will be monitored at 20.00 Hz.
[gazebo-1] [INFO] [1786675088.010624421] [omx_01.arm_controller]: Setting initial scaling factor to 1.000000
[gazebo-1] [INFO] [1786675088.010659599] [omx_01.arm_controller]: No scaling interface set. This controller will not read speed scaling from the hardware.
[gazebo-1] [INFO] [1786675088.139328161] [omx_01.controller_manager]: Activating controllers: [ arm_controller ]
[gazebo-1] [INFO] [1786675088.282686281] [omx_01.controller_manager]: Successfully switched controllers!
[spawner-12] [INFO] [1786675088.424089903] [omx_01.spawner_arm_controller]: Configured and activated arm_controller
[spawner-17] [INFO] [1786675088.572431572] [omx_02.spawner_arm_controller]: waiting for service /omx_02/controller_manager/list_controllers to become available...
[INFO] [spawner-12]: process has finished cleanly [pid 141695]
[gazebo-1] [INFO] [1786675088.824422323] [omx_02.controller_manager]: Loading controller : 'arm_controller' of type 'joint_trajectory_controller/JointTrajectoryController'
[gazebo-1] [INFO] [1786675088.824466231] [omx_02.controller_manager]: Loading controller 'arm_controller'
[gazebo-1] [INFO] [1786675088.825541388] [omx_02.controller_manager]: Controller 'arm_controller' node arguments: --ros-args --params-file /home/gyi/robosapiens/robot_model/open_manipulator/install/open_manipulator_bringup/share/open_manipulator_bringup/config/open_manipulator_x/hardware_controller_manager.yaml -p use_sim_time:=true --param use_sim_time:=true 
[spawner-17] [INFO] [1786675088.886555506] [omx_02.spawner_arm_controller]: Loaded arm_controller
[gazebo-1] [INFO] [1786675088.888125713] [omx_02.controller_manager]: Configuring controller: 'arm_controller'
[gazebo-1] [INFO] [1786675088.888332055] [omx_02.arm_controller]: No specific joint names are used for command interfaces. Using 'joints' parameter.
[gazebo-1] [INFO] [1786675088.888344226] [omx_02.arm_controller]: Command interfaces are [position] and state interfaces are [position velocity].
[gazebo-1] [INFO] [1786675088.888350116] [omx_02.arm_controller]: Using 'splines' interpolation method.
[gazebo-1] [INFO] [1786675088.890770107] [omx_02.arm_controller]: Goals with partial set of joints are allowed
[gazebo-1] [INFO] [1786675088.890806928] [omx_02.arm_controller]: Action status changes will be monitored at 20.00 Hz.
[gazebo-1] [INFO] [1786675088.901810524] [omx_02.arm_controller]: Setting initial scaling factor to 1.000000
[gazebo-1] [INFO] [1786675088.901856481] [omx_02.arm_controller]: No scaling interface set. This controller will not read speed scaling from the hardware.
[gazebo-1] [INFO] [1786675089.020458449] [omx_02.controller_manager]: Activating controllers: [ arm_controller ]
[gazebo-1] [INFO] [1786675089.152006737] [omx_02.controller_manager]: Successfully switched controllers!
[spawner-17] [INFO] [1786675089.269308660] [omx_02.spawner_arm_controller]: Configured and activated arm_controller
[spawner-13] [INFO] [1786675089.566158156] [omx_01.spawner_gripper_controller]: waiting for service /omx_01/controller_manager/list_controllers to become available...
[INFO] [spawner-17]: process has finished cleanly [pid 141700]
[gazebo-1] [INFO] [1786675090.069141300] [omx_01.controller_manager]: Loading controller : 'gripper_controller' of type 'position_controllers/GripperActionController'
[gazebo-1] [INFO] [1786675090.069204038] [omx_01.controller_manager]: Loading controller 'gripper_controller'
[gazebo-1] [INFO] [1786675090.076333007] [omx_01.controller_manager]: Controller 'gripper_controller' node arguments: --ros-args --params-file /home/gyi/robosapiens/robot_model/open_manipulator/install/open_manipulator_bringup/share/open_manipulator_bringup/config/open_manipulator_x/hardware_controller_manager.yaml -p use_sim_time:=true --param use_sim_time:=true 
[gazebo-1] [WARN] [1786675090.102281852] [omx_01.gripper_controller]: [Deprecated]: the `position_controllers/GripperActionController` and `effort_controllers::GripperActionController` controllers are replaced by 'parallel_gripper_controllers/GripperActionController' controller
[spawner-13] [INFO] [1786675090.122739483] [omx_01.spawner_gripper_controller]: Loaded gripper_controller
[gazebo-1] [INFO] [1786675090.125259649] [omx_01.controller_manager]: Configuring controller: 'gripper_controller'
[gazebo-1] [INFO] [1786675090.125412080] [omx_01.gripper_controller]: Action status changes will be monitored at 20.000000 Hz.
[gazebo-1] [INFO] [1786675090.240869045] [omx_01.controller_manager]: Activating controllers: [ gripper_controller ]
[gazebo-1] [INFO] [1786675090.381577886] [omx_01.controller_manager]: Successfully switched controllers!
[spawner-13] [INFO] [1786675090.509383305] [omx_01.spawner_gripper_controller]: Configured and activated gripper_controller
[spawner-11] [INFO] [1786675090.625465623] [omx_01.spawner_joint_state_broadcaster]: waiting for service /omx_01/controller_manager/list_controllers to become available...
[INFO] [spawner-13]: process has finished cleanly [pid 141696]
[gazebo-1] [INFO] [1786675091.878416735] [omx_01.controller_manager]: Loading controller : 'joint_state_broadcaster' of type 'joint_state_broadcaster/JointStateBroadcaster'
[gazebo-1] [INFO] [1786675091.878451591] [omx_01.controller_manager]: Loading controller 'joint_state_broadcaster'
[gazebo-1] [INFO] [1786675091.880514913] [omx_01.controller_manager]: Controller 'joint_state_broadcaster' node arguments: --ros-args --params-file /home/gyi/robosapiens/robot_model/open_manipulator/install/open_manipulator_bringup/share/open_manipulator_bringup/config/open_manipulator_x/hardware_controller_manager.yaml -p use_sim_time:=true --param use_sim_time:=true 
[spawner-11] [INFO] [1786675091.982209131] [omx_01.spawner_joint_state_broadcaster]: Loaded joint_state_broadcaster
[gazebo-1] [INFO] [1786675091.984021330] [omx_01.controller_manager]: Configuring controller: 'joint_state_broadcaster'
[gazebo-1] [INFO] [1786675091.984095440] [omx_01.joint_state_broadcaster]: 'joints' or 'interfaces' parameter is empty. All available state interfaces will be published
[gazebo-1] [INFO] [1786675092.115369001] [omx_01.controller_manager]: Activating controllers: [ joint_state_broadcaster ]
[gazebo-1] [INFO] [1786675092.239824559] [omx_01.controller_manager]: Successfully switched controllers!
[spawner-11] [INFO] [1786675092.374137889] [omx_01.spawner_joint_state_broadcaster]: Configured and activated joint_state_broadcaster
[spawner-18] [INFO] [1786675092.468327507] [omx_02.spawner_gripper_controller]: waiting for service /omx_02/controller_manager/list_controllers to become available...
[INFO] [spawner-11]: process has finished cleanly [pid 141694]
[gazebo-1] [INFO] [1786675094.972387926] [omx_02.controller_manager]: Loading controller : 'gripper_controller' of type 'position_controllers/GripperActionController'
[gazebo-1] [INFO] [1786675094.972433156] [omx_02.controller_manager]: Loading controller 'gripper_controller'
[gazebo-1] [INFO] [1786675094.973438461] [omx_02.controller_manager]: Controller 'gripper_controller' node arguments: --ros-args --params-file /home/gyi/robosapiens/robot_model/open_manipulator/install/open_manipulator_bringup/share/open_manipulator_bringup/config/open_manipulator_x/hardware_controller_manager.yaml -p use_sim_time:=true --param use_sim_time:=true 
[gazebo-1] [WARN] [1786675095.003479720] [omx_02.gripper_controller]: [Deprecated]: the `position_controllers/GripperActionController` and `effort_controllers::GripperActionController` controllers are replaced by 'parallel_gripper_controllers/GripperActionController' controller
[spawner-18] [INFO] [1786675095.117550330] [omx_02.spawner_gripper_controller]: Loaded gripper_controller
[gazebo-1] [INFO] [1786675095.120078450] [omx_02.controller_manager]: Configuring controller: 'gripper_controller'
[gazebo-1] [INFO] [1786675095.120159596] [omx_02.gripper_controller]: Action status changes will be monitored at 20.000000 Hz.
[gazebo-1] [INFO] [1786675095.233439528] [omx_02.controller_manager]: Activating controllers: [ gripper_controller ]
[gazebo-1] [INFO] [1786675095.354380812] [omx_02.controller_manager]: Successfully switched controllers!
[spawner-18] [INFO] [1786675095.478531222] [omx_02.spawner_gripper_controller]: Configured and activated gripper_controller
[spawner-22] [WARN] [1786675095.587444290] [ros2_control_controller_spawner_arm_controller]: Failed to acquire lock in 20 seconds. Attempt 1 of 5 failed. Retrying in 3 seconds...
[spawner-23] [INFO] [1786675095.603899572] [omx_03.spawner_gripper_controller]: waiting for service /omx_03/controller_manager/list_controllers to become available...
[INFO] [spawner-18]: process has finished cleanly [pid 141701]
[3/3] Nav2 와 RMF 어댑터
[INFO] [launch]: All log files can be found below /home/gyi/.ros/log/2026-08-14-11-38-17-824528-gyi-15UD50T-GX5JK-143306
[INFO] [launch]: Default logging verbosity is set to INFO
[INFO] [map_server-1]: process started with pid [143327]
[INFO] [lifecycle_manager-2]: process started with pid [143328]
[INFO] [amcl-3]: process started with pid [143329]
[INFO] [controller_server-4]: process started with pid [143330]
[INFO] [smoother_server-5]: process started with pid [143331]
[INFO] [planner_server-6]: process started with pid [143332]
[INFO] [behavior_server-7]: process started with pid [143333]
[INFO] [bt_navigator-8]: process started with pid [143334]
[INFO] [waypoint_follower-9]: process started with pid [143335]
[INFO] [velocity_smoother-10]: process started with pid [143336]
[INFO] [lifecycle_manager-11]: process started with pid [143337]
[INFO] [amcl-12]: process started with pid [143338]
[INFO] [controller_server-13]: process started with pid [143339]
[INFO] [smoother_server-14]: process started with pid [143340]
[INFO] [planner_server-15]: process started with pid [143341]
[INFO] [behavior_server-16]: process started with pid [143342]
[INFO] [bt_navigator-17]: process started with pid [143343]
[INFO] [waypoint_follower-18]: process started with pid [143344]
[INFO] [velocity_smoother-19]: process started with pid [143345]
[INFO] [lifecycle_manager-20]: process started with pid [143346]
[INFO] [python3-21]: process started with pid [143347]
[INFO] [python3-22]: process started with pid [143348]
[INFO] [python3-23]: process started with pid [143349]
[smoother_server-14] [INFO] [1786675098.222944356] [pinky_02.smoother_server]: 
[smoother_server-14] 	smoother_server lifecycle node launched. 
[smoother_server-14] 	Waiting on external lifecycle transitions to activate
[smoother_server-14] 	See https://design.ros2.org/articles/node_lifecycle.html for more information.
[smoother_server-14] [INFO] [1786675098.236306615] [pinky_02.smoother_server]: Creating smoother server
[controller_server-4] [INFO] [1786675098.423554801] [pinky_01.controller_server]: 
[controller_server-4] 	controller_server lifecycle node launched. 
[controller_server-4] 	Waiting on external lifecycle transitions to activate
[controller_server-4] 	See https://design.ros2.org/articles/node_lifecycle.html for more information.
[controller_server-4] [INFO] [1786675098.444930397] [pinky_01.controller_server]: Creating controller server
[lifecycle_manager-11] [INFO] [1786675098.447971374] [pinky_01.lifecycle_manager_navigation]: Creating
[bt_navigator-17] [INFO] [1786675098.461762406] [pinky_02.bt_navigator]: 
[bt_navigator-17] 	bt_navigator lifecycle node launched. 
[bt_navigator-17] 	Waiting on external lifecycle transitions to activate
[bt_navigator-17] 	See https://design.ros2.org/articles/node_lifecycle.html for more information.
[bt_navigator-17] [INFO] [1786675098.471391545] [pinky_02.bt_navigator]: Creating
[lifecycle_manager-11] [INFO] [1786675098.474970300] [pinky_01.lifecycle_manager_navigation]: [34m[1mCreating and initializing lifecycle service clients[0m[0m
[planner_server-15] [INFO] [1786675098.709108929] [pinky_02.planner_server]: 
[planner_server-15] 	planner_server lifecycle node launched. 
[planner_server-15] 	Waiting on external lifecycle transitions to activate
[planner_server-15] 	See https://design.ros2.org/articles/node_lifecycle.html for more information.
[planner_server-15] [INFO] [1786675098.720668374] [pinky_02.planner_server]: Creating
[velocity_smoother-19] [INFO] [1786675098.810582620] [pinky_02.velocity_smoother]: 
[velocity_smoother-19] 	velocity_smoother lifecycle node launched. 
[velocity_smoother-19] 	Waiting on external lifecycle transitions to activate
[velocity_smoother-19] 	See https://design.ros2.org/articles/node_lifecycle.html for more information.
[controller_server-13] [INFO] [1786675098.827661365] [pinky_02.controller_server]: 
[controller_server-13] 	controller_server lifecycle node launched. 
[controller_server-13] 	Waiting on external lifecycle transitions to activate
[controller_server-13] 	See https://design.ros2.org/articles/node_lifecycle.html for more information.
[controller_server-13] [INFO] [1786675098.852290902] [pinky_02.controller_server]: Creating controller server
[planner_server-15] [INFO] [1786675098.933347317] [pinky_02.global_costmap.global_costmap]: 
[planner_server-15] 	global_costmap lifecycle node launched. 
[planner_server-15] 	Waiting on external lifecycle transitions to activate
[planner_server-15] 	See https://design.ros2.org/articles/node_lifecycle.html for more information.
[planner_server-15] [INFO] [1786675098.936868479] [pinky_02.global_costmap.global_costmap]: Creating Costmap
[amcl-3] [INFO] [1786675098.962346695] [pinky_01.amcl]: 
[amcl-3] 	amcl lifecycle node launched. 
[amcl-3] 	Waiting on external lifecycle transitions to activate
[amcl-3] 	See https://design.ros2.org/articles/node_lifecycle.html for more information.
[amcl-3] [INFO] [1786675098.966178562] [pinky_01.amcl]: Creating
[waypoint_follower-9] [INFO] [1786675098.985005876] [pinky_01.waypoint_follower]: 
[waypoint_follower-9] 	waypoint_follower lifecycle node launched. 
[waypoint_follower-9] 	Waiting on external lifecycle transitions to activate
[waypoint_follower-9] 	See https://design.ros2.org/articles/node_lifecycle.html for more information.
[waypoint_follower-9] [INFO] [1786675098.990130045] [pinky_01.waypoint_follower]: Creating
[lifecycle_manager-2] [INFO] [1786675099.005532744] [lifecycle_manager_map]: Creating
[lifecycle_manager-2] [INFO] [1786675099.013355737] [lifecycle_manager_map]: [34m[1mCreating and initializing lifecycle service clients[0m[0m
[gazebo-1] [INFO] [1786675099.123104293] [omx_03.controller_manager]: Loading controller : 'gripper_controller' of type 'position_controllers/GripperActionController'
[gazebo-1] [INFO] [1786675099.123160783] [omx_03.controller_manager]: Loading controller 'gripper_controller'
[gazebo-1] [INFO] [1786675099.134764142] [omx_03.controller_manager]: Controller 'gripper_controller' node arguments: --ros-args --params-file /home/gyi/robosapiens/robot_model/open_manipulator/install/open_manipulator_bringup/share/open_manipulator_bringup/config/open_manipulator_x/hardware_controller_manager.yaml -p use_sim_time:=true --param use_sim_time:=true 
[controller_server-13] [INFO] [1786675099.136751808] [pinky_02.local_costmap.local_costmap]: 
[controller_server-13] 	local_costmap lifecycle node launched. 
[controller_server-13] 	Waiting on external lifecycle transitions to activate
[controller_server-13] 	See https://design.ros2.org/articles/node_lifecycle.html for more information.
[controller_server-13] [INFO] [1786675099.144511255] [pinky_02.local_costmap.local_costmap]: Creating Costmap
[behavior_server-7] [INFO] [1786675099.263892329] [pinky_01.behavior_server]: 
[behavior_server-7] 	behavior_server lifecycle node launched. 
[behavior_server-7] 	Waiting on external lifecycle transitions to activate
[behavior_server-7] 	See https://design.ros2.org/articles/node_lifecycle.html for more information.
[waypoint_follower-18] [INFO] [1786675099.310615013] [pinky_02.waypoint_follower]: 
[waypoint_follower-18] 	waypoint_follower lifecycle node launched. 
[waypoint_follower-18] 	Waiting on external lifecycle transitions to activate
[waypoint_follower-18] 	See https://design.ros2.org/articles/node_lifecycle.html for more information.
[waypoint_follower-18] [INFO] [1786675099.312850091] [pinky_02.waypoint_follower]: Creating
[behavior_server-16] [INFO] [1786675099.363863331] [pinky_02.behavior_server]: 
[behavior_server-16] 	behavior_server lifecycle node launched. 
[behavior_server-16] 	Waiting on external lifecycle transitions to activate
[behavior_server-16] 	See https://design.ros2.org/articles/node_lifecycle.html for more information.
[lifecycle_manager-20] [INFO] [1786675099.376605236] [pinky_02.lifecycle_manager_navigation]: Creating
[bt_navigator-8] [INFO] [1786675099.416958206] [pinky_01.bt_navigator]: 
[bt_navigator-8] 	bt_navigator lifecycle node launched. 
[bt_navigator-8] 	Waiting on external lifecycle transitions to activate
[bt_navigator-8] 	See https://design.ros2.org/articles/node_lifecycle.html for more information.
[bt_navigator-8] [INFO] [1786675099.438675831] [pinky_01.bt_navigator]: Creating
[python3-22] [INFO] [1786675099.440152532] [project1_workcell]: 워크셀 3대, 맡은 자리 3곳을 RMF 에 이었습니다.
[lifecycle_manager-20] [INFO] [1786675099.462370447] [pinky_02.lifecycle_manager_navigation]: [34m[1mCreating and initializing lifecycle service clients[0m[0m
[planner_server-6] [INFO] [1786675099.466461960] [pinky_01.planner_server]: 
[planner_server-6] 	planner_server lifecycle node launched. 
[planner_server-6] 	Waiting on external lifecycle transitions to activate
[planner_server-6] 	See https://design.ros2.org/articles/node_lifecycle.html for more information.
[planner_server-6] [INFO] [1786675099.474684987] [pinky_01.planner_server]: Creating
[velocity_smoother-10] [INFO] [1786675099.486394374] [pinky_01.velocity_smoother]: 
[velocity_smoother-10] 	velocity_smoother lifecycle node launched. 
[velocity_smoother-10] 	Waiting on external lifecycle transitions to activate
[velocity_smoother-10] 	See https://design.ros2.org/articles/node_lifecycle.html for more information.
[map_server-1] [INFO] [1786675099.488684502] [map_server]: 
[map_server-1] 	map_server lifecycle node launched. 
[map_server-1] 	Waiting on external lifecycle transitions to activate
[map_server-1] 	See https://design.ros2.org/articles/node_lifecycle.html for more information.
[map_server-1] [INFO] [1786675099.488802737] [map_server]: Creating
[amcl-12] [INFO] [1786675099.492376819] [pinky_02.amcl]: 
[amcl-12] 	amcl lifecycle node launched. 
[amcl-12] 	Waiting on external lifecycle transitions to activate
[amcl-12] 	See https://design.ros2.org/articles/node_lifecycle.html for more information.
[amcl-12] [INFO] [1786675099.493850953] [pinky_02.amcl]: Creating
[controller_server-4] [INFO] [1786675099.496212256] [pinky_01.local_costmap.local_costmap]: 
[controller_server-4] 	local_costmap lifecycle node launched. 
[controller_server-4] 	Waiting on external lifecycle transitions to activate
[controller_server-4] 	See https://design.ros2.org/articles/node_lifecycle.html for more information.
[controller_server-4] [INFO] [1786675099.506150328] [pinky_01.local_costmap.local_costmap]: Creating Costmap
[smoother_server-5] [INFO] [1786675099.621211102] [pinky_01.smoother_server]: 
[smoother_server-5] 	smoother_server lifecycle node launched. 
[smoother_server-5] 	Waiting on external lifecycle transitions to activate
[smoother_server-5] 	See https://design.ros2.org/articles/node_lifecycle.html for more information.
[python3-21] [retreat_to_charger_interval] value is not provided, default to 10 seconds
[python3-21] Finishing request: park
[python3-21] Fleet is configured to perform ParkRobot as finishing request
[python3-21] Maximum delay is not provided, default to 10.0
[python3-23] [INFO] [1786675099.654125717] [project1_sensor_relay]: [pinky_01] /pinky_01 를 봅니다.
[python3-23] [INFO] [1786675099.658882312] [project1_sensor_relay]: [pinky_02] /pinky_02 를 봅니다.
[smoother_server-5] [INFO] [1786675099.672041221] [pinky_01.smoother_server]: Creating smoother server
[planner_server-6] [INFO] [1786675099.801762477] [pinky_01.global_costmap.global_costmap]: 
[planner_server-6] 	global_costmap lifecycle node launched. 
[planner_server-6] 	Waiting on external lifecycle transitions to activate
[planner_server-6] 	See https://design.ros2.org/articles/node_lifecycle.html for more information.
[planner_server-6] [INFO] [1786675099.828380312] [pinky_01.global_costmap.global_costmap]: Creating Costmap
RMF↔Nav2 어댑터가 떴습니다.
[python3-21] [INFO] [1786675100.314527810] [project1_pinky_fleet_adapter]: Parameter [discovery_timeout] set to: 60.000000
[gazebo-1] [WARN] [1786675100.325679447] [omx_03.gripper_controller]: [Deprecated]: the `position_controllers/GripperActionController` and `effort_controllers::GripperActionController` controllers are replaced by 'parallel_gripper_controllers/GripperActionController' controller
[spawner-23] [INFO] [1786675100.445286169] [omx_03.spawner_gripper_controller]: Loaded gripper_controller
[lifecycle_manager-2] [INFO] [1786675100.535875525] [lifecycle_manager_map]: [34m[1mStarting managed nodes bringup...[0m[0m
[lifecycle_manager-2] [INFO] [1786675100.535934073] [lifecycle_manager_map]: [34m[1mConfiguring map_server[0m[0m
[gazebo-1] [INFO] [1786675100.536073706] [omx_03.controller_manager]: Configuring controller: 'gripper_controller'
[gazebo-1] [INFO] [1786675100.536181044] [omx_03.gripper_controller]: Action status changes will be monitored at 20.000000 Hz.
[map_server-1] [INFO] [1786675100.544813323] [map_server]: Configuring
[map_server-1] [INFO] [1786675100.544914426] [map_io]: Loading yaml file: /home/gyi/robosapiens/rmf_maps/project1/nav2_map/project1.yaml
[map_server-1] [INFO] [1786675100.549409575] [map_io]: resolution: 0.005994
[map_server-1] [INFO] [1786675100.549441045] [map_io]: origin[0]: -1.23864
[map_server-1] [INFO] [1786675100.549449611] [map_io]: origin[1]: -3.24145
[map_server-1] [INFO] [1786675100.549454649] [map_io]: origin[2]: 0
[map_server-1] [INFO] [1786675100.549459788] [map_io]: free_thresh: 0.196
[map_server-1] [INFO] [1786675100.549464679] [map_io]: occupied_thresh: 0.65
[map_server-1] [INFO] [1786675100.549470793] [map_io]: mode: trinary
[map_server-1] [INFO] [1786675100.549476290] [map_io]: negate: 0
[map_server-1] [INFO] [1786675100.559422164] [map_io]: Loading image_file: /home/gyi/robosapiens/rmf_maps/project1/nav2_map/project1.pgm
[map_server-1] [INFO] [1786675100.606244855] [map_io]: Read map /home/gyi/robosapiens/rmf_maps/project1/nav2_map/project1.pgm: 800 X 615 map @ 0.005994 m/cell
[lifecycle_manager-2] [INFO] [1786675100.729679470] [lifecycle_manager_map]: [34m[1mActivating map_server[0m[0m
[map_server-1] [INFO] [1786675100.733333513] [map_server]: Activating
[map_server-1] [INFO] [1786675100.736855763] [map_server]: Creating bond (map_server) to lifecycle manager.
[lifecycle_manager-11] [INFO] [1786675100.796955597] [pinky_01.lifecycle_manager_navigation]: [34m[1mStarting managed nodes bringup...[0m[0m
[lifecycle_manager-11] [INFO] [1786675100.797017845] [pinky_01.lifecycle_manager_navigation]: [34m[1mConfiguring amcl[0m[0m
[amcl-3] [INFO] [1786675100.798602136] [pinky_01.amcl]: Configuring
[amcl-3] [INFO] [1786675100.799790348] [pinky_01.amcl]: initTransforms
[lifecycle_manager-2] [INFO] [1786675100.869606596] [lifecycle_manager_map]: Server map_server connected with bond.
[lifecycle_manager-2] [INFO] [1786675100.869663934] [lifecycle_manager_map]: [34m[1mManaged nodes are active[0m[0m
[lifecycle_manager-2] [INFO] [1786675100.869677694] [lifecycle_manager_map]: [34m[1mCreating bond timer...[0m[0m
[gazebo-1] [INFO] [1786675100.907772808] [omx_03.controller_manager]: Activating controllers: [ gripper_controller ]
[lifecycle_manager-20] [INFO] [1786675100.943281476] [pinky_02.lifecycle_manager_navigation]: [34m[1mStarting managed nodes bringup...[0m[0m
[lifecycle_manager-20] [INFO] [1786675100.943343922] [pinky_02.lifecycle_manager_navigation]: [34m[1mConfiguring amcl[0m[0m
[amcl-12] [INFO] [1786675100.944947661] [pinky_02.amcl]: Configuring
[amcl-12] [INFO] [1786675100.945075895] [pinky_02.amcl]: initTransforms
[amcl-3] [INFO] [1786675100.967826237] [pinky_01.amcl]: initPubSub
[amcl-12] [INFO] [1786675101.017628556] [pinky_02.amcl]: initPubSub
[amcl-3] [INFO] [1786675101.029842511] [pinky_01.amcl]: Subscribed to map topic.
[lifecycle_manager-11] [INFO] [1786675101.056899050] [pinky_01.lifecycle_manager_navigation]: [34m[1mConfiguring controller_server[0m[0m
[controller_server-4] [INFO] [1786675101.057656910] [pinky_01.controller_server]: Configuring controller interface
[controller_server-4] [INFO] [1786675101.057693760] [pinky_01.controller_server]: getting progress checker plugins..
[controller_server-4] [INFO] [1786675101.060507860] [pinky_01.controller_server]: getting goal checker plugins..
[controller_server-4] [INFO] [1786675101.061882245] [pinky_01.controller_server]: Controller frequency set to 20.0000Hz
[controller_server-4] [INFO] [1786675101.061971732] [pinky_01.local_costmap.local_costmap]: Configuring
[controller_server-4] [INFO] [1786675101.093228610] [pinky_01.local_costmap.local_costmap]: Using plugin "voxel_layer"
[amcl-12] [INFO] [1786675101.095362093] [pinky_02.amcl]: Subscribed to map topic.
[amcl-12] [INFO] [1786675101.110125351] [pinky_02.amcl]: Received a 800 X 615 map @ 0.006 m/pix
[controller_server-4] [INFO] [1786675101.112091451] [pinky_01.local_costmap.local_costmap]: Subscribed to Topics: scan
[lifecycle_manager-20] [INFO] [1786675101.115223041] [pinky_02.lifecycle_manager_navigation]: [34m[1mConfiguring controller_server[0m[0m
[controller_server-13] [INFO] [1786675101.116200531] [pinky_02.controller_server]: Configuring controller interface
[controller_server-13] [INFO] [1786675101.116236624] [pinky_02.controller_server]: getting progress checker plugins..
[controller_server-13] [INFO] [1786675101.117053208] [pinky_02.controller_server]: getting goal checker plugins..
[controller_server-13] [INFO] [1786675101.118634324] [pinky_02.controller_server]: Controller frequency set to 20.0000Hz
[controller_server-13] [INFO] [1786675101.118721528] [pinky_02.local_costmap.local_costmap]: Configuring
[gazebo-1] [INFO] [1786675101.122822892] [omx_03.controller_manager]: Successfully switched controllers!
[controller_server-4] [INFO] [1786675101.166992753] [pinky_01.local_costmap.local_costmap]: Initialized plugin "voxel_layer"
[controller_server-4] [INFO] [1786675101.167056522] [pinky_01.local_costmap.local_costmap]: Using plugin "inflation_layer"
[controller_server-4] [INFO] [1786675101.168381819] [pinky_01.local_costmap.local_costmap]: Initialized plugin "inflation_layer"
[controller_server-13] [INFO] [1786675101.182000824] [pinky_02.local_costmap.local_costmap]: Using plugin "voxel_layer"
[controller_server-13] [INFO] [1786675101.190763371] [pinky_02.local_costmap.local_costmap]: Subscribed to Topics: scan
[controller_server-13] [INFO] [1786675101.238561340] [pinky_02.local_costmap.local_costmap]: Initialized plugin "voxel_layer"
[controller_server-13] [INFO] [1786675101.238608148] [pinky_02.local_costmap.local_costmap]: Using plugin "inflation_layer"
[controller_server-13] [INFO] [1786675101.252359960] [pinky_02.local_costmap.local_costmap]: Initialized plugin "inflation_layer"
[controller_server-4] [INFO] [1786675101.268447266] [pinky_01.controller_server]: Created progress_checker : progress_checker of type nav2_controller::SimpleProgressChecker
[controller_server-4] [INFO] [1786675101.269865832] [pinky_01.controller_server]: Controller Server has progress_checker  progress checkers available.
[controller_server-4] [INFO] [1786675101.273251326] [pinky_01.controller_server]: Created goal checker : general_goal_checker of type nav2_controller::SimpleGoalChecker
[controller_server-4] [INFO] [1786675101.275079115] [pinky_01.controller_server]: Controller Server has general_goal_checker  goal checkers available.
[controller_server-4] [INFO] [1786675101.280070278] [pinky_01.controller_server]: Created controller : FollowPath of type nav2_regulated_pure_pursuit_controller::RegulatedPurePursuitController
[controller_server-4] [INFO] [1786675101.321883506] [pinky_01.controller_server]: Controller Server has FollowPath  controllers available.
[amcl-3] [INFO] [1786675101.323829402] [pinky_01.amcl]: Received a 800 X 615 map @ 0.006 m/pix
[controller_server-13] [INFO] [1786675101.357253298] [pinky_02.controller_server]: Created progress_checker : progress_checker of type nav2_controller::SimpleProgressChecker
[controller_server-13] [INFO] [1786675101.360161915] [pinky_02.controller_server]: Controller Server has progress_checker  progress checkers available.
[controller_server-13] [INFO] [1786675101.364509492] [pinky_02.controller_server]: Created goal checker : general_goal_checker of type nav2_controller::SimpleGoalChecker
[controller_server-13] [INFO] [1786675101.368198223] [pinky_02.controller_server]: Controller Server has general_goal_checker  goal checkers available.
[controller_server-13] [INFO] [1786675101.369729899] [pinky_02.controller_server]: Created controller : FollowPath of type nav2_regulated_pure_pursuit_controller::RegulatedPurePursuitController
[controller_server-13] [INFO] [1786675101.389203563] [pinky_02.controller_server]: Controller Server has FollowPath  controllers available.
[spawner-23] [INFO] [1786675101.402014167] [omx_03.spawner_gripper_controller]: Configured and activated gripper_controller
[lifecycle_manager-11] [INFO] [1786675101.447766918] [pinky_01.lifecycle_manager_navigation]: [34m[1mConfiguring smoother_server[0m[0m
[smoother_server-5] [INFO] [1786675101.449802990] [pinky_01.smoother_server]: Configuring smoother server
[lifecycle_manager-20] [INFO] [1786675101.467859297] [pinky_02.lifecycle_manager_navigation]: [34m[1mConfiguring smoother_server[0m[0m
[smoother_server-14] [INFO] [1786675101.472230988] [pinky_02.smoother_server]: Configuring smoother server
[smoother_server-5] [INFO] [1786675101.527935610] [pinky_01.smoother_server]: Created smoother : simple_smoother of type nav2_smoother::SimpleSmoother
[spawner-22] [INFO] [1786675101.531988828] [ros2_control_controller_spawner_arm_controller]: Spawner lock acquired!
[smoother_server-5] [INFO] [1786675101.548871123] [pinky_01.smoother_server]: Smoother Server has simple_smoother  smoothers available.
[smoother_server-14] [INFO] [1786675101.580331336] [pinky_02.smoother_server]: Created smoother : simple_smoother of type nav2_smoother::SimpleSmoother
[lifecycle_manager-11] [INFO] [1786675101.593675249] [pinky_01.lifecycle_manager_navigation]: [34m[1mConfiguring planner_server[0m[0m
[planner_server-6] [INFO] [1786675101.596987987] [pinky_01.planner_server]: Configuring
[planner_server-6] [INFO] [1786675101.597051376] [pinky_01.global_costmap.global_costmap]: Configuring
[smoother_server-14] [INFO] [1786675101.611519127] [pinky_02.smoother_server]: Smoother Server has simple_smoother  smoothers available.
[planner_server-6] [INFO] [1786675101.635400536] [pinky_01.global_costmap.global_costmap]: Using plugin "static_layer"
[planner_server-6] [INFO] [1786675101.654918649] [pinky_01.global_costmap.global_costmap]: Subscribing to the map topic (/nav2_map) with transient local durability
[planner_server-6] [INFO] [1786675101.663782412] [pinky_01.global_costmap.global_costmap]: Initialized plugin "static_layer"
[planner_server-6] [INFO] [1786675101.664497800] [pinky_01.global_costmap.global_costmap]: Using plugin "obstacle_layer"
[planner_server-6] [INFO] [1786675101.672406912] [pinky_01.global_costmap.global_costmap]: Subscribed to Topics: scan
[planner_server-6] [INFO] [1786675101.680950790] [pinky_01.global_costmap.global_costmap]: Initialized plugin "obstacle_layer"
[planner_server-6] [INFO] [1786675101.681055689] [pinky_01.global_costmap.global_costmap]: Using plugin "inflation_layer"
[planner_server-6] [INFO] [1786675101.682274809] [pinky_01.global_costmap.global_costmap]: Initialized plugin "inflation_layer"
[lifecycle_manager-20] [INFO] [1786675101.694046922] [pinky_02.lifecycle_manager_navigation]: [34m[1mConfiguring planner_server[0m[0m
[planner_server-15] [INFO] [1786675101.694699547] [pinky_02.planner_server]: Configuring
[planner_server-15] [INFO] [1786675101.694745221] [pinky_02.global_costmap.global_costmap]: Configuring
[spawner-22] [INFO] [1786675101.704043136] [omx_03.spawner_arm_controller]: waiting for service /omx_03/controller_manager/list_controllers to become available...
[INFO] [spawner-23]: process has finished cleanly [pid 141708]
[planner_server-15] [INFO] [1786675101.776491198] [pinky_02.global_costmap.global_costmap]: Using plugin "static_layer"
[planner_server-15] [INFO] [1786675101.819900072] [pinky_02.global_costmap.global_costmap]: Subscribing to the map topic (/nav2_map) with transient local durability
[planner_server-6] [INFO] [1786675101.842044267] [pinky_01.global_costmap.global_costmap]: StaticLayer: Resizing costmap to 800 X 615 at 0.005994 m/pix
[planner_server-15] [INFO] [1786675101.843860109] [pinky_02.global_costmap.global_costmap]: Initialized plugin "static_layer"
[planner_server-15] [INFO] [1786675101.843977836] [pinky_02.global_costmap.global_costmap]: Using plugin "obstacle_layer"
[planner_server-6] [INFO] [1786675101.847855258] [pinky_01.planner_server]: Created global planner plugin GridBased of type nav2_navfn_planner::NavfnPlanner
[planner_server-6] [INFO] [1786675101.847956926] [pinky_01.planner_server]: Configuring plugin GridBased of type NavfnPlanner
[planner_server-6] [INFO] [1786675101.858446226] [pinky_01.planner_server]: Planner Server has GridBased  planners available.
[planner_server-15] [INFO] [1786675101.873726441] [pinky_02.global_costmap.global_costmap]: Subscribed to Topics: scan
[planner_server-15] [INFO] [1786675101.925098376] [pinky_02.global_costmap.global_costmap]: Initialized plugin "obstacle_layer"
[planner_server-15] [INFO] [1786675101.927205686] [pinky_02.global_costmap.global_costmap]: Using plugin "inflation_layer"
[lifecycle_manager-11] [INFO] [1786675101.945367685] [pinky_01.lifecycle_manager_navigation]: [34m[1mConfiguring behavior_server[0m[0m
[planner_server-15] [INFO] [1786675101.947980467] [pinky_02.global_costmap.global_costmap]: Initialized plugin "inflation_layer"
[behavior_server-7] [INFO] [1786675101.951440471] [pinky_01.behavior_server]: Configuring
[behavior_server-7] [INFO] [1786675101.986148156] [pinky_01.behavior_server]: Creating behavior plugin spin of type nav2_behaviors::Spin
[behavior_server-7] [INFO] [1786675101.994346712] [pinky_01.behavior_server]: Creating behavior plugin backup of type nav2_behaviors::BackUp
[behavior_server-7] [INFO] [1786675102.005430456] [pinky_01.behavior_server]: Creating behavior plugin drive_on_heading of type nav2_behaviors::DriveOnHeading
[behavior_server-7] [INFO] [1786675102.009419464] [pinky_01.behavior_server]: Creating behavior plugin assisted_teleop of type nav2_behaviors::AssistedTeleop
[behavior_server-7] [INFO] [1786675102.017748674] [pinky_01.behavior_server]: Creating behavior plugin wait of type nav2_behaviors::Wait
[behavior_server-7] [INFO] [1786675102.035291781] [pinky_01.behavior_server]: Configuring spin
[behavior_server-7] [INFO] [1786675102.062840129] [pinky_01.behavior_server]: Configuring backup
[behavior_server-7] [INFO] [1786675102.090075032] [pinky_01.behavior_server]: Configuring drive_on_heading
[behavior_server-7] [INFO] [1786675102.109140877] [pinky_01.behavior_server]: Configuring assisted_teleop
[behavior_server-7] [INFO] [1786675102.144368748] [pinky_01.behavior_server]: Configuring wait
[planner_server-15] [INFO] [1786675102.159974610] [pinky_02.planner_server]: Created global planner plugin GridBased of type nav2_navfn_planner::NavfnPlanner
[planner_server-15] [INFO] [1786675102.160040976] [pinky_02.planner_server]: Configuring plugin GridBased of type NavfnPlanner
[planner_server-15] [INFO] [1786675102.161550111] [pinky_02.global_costmap.global_costmap]: StaticLayer: Resizing costmap to 800 X 615 at 0.005994 m/pix
[planner_server-15] [INFO] [1786675102.166810383] [pinky_02.planner_server]: Planner Server has GridBased  planners available.
[lifecycle_manager-11] [INFO] [1786675102.182446563] [pinky_01.lifecycle_manager_navigation]: [34m[1mConfiguring bt_navigator[0m[0m
[bt_navigator-8] [INFO] [1786675102.183447255] [pinky_01.bt_navigator]: Configuring
[bt_navigator-8] [INFO] [1786675102.213863938] [pinky_01.bt_navigator]: Creating navigator id navigate_to_pose of type nav2_bt_navigator::NavigateToPoseNavigator
[lifecycle_manager-20] [INFO] [1786675102.222105370] [pinky_02.lifecycle_manager_navigation]: [34m[1mConfiguring behavior_server[0m[0m
[behavior_server-16] [INFO] [1786675102.222918314] [pinky_02.behavior_server]: Configuring
[behavior_server-16] [INFO] [1786675102.240060166] [pinky_02.behavior_server]: Creating behavior plugin spin of type nav2_behaviors::Spin
[behavior_server-16] [INFO] [1786675102.244787188] [pinky_02.behavior_server]: Creating behavior plugin backup of type nav2_behaviors::BackUp
[behavior_server-16] [INFO] [1786675102.248065251] [pinky_02.behavior_server]: Creating behavior plugin drive_on_heading of type nav2_behaviors::DriveOnHeading
[behavior_server-16] [INFO] [1786675102.250861905] [pinky_02.behavior_server]: Creating behavior plugin assisted_teleop of type nav2_behaviors::AssistedTeleop
[behavior_server-16] [INFO] [1786675102.254142380] [pinky_02.behavior_server]: Creating behavior plugin wait of type nav2_behaviors::Wait
[behavior_server-16] [INFO] [1786675102.271430151] [pinky_02.behavior_server]: Configuring spin
[rmf_traffic_schedule-1] [INFO] [1786675102.290939103] [rmf_traffic_schedule_primary]: A new mirror is tracking query ID [1]
[schedule_visualizer_node-4] [INFO] [1786675102.293129441] [schedule_data_node]: Mirror handling new sync of 1 queries from schedule node [30037f9d-a6fa-4f05-86db-a2e646e33d56]
[python3-21] [INFO] [1786675102.306952326] [project1_pinky_fleet_adapter]: Registering to query topic rmf_traffic/query_update_1
[behavior_server-16] [INFO] [1786675102.321455469] [pinky_02.behavior_server]: Configuring backup
[behavior_server-16] [INFO] [1786675102.384811111] [pinky_02.behavior_server]: Configuring drive_on_heading
[behavior_server-16] [INFO] [1786675102.427399111] [pinky_02.behavior_server]: Configuring assisted_teleop
[behavior_server-16] [INFO] [1786675102.452361793] [pinky_02.behavior_server]: Configuring wait
[lifecycle_manager-20] [INFO] [1786675102.505726710] [pinky_02.lifecycle_manager_navigation]: [34m[1mConfiguring bt_navigator[0m[0m
[bt_navigator-17] [INFO] [1786675102.519538180] [pinky_02.bt_navigator]: Configuring
[python3-21] [INFO] [1786675102.577186056] [project1_pinky_fleet_adapter]: Mirror handling new sync of 1 queries from schedule node [30037f9d-a6fa-4f05-86db-a2e646e33d56]
[bt_navigator-17] [INFO] [1786675102.599911953] [pinky_02.bt_navigator]: Creating navigator id navigate_to_pose of type nav2_bt_navigator::NavigateToPoseNavigator
[bt_navigator-8] [INFO] [1786675102.657599914] [pinky_01.bt_navigator]: Creating navigator id navigate_through_poses of type nav2_bt_navigator::NavigateThroughPosesNavigator
[python3-21] [INFO] [1786675102.699396970] [project1_pinky_fleet_adapter]: Fleet [project1_pinky] is configured to perform delivery tasks
[python3-21] [INFO] [1786675102.699456220] [project1_pinky_fleet_adapter]: Fleet [project1_pinky] is configured to perform patrol tasks
[python3-21] [INFO] [1786675102.699479918] [project1_pinky_fleet_adapter]: Finished configuring Easy Full Control adapter for fleet [project1_pinky]
[lifecycle_manager-11] [INFO] [1786675102.834122692] [pinky_01.lifecycle_manager_navigation]: [34m[1mConfiguring waypoint_follower[0m[0m
[waypoint_follower-9] [INFO] [1786675102.836466530] [pinky_01.waypoint_follower]: Configuring
[bt_navigator-17] [INFO] [1786675102.944511240] [pinky_02.bt_navigator]: Creating navigator id navigate_through_poses of type nav2_bt_navigator::NavigateThroughPosesNavigator
[python3-21] [INFO] [1786675103.100801318] [project1_pinky_nav2_adapter]: project1_pinky 를 Nav2 에 이었습니다. 로봇 2대, 0.10초마다 알립니다.
[waypoint_follower-9] [INFO] [1786675103.103991566] [pinky_01.waypoint_follower]: Created waypoint_task_executor : wait_at_waypoint of type nav2_waypoint_follower::WaitAtWaypoint
[lifecycle_manager-11] [INFO] [1786675103.113218614] [pinky_01.lifecycle_manager_navigation]: [34m[1mConfiguring velocity_smoother[0m[0m
[velocity_smoother-10] [INFO] [1786675103.114048833] [pinky_01.velocity_smoother]: Configuring velocity smoother
[lifecycle_manager-20] [INFO] [1786675103.120038544] [pinky_02.lifecycle_manager_navigation]: [34m[1mConfiguring waypoint_follower[0m[0m
[waypoint_follower-18] [INFO] [1786675103.121976565] [pinky_02.waypoint_follower]: Configuring
[lifecycle_manager-11] [INFO] [1786675103.179880349] [pinky_01.lifecycle_manager_navigation]: [34m[1mActivating amcl[0m[0m
[amcl-3] [INFO] [1786675103.180905668] [pinky_01.amcl]: Activating
[amcl-3] [INFO] [1786675103.180943048] [pinky_01.amcl]: initialPoseReceived
[amcl-3] [INFO] [1786675103.181555911] [pinky_01.amcl]: Setting pose (1.230000): 1.612 -0.717 0.000
[amcl-3] [INFO] [1786675103.182690510] [pinky_01.amcl]: Creating bond (amcl) to lifecycle manager.
[waypoint_follower-18] [INFO] [1786675103.212363348] [pinky_02.waypoint_follower]: Created waypoint_task_executor : wait_at_waypoint of type nav2_waypoint_follower::WaitAtWaypoint
[lifecycle_manager-20] [INFO] [1786675103.215505596] [pinky_02.lifecycle_manager_navigation]: [34m[1mConfiguring velocity_smoother[0m[0m
[velocity_smoother-19] [INFO] [1786675103.218065752] [pinky_02.velocity_smoother]: Configuring velocity smoother
[lifecycle_manager-20] [INFO] [1786675103.281456638] [pinky_02.lifecycle_manager_navigation]: [34m[1mActivating amcl[0m[0m
[amcl-12] [INFO] [1786675103.284283682] [pinky_02.amcl]: Activating
[amcl-12] [INFO] [1786675103.284343108] [pinky_02.amcl]: initialPoseReceived
[amcl-12] [INFO] [1786675103.284438727] [pinky_02.amcl]: Setting pose (1.240000): 1.613 -1.088 0.000
[amcl-12] [INFO] [1786675103.285195832] [pinky_02.amcl]: Creating bond (amcl) to lifecycle manager.
[lifecycle_manager-11] [INFO] [1786675103.309155201] [pinky_01.lifecycle_manager_navigation]: Server amcl connected with bond.
[lifecycle_manager-11] [INFO] [1786675103.309241972] [pinky_01.lifecycle_manager_navigation]: [34m[1mActivating controller_server[0m[0m
[controller_server-4] [INFO] [1786675103.310024628] [pinky_01.controller_server]: Activating
[controller_server-4] [INFO] [1786675103.310080686] [pinky_01.local_costmap.local_costmap]: Activating
[controller_server-4] [INFO] [1786675103.310093369] [pinky_01.local_costmap.local_costmap]: Checking transform
[controller_server-4] [INFO] [1786675103.310273577] [pinky_01.local_costmap.local_costmap]: start
[lifecycle_manager-20] [INFO] [1786675103.407081455] [pinky_02.lifecycle_manager_navigation]: Server amcl connected with bond.
[lifecycle_manager-20] [INFO] [1786675103.407174333] [pinky_02.lifecycle_manager_navigation]: [34m[1mActivating controller_server[0m[0m
[controller_server-13] [INFO] [1786675103.407823635] [pinky_02.controller_server]: Activating
[controller_server-13] [INFO] [1786675103.407861406] [pinky_02.local_costmap.local_costmap]: Activating
[controller_server-13] [INFO] [1786675103.407866425] [pinky_02.local_costmap.local_costmap]: Checking transform
[controller_server-13] [INFO] [1786675103.407977463] [pinky_02.local_costmap.local_costmap]: start
[controller_server-4] [INFO] [1786675103.512590819] [pinky_01.controller_server]: Activating controller: FollowPath of type regulated_pure_pursuit_controller::RegulatedPurePursuitController
[controller_server-4] [INFO] [1786675103.512646158] [pinky_01.controller_server]: Creating bond (controller_server) to lifecycle manager.
[controller_server-13] [INFO] [1786675103.610415199] [pinky_02.controller_server]: Activating controller: FollowPath of type regulated_pure_pursuit_controller::RegulatedPurePursuitController
[controller_server-13] [INFO] [1786675103.610466082] [pinky_02.controller_server]: Creating bond (controller_server) to lifecycle manager.
[lifecycle_manager-11] [INFO] [1786675103.624098092] [pinky_01.lifecycle_manager_navigation]: Server controller_server connected with bond.
[lifecycle_manager-11] [INFO] [1786675103.624144382] [pinky_01.lifecycle_manager_navigation]: [34m[1mActivating smoother_server[0m[0m
[smoother_server-5] [INFO] [1786675103.624859681] [pinky_01.smoother_server]: Activating
[smoother_server-5] [INFO] [1786675103.624907111] [pinky_01.smoother_server]: Creating bond (smoother_server) to lifecycle manager.
[lifecycle_manager-20] [INFO] [1786675103.721488946] [pinky_02.lifecycle_manager_navigation]: Server controller_server connected with bond.
[lifecycle_manager-20] [INFO] [1786675103.721547796] [pinky_02.lifecycle_manager_navigation]: [34m[1mActivating smoother_server[0m[0m
[smoother_server-14] [INFO] [1786675103.722070228] [pinky_02.smoother_server]: Activating
[smoother_server-14] [INFO] [1786675103.722106847] [pinky_02.smoother_server]: Creating bond (smoother_server) to lifecycle manager.
[lifecycle_manager-11] [INFO] [1786675103.737427442] [pinky_01.lifecycle_manager_navigation]: Server smoother_server connected with bond.
[lifecycle_manager-11] [INFO] [1786675103.737470534] [pinky_01.lifecycle_manager_navigation]: [34m[1mActivating planner_server[0m[0m
[planner_server-6] [INFO] [1786675103.738256343] [pinky_01.planner_server]: Activating
[planner_server-6] [INFO] [1786675103.738305405] [pinky_01.global_costmap.global_costmap]: Activating
[planner_server-6] [INFO] [1786675103.738317107] [pinky_01.global_costmap.global_costmap]: Checking transform
[planner_server-6] [INFO] [1786675103.738356677] [pinky_01.global_costmap.global_costmap]: Timed out waiting for transform from pinky_01/base_footprint to map to become available, tf error: Invalid frame ID "map" passed to canTransform argument target_frame - frame does not exist
[lifecycle_manager-20] [INFO] [1786675103.831679090] [pinky_02.lifecycle_manager_navigation]: Server smoother_server connected with bond.
[lifecycle_manager-20] [INFO] [1786675103.831735829] [pinky_02.lifecycle_manager_navigation]: [34m[1mActivating planner_server[0m[0m
[planner_server-15] [INFO] [1786675103.832452784] [pinky_02.planner_server]: Activating
[planner_server-15] [INFO] [1786675103.832514968] [pinky_02.global_costmap.global_costmap]: Activating
[planner_server-15] [INFO] [1786675103.832531158] [pinky_02.global_costmap.global_costmap]: Checking transform
[planner_server-15] [INFO] [1786675103.832582647] [pinky_02.global_costmap.global_costmap]: Timed out waiting for transform from pinky_02/base_footprint to map to become available, tf error: Invalid frame ID "map" passed to canTransform argument target_frame - frame does not exist
[planner_server-6] [INFO] [1786675104.238420280] [pinky_01.global_costmap.global_costmap]: Timed out waiting for transform from pinky_01/base_footprint to map to become available, tf error: Invalid frame ID "map" passed to canTransform argument target_frame - frame does not exist
[amcl-3] [INFO] [1786675104.317051963] [pinky_01.amcl]: createLaserObject
[amcl-12] [INFO] [1786675104.317068913] [pinky_02.amcl]: createLaserObject
[planner_server-15] [INFO] [1786675104.332646324] [pinky_02.global_costmap.global_costmap]: Timed out waiting for transform from pinky_02/base_footprint to map to become available, tf error: Invalid frame ID "map" passed to canTransform argument target_frame - frame does not exist
[planner_server-6] [INFO] [1786675104.738453062] [pinky_01.global_costmap.global_costmap]: Timed out waiting for transform from pinky_01/base_footprint to map to become available, tf error: Lookup would require extrapolation at time 1.330000, but only time 2.300000 is in the buffer, when looking up transform from frame [pinky_01/base_footprint] to frame [map]
[planner_server-15] [INFO] [1786675104.832729868] [pinky_02.global_costmap.global_costmap]: Timed out waiting for transform from pinky_02/base_footprint to map to become available, tf error: Lookup would require extrapolation at time 1.330000, but only time 2.300000 is in the buffer, when looking up transform from frame [pinky_02/base_footprint] to frame [map]
[planner_server-6] [INFO] [1786675105.238423290] [pinky_01.global_costmap.global_costmap]: Timed out waiting for transform from pinky_01/base_footprint to map to become available, tf error: Lookup would require extrapolation at time 1.370000, but only time 2.300000 is in the buffer, when looking up transform from frame [pinky_01/base_footprint] to frame [map]
[planner_server-15] [INFO] [1786675105.332646311] [pinky_02.global_costmap.global_costmap]: Timed out waiting for transform from pinky_02/base_footprint to map to become available, tf error: Lookup would require extrapolation at time 1.370000, but only time 2.300000 is in the buffer, when looking up transform from frame [pinky_02/base_footprint] to frame [map]
[planner_server-6] [INFO] [1786675105.738436606] [pinky_01.global_costmap.global_costmap]: Timed out waiting for transform from pinky_01/base_footprint to map to become available, tf error: Lookup would require extrapolation into the past.  Requested time 1.410000 but the earliest data is at time 2.300000, when looking up transform from frame [pinky_01/base_footprint] to frame [map]
[planner_server-15] [INFO] [1786675105.832662259] [pinky_02.global_costmap.global_costmap]: Timed out waiting for transform from pinky_02/base_footprint to map to become available, tf error: Lookup would require extrapolation into the past.  Requested time 1.410000 but the earliest data is at time 2.300000, when looking up transform from frame [pinky_02/base_footprint] to frame [map]
[gazebo-1] [INFO] [1786675105.966882732] [omx_03.controller_manager]: Loading controller : 'arm_controller' of type 'joint_trajectory_controller/JointTrajectoryController'
[gazebo-1] [INFO] [1786675105.966934146] [omx_03.controller_manager]: Loading controller 'arm_controller'
[gazebo-1] [INFO] [1786675105.969931569] [omx_03.controller_manager]: Controller 'arm_controller' node arguments: --ros-args --params-file /home/gyi/robosapiens/robot_model/open_manipulator/install/open_manipulator_bringup/share/open_manipulator_bringup/config/open_manipulator_x/hardware_controller_manager.yaml -p use_sim_time:=true --param use_sim_time:=true 
[planner_server-6] [INFO] [1786675106.238427741] [pinky_01.global_costmap.global_costmap]: Timed out waiting for transform from pinky_01/base_footprint to map to become available, tf error: Lookup would require extrapolation into the past.  Requested time 1.430000 but the earliest data is at time 2.300000, when looking up transform from frame [pinky_01/base_footprint] to frame [map]
[spawner-22] [INFO] [1786675106.257035065] [omx_03.spawner_arm_controller]: Loaded arm_controller
[gazebo-1] [INFO] [1786675106.262302902] [omx_03.controller_manager]: Configuring controller: 'arm_controller'
[gazebo-1] [INFO] [1786675106.262496322] [omx_03.arm_controller]: No specific joint names are used for command interfaces. Using 'joints' parameter.
[gazebo-1] [INFO] [1786675106.262514890] [omx_03.arm_controller]: Command interfaces are [position] and state interfaces are [position velocity].
[gazebo-1] [INFO] [1786675106.262524185] [omx_03.arm_controller]: Using 'splines' interpolation method.
[gazebo-1] [INFO] [1786675106.266458675] [omx_03.arm_controller]: Goals with partial set of joints are allowed
[gazebo-1] [INFO] [1786675106.266507801] [omx_03.arm_controller]: Action status changes will be monitored at 20.00 Hz.
[gazebo-1] [INFO] [1786675106.290954936] [omx_03.arm_controller]: Setting initial scaling factor to 1.000000
[gazebo-1] [INFO] [1786675106.291002286] [omx_03.arm_controller]: No scaling interface set. This controller will not read speed scaling from the hardware.
[planner_server-15] [INFO] [1786675106.332689412] [pinky_02.global_costmap.global_costmap]: Timed out waiting for transform from pinky_02/base_footprint to map to become available, tf error: Lookup would require extrapolation into the past.  Requested time 1.430000 but the earliest data is at time 2.300000, when looking up transform from frame [pinky_02/base_footprint] to frame [map]
[gazebo-1] [INFO] [1786675106.437765961] [omx_03.controller_manager]: Activating controllers: [ arm_controller ]
[gazebo-1] [INFO] [1786675106.559154830] [omx_03.controller_manager]: Successfully switched controllers!
[spawner-22] [INFO] [1786675106.680408714] [omx_03.spawner_arm_controller]: Configured and activated arm_controller
[planner_server-6] [INFO] [1786675106.738426093] [pinky_01.global_costmap.global_costmap]: Timed out waiting for transform from pinky_01/base_footprint to map to become available, tf error: Lookup would require extrapolation into the past.  Requested time 1.470000 but the earliest data is at time 2.300000, when looking up transform from frame [pinky_01/base_footprint] to frame [map]
[planner_server-15] [INFO] [1786675106.832649854] [pinky_02.global_costmap.global_costmap]: Timed out waiting for transform from pinky_02/base_footprint to map to become available, tf error: Lookup would require extrapolation into the past.  Requested time 1.470000 but the earliest data is at time 2.300000, when looking up transform from frame [pinky_02/base_footprint] to frame [map]
[INFO] [spawner-22]: process has finished cleanly [pid 141707]
[planner_server-6] [INFO] [1786675107.238422135] [pinky_01.global_costmap.global_costmap]: Timed out waiting for transform from pinky_01/base_footprint to map to become available, tf error: Lookup would require extrapolation into the past.  Requested time 1.510000 but the earliest data is at time 2.300000, when looking up transform from frame [pinky_01/base_footprint] to frame [map]
[schedule_visualizer_node-4] [INFO] [1786675107.245653442] [schedule_data_node]: Requesting new schedule update because update timed out
[schedule_visualizer_node-4] [INFO] [1786675107.245713847] [schedule_data_node]: [rmf_traffic_ros2::MirrorManager::request_update] Requesting changes for query ID [1] since beginning of recorded history
[rmf_traffic_schedule-1] [INFO] [1786675107.252655510] [rmf_traffic_schedule_primary]: [ScheduleNode::update_mirrors] Sending remedial update starting from the beginning going to 6 for query 1
[planner_server-15] [INFO] [1786675107.332630845] [pinky_02.global_costmap.global_costmap]: Timed out waiting for transform from pinky_02/base_footprint to map to become available, tf error: Lookup would require extrapolation into the past.  Requested time 1.510000 but the earliest data is at time 2.300000, when looking up transform from frame [pinky_02/base_footprint] to frame [map]
[planner_server-6] [INFO] [1786675107.738424089] [pinky_01.global_costmap.global_costmap]: Timed out waiting for transform from pinky_01/base_footprint to map to become available, tf error: Lookup would require extrapolation into the past.  Requested time 1.550000 but the earliest data is at time 2.300000, when looking up transform from frame [pinky_01/base_footprint] to frame [map]
[planner_server-15] [INFO] [1786675107.832638303] [pinky_02.global_costmap.global_costmap]: Timed out waiting for transform from pinky_02/base_footprint to map to become available, tf error: Lookup would require extrapolation into the past.  Requested time 1.550000 but the earliest data is at time 2.300000, when looking up transform from frame [pinky_02/base_footprint] to frame [map]
[planner_server-6] [INFO] [1786675108.238414749] [pinky_01.global_costmap.global_costmap]: Timed out waiting for transform from pinky_01/base_footprint to map to become available, tf error: Lookup would require extrapolation into the past.  Requested time 1.590000 but the earliest data is at time 2.300000, when looking up transform from frame [pinky_01/base_footprint] to frame [map]
[planner_server-15] [INFO] [1786675108.332642272] [pinky_02.global_costmap.global_costmap]: Timed out waiting for transform from pinky_02/base_footprint to map to become available, tf error: Lookup would require extrapolation into the past.  Requested time 1.590000 but the earliest data is at time 2.300000, when looking up transform from frame [pinky_02/base_footprint] to frame [map]
[planner_server-6] [INFO] [1786675108.738418588] [pinky_01.global_costmap.global_costmap]: Timed out waiting for transform from pinky_01/base_footprint to map to become available, tf error: Lookup would require extrapolation into the past.  Requested time 1.610000 but the earliest data is at time 2.300000, when looking up transform from frame [pinky_01/base_footprint] to frame [map]
[planner_server-15] [INFO] [1786675108.832650509] [pinky_02.global_costmap.global_costmap]: Timed out waiting for transform from pinky_02/base_footprint to map to become available, tf error: Lookup would require extrapolation into the past.  Requested time 1.630000 but the earliest data is at time 2.300000, when looking up transform from frame [pinky_02/base_footprint] to frame [map]
[planner_server-6] [INFO] [1786675109.238426529] [pinky_01.global_costmap.global_costmap]: Timed out waiting for transform from pinky_01/base_footprint to map to become available, tf error: Lookup would require extrapolation into the past.  Requested time 1.650000 but the earliest data is at time 2.300000, when looking up transform from frame [pinky_01/base_footprint] to frame [map]
[planner_server-15] [INFO] [1786675109.332638692] [pinky_02.global_costmap.global_costmap]: Timed out waiting for transform from pinky_02/base_footprint to map to become available, tf error: Lookup would require extrapolation into the past.  Requested time 1.670000 but the earliest data is at time 2.300000, when looking up transform from frame [pinky_02/base_footprint] to frame [map]
[planner_server-6] [INFO] [1786675109.738423655] [pinky_01.global_costmap.global_costmap]: Timed out waiting for transform from pinky_01/base_footprint to map to become available, tf error: Lookup would require extrapolation into the past.  Requested time 1.690000 but the earliest data is at time 2.300000, when looking up transform from frame [pinky_01/base_footprint] to frame [map]
[planner_server-15] [INFO] [1786675109.832692445] [pinky_02.global_costmap.global_costmap]: Timed out waiting for transform from pinky_02/base_footprint to map to become available, tf error: Lookup would require extrapolation into the past.  Requested time 1.690000 but the earliest data is at time 2.300000, when looking up transform from frame [pinky_02/base_footprint] to frame [map]
[planner_server-6] [INFO] [1786675110.238430559] [pinky_01.global_costmap.global_costmap]: Timed out waiting for transform from pinky_01/base_footprint to map to become available, tf error: Lookup would require extrapolation into the past.  Requested time 1.710000 but the earliest data is at time 2.300000, when looking up transform from frame [pinky_01/base_footprint] to frame [map]
[planner_server-15] [INFO] [1786675110.332648678] [pinky_02.global_costmap.global_costmap]: Timed out waiting for transform from pinky_02/base_footprint to map to become available, tf error: Lookup would require extrapolation into the past.  Requested time 1.730000 but the earliest data is at time 2.300000, when looking up transform from frame [pinky_02/base_footprint] to frame [map]
[planner_server-6] [INFO] [1786675110.738420791] [pinky_01.global_costmap.global_costmap]: Timed out waiting for transform from pinky_01/base_footprint to map to become available, tf error: Lookup would require extrapolation into the past.  Requested time 1.750000 but the earliest data is at time 2.300000, when looking up transform from frame [pinky_01/base_footprint] to frame [map]
[planner_server-15] [INFO] [1786675110.832636962] [pinky_02.global_costmap.global_costmap]: Timed out waiting for transform from pinky_02/base_footprint to map to become available, tf error: Lookup would require extrapolation into the past.  Requested time 1.770000 but the earliest data is at time 2.300000, when looking up transform from frame [pinky_02/base_footprint] to frame [map]
[planner_server-6] [INFO] [1786675111.238420646] [pinky_01.global_costmap.global_costmap]: Timed out waiting for transform from pinky_01/base_footprint to map to become available, tf error: Lookup would require extrapolation into the past.  Requested time 1.790000 but the earliest data is at time 2.300000, when looking up transform from frame [pinky_01/base_footprint] to frame [map]
[planner_server-15] [INFO] [1786675111.332643497] [pinky_02.global_costmap.global_costmap]: Timed out waiting for transform from pinky_02/base_footprint to map to become available, tf error: Lookup would require extrapolation into the past.  Requested time 1.810000 but the earliest data is at time 2.300000, when looking up transform from frame [pinky_02/base_footprint] to frame [map]
[planner_server-6] [INFO] [1786675111.738422110] [pinky_01.global_costmap.global_costmap]: Timed out waiting for transform from pinky_01/base_footprint to map to become available, tf error: Lookup would require extrapolation into the past.  Requested time 1.830000 but the earliest data is at time 2.300000, when looking up transform from frame [pinky_01/base_footprint] to frame [map]
[planner_server-15] [INFO] [1786675111.832682668] [pinky_02.global_costmap.global_costmap]: Timed out waiting for transform from pinky_02/base_footprint to map to become available, tf error: Lookup would require extrapolation into the past.  Requested time 1.850000 but the earliest data is at time 2.300000, when looking up transform from frame [pinky_02/base_footprint] to frame [map]
[planner_server-6] [INFO] [1786675112.238424657] [pinky_01.global_costmap.global_costmap]: Timed out waiting for transform from pinky_01/base_footprint to map to become available, tf error: Lookup would require extrapolation into the past.  Requested time 1.870000 but the earliest data is at time 2.300000, when looking up transform from frame [pinky_01/base_footprint] to frame [map]
[planner_server-15] [INFO] [1786675112.332681910] [pinky_02.global_costmap.global_costmap]: Timed out waiting for transform from pinky_02/base_footprint to map to become available, tf error: Lookup would require extrapolation into the past.  Requested time 1.890000 but the earliest data is at time 2.300000, when looking up transform from frame [pinky_02/base_footprint] to frame [map]
[planner_server-6] [INFO] [1786675112.738424584] [pinky_01.global_costmap.global_costmap]: Timed out waiting for transform from pinky_01/base_footprint to map to become available, tf error: Lookup would require extrapolation into the past.  Requested time 1.910000 but the earliest data is at time 2.300000, when looking up transform from frame [pinky_01/base_footprint] to frame [map]
[planner_server-15] [INFO] [1786675112.832658987] [pinky_02.global_costmap.global_costmap]: Timed out waiting for transform from pinky_02/base_footprint to map to become available, tf error: Lookup would require extrapolation into the past.  Requested time 1.930000 but the earliest data is at time 2.300000, when looking up transform from frame [pinky_02/base_footprint] to frame [map]
[planner_server-6] [INFO] [1786675113.238424740] [pinky_01.global_costmap.global_costmap]: Timed out waiting for transform from pinky_01/base_footprint to map to become available, tf error: Lookup would require extrapolation into the past.  Requested time 1.950000 but the earliest data is at time 2.300000, when looking up transform from frame [pinky_01/base_footprint] to frame [map]
[planner_server-15] [INFO] [1786675113.332641037] [pinky_02.global_costmap.global_costmap]: Timed out waiting for transform from pinky_02/base_footprint to map to become available, tf error: Lookup would require extrapolation into the past.  Requested time 1.970000 but the earliest data is at time 2.300000, when looking up transform from frame [pinky_02/base_footprint] to frame [map]
[planner_server-6] [INFO] [1786675113.738425865] [pinky_01.global_costmap.global_costmap]: Timed out waiting for transform from pinky_01/base_footprint to map to become available, tf error: Lookup would require extrapolation into the past.  Requested time 1.990000 but the earliest data is at time 2.300000, when looking up transform from frame [pinky_01/base_footprint] to frame [map]
[planner_server-15] [INFO] [1786675113.832645873] [pinky_02.global_costmap.global_costmap]: Timed out waiting for transform from pinky_02/base_footprint to map to become available, tf error: Lookup would require extrapolation into the past.  Requested time 1.990000 but the earliest data is at time 2.300000, when looking up transform from frame [pinky_02/base_footprint] to frame [map]
[planner_server-6] [INFO] [1786675114.238443287] [pinky_01.global_costmap.global_costmap]: Timed out waiting for transform from pinky_01/base_footprint to map to become available, tf error: Lookup would require extrapolation into the past.  Requested time 2.030000 but the earliest data is at time 2.300000, when looking up transform from frame [pinky_01/base_footprint] to frame [map]
[planner_server-15] [INFO] [1786675114.332648142] [pinky_02.global_costmap.global_costmap]: Timed out waiting for transform from pinky_02/base_footprint to map to become available, tf error: Lookup would require extrapolation into the past.  Requested time 2.030000 but the earliest data is at time 2.300000, when looking up transform from frame [pinky_02/base_footprint] to frame [map]
[planner_server-6] [INFO] [1786675114.738423002] [pinky_01.global_costmap.global_costmap]: Timed out waiting for transform from pinky_01/base_footprint to map to become available, tf error: Lookup would require extrapolation into the past.  Requested time 2.050000 but the earliest data is at time 2.300000, when looking up transform from frame [pinky_01/base_footprint] to frame [map]
[planner_server-15] [INFO] [1786675114.832639957] [pinky_02.global_costmap.global_costmap]: Timed out waiting for transform from pinky_02/base_footprint to map to become available, tf error: Lookup would require extrapolation into the past.  Requested time 2.070000 but the earliest data is at time 2.300000, when looking up transform from frame [pinky_02/base_footprint] to frame [map]
[planner_server-6] [INFO] [1786675115.238422459] [pinky_01.global_costmap.global_costmap]: Timed out waiting for transform from pinky_01/base_footprint to map to become available, tf error: Lookup would require extrapolation into the past.  Requested time 2.090000 but the earliest data is at time 2.300000, when looking up transform from frame [pinky_01/base_footprint] to frame [map]
[planner_server-15] [INFO] [1786675115.332644078] [pinky_02.global_costmap.global_costmap]: Timed out waiting for transform from pinky_02/base_footprint to map to become available, tf error: Lookup would require extrapolation into the past.  Requested time 2.110000 but the earliest data is at time 2.300000, when looking up transform from frame [pinky_02/base_footprint] to frame [map]
[planner_server-6] [INFO] [1786675115.738430550] [pinky_01.global_costmap.global_costmap]: Timed out waiting for transform from pinky_01/base_footprint to map to become available, tf error: Lookup would require extrapolation into the past.  Requested time 2.130000 but the earliest data is at time 2.300000, when looking up transform from frame [pinky_01/base_footprint] to frame [map]
[planner_server-15] [INFO] [1786675115.832639007] [pinky_02.global_costmap.global_costmap]: Timed out waiting for transform from pinky_02/base_footprint to map to become available, tf error: Lookup would require extrapolation into the past.  Requested time 2.150000 but the earliest data is at time 2.300000, when looking up transform from frame [pinky_02/base_footprint] to frame [map]
[planner_server-6] [INFO] [1786675116.238445115] [pinky_01.global_costmap.global_costmap]: Timed out waiting for transform from pinky_01/base_footprint to map to become available, tf error: Lookup would require extrapolation into the past.  Requested time 2.170000 but the earliest data is at time 2.300000, when looking up transform from frame [pinky_01/base_footprint] to frame [map]
[planner_server-15] [INFO] [1786675116.332640711] [pinky_02.global_costmap.global_costmap]: Timed out waiting for transform from pinky_02/base_footprint to map to become available, tf error: Lookup would require extrapolation into the past.  Requested time 2.190000 but the earliest data is at time 2.300000, when looking up transform from frame [pinky_02/base_footprint] to frame [map]
[planner_server-6] [INFO] [1786675116.738422837] [pinky_01.global_costmap.global_costmap]: Timed out waiting for transform from pinky_01/base_footprint to map to become available, tf error: Lookup would require extrapolation into the past.  Requested time 2.210000 but the earliest data is at time 2.300000, when looking up transform from frame [pinky_01/base_footprint] to frame [map]
[planner_server-15] [INFO] [1786675116.832677091] [pinky_02.global_costmap.global_costmap]: Timed out waiting for transform from pinky_02/base_footprint to map to become available, tf error: Lookup would require extrapolation into the past.  Requested time 2.230000 but the earliest data is at time 2.300000, when looking up transform from frame [pinky_02/base_footprint] to frame [map]
[planner_server-6] [INFO] [1786675117.238427304] [pinky_01.global_costmap.global_costmap]: Timed out waiting for transform from pinky_01/base_footprint to map to become available, tf error: Lookup would require extrapolation into the past.  Requested time 2.250000 but the earliest data is at time 2.300000, when looking up transform from frame [pinky_01/base_footprint] to frame [map]
[planner_server-15] [INFO] [1786675117.332640566] [pinky_02.global_costmap.global_costmap]: Timed out waiting for transform from pinky_02/base_footprint to map to become available, tf error: Lookup would require extrapolation into the past.  Requested time 2.270000 but the earliest data is at time 2.300000, when looking up transform from frame [pinky_02/base_footprint] to frame [map]
[planner_server-6] [INFO] [1786675117.738426444] [pinky_01.global_costmap.global_costmap]: Timed out waiting for transform from pinky_01/base_footprint to map to become available, tf error: Lookup would require extrapolation into the past.  Requested time 2.290000 but the earliest data is at time 2.300000, when looking up transform from frame [pinky_01/base_footprint] to frame [map]
[planner_server-15] [INFO] [1786675117.832646796] [pinky_02.global_costmap.global_costmap]: Timed out waiting for transform from pinky_02/base_footprint to map to become available, tf error: Lookup would require extrapolation into the past.  Requested time 2.290000 but the earliest data is at time 2.300000, when looking up transform from frame [pinky_02/base_footprint] to frame [map]
[planner_server-6] [INFO] [1786675118.238838115] [pinky_01.global_costmap.global_costmap]: start
[planner_server-15] [INFO] [1786675118.332743198] [pinky_02.global_costmap.global_costmap]: start
[python3-21] [INFO] [1786675119.056374683] [project1_pinky_fleet_adapter]: Adding robot [pinky_02] to fleet [project1_pinky].
[python3-21] [INFO] [1786675119.057638664] [project1_pinky_nav2_adapter]: [pinky_02] RMF 에 붙었습니다.
[python3-21] [INFO] [1786675119.057923506] [project1_pinky_fleet_adapter]: Adding robot [pinky_01] to fleet [project1_pinky].
[python3-21] [INFO] [1786675119.058472043] [project1_pinky_nav2_adapter]: [pinky_01] RMF 에 붙었습니다.
[rmf_traffic_schedule-1] [INFO] [1786675119.058622945] [rmf_traffic_schedule_primary]: Registered participant [4] named [pinky_02] owned by [project1_pinky]
[rmf_traffic_schedule-1] [INFO] [1786675119.058890118] [rmf_traffic_schedule_primary]: Registered participant [5] named [pinky_01] owned by [project1_pinky]
[python3-21] [INFO] [1786675119.063755766] [project1_pinky_fleet_adapter]: Added a robot named [pinky_02] with participant ID [4]
[python3-21] [INFO] [1786675119.065854476] [project1_pinky_fleet_adapter]: Beginning a new parking task for robot [project1_pinky/pinky_02]
[python3-21] [INFO] [1786675119.065952961] [project1_pinky_fleet_adapter]: Selecting a new go_to_place location from [1] choices for robot [project1_pinky/pinky_02]
[python3-21] [INFO] [1786675119.065970034] [project1_pinky_fleet_adapter]: Got distance from [5] as 0.000000
[python3-21] [INFO] [1786675119.066005818] [project1_pinky_fleet_adapter]: Planning for [project1_pinky/pinky_02] to [충전2] from one of these locations:
[python3-21]  -- L1 < 1.61328 -1.08775> [충전2] | on waypoint | orientation -3.36632e-12
[python3-21] [INFO] [1786675119.066907802] [project1_pinky_fleet_adapter]: Added a robot named [pinky_01] with participant ID [5]
[python3-21] [INFO] [1786675119.067615111] [project1_pinky_fleet_adapter]: Beginning a new parking task for robot [project1_pinky/pinky_01]
[python3-21] [INFO] [1786675119.067679547] [project1_pinky_fleet_adapter]: Selecting a new go_to_place location from [1] choices for robot [project1_pinky/pinky_01]
[python3-21] [INFO] [1786675119.067694183] [project1_pinky_fleet_adapter]: Got distance from [4] as 0.000000
[python3-21] [INFO] [1786675119.067722958] [project1_pinky_fleet_adapter]: Planning for [project1_pinky/pinky_01] to [충전1] from one of these locations:
[python3-21]  -- L1 <  1.61176 -0.717166> [충전1] | on waypoint | orientation 1.65344e-12
[python3-21] [INFO] [1786675119.067862174] [project1_pinky_fleet_adapter]: Successfully added robot [pinky_02] to the fleet [project1_pinky].
[python3-21] [INFO] [1786675119.067980747] [project1_pinky_fleet_adapter]: Robot [project1_pinky/pinky_02] is already at its goal [5]
[python3-21] [INFO] [1786675119.068342453] [project1_pinky_fleet_adapter]: Successfully added robot [pinky_01] to the fleet [project1_pinky].
[python3-21] [INFO] [1786675119.068558153] [project1_pinky_fleet_adapter]: Robot [project1_pinky/pinky_01] is already at its goal [4]
[planner_server-6] [INFO] [1786675119.290532900] [pinky_01.planner_server]: Activating plugin GridBased of type NavfnPlanner
[planner_server-6] [INFO] [1786675119.295524402] [pinky_01.planner_server]: Creating bond (planner_server) to lifecycle manager.
[planner_server-15] [INFO] [1786675119.385900122] [pinky_02.planner_server]: Activating plugin GridBased of type NavfnPlanner
[planner_server-15] [INFO] [1786675119.391715312] [pinky_02.planner_server]: Creating bond (planner_server) to lifecycle manager.
[lifecycle_manager-11] [INFO] [1786675119.406344249] [pinky_01.lifecycle_manager_navigation]: Server planner_server connected with bond.
[lifecycle_manager-11] [INFO] [1786675119.406428010] [pinky_01.lifecycle_manager_navigation]: [34m[1mActivating behavior_server[0m[0m
[behavior_server-7] [INFO] [1786675119.408914418] [pinky_01.behavior_server]: Activating
[behavior_server-7] [INFO] [1786675119.408955459] [pinky_01.behavior_server]: Activating spin
[behavior_server-7] [INFO] [1786675119.408967861] [pinky_01.behavior_server]: Activating backup
[behavior_server-7] [INFO] [1786675119.408978218] [pinky_01.behavior_server]: Activating drive_on_heading
[behavior_server-7] [INFO] [1786675119.408990047] [pinky_01.behavior_server]: Activating assisted_teleop
[behavior_server-7] [INFO] [1786675119.409001204] [pinky_01.behavior_server]: Activating wait
[behavior_server-7] [INFO] [1786675119.409016422] [pinky_01.behavior_server]: Creating bond (behavior_server) to lifecycle manager.
[lifecycle_manager-20] [INFO] [1786675119.511946032] [pinky_02.lifecycle_manager_navigation]: Server planner_server connected with bond.
[lifecycle_manager-20] [INFO] [1786675119.511993202] [pinky_02.lifecycle_manager_navigation]: [34m[1mActivating behavior_server[0m[0m
[behavior_server-16] [INFO] [1786675119.512617602] [pinky_02.behavior_server]: Activating
[behavior_server-16] [INFO] [1786675119.512639544] [pinky_02.behavior_server]: Activating spin
[behavior_server-16] [INFO] [1786675119.512646196] [pinky_02.behavior_server]: Activating backup
[behavior_server-16] [INFO] [1786675119.512650954] [pinky_02.behavior_server]: Activating drive_on_heading
[behavior_server-16] [INFO] [1786675119.512656898] [pinky_02.behavior_server]: Activating assisted_teleop
[behavior_server-16] [INFO] [1786675119.512662112] [pinky_02.behavior_server]: Activating wait
[behavior_server-16] [INFO] [1786675119.512671023] [pinky_02.behavior_server]: Creating bond (behavior_server) to lifecycle manager.
[lifecycle_manager-11] [INFO] [1786675119.525444918] [pinky_01.lifecycle_manager_navigation]: Server behavior_server connected with bond.
[lifecycle_manager-11] [INFO] [1786675119.525488542] [pinky_01.lifecycle_manager_navigation]: [34m[1mActivating bt_navigator[0m[0m
[bt_navigator-8] [INFO] [1786675119.526116397] [pinky_01.bt_navigator]: Activating
[lifecycle_manager-20] [INFO] [1786675119.624434727] [pinky_02.lifecycle_manager_navigation]: Server behavior_server connected with bond.
[lifecycle_manager-20] [INFO] [1786675119.624491711] [pinky_02.lifecycle_manager_navigation]: [34m[1mActivating bt_navigator[0m[0m
[bt_navigator-17] [INFO] [1786675119.625210761] [pinky_02.bt_navigator]: Activating
[bt_navigator-8] [INFO] [1786675119.758151561] [pinky_01.bt_navigator]: Creating bond (bt_navigator) to lifecycle manager.
[bt_navigator-17] [INFO] [1786675119.859866308] [pinky_02.bt_navigator]: Creating bond (bt_navigator) to lifecycle manager.
[lifecycle_manager-11] [INFO] [1786675119.870387087] [pinky_01.lifecycle_manager_navigation]: Server bt_navigator connected with bond.
[lifecycle_manager-11] [INFO] [1786675119.870455538] [pinky_01.lifecycle_manager_navigation]: [34m[1mActivating waypoint_follower[0m[0m
[waypoint_follower-9] [INFO] [1786675119.871634945] [pinky_01.waypoint_follower]: Activating
[waypoint_follower-9] [INFO] [1786675119.871689409] [pinky_01.waypoint_follower]: Creating bond (waypoint_follower) to lifecycle manager.
[lifecycle_manager-20] [INFO] [1786675119.970969887] [pinky_02.lifecycle_manager_navigation]: Server bt_navigator connected with bond.
[lifecycle_manager-20] [INFO] [1786675119.971015971] [pinky_02.lifecycle_manager_navigation]: [34m[1mActivating waypoint_follower[0m[0m
[waypoint_follower-18] [INFO] [1786675119.971665868] [pinky_02.waypoint_follower]: Activating
[waypoint_follower-18] [INFO] [1786675119.971709891] [pinky_02.waypoint_follower]: Creating bond (waypoint_follower) to lifecycle manager.
[lifecycle_manager-11] [INFO] [1786675119.985545796] [pinky_01.lifecycle_manager_navigation]: Server waypoint_follower connected with bond.
[lifecycle_manager-11] [INFO] [1786675119.985599401] [pinky_01.lifecycle_manager_navigation]: [34m[1mActivating velocity_smoother[0m[0m
[velocity_smoother-10] [INFO] [1786675119.986387717] [pinky_01.velocity_smoother]: Activating
[velocity_smoother-10] [INFO] [1786675119.986466776] [pinky_01.velocity_smoother]: Creating bond (velocity_smoother) to lifecycle manager.
[lifecycle_manager-20] [INFO] [1786675120.085933258] [pinky_02.lifecycle_manager_navigation]: Server waypoint_follower connected with bond.
[lifecycle_manager-20] [INFO] [1786675120.085993505] [pinky_02.lifecycle_manager_navigation]: [34m[1mActivating velocity_smoother[0m[0m
[velocity_smoother-19] [INFO] [1786675120.086823197] [pinky_02.velocity_smoother]: Activating
[velocity_smoother-19] [INFO] [1786675120.086891651] [pinky_02.velocity_smoother]: Creating bond (velocity_smoother) to lifecycle manager.
[lifecycle_manager-11] [INFO] [1786675120.099059900] [pinky_01.lifecycle_manager_navigation]: Server velocity_smoother connected with bond.
[lifecycle_manager-11] [INFO] [1786675120.099110769] [pinky_01.lifecycle_manager_navigation]: [34m[1mManaged nodes are active[0m[0m
[lifecycle_manager-11] [INFO] [1786675120.099125771] [pinky_01.lifecycle_manager_navigation]: [34m[1mCreating bond timer...[0m[0m
[lifecycle_manager-20] [INFO] [1786675120.199401730] [pinky_02.lifecycle_manager_navigation]: Server velocity_smoother connected with bond.
[lifecycle_manager-20] [INFO] [1786675120.199451042] [pinky_02.lifecycle_manager_navigation]: [34m[1mManaged nodes are active[0m[0m
[lifecycle_manager-20] [INFO] [1786675120.199466448] [pinky_02.lifecycle_manager_navigation]: [34m[1mCreating bond timer...[0m[0m
[ERROR] [python3-21]: process has died [pid 143347, exit code -11, cmd 'python3 /home/gyi/robosapiens/rmf_maps/project1/project1_nav2_adapter.py -c /home/gyi/robosapiens/rmf_maps/project1/project1_pinky_config.yaml -n /home/gyi/robosapiens/rmf_maps/project1/nav_graphs/0.yaml -s'].
[INFO] [python3-21]: process started with pid [144504]
[python3-21] [retreat_to_charger_interval] value is not provided, default to 10 seconds
[python3-21] Finishing request: park
[python3-21] Fleet is configured to perform ParkRobot as finishing request
[python3-21] Maximum delay is not provided, default to 10.0
[python3-21] [INFO] [1786675126.594079733] [project1_pinky_fleet_adapter]: Parameter [discovery_timeout] set to: 60.000000
RMF↔Nav2 어댑터가 죽었다가 다시 떴습니다.
[schedule_visualizer_node-4] [INFO] [1786675127.253962669] [schedule_data_node]: Requesting new schedule update because update timed out
[schedule_visualizer_node-4] [INFO] [1786675127.254032442] [schedule_data_node]: [rmf_traffic_ros2::MirrorManager::request_update] Requesting changes for query ID [1] since version [6]
[rmf_traffic_schedule-1] [INFO] [1786675129.799908873] [rmf_traffic_schedule_primary]: A new mirror is tracking query ID [1]
[schedule_visualizer_node-4] [INFO] [1786675129.800279957] [schedule_data_node]: Mirror handling new sync of 1 queries from schedule node [30037f9d-a6fa-4f05-86db-a2e646e33d56]
[python3-21] [INFO] [1786675129.858750636] [project1_pinky_fleet_adapter]: Registering to query topic rmf_traffic/query_update_1
[python3-21] [INFO] [1786675129.929373545] [project1_pinky_fleet_adapter]: Mirror handling new sync of 1 queries from schedule node [30037f9d-a6fa-4f05-86db-a2e646e33d56]
[python3-21] [INFO] [1786675129.964473882] [project1_pinky_fleet_adapter]: Fleet [project1_pinky] is configured to perform delivery tasks
[python3-21] [INFO] [1786675129.964537071] [project1_pinky_fleet_adapter]: Fleet [project1_pinky] is configured to perform patrol tasks
[python3-21] [INFO] [1786675129.965414173] [project1_pinky_fleet_adapter]: Finished configuring Easy Full Control adapter for fleet [project1_pinky]
[python3-21] [INFO] [1786675130.033360729] [project1_pinky_nav2_adapter]: project1_pinky 를 Nav2 에 이었습니다. 로봇 2대, 0.10초마다 알립니다.
[python3-21] [INFO] [1786675145.530034204] [project1_pinky_fleet_adapter]: Adding robot [pinky_02] to fleet [project1_pinky].
[python3-21] [INFO] [1786675145.531038285] [project1_pinky_nav2_adapter]: [pinky_02] RMF 에 붙었습니다.
[rmf_traffic_schedule-1] [INFO] [1786675145.531236890] [rmf_traffic_schedule_primary]: Registered participant [4] named [pinky_02] owned by [project1_pinky]
[python3-21] [INFO] [1786675145.531294148] [project1_pinky_fleet_adapter]: Adding robot [pinky_01] to fleet [project1_pinky].
[rmf_traffic_schedule-1] [INFO] [1786675145.531933828] [rmf_traffic_schedule_primary]: Registered participant [5] named [pinky_01] owned by [project1_pinky]
[python3-21] [INFO] [1786675145.531996543] [project1_pinky_nav2_adapter]: [pinky_01] RMF 에 붙었습니다.
[python3-21] [INFO] [1786675145.537319778] [project1_pinky_fleet_adapter]: Added a robot named [pinky_02] with participant ID [4]
[python3-21] [INFO] [1786675145.538628641] [project1_pinky_fleet_adapter]: Beginning a new parking task for robot [project1_pinky/pinky_02]
[python3-21] [INFO] [1786675145.538742013] [project1_pinky_fleet_adapter]: Selecting a new go_to_place location from [1] choices for robot [project1_pinky/pinky_02]
[python3-21] [INFO] [1786675145.538767203] [project1_pinky_fleet_adapter]: Got distance from [5] as 0.000000
[python3-21] [INFO] [1786675145.538817849] [project1_pinky_fleet_adapter]: Planning for [project1_pinky/pinky_02] to [충전2] from one of these locations:
[python3-21]  -- L1 < 1.61328 -1.08775> [충전2] | on waypoint | orientation -9.00125e-12
[python3-21] [INFO] [1786675145.539406539] [project1_pinky_fleet_adapter]: Successfully added robot [pinky_02] to the fleet [project1_pinky].
[python3-21] [INFO] [1786675145.540928008] [project1_pinky_fleet_adapter]: Added a robot named [pinky_01] with participant ID [5]
[python3-21] [INFO] [1786675145.541921305] [project1_pinky_fleet_adapter]: Beginning a new parking task for robot [project1_pinky/pinky_01]
[python3-21] [INFO] [1786675145.542025111] [project1_pinky_fleet_adapter]: Selecting a new go_to_place location from [1] choices for robot [project1_pinky/pinky_01]
[python3-21] [INFO] [1786675145.542043930] [project1_pinky_fleet_adapter]: Got distance from [4] as 0.000000
[python3-21] [INFO] [1786675145.542081134] [project1_pinky_fleet_adapter]: Planning for [project1_pinky/pinky_01] to [충전1] from one of these locations:
[python3-21]  -- L1 <  1.61176 -0.717166> [충전1] | on waypoint | orientation 3.15888e-12
[python3-21] [INFO] [1786675145.542439500] [project1_pinky_fleet_adapter]: Robot [project1_pinky/pinky_02] is already at its goal [5]
[python3-21] [INFO] [1786675145.542810040] [project1_pinky_fleet_adapter]: Successfully added robot [pinky_01] to the fleet [project1_pinky].
[python3-21] [INFO] [1786675145.542866405] [project1_pinky_fleet_adapter]: Robot [project1_pinky/pinky_01] is already at its goal [4]
[ERROR] [python3-21]: process has died [pid 144504, exit code -11, cmd 'python3 /home/gyi/robosapiens/rmf_maps/project1/project1_nav2_adapter.py -c /home/gyi/robosapiens/rmf_maps/project1/project1_pinky_config.yaml -n /home/gyi/robosapiens/rmf_maps/project1/nav_graphs/0.yaml -s'].
[schedule_visualizer_node-4] [INFO] [1786675147.253779071] [schedule_data_node]: Requesting new schedule update because update timed out
[schedule_visualizer_node-4] [INFO] [1786675147.253880685] [schedule_data_node]: [rmf_traffic_ros2::MirrorManager::request_update] Requesting changes for query ID [1] since beginning of recorded history
[rmf_traffic_schedule-1] [INFO] [1786675147.263050652] [rmf_traffic_schedule_primary]: [ScheduleNode::update_mirrors] Sending remedial update starting from the beginning going to 7 for query 1
[INFO] [python3-21]: process started with pid [145175]
[python3-21] [retreat_to_charger_interval] value is not provided, default to 10 seconds
[python3-21] Finishing request: park
[python3-21] Fleet is configured to perform ParkRobot as finishing request
[python3-21] Maximum delay is not provided, default to 10.0
[python3-21] [INFO] [1786675152.680418001] [project1_pinky_fleet_adapter]: Parameter [discovery_timeout] set to: 60.000000
RMF↔Nav2 어댑터가 죽었다가 다시 떴습니다.
[rmf_traffic_schedule-1] [INFO] [1786675153.676273861] [rmf_traffic_schedule_primary]: A new mirror is tracking query ID [1]
[schedule_visualizer_node-4] [INFO] [1786675153.676931358] [schedule_data_node]: Mirror handling new sync of 1 queries from schedule node [30037f9d-a6fa-4f05-86db-a2e646e33d56]
[python3-21] [INFO] [1786675153.741783144] [project1_pinky_fleet_adapter]: Registering to query topic rmf_traffic/query_update_1
[python3-21] [INFO] [1786675153.858385375] [project1_pinky_fleet_adapter]: Mirror handling new sync of 1 queries from schedule node [30037f9d-a6fa-4f05-86db-a2e646e33d56]
[python3-21] [INFO] [1786675153.940364014] [project1_pinky_fleet_adapter]: Fleet [project1_pinky] is configured to perform delivery tasks
[python3-21] [INFO] [1786675153.940416339] [project1_pinky_fleet_adapter]: Fleet [project1_pinky] is configured to perform patrol tasks
[python3-21] [INFO] [1786675153.940829737] [project1_pinky_fleet_adapter]: Finished configuring Easy Full Control adapter for fleet [project1_pinky]
[python3-21] [INFO] [1786675154.017750716] [project1_pinky_nav2_adapter]: project1_pinky 를 Nav2 에 이었습니다. 로봇 2대, 0.10초마다 알립니다.
[schedule_visualizer_node-4] [INFO] [1786675167.263762387] [schedule_data_node]: Requesting new schedule update because update timed out
[schedule_visualizer_node-4] [INFO] [1786675167.263822735] [schedule_data_node]: [rmf_traffic_ros2::MirrorManager::request_update] Requesting changes for query ID [1] since version [7]
[python3-21] [INFO] [1786675170.062664953] [project1_pinky_fleet_adapter]: Adding robot [pinky_02] to fleet [project1_pinky].
[python3-21] [INFO] [1786675170.063656934] [project1_pinky_nav2_adapter]: [pinky_02] RMF 에 붙었습니다.
[python3-21] [INFO] [1786675170.063863125] [project1_pinky_fleet_adapter]: Adding robot [pinky_01] to fleet [project1_pinky].
[python3-21] [INFO] [1786675170.064257450] [project1_pinky_nav2_adapter]: [pinky_01] RMF 에 붙었습니다.
[rmf_traffic_schedule-1] [INFO] [1786675170.064267555] [rmf_traffic_schedule_primary]: Registered participant [4] named [pinky_02] owned by [project1_pinky]
[rmf_traffic_schedule-1] [INFO] [1786675170.064667654] [rmf_traffic_schedule_primary]: Registered participant [5] named [pinky_01] owned by [project1_pinky]
[python3-21] [INFO] [1786675170.068002465] [project1_pinky_fleet_adapter]: Added a robot named [pinky_02] with participant ID [4]
[python3-21] [INFO] [1786675170.069000004] [project1_pinky_fleet_adapter]: Beginning a new parking task for robot [project1_pinky/pinky_02]
[python3-21] [INFO] [1786675170.069114478] [project1_pinky_fleet_adapter]: Selecting a new go_to_place location from [1] choices for robot [project1_pinky/pinky_02]
[python3-21] [INFO] [1786675170.069137692] [project1_pinky_fleet_adapter]: Got distance from [5] as 0.000000
[python3-21] [INFO] [1786675170.069181862] [project1_pinky_fleet_adapter]: Planning for [project1_pinky/pinky_02] to [충전2] from one of these locations:
[python3-21]  -- L1 < 1.61328 -1.08775> [충전2] | on waypoint | orientation -1.43542e-11
[python3-21] [INFO] [1786675170.069623379] [project1_pinky_fleet_adapter]: Successfully added robot [pinky_02] to the fleet [project1_pinky].
[python3-21] [INFO] [1786675170.069659498] [project1_pinky_fleet_adapter]: Robot [project1_pinky/pinky_02] is already at its goal [5]
[python3-21] [INFO] [1786675170.070252168] [project1_pinky_fleet_adapter]: Added a robot named [pinky_01] with participant ID [5]
[python3-21] [INFO] [1786675170.071008484] [project1_pinky_fleet_adapter]: Beginning a new parking task for robot [project1_pinky/pinky_01]
[python3-21] [INFO] [1786675170.071082365] [project1_pinky_fleet_adapter]: Selecting a new go_to_place location from [1] choices for robot [project1_pinky/pinky_01]
[python3-21] [INFO] [1786675170.071101037] [project1_pinky_fleet_adapter]: Got distance from [4] as 0.000000
[python3-21] [INFO] [1786675170.071138100] [project1_pinky_fleet_adapter]: Planning for [project1_pinky/pinky_01] to [충전1] from one of these locations:
[python3-21]  -- L1 <  1.61176 -0.717166> [충전1] | on waypoint | orientation 3.1327e-12
[python3-21] [INFO] [1786675170.071488475] [project1_pinky_fleet_adapter]: Successfully added robot [pinky_01] to the fleet [project1_pinky].
[python3-21] [INFO] [1786675170.071621862] [project1_pinky_fleet_adapter]: Robot [project1_pinky/pinky_01] is already at its goal [4]
[ERROR] [python3-21]: process has died [pid 145175, exit code -11, cmd 'python3 /home/gyi/robosapiens/rmf_maps/project1/project1_nav2_adapter.py -c /home/gyi/robosapiens/rmf_maps/project1/project1_pinky_config.yaml -n /home/gyi/robosapiens/rmf_maps/project1/nav_graphs/0.yaml -s'].
[INFO] [python3-21]: process started with pid [145618]
[python3-21] [retreat_to_charger_interval] value is not provided, default to 10 seconds
[python3-21] Finishing request: park
[python3-21] Fleet is configured to perform ParkRobot as finishing request
[python3-21] Maximum delay is not provided, default to 10.0
RMF↔Nav2 어댑터가 죽었다가 다시 떴습니다.
[python3-21] [INFO] [1786675177.608910525] [project1_pinky_fleet_adapter]: Parameter [discovery_timeout] set to: 60.000000
[rmf_traffic_schedule-1] [INFO] [1786675180.264253485] [rmf_traffic_schedule_primary]: A new mirror is tracking query ID [1]
[schedule_visualizer_node-4] [INFO] [1786675180.266000131] [schedule_data_node]: Mirror handling new sync of 1 queries from schedule node [30037f9d-a6fa-4f05-86db-a2e646e33d56]
[python3-21] [INFO] [1786675180.268395670] [project1_pinky_fleet_adapter]: Registering to query topic rmf_traffic/query_update_1
[python3-21] [INFO] [1786675180.375640304] [project1_pinky_fleet_adapter]: Fleet [project1_pinky] is configured to perform delivery tasks
[python3-21] [INFO] [1786675180.375691055] [project1_pinky_fleet_adapter]: Fleet [project1_pinky] is configured to perform patrol tasks
[python3-21] [INFO] [1786675180.375730062] [project1_pinky_fleet_adapter]: Finished configuring Easy Full Control adapter for fleet [project1_pinky]
[python3-21] [INFO] [1786675180.441062426] [project1_pinky_nav2_adapter]: project1_pinky 를 Nav2 에 이었습니다. 로봇 2대, 0.10초마다 알립니다.
[python3-21] [INFO] [1786675180.616395924] [project1_pinky_fleet_adapter]: Mirror handling new sync of 1 queries from schedule node [30037f9d-a6fa-4f05-86db-a2e646e33d56]
[schedule_visualizer_node-4] [INFO] [1786675187.263742632] [schedule_data_node]: Requesting new schedule update because update timed out
[schedule_visualizer_node-4] [INFO] [1786675187.263785393] [schedule_data_node]: [rmf_traffic_ros2::MirrorManager::request_update] Requesting changes for query ID [1] since beginning of recorded history
[rmf_traffic_schedule-1] [INFO] [1786675187.272635248] [rmf_traffic_schedule_primary]: [ScheduleNode::update_mirrors] Sending remedial update starting from the beginning going to 7 for query 1
[python3-21] [INFO] [1786675196.353220974] [project1_pinky_fleet_adapter]: Adding robot [pinky_02] to fleet [project1_pinky].
[python3-21] [INFO] [1786675196.354002135] [project1_pinky_nav2_adapter]: [pinky_02] RMF 에 붙었습니다.
[rmf_traffic_schedule-1] [INFO] [1786675196.354004832] [rmf_traffic_schedule_primary]: Registered participant [4] named [pinky_02] owned by [project1_pinky]
[python3-21] [INFO] [1786675196.354241721] [project1_pinky_fleet_adapter]: Adding robot [pinky_01] to fleet [project1_pinky].
[rmf_traffic_schedule-1] [INFO] [1786675196.354610883] [rmf_traffic_schedule_primary]: Registered participant [5] named [pinky_01] owned by [project1_pinky]
[python3-21] [INFO] [1786675196.354824733] [project1_pinky_nav2_adapter]: [pinky_01] RMF 에 붙었습니다.
[python3-21] [INFO] [1786675196.358900246] [project1_pinky_fleet_adapter]: Added a robot named [pinky_02] with participant ID [4]
[python3-21] [INFO] [1786675196.359873384] [project1_pinky_fleet_adapter]: Beginning a new parking task for robot [project1_pinky/pinky_02]
[python3-21] [INFO] [1786675196.359978131] [project1_pinky_fleet_adapter]: Selecting a new go_to_place location from [1] choices for robot [project1_pinky/pinky_02]
[python3-21] [INFO] [1786675196.359998995] [project1_pinky_fleet_adapter]: Got distance from [5] as 0.000000
[python3-21] [INFO] [1786675196.360038780] [project1_pinky_fleet_adapter]: Planning for [project1_pinky/pinky_02] to [충전2] from one of these locations:
[python3-21]  -- L1 < 1.61328 -1.08775> [충전2] | on waypoint | orientation -2.00437e-11
[python3-21] [INFO] [1786675196.360471528] [project1_pinky_fleet_adapter]: Robot [project1_pinky/pinky_02] is already at its goal [5]
[python3-21] [INFO] [1786675196.360565060] [project1_pinky_fleet_adapter]: Successfully added robot [pinky_02] to the fleet [project1_pinky].
[python3-21] [INFO] [1786675196.361091286] [project1_pinky_fleet_adapter]: Added a robot named [pinky_01] with participant ID [5]
[python3-21] [INFO] [1786675196.361587875] [project1_pinky_fleet_adapter]: Beginning a new parking task for robot [project1_pinky/pinky_01]
[python3-21] [INFO] [1786675196.361629417] [project1_pinky_fleet_adapter]: Selecting a new go_to_place location from [1] choices for robot [project1_pinky/pinky_01]
[python3-21] [INFO] [1786675196.361636452] [project1_pinky_fleet_adapter]: Got distance from [4] as 0.000000
[python3-21] [INFO] [1786675196.361656248] [project1_pinky_fleet_adapter]: Planning for [project1_pinky/pinky_01] to [충전1] from one of these locations:
[python3-21]  -- L1 <  1.61176 -0.717166> [충전1] | on waypoint | orientation 3.10126e-12
[python3-21] [INFO] [1786675196.361893120] [project1_pinky_fleet_adapter]: Successfully added robot [pinky_01] to the fleet [project1_pinky].
[python3-21] [INFO] [1786675196.361915852] [project1_pinky_fleet_adapter]: Robot [project1_pinky/pinky_01] is already at its goal [4]
[ERROR] [python3-21]: process has died [pid 145618, exit code -11, cmd 'python3 /home/gyi/robosapiens/rmf_maps/project1/project1_nav2_adapter.py -c /home/gyi/robosapiens/rmf_maps/project1/project1_pinky_config.yaml -n /home/gyi/robosapiens/rmf_maps/project1/nav_graphs/0.yaml -s'].
[INFO] [python3-21]: process started with pid [146109]
[python3-21] [retreat_to_charger_interval] value is not provided, default to 10 seconds
[python3-21] Finishing request: park
[python3-21] Fleet is configured to perform ParkRobot as finishing request
[python3-21] Maximum delay is not provided, default to 10.0
[python3-21] [INFO] [1786675203.406654171] [project1_pinky_fleet_adapter]: Parameter [discovery_timeout] set to: 60.000000
RMF↔Nav2 어댑터가 죽었다가 다시 떴습니다.
[rmf_traffic_schedule-1] [INFO] [1786675206.665129278] [rmf_traffic_schedule_primary]: A new mirror is tracking query ID [1]
[schedule_visualizer_node-4] [INFO] [1786675206.665547412] [schedule_data_node]: Mirror handling new sync of 1 queries from schedule node [30037f9d-a6fa-4f05-86db-a2e646e33d56]
[python3-21] [INFO] [1786675206.734761012] [project1_pinky_fleet_adapter]: Registering to query topic rmf_traffic/query_update_1
[python3-21] [INFO] [1786675206.814846727] [project1_pinky_fleet_adapter]: Mirror handling new sync of 1 queries from schedule node [30037f9d-a6fa-4f05-86db-a2e646e33d56]
[python3-21] [INFO] [1786675206.856780141] [project1_pinky_fleet_adapter]: Fleet [project1_pinky] is configured to perform delivery tasks
[python3-21] [INFO] [1786675206.856843539] [project1_pinky_fleet_adapter]: Fleet [project1_pinky] is configured to perform patrol tasks
[python3-21] [INFO] [1786675206.856898185] [project1_pinky_fleet_adapter]: Finished configuring Easy Full Control adapter for fleet [project1_pinky]
[python3-21] [INFO] [1786675206.950875467] [project1_pinky_nav2_adapter]: project1_pinky 를 Nav2 에 이었습니다. 로봇 2대, 0.10초마다 알립니다.
[schedule_visualizer_node-4] [INFO] [1786675207.274841878] [schedule_data_node]: Requesting new schedule update because update timed out
[schedule_visualizer_node-4] [INFO] [1786675207.274933328] [schedule_data_node]: [rmf_traffic_ros2::MirrorManager::request_update] Requesting changes for query ID [1] since version [7]
[python3-21] [INFO] [1786675225.902214074] [project1_pinky_fleet_adapter]: Adding robot [pinky_02] to fleet [project1_pinky].
[python3-21] [INFO] [1786675225.903094485] [project1_pinky_nav2_adapter]: [pinky_02] RMF 에 붙었습니다.
[rmf_traffic_schedule-1] [INFO] [1786675225.903412017] [rmf_traffic_schedule_primary]: Registered participant [4] named [pinky_02] owned by [project1_pinky]
[python3-21] [INFO] [1786675225.904000131] [project1_pinky_fleet_adapter]: Adding robot [pinky_01] to fleet [project1_pinky].
[python3-21] [INFO] [1786675225.904729208] [project1_pinky_nav2_adapter]: [pinky_01] RMF 에 붙었습니다.
[rmf_traffic_schedule-1] [INFO] [1786675225.906625078] [rmf_traffic_schedule_primary]: Registered participant [5] named [pinky_01] owned by [project1_pinky]
[python3-21] [INFO] [1786675225.907573987] [project1_pinky_fleet_adapter]: Added a robot named [pinky_02] with participant ID [4]
[python3-21] [INFO] [1786675225.909127193] [project1_pinky_fleet_adapter]: Beginning a new parking task for robot [project1_pinky/pinky_02]
[python3-21] [INFO] [1786675225.909277653] [project1_pinky_fleet_adapter]: Selecting a new go_to_place location from [1] choices for robot [project1_pinky/pinky_02]
[python3-21] [INFO] [1786675225.909290251] [project1_pinky_fleet_adapter]: Got distance from [5] as 0.000000
[python3-21] [INFO] [1786675225.909319336] [project1_pinky_fleet_adapter]: Planning for [project1_pinky/pinky_02] to [충전2] from one of these locations:
[python3-21]  -- L1 < 1.61328 -1.08775> [충전2] | on waypoint | orientation -2.57364e-11
[python3-21] [INFO] [1786675225.910022072] [project1_pinky_fleet_adapter]: Successfully added robot [pinky_02] to the fleet [project1_pinky].
[python3-21] [INFO] [1786675225.910053473] [project1_pinky_fleet_adapter]: Robot [project1_pinky/pinky_02] is already at its goal [5]
[python3-21] [INFO] [1786675225.913987577] [project1_pinky_fleet_adapter]: Added a robot named [pinky_01] with participant ID [5]
[python3-21] [INFO] [1786675225.914709779] [project1_pinky_fleet_adapter]: Beginning a new parking task for robot [project1_pinky/pinky_01]
[python3-21] [INFO] [1786675225.914771488] [project1_pinky_fleet_adapter]: Selecting a new go_to_place location from [1] choices for robot [project1_pinky/pinky_01]
[python3-21] [INFO] [1786675225.914779207] [project1_pinky_fleet_adapter]: Got distance from [4] as 0.000000
[python3-21] [INFO] [1786675225.914802365] [project1_pinky_fleet_adapter]: Planning for [project1_pinky/pinky_01] to [충전1] from one of these locations:
[python3-21]  -- L1 <  1.61176 -0.717166> [충전1] | on waypoint | orientation 3.0684e-12
[python3-21] [INFO] [1786675225.915119287] [project1_pinky_fleet_adapter]: Successfully added robot [pinky_01] to the fleet [project1_pinky].
[python3-21] [INFO] [1786675225.915149409] [project1_pinky_fleet_adapter]: Robot [project1_pinky/pinky_01] is already at its goal [4]
[ERROR] [python3-21]: process has died [pid 146109, exit code -11, cmd 'python3 /home/gyi/robosapiens/rmf_maps/project1/project1_nav2_adapter.py -c /home/gyi/robosapiens/rmf_maps/project1/project1_pinky_config.yaml -n /home/gyi/robosapiens/rmf_maps/project1/nav_graphs/0.yaml -s'].
[schedule_visualizer_node-4] [INFO] [1786675227.274836099] [schedule_data_node]: Requesting new schedule update because update timed out
[schedule_visualizer_node-4] [INFO] [1786675227.274903347] [schedule_data_node]: [rmf_traffic_ros2::MirrorManager::request_update] Requesting changes for query ID [1] since beginning of recorded history
[rmf_traffic_schedule-1] [INFO] [1786675227.283528869] [rmf_traffic_schedule_primary]: [ScheduleNode::update_mirrors] Sending remedial update starting from the beginning going to 8 for query 1
[INFO] [python3-21]: process started with pid [146677]
RMF↔Nav2 어댑터가 죽었다가 다시 떴습니다.
[python3-21] [retreat_to_charger_interval] value is not provided, default to 10 seconds
[python3-21] Finishing request: park
[python3-21] Fleet is configured to perform ParkRobot as finishing request
[python3-21] Maximum delay is not provided, default to 10.0
[python3-21] [INFO] [1786675233.740546745] [project1_pinky_fleet_adapter]: Parameter [discovery_timeout] set to: 60.000000
[rmf_traffic_schedule-1] [INFO] [1786675236.663577461] [rmf_traffic_schedule_primary]: A new mirror is tracking query ID [1]
[schedule_visualizer_node-4] [INFO] [1786675236.665284451] [schedule_data_node]: Mirror handling new sync of 1 queries from schedule node [30037f9d-a6fa-4f05-86db-a2e646e33d56]
[python3-21] [INFO] [1786675236.671877717] [project1_pinky_fleet_adapter]: Registering to query topic rmf_traffic/query_update_1
[python3-21] [INFO] [1786675236.790350282] [project1_pinky_fleet_adapter]: Mirror handling new sync of 1 queries from schedule node [30037f9d-a6fa-4f05-86db-a2e646e33d56]
[python3-21] [INFO] [1786675236.852798008] [project1_pinky_fleet_adapter]: Fleet [project1_pinky] is configured to perform delivery tasks
[python3-21] [INFO] [1786675236.852878161] [project1_pinky_fleet_adapter]: Fleet [project1_pinky] is configured to perform patrol tasks
[python3-21] [INFO] [1786675236.852905579] [project1_pinky_fleet_adapter]: Finished configuring Easy Full Control adapter for fleet [project1_pinky]
[python3-21] [INFO] [1786675236.970073120] [project1_pinky_nav2_adapter]: project1_pinky 를 Nav2 에 이었습니다. 로봇 2대, 0.10초마다 알립니다.
[schedule_visualizer_node-4] [INFO] [1786675247.286515817] [schedule_data_node]: Requesting new schedule update because update timed out
[schedule_visualizer_node-4] [INFO] [1786675247.286575742] [schedule_data_node]: [rmf_traffic_ros2::MirrorManager::request_update] Requesting changes for query ID [1] since version [8]
[python3-21] [INFO] [1786675256.397461198] [project1_pinky_fleet_adapter]: Adding robot [pinky_02] to fleet [project1_pinky].
[python3-21] [INFO] [1786675256.398206468] [project1_pinky_nav2_adapter]: [pinky_02] RMF 에 붙었습니다.
[rmf_traffic_schedule-1] [INFO] [1786675256.398257196] [rmf_traffic_schedule_primary]: Registered participant [4] named [pinky_02] owned by [project1_pinky]
[python3-21] [INFO] [1786675256.398429023] [project1_pinky_fleet_adapter]: Adding robot [pinky_01] to fleet [project1_pinky].
[python3-21] [INFO] [1786675256.399032464] [project1_pinky_nav2_adapter]: [pinky_01] RMF 에 붙었습니다.
[rmf_traffic_schedule-1] [INFO] [1786675256.398912446] [rmf_traffic_schedule_primary]: Registered participant [5] named [pinky_01] owned by [project1_pinky]
[python3-21] [INFO] [1786675256.402327846] [project1_pinky_fleet_adapter]: Added a robot named [pinky_02] with participant ID [4]
[python3-21] [INFO] [1786675256.402948266] [project1_pinky_fleet_adapter]: Beginning a new parking task for robot [project1_pinky/pinky_02]
[python3-21] [INFO] [1786675256.403008640] [project1_pinky_fleet_adapter]: Selecting a new go_to_place location from [1] choices for robot [project1_pinky/pinky_02]
[python3-21] [INFO] [1786675256.403018298] [project1_pinky_fleet_adapter]: Got distance from [5] as 0.000000
[python3-21] [INFO] [1786675256.403044830] [project1_pinky_fleet_adapter]: Planning for [project1_pinky/pinky_02] to [충전2] from one of these locations:
[python3-21]  -- L1 < 1.61328 -1.08775> [충전2] | on waypoint | orientation -3.0749e-11
[python3-21] [INFO] [1786675256.403437282] [project1_pinky_fleet_adapter]: Successfully added robot [pinky_02] to the fleet [project1_pinky].
[python3-21] [INFO] [1786675256.405470350] [project1_pinky_fleet_adapter]: Added a robot named [pinky_01] with participant ID [5]
[python3-21] [INFO] [1786675256.406336917] [project1_pinky_fleet_adapter]: Beginning a new parking task for robot [project1_pinky/pinky_01]
[python3-21] [INFO] [1786675256.406425768] [project1_pinky_fleet_adapter]: Selecting a new go_to_place location from [1] choices for robot [project1_pinky/pinky_01]
[python3-21] [INFO] [1786675256.406445620] [project1_pinky_fleet_adapter]: Got distance from [4] as 0.000000
[python3-21] [INFO] [1786675256.406518177] [project1_pinky_fleet_adapter]: Planning for [project1_pinky/pinky_01] to [충전1] from one of these locations:
[python3-21]  -- L1 <  1.61176 -0.717166> [충전1] | on waypoint | orientation 3.03822e-12
[python3-21] [INFO] [1786675256.406707241] [project1_pinky_fleet_adapter]: Robot [project1_pinky/pinky_02] is already at its goal [5]
[python3-21] [INFO] [1786675256.406900853] [project1_pinky_fleet_adapter]: Successfully added robot [pinky_01] to the fleet [project1_pinky].
[python3-21] [INFO] [1786675256.406952737] [project1_pinky_fleet_adapter]: Robot [project1_pinky/pinky_01] is already at its goal [4]
[ERROR] [python3-21]: process has died [pid 146677, exit code -11, cmd 'python3 /home/gyi/robosapiens/rmf_maps/project1/project1_nav2_adapter.py -c /home/gyi/robosapiens/rmf_maps/project1/project1_pinky_config.yaml -n /home/gyi/robosapiens/rmf_maps/project1/nav_graphs/0.yaml -s'].
[schedule_visualizer_node-4] [INFO] [1786675267.286568191] [schedule_data_node]: Requesting new schedule update because update timed out
[schedule_visualizer_node-4] [INFO] [1786675267.286663167] [schedule_data_node]: [rmf_traffic_ros2::MirrorManager::request_update] Requesting changes for query ID [1] since beginning of recorded history
[rmf_traffic_schedule-1] [INFO] [1786675267.293160795] [rmf_traffic_schedule_primary]: [ScheduleNode::update_mirrors] Sending remedial update starting from the beginning going to 9 for query 1
[schedule_visualizer_node-4] [INFO] [1786675287.298244287] [schedule_data_node]: Requesting new schedule update because update timed out
[schedule_visualizer_node-4] [INFO] [1786675287.298311659] [schedule_data_node]: [rmf_traffic_ros2::MirrorManager::request_update] Requesting changes for query ID [1] since version [9]

RMF↔Nav2 어댑터가 죽었고 다시 뜨지도 않았습니다.
이제 RMF 는 주문을 받지 못하고, RViz 에서는 경로와 로봇이 사라집니다 —
그 둘을 내는 /nav_graphs · /fleet_states 가 이 어댑터에서만 나옵니다.
Gazebo 와 Nav2 는 그대로 살아 있어 토픽은 계속 옵니다. 그래서 겉으로는
멀쩡해 보입니다.

가장 흔한 원인은 로봇 ID 입니다. RMF 가 ID 로 토픽을 만드는데
(rmf/dynamic_event/begin/<플릿>/<로봇>) 영문·숫자·밑줄만 쓸 수 있습니다.
하이픈이 들어간 ID 는 로봇을 플릿에 붙이는 순간 어댑터를 죽입니다.

무엇이 있었는지: /home/gyi/robosapiens/rmf_maps/project1/project1.log
오류만 모은 것: /home/gyi/robosapiens/rmf_maps/project1/project1.err.log
[schedule_visualizer_node-4] [INFO] [1786675307.298274020] [schedule_data_node]: Requesting new schedule update because update timed out
[schedule_visualizer_node-4] [INFO] [1786675307.298343384] [schedule_data_node]: [rmf_traffic_ros2::MirrorManager::request_update] Requesting changes for query ID [1] since beginning of recorded history
[rmf_traffic_schedule-1] [INFO] [1786675307.302641891] [rmf_traffic_schedule_primary]: [ScheduleNode::update_mirrors] Sending remedial update starting from the beginning going to 9 for query 1
[schedule_visualizer_node-4] [INFO] [1786675327.316648917] [schedule_data_node]: Requesting new schedule update because update timed out
[schedule_visualizer_node-4] [INFO] [1786675327.316708597] [schedule_data_node]: [rmf_traffic_ros2::MirrorManager::request_update] Requesting changes for query ID [1] since version [9]
[schedule_visualizer_node-4] [INFO] [1786675347.315933417] [schedule_data_node]: Requesting new schedule update because update timed out
[schedule_visualizer_node-4] [INFO] [1786675347.316008246] [schedule_data_node]: [rmf_traffic_ros2::MirrorManager::request_update] Requesting changes for query ID [1] since beginning of recorded history
[rmf_traffic_schedule-1] [INFO] [1786675347.322838771] [rmf_traffic_schedule_primary]: [ScheduleNode::update_mirrors] Sending remedial update starting from the beginning going to 10 for query 1
[schedule_visualizer_node-4] [INFO] [1786675367.338647425] [schedule_data_node]: Requesting new schedule update because update timed out
[schedule_visualizer_node-4] [INFO] [1786675367.338702728] [schedule_data_node]: [rmf_traffic_ros2::MirrorManager::request_update] Requesting changes for query ID [1] since version [10]
[schedule_visualizer_node-4] [INFO] [1786675387.338685292] [schedule_data_node]: Requesting new schedule update because update timed out
[schedule_visualizer_node-4] [INFO] [1786675387.338747780] [schedule_data_node]: [rmf_traffic_ros2::MirrorManager::request_update] Requesting changes for query ID [1] since beginning of recorded history
[rmf_traffic_schedule-1] [INFO] [1786675387.342746784] [rmf_traffic_schedule_primary]: [ScheduleNode::update_mirrors] Sending remedial update starting from the beginning going to 11 for query 1
[schedule_visualizer_node-4] [INFO] [1786675407.348252265] [schedule_data_node]: Requesting new schedule update because update timed out
[schedule_visualizer_node-4] [INFO] [1786675407.348342579] [schedule_data_node]: [rmf_traffic_ros2::MirrorManager::request_update] Requesting changes for query ID [1] since version [11]
[schedule_visualizer_node-4] [INFO] [1786675427.347760352] [schedule_data_node]: Requesting new schedule update because update timed out
[schedule_visualizer_node-4] [INFO] [1786675427.347815672] [schedule_data_node]: [rmf_traffic_ros2::MirrorManager::request_update] Requesting changes for query ID [1] since beginning of recorded history
[rmf_traffic_schedule-1] [INFO] [1786675427.352666102] [rmf_traffic_schedule_primary]: [ScheduleNode::update_mirrors] Sending remedial update starting from the beginning going to 11 for query 1
[schedule_visualizer_node-4] [INFO] [1786675447.357255300] [schedule_data_node]: Requesting new schedule update because update timed out
[schedule_visualizer_node-4] [INFO] [1786675447.357320128] [schedule_data_node]: [rmf_traffic_ros2::MirrorManager::request_update] Requesting changes for query ID [1] since version [11]
[schedule_visualizer_node-4] [INFO] [1786675467.357287961] [schedule_data_node]: Requesting new schedule update because update timed out
[schedule_visualizer_node-4] [INFO] [1786675467.357368562] [schedule_data_node]: [rmf_traffic_ros2::MirrorManager::request_update] Requesting changes for query ID [1] since beginning of recorded history
[rmf_traffic_schedule-1] [INFO] [1786675467.363117228] [rmf_traffic_schedule_primary]: [ScheduleNode::update_mirrors] Sending remedial update starting from the beginning going to 12 for query 1
[schedule_visualizer_node-4] [INFO] [1786675487.384042623] [schedule_data_node]: Requesting new schedule update because update timed out
[schedule_visualizer_node-4] [INFO] [1786675487.384103968] [schedule_data_node]: [rmf_traffic_ros2::MirrorManager::request_update] Requesting changes for query ID [1] since version [12]
[schedule_visualizer_node-4] [INFO] [1786675507.384110335] [schedule_data_node]: Requesting new schedule update because update timed out
[schedule_visualizer_node-4] [INFO] [1786675507.384193897] [schedule_data_node]: [rmf_traffic_ros2::MirrorManager::request_update] Requesting changes for query ID [1] since beginning of recorded history
[rmf_traffic_schedule-1] [INFO] [1786675507.392578028] [rmf_traffic_schedule_primary]: [ScheduleNode::update_mirrors] Sending remedial update starting from the beginning going to 13 for query 1
[schedule_visualizer_node-4] [INFO] [1786675527.392835407] [schedule_data_node]: Requesting new schedule update because update timed out
[schedule_visualizer_node-4] [INFO] [1786675527.392892797] [schedule_data_node]: [rmf_traffic_ros2::MirrorManager::request_update] Requesting changes for query ID [1] since version [13]
[schedule_visualizer_node-4] [INFO] [1786675547.392838701] [schedule_data_node]: Requesting new schedule update because update timed out
[schedule_visualizer_node-4] [INFO] [1786675547.392909490] [schedule_data_node]: [rmf_traffic_ros2::MirrorManager::request_update] Requesting changes for query ID [1] since beginning of recorded history
[rmf_traffic_schedule-1] [INFO] [1786675547.404205791] [rmf_traffic_schedule_primary]: [ScheduleNode::update_mirrors] Sending remedial update starting from the beginning going to 13 for query 1
[schedule_visualizer_node-4] [INFO] [1786675567.407552230] [schedule_data_node]: Requesting new schedule update because update timed out
[schedule_visualizer_node-4] [INFO] [1786675567.407620386] [schedule_data_node]: [rmf_traffic_ros2::MirrorManager::request_update] Requesting changes for query ID [1] since version [13]
[rmf_traffic_schedule-1] [INFO] [1786675576.788039790] [rmf_traffic_schedule_primary]: A new mirror is tracking query ID [1]
[schedule_visualizer_node-4] [INFO] [1786675576.792134579] [schedule_data_node]: Mirror handling new sync of 1 queries from schedule node [30037f9d-a6fa-4f05-86db-a2e646e33d56]
[schedule_visualizer_node-4] [INFO] [1786675587.407532520] [schedule_data_node]: Requesting new schedule update because update timed out
[schedule_visualizer_node-4] [INFO] [1786675587.407595319] [schedule_data_node]: [rmf_traffic_ros2::MirrorManager::request_update] Requesting changes for query ID [1] since beginning of recorded history
[rmf_traffic_schedule-1] [INFO] [1786675587.412828065] [rmf_traffic_schedule_primary]: [ScheduleNode::update_mirrors] Sending remedial update starting from the beginning going to 14 for query 1
[rmf_traffic_schedule-1] [INFO] [1786675593.693301399] [rmf_traffic_schedule_primary]: Registered participant [4] named [pinky_02] owned by [project1_pinky]
[rmf_traffic_schedule-1] [INFO] [1786675593.693870162] [rmf_traffic_schedule_primary]: Registered participant [5] named [pinky_01] owned by [project1_pinky]
[schedule_visualizer_node-4] [INFO] [1786675607.423044535] [schedule_data_node]: Requesting new schedule update because update timed out
[schedule_visualizer_node-4] [INFO] [1786675607.423096624] [schedule_data_node]: [rmf_traffic_ros2::MirrorManager::request_update] Requesting changes for query ID [1] since version [14]
[schedule_visualizer_node-4] [INFO] [1786675627.423209606] [schedule_data_node]: Requesting new schedule update because update timed out
[schedule_visualizer_node-4] [INFO] [1786675627.423280585] [schedule_data_node]: [rmf_traffic_ros2::MirrorManager::request_update] Requesting changes for query ID [1] since beginning of recorded history
[rmf_traffic_schedule-1] [INFO] [1786675627.433156453] [rmf_traffic_schedule_primary]: [ScheduleNode::update_mirrors] Sending remedial update starting from the beginning going to 15 for query 1
[schedule_visualizer_node-4] [INFO] [1786675647.433818527] [schedule_data_node]: Requesting new schedule update because update timed out
[schedule_visualizer_node-4] [INFO] [1786675647.433881916] [schedule_data_node]: [rmf_traffic_ros2::MirrorManager::request_update] Requesting changes for query ID [1] since version [15]
[schedule_visualizer_node-4] [INFO] [1786675667.433823473] [schedule_data_node]: Requesting new schedule update because update timed out
[schedule_visualizer_node-4] [INFO] [1786675667.433897375] [schedule_data_node]: [rmf_traffic_ros2::MirrorManager::request_update] Requesting changes for query ID [1] since beginning of recorded history
[rmf_traffic_schedule-1] [INFO] [1786675667.442986099] [rmf_traffic_schedule_primary]: [ScheduleNode::update_mirrors] Sending remedial update starting from the beginning going to 15 for query 1
[rmf_traffic_schedule-1] [INFO] [1786675674.415828225] [rmf_traffic_schedule_primary]: A new mirror is tracking query ID [1]
[schedule_visualizer_node-4] [INFO] [1786675674.420318999] [schedule_data_node]: Mirror handling new sync of 1 queries from schedule node [30037f9d-a6fa-4f05-86db-a2e646e33d56]
[schedule_visualizer_node-4] [INFO] [1786675687.446122670] [schedule_data_node]: Requesting new schedule update because update timed out
[schedule_visualizer_node-4] [INFO] [1786675687.446190563] [schedule_data_node]: [rmf_traffic_ros2::MirrorManager::request_update] Requesting changes for query ID [1] since version [15]
[rmf_traffic_schedule-1] [INFO] [1786675692.491581452] [rmf_traffic_schedule_primary]: Registered participant [4] named [pinky_02] owned by [project1_pinky]
[rmf_traffic_schedule-1] [INFO] [1786675692.492153975] [rmf_traffic_schedule_primary]: Registered participant [5] named [pinky_01] owned by [project1_pinky]
[schedule_visualizer_node-4] [INFO] [1786675707.446112211] [schedule_data_node]: Requesting new schedule update because update timed out
[schedule_visualizer_node-4] [INFO] [1786675707.446203407] [schedule_data_node]: [rmf_traffic_ros2::MirrorManager::request_update] Requesting changes for query ID [1] since beginning of recorded history
[rmf_traffic_schedule-1] [INFO] [1786675707.453124483] [rmf_traffic_schedule_primary]: [ScheduleNode::update_mirrors] Sending remedial update starting from the beginning going to 16 for query 1
[schedule_visualizer_node-4] [INFO] [1786675727.457091941] [schedule_data_node]: Requesting new schedule update because update timed out
[schedule_visualizer_node-4] [INFO] [1786675727.457152891] [schedule_data_node]: [rmf_traffic_ros2::MirrorManager::request_update] Requesting changes for query ID [1] since version [16]
[schedule_visualizer_node-4] [INFO] [1786675747.457126935] [schedule_data_node]: Requesting new schedule update because update timed out
[schedule_visualizer_node-4] [INFO] [1786675747.457206575] [schedule_data_node]: [rmf_traffic_ros2::MirrorManager::request_update] Requesting changes for query ID [1] since beginning of recorded history
[rmf_traffic_schedule-1] [INFO] [1786675747.462614885] [rmf_traffic_schedule_primary]: [ScheduleNode::update_mirrors] Sending remedial update starting from the beginning going to 17 for query 1
[rmf_traffic_schedule-1] [INFO] [1786675759.788878010] [rmf_traffic_schedule_primary]: A new mirror is tracking query ID [1]
[schedule_visualizer_node-4] [INFO] [1786675759.790598463] [schedule_data_node]: Mirror handling new sync of 1 queries from schedule node [30037f9d-a6fa-4f05-86db-a2e646e33d56]
[schedule_visualizer_node-4] [INFO] [1786675767.467981145] [schedule_data_node]: Requesting new schedule update because update timed out
[schedule_visualizer_node-4] [INFO] [1786675767.468038713] [schedule_data_node]: [rmf_traffic_ros2::MirrorManager::request_update] Requesting changes for query ID [1] since version [17]
[rmf_traffic_schedule-1] [INFO] [1786675777.396530493] [rmf_traffic_schedule_primary]: Registered participant [4] named [pinky_02] owned by [project1_pinky]
[rmf_traffic_schedule-1] [INFO] [1786675777.396967769] [rmf_traffic_schedule_primary]: Registered participant [5] named [pinky_01] owned by [project1_pinky]
[schedule_visualizer_node-4] [INFO] [1786675787.467981646] [schedule_data_node]: Requesting new schedule update because update timed out
[schedule_visualizer_node-4] [INFO] [1786675787.468038610] [schedule_data_node]: [rmf_traffic_ros2::MirrorManager::request_update] Requesting changes for query ID [1] since beginning of recorded history
[rmf_traffic_schedule-1] [INFO] [1786675787.475089721] [rmf_traffic_schedule_primary]: [ScheduleNode::update_mirrors] Sending remedial update starting from the beginning going to 17 for query 1
[schedule_visualizer_node-4] [INFO] [1786675807.517760228] [schedule_data_node]: Requesting new schedule update because update timed out
[schedule_visualizer_node-4] [INFO] [1786675807.517823577] [schedule_data_node]: [rmf_traffic_ros2::MirrorManager::request_update] Requesting changes for query ID [1] since version [17]
[schedule_visualizer_node-4] [INFO] [1786675827.517665513] [schedule_data_node]: Requesting new schedule update because update timed out
[schedule_visualizer_node-4] [INFO] [1786675827.517726907] [schedule_data_node]: [rmf_traffic_ros2::MirrorManager::request_update] Requesting changes for query ID [1] since beginning of recorded history
[rmf_traffic_schedule-1] [INFO] [1786675827.522667309] [rmf_traffic_schedule_primary]: [ScheduleNode::update_mirrors] Sending remedial update starting from the beginning going to 18 for query 1
[rmf_traffic_schedule-1] [INFO] [1786675843.398269402] [rmf_traffic_schedule_primary]: A new mirror is tracking query ID [1]
[schedule_visualizer_node-4] [INFO] [1786675843.398849208] [schedule_data_node]: Mirror handling new sync of 1 queries from schedule node [30037f9d-a6fa-4f05-86db-a2e646e33d56]
[schedule_visualizer_node-4] [INFO] [1786675847.528049873] [schedule_data_node]: Requesting new schedule update because update timed out
[schedule_visualizer_node-4] [INFO] [1786675847.528106704] [schedule_data_node]: [rmf_traffic_ros2::MirrorManager::request_update] Requesting changes for query ID [1] since version [18]
[rmf_traffic_schedule-1] [INFO] [1786675861.046714546] [rmf_traffic_schedule_primary]: Registered participant [4] named [pinky_02] owned by [project1_pinky]
[rmf_traffic_schedule-1] [INFO] [1786675863.462650330] [rmf_traffic_schedule_primary]: [ScheduleNode::update_mirrors] Sending remedial update starting from the beginning going to 18 for query 1
[rmf_traffic_schedule-1] [INFO] [1786675865.103500756] [rmf_traffic_schedule_primary]: Registered participant [5] named [pinky_01] owned by [project1_pinky]
[schedule_visualizer_node-4] [INFO] [1786675883.462982325] [schedule_data_node]: Requesting new schedule update because update timed out
[schedule_visualizer_node-4] [INFO] [1786675883.463024273] [schedule_data_node]: [rmf_traffic_ros2::MirrorManager::request_update] Requesting changes for query ID [1] since version [18]
[schedule_visualizer_node-4] [INFO] [1786675903.463015878] [schedule_data_node]: Requesting new schedule update because update timed out
[schedule_visualizer_node-4] [INFO] [1786675903.463072836] [schedule_data_node]: [rmf_traffic_ros2::MirrorManager::request_update] Requesting changes for query ID [1] since beginning of recorded history
[rmf_traffic_schedule-1] [INFO] [1786675903.472573442] [rmf_traffic_schedule_primary]: [ScheduleNode::update_mirrors] Sending remedial update starting from the beginning going to 19 for query 1
[schedule_visualizer_node-4] [INFO] [1786675923.472830500] [schedule_data_node]: Requesting new schedule update because update timed out
[schedule_visualizer_node-4] [INFO] [1786675923.472880486] [schedule_data_node]: [rmf_traffic_ros2::MirrorManager::request_update] Requesting changes for query ID [1] since version [19]
[rmf_traffic_schedule-1] [INFO] [1786675934.719589419] [rmf_traffic_schedule_primary]: A new mirror is tracking query ID [1]
[schedule_visualizer_node-4] [INFO] [1786675934.721219006] [schedule_data_node]: Mirror handling new sync of 1 queries from schedule node [30037f9d-a6fa-4f05-86db-a2e646e33d56]
[schedule_visualizer_node-4] [INFO] [1786675943.472847037] [schedule_data_node]: Requesting new schedule update because update timed out
[schedule_visualizer_node-4] [INFO] [1786675943.472893296] [schedule_data_node]: [rmf_traffic_ros2::MirrorManager::request_update] Requesting changes for query ID [1] since beginning of recorded history
[rmf_traffic_schedule-1] [INFO] [1786675943.482622323] [rmf_traffic_schedule_primary]: [ScheduleNode::update_mirrors] Sending remedial update starting from the beginning going to 20 for query 1
[rmf_traffic_schedule-1] [INFO] [1786675951.952565226] [rmf_traffic_schedule_primary]: Registered participant [4] named [pinky_02] owned by [project1_pinky]
[rmf_traffic_schedule-1] [INFO] [1786675955.801676981] [rmf_traffic_schedule_primary]: Registered participant [5] named [pinky_01] owned by [project1_pinky]
[schedule_visualizer_node-4] [INFO] [1786675963.482918332] [schedule_data_node]: Requesting new schedule update because update timed out
[schedule_visualizer_node-4] [INFO] [1786675963.482973204] [schedule_data_node]: [rmf_traffic_ros2::MirrorManager::request_update] Requesting changes for query ID [1] since version [20]
[schedule_visualizer_node-4] [INFO] [1786675983.482924127] [schedule_data_node]: Requesting new schedule update because update timed out
[schedule_visualizer_node-4] [INFO] [1786675983.482973790] [schedule_data_node]: [rmf_traffic_ros2::MirrorManager::request_update] Requesting changes for query ID [1] since beginning of recorded history
[rmf_traffic_schedule-1] [INFO] [1786675983.492588351] [rmf_traffic_schedule_primary]: [ScheduleNode::update_mirrors] Sending remedial update starting from the beginning going to 20 for query 1
[schedule_visualizer_node-4] [INFO] [1786676003.492859985] [schedule_data_node]: Requesting new schedule update because update timed out
[schedule_visualizer_node-4] [INFO] [1786676003.492906317] [schedule_data_node]: [rmf_traffic_ros2::MirrorManager::request_update] Requesting changes for query ID [1] since version [20]
[rmf_traffic_schedule-1] [INFO] [1786676022.714952969] [rmf_traffic_schedule_primary]: A new mirror is tracking query ID [1]
[schedule_visualizer_node-4] [INFO] [1786676022.715313434] [schedule_data_node]: Mirror handling new sync of 1 queries from schedule node [30037f9d-a6fa-4f05-86db-a2e646e33d56]
[schedule_visualizer_node-4] [INFO] [1786676023.492890664] [schedule_data_node]: Requesting new schedule update because update timed out
[schedule_visualizer_node-4] [INFO] [1786676023.492940907] [schedule_data_node]: [rmf_traffic_ros2::MirrorManager::request_update] Requesting changes for query ID [1] since beginning of recorded history
[rmf_traffic_schedule-1] [INFO] [1786676023.502631302] [rmf_traffic_schedule_primary]: [ScheduleNode::update_mirrors] Sending remedial update starting from the beginning going to 21 for query 1
[rmf_traffic_schedule-1] [INFO] [1786676039.950656092] [rmf_traffic_schedule_primary]: Registered participant [5] named [pinky_01] owned by [project1_pinky]
[schedule_visualizer_node-4] [INFO] [1786676043.502966240] [schedule_data_node]: Requesting new schedule update because update timed out
[schedule_visualizer_node-4] [INFO] [1786676043.503017473] [schedule_data_node]: [rmf_traffic_ros2::MirrorManager::request_update] Requesting changes for query ID [1] since version [21]
[schedule_visualizer_node-4] [INFO] [1786676063.502992792] [schedule_data_node]: Requesting new schedule update because update timed out
[schedule_visualizer_node-4] [INFO] [1786676063.503053999] [schedule_data_node]: [rmf_traffic_ros2::MirrorManager::request_update] Requesting changes for query ID [1] since beginning of recorded history
[rmf_traffic_schedule-1] [INFO] [1786676063.512603585] [rmf_traffic_schedule_primary]: [ScheduleNode::update_mirrors] Sending remedial update starting from the beginning going to 22 for query 1
[schedule_visualizer_node-4] [INFO] [1786676083.512910298] [schedule_data_node]: Requesting new schedule update because update timed out
[schedule_visualizer_node-4] [INFO] [1786676083.512970727] [schedule_data_node]: [rmf_traffic_ros2::MirrorManager::request_update] Requesting changes for query ID [1] since version [22]
[schedule_visualizer_node-4] [INFO] [1786676103.512902244] [schedule_data_node]: Requesting new schedule update because update timed out
[schedule_visualizer_node-4] [INFO] [1786676103.512967202] [schedule_data_node]: [rmf_traffic_ros2::MirrorManager::request_update] Requesting changes for query ID [1] since beginning of recorded history
[rmf_traffic_schedule-1] [INFO] [1786676103.522644113] [rmf_traffic_schedule_primary]: [ScheduleNode::update_mirrors] Sending remedial update starting from the beginning going to 22 for query 1
[schedule_visualizer_node-4] [INFO] [1786676123.523741362] [schedule_data_node]: Requesting new schedule update because update timed out
[schedule_visualizer_node-4] [INFO] [1786676123.526075611] [schedule_data_node]: [rmf_traffic_ros2::MirrorManager::request_update] Requesting changes for query ID [1] since version [22]
[schedule_visualizer_node-4] [INFO] [1786676143.662677735] [schedule_data_node]: Requesting new schedule update because update timed out
[schedule_visualizer_node-4] [INFO] [1786676143.900057865] [schedule_data_node]: [rmf_traffic_ros2::MirrorManager::request_update] Requesting changes for query ID [1] since beginning of recorded history
[lifecycle_manager-11] [INFO] [1786676147.571648944] [pinky_01.lifecycle_manager_navigation]: [34m[1mHave not received a heartbeat from velocity_smoother.[0m[0m
[lifecycle_manager-20] [INFO] [1786676147.571648525] [pinky_02.lifecycle_manager_navigation]: [34m[1mHave not received a heartbeat from velocity_smoother.[0m[0m
[rmf_traffic_schedule-1] [INFO] [1786676148.120810721] [rmf_traffic_schedule_primary]: [ScheduleNode::update_mirrors] Sending remedial update starting from the beginning going to 23 for query 1
[lifecycle_manager-11] [ERROR] [1786676147.654994874] [pinky_01.lifecycle_manager_navigation]: CRITICAL FAILURE: SERVER velocity_smoother IS DOWN after not receiving a heartbeat for 4000 ms. Shutting down related nodes.
[lifecycle_manager-11] [INFO] [1786676147.844966863] [pinky_01.lifecycle_manager_navigation]: [34m[1mTerminating bond timer...[0m[0m
[lifecycle_manager-11] [INFO] [1786676147.934328941] [pinky_01.lifecycle_manager_navigation]: [34m[1mResetting managed nodes...[0m[0m
[lifecycle_manager-11] [INFO] [1786676147.987139882] [pinky_01.lifecycle_manager_navigation]: [34m[1mDeactivating velocity_smoother[0m[0m
[lifecycle_manager-20] [ERROR] [1786676147.654992801] [pinky_02.lifecycle_manager_navigation]: CRITICAL FAILURE: SERVER velocity_smoother IS DOWN after not receiving a heartbeat for 4000 ms. Shutting down related nodes.
[lifecycle_manager-20] [INFO] [1786676147.844971443] [pinky_02.lifecycle_manager_navigation]: [34m[1mTerminating bond timer...[0m[0m
[lifecycle_manager-20] [INFO] [1786676147.934330280] [pinky_02.lifecycle_manager_navigation]: [34m[1mResetting managed nodes...[0m[0m
[lifecycle_manager-20] [INFO] [1786676147.987142691] [pinky_02.lifecycle_manager_navigation]: [34m[1mDeactivating velocity_smoother[0m[0m
[velocity_smoother-19] [INFO] [1786676148.261863496] [pinky_02.velocity_smoother]: Deactivating
[velocity_smoother-10] [INFO] [1786676148.261866821] [pinky_01.velocity_smoother]: Deactivating
[velocity_smoother-19] [INFO] [1786676148.816180369] [pinky_02.velocity_smoother]: Destroying bond (velocity_smoother) to lifecycle manager.
[velocity_smoother-10] [INFO] [1786676148.816180118] [pinky_01.velocity_smoother]: Destroying bond (velocity_smoother) to lifecycle manager.
[schedule_visualizer_node-4] [INFO] [1786676180.578549981] [schedule_data_node]: Requesting new schedule update because update timed out
[schedule_visualizer_node-4] [INFO] [1786676181.151125195] [schedule_data_node]: [rmf_traffic_ros2::MirrorManager::request_update] Requesting changes for query ID [1] since version [23]
[lifecycle_manager-11] [INFO] [1786676183.324141381] [pinky_01.lifecycle_manager_navigation]: [34m[1mDeactivating waypoint_follower[0m[0m
[lifecycle_manager-20] [INFO] [1786676183.324143296] [pinky_02.lifecycle_manager_navigation]: [34m[1mDeactivating waypoint_follower[0m[0m
[waypoint_follower-9] [INFO] [1786676184.390577390] [pinky_01.waypoint_follower]: Deactivating
[waypoint_follower-9] [INFO] [1786676184.960656771] [pinky_01.waypoint_follower]: Destroying bond (waypoint_follower) to lifecycle manager.
[waypoint_follower-18] [INFO] [1786676184.390603288] [pinky_02.waypoint_follower]: Deactivating
[waypoint_follower-18] [INFO] [1786676184.960660879] [pinky_02.waypoint_follower]: Destroying bond (waypoint_follower) to lifecycle manager.
[schedule_visualizer_node-4] [INFO] [1786676200.335484003] [schedule_data_node]: Requesting new schedule update because update timed out
[schedule_visualizer_node-4] [INFO] [1786676200.468550731] [schedule_data_node]: [rmf_traffic_ros2::MirrorManager::request_update] Requesting changes for query ID [1] since beginning of recorded history
[rmf_traffic_schedule-1] [INFO] [1786676203.244618806] [rmf_traffic_schedule_primary]: [ScheduleNode::update_mirrors] Sending remedial update starting from the beginning going to 24 for query 1
[lifecycle_manager-20] [INFO] [1786676214.662440624] [pinky_02.lifecycle_manager_navigation]: [34m[1mDeactivating bt_navigator[0m[0m
[lifecycle_manager-11] [INFO] [1786676214.662448263] [pinky_01.lifecycle_manager_navigation]: [34m[1mDeactivating bt_navigator[0m[0m
[bt_navigator-17] [INFO] [1786676214.837352477] [pinky_02.bt_navigator]: Deactivating
[bt_navigator-8] [INFO] [1786676214.837342127] [pinky_01.bt_navigator]: Deactivating
[bt_navigator-8] [INFO] [1786676215.147225544] [pinky_01.bt_navigator]: Destroying bond (bt_navigator) to lifecycle manager.
[bt_navigator-17] [INFO] [1786676215.147448402] [pinky_02.bt_navigator]: Destroying bond (bt_navigator) to lifecycle manager.
[schedule_visualizer_node-4] [INFO] [1786676224.892130609] [schedule_data_node]: Requesting new schedule update because update timed out
[schedule_visualizer_node-4] [INFO] [1786676225.056433993] [schedule_data_node]: [rmf_traffic_ros2::MirrorManager::request_update] Requesting changes for query ID [1] since version [24]
[schedule_visualizer_node-4] [INFO] [1786676244.885350252] [schedule_data_node]: Requesting new schedule update because update timed out
[schedule_visualizer_node-4] [INFO] [1786676245.068631055] [schedule_data_node]: [rmf_traffic_ros2::MirrorManager::request_update] Requesting changes for query ID [1] since beginning of recorded history
[rmf_traffic_schedule-1] [INFO] [1786676249.457608194] [rmf_traffic_schedule_primary]: [ScheduleNode::update_mirrors] Sending remedial update starting from the beginning going to 25 for query 1
[lifecycle_manager-20] [INFO] [1786676268.612584682] [pinky_02.lifecycle_manager_navigation]: [34m[1mDeactivating behavior_server[0m[0m
[behavior_server-16] [INFO] [1786676268.848656299] [pinky_02.behavior_server]: Deactivating
[behavior_server-16] [INFO] [1786676269.128116632] [pinky_02.behavior_server]: Destroying bond (behavior_server) to lifecycle manager.
[lifecycle_manager-11] [INFO] [1786676270.245711262] [pinky_01.lifecycle_manager_navigation]: [34m[1mDeactivating behavior_server[0m[0m
[behavior_server-7] [INFO] [1786676270.577034264] [pinky_01.behavior_server]: Deactivating
[behavior_server-7] [INFO] [1786676270.840793395] [pinky_01.behavior_server]: Destroying bond (behavior_server) to lifecycle manager.
[schedule_visualizer_node-4] [INFO] [1786676272.864562777] [schedule_data_node]: Requesting new schedule update because update timed out
[schedule_visualizer_node-4] [INFO] [1786676273.005475716] [schedule_data_node]: [rmf_traffic_ros2::MirrorManager::request_update] Requesting changes for query ID [1] since version [25]
[schedule_visualizer_node-4] [INFO] [1786676292.990014527] [schedule_data_node]: Requesting new schedule update because update timed out
[schedule_visualizer_node-4] [INFO] [1786676293.249654131] [schedule_data_node]: [rmf_traffic_ros2::MirrorManager::request_update] Requesting changes for query ID [1] since beginning of recorded history
[rmf_traffic_schedule-1] [INFO] [1786676298.983970409] [rmf_traffic_schedule_primary]: [ScheduleNode::update_mirrors] Sending remedial update starting from the beginning going to 26 for query 1
[lifecycle_manager-20] [INFO] [1786676307.643515444] [pinky_02.lifecycle_manager_navigation]: [34m[1mDeactivating planner_server[0m[0m
[planner_server-15] [INFO] [1786676308.561339384] [pinky_02.planner_server]: Deactivating
[planner_server-15] [INFO] [1786676308.877732731] [pinky_02.global_costmap.global_costmap]: Deactivating
[planner_server-15] [INFO] [1786676310.648879518] [pinky_02.planner_server]: Deactivating plugin GridBased of type NavfnPlanner
[lifecycle_manager-11] [INFO] [1786676310.654731003] [pinky_01.lifecycle_manager_navigation]: [34m[1mDeactivating planner_server[0m[0m
[planner_server-15] [INFO] [1786676311.105322740] [pinky_02.planner_server]: Destroying bond (planner_server) to lifecycle manager.
[schedule_visualizer_node-4] [INFO] [1786676325.840456579] [schedule_data_node]: Requesting new schedule update because update timed out
[schedule_visualizer_node-4] [INFO] [1786676327.304562380] [schedule_data_node]: [rmf_traffic_ros2::MirrorManager::request_update] Requesting changes for query ID [1] since version [26]
[planner_server-6] [INFO] [1786676311.569870530] [pinky_01.planner_server]: Deactivating
[planner_server-6] [INFO] [1786676311.942779412] [pinky_01.global_costmap.global_costmap]: Deactivating
[planner_server-6] [INFO] [1786676313.790845665] [pinky_01.planner_server]: Deactivating plugin GridBased of type NavfnPlanner
[planner_server-6] [INFO] [1786676314.675806322] [pinky_01.planner_server]: Destroying bond (planner_server) to lifecycle manager.
[schedule_visualizer_node-4] [INFO] [1786676380.260112954] [schedule_data_node]: Requesting new schedule update because update timed out
[lifecycle_manager-20] [INFO] [1786676379.528631320] [pinky_02.lifecycle_manager_navigation]: [34m[1mDeactivating smoother_server[0m[0m
[schedule_visualizer_node-4] [INFO] [1786676381.050607501] [schedule_data_node]: [rmf_traffic_ros2::MirrorManager::request_update] Requesting changes for query ID [1] since beginning of recorded history
[lifecycle_manager-11] [INFO] [1786676379.528631650] [pinky_01.lifecycle_manager_navigation]: [34m[1mDeactivating smoother_server[0m[0m
[schedule_visualizer_node-4] [WARN] [1786676381.880454264] [schedule_data_node]: [MirrorManager::request_update] Waiting for change request service to reconnect for [30037f9d-a6fa-4f05-86db-a2e646e33d56] before sending a change request.
[smoother_server-5] [INFO] [1786676382.620293988] [pinky_01.smoother_server]: Deactivating
[smoother_server-5] [INFO] [1786676383.947132341] [pinky_01.smoother_server]: Destroying bond (smoother_server) to lifecycle manager.
[smoother_server-14] [INFO] [1786676382.827762646] [pinky_02.smoother_server]: Deactivating
[smoother_server-14] [INFO] [1786676384.511212257] [pinky_02.smoother_server]: Destroying bond (smoother_server) to lifecycle manager.
[lifecycle_manager-2] [INFO] [1786676394.668400405] [lifecycle_manager_map]: [34m[1mHave not received a heartbeat from map_server.[0m[0m
[lifecycle_manager-2] [ERROR] [1786676395.049269682] [lifecycle_manager_map]: CRITICAL FAILURE: SERVER map_server IS DOWN after not receiving a heartbeat for 4000 ms. Shutting down related nodes.
[lifecycle_manager-2] [INFO] [1786676395.658974926] [lifecycle_manager_map]: [34m[1mTerminating bond timer...[0m[0m
[lifecycle_manager-2] [INFO] [1786676396.237952272] [lifecycle_manager_map]: [34m[1mResetting managed nodes...[0m[0m
[lifecycle_manager-2] [INFO] [1786676396.840683110] [lifecycle_manager_map]: [34m[1mDeactivating map_server[0m[0m
[map_server-1] [INFO] [1786676400.060965447] [map_server]: Deactivating
[map_server-1] [INFO] [1786676400.833926842] [map_server]: Destroying bond (map_server) to lifecycle manager.
[schedule_visualizer_node-4] [INFO] [1786676420.042508940] [schedule_data_node]: Requesting new schedule update because update timed out
[schedule_visualizer_node-4] [INFO] [1786676420.760445132] [schedule_data_node]: [rmf_traffic_ros2::MirrorManager::request_update] Requesting changes for query ID [1] since beginning of recorded history
[schedule_visualizer_node-4] [INFO] [1786676427.263157543] [schedule_data_node]: Requesting new schedule update because update timed out
[schedule_visualizer_node-4] [INFO] [1786676427.702468166] [schedule_data_node]: [rmf_traffic_ros2::MirrorManager::request_update] Requesting changes for query ID [1] since beginning of recorded history
[rmf_traffic_schedule-1] [INFO] [1786676431.881334456] [rmf_traffic_schedule_primary]: [ScheduleNode::update_mirrors] Sending remedial update starting from the beginning going to 28 for query 1
  ↑ 같은 줄 1번 더
[lifecycle_manager-11] [INFO] [1786676457.385234475] [pinky_01.lifecycle_manager_navigation]: [34m[1mDeactivating controller_server[0m[0m
[schedule_visualizer_node-4] [INFO] [1786676457.872677732] [schedule_data_node]: Requesting new schedule update because update timed out
[controller_server-4] [INFO] [1786676461.113051404] [pinky_01.controller_server]: Deactivating
[schedule_visualizer_node-4] [INFO] [1786676458.385875353] [schedule_data_node]: [rmf_traffic_ros2::MirrorManager::request_update] Requesting changes for query ID [1] since beginning of recorded history
[schedule_visualizer_node-4] [WARN] [1786676458.793517701] [schedule_data_node]: [MirrorManager::request_update] Waiting for change request service to reconnect for [30037f9d-a6fa-4f05-86db-a2e646e33d56] before sending a change request.
[controller_server-4] [INFO] [1786676461.537618052] [pinky_01.controller_server]: Deactivating controller: FollowPath of type regulated_pure_pursuit_controller::RegulatedPurePursuitController
[controller_server-4] [INFO] [1786676462.353257667] [pinky_01.local_costmap.local_costmap]: Deactivating
[lifecycle_manager-20] [INFO] [1786676468.706220241] [pinky_02.lifecycle_manager_navigation]: [34m[1mDeactivating controller_server[0m[0m
[controller_server-13] [INFO] [1786676472.088557289] [pinky_02.controller_server]: Deactivating
[controller_server-13] [INFO] [1786676472.729670771] [pinky_02.controller_server]: Deactivating controller: FollowPath of type regulated_pure_pursuit_controller::RegulatedPurePursuitController
[controller_server-13] [INFO] [1786676473.420013833] [pinky_02.local_costmap.local_costmap]: Deactivating
[controller_server-13] [INFO] [1786676478.992774085] [pinky_02.controller_server]: Destroying bond (controller_server) to lifecycle manager.
[schedule_visualizer_node-4] [INFO] [1786676489.883691822] [schedule_data_node]: Requesting new schedule update because update timed out
[controller_server-4] [INFO] [1786676478.992770193] [pinky_01.controller_server]: Destroying bond (controller_server) to lifecycle manager.
[schedule_visualizer_node-4] [INFO] [1786676490.479124964] [schedule_data_node]: [rmf_traffic_ros2::MirrorManager::request_update] Requesting changes for query ID [1] since version [28]
[lifecycle_manager-2] [INFO] [1786676484.836359298] [lifecycle_manager_map]: [34m[1mCleaning up map_server[0m[0m
[schedule_visualizer_node-4] [INFO] [1786676501.987186712] [schedule_data_node]: Requesting new schedule update because update timed out
[map_server-1] [INFO] [1786676486.802989883] [map_server]: Cleaning up
[schedule_visualizer_node-4] [INFO] [1786676503.138762666] [schedule_data_node]: [rmf_traffic_ros2::MirrorManager::request_update] Requesting changes for query ID [1] since version [28]
[lifecycle_manager-11] [INFO] [1786676522.311832388] [pinky_01.lifecycle_manager_navigation]: [34m[1mDeactivating amcl[0m[0m
[lifecycle_manager-20] [INFO] [1786676522.311835363] [pinky_02.lifecycle_manager_navigation]: [34m[1mDeactivating amcl[0m[0m
[amcl-3] [INFO] [1786676525.594036441] [pinky_01.amcl]: Deactivating
[amcl-3] [INFO] [1786676526.359237514] [pinky_01.amcl]: Destroying bond (amcl) to lifecycle manager.
[amcl-12] [INFO] [1786676525.594032559] [pinky_02.amcl]: Deactivating
[amcl-12] [INFO] [1786676526.359240718] [pinky_02.amcl]: Destroying bond (amcl) to lifecycle manager.
[schedule_visualizer_node-4] [INFO] [1786676566.723311241] [schedule_data_node]: Requesting new schedule update because update timed out
=== 2026-08-14 12:05:43 project1 실행 ===
Gazebo 창: true · RViz: false · ROS_DOMAIN_ID: 22
월드에 센서 시스템이 이미 있습니다.
월드에 충돌 검출기가 이미 지정돼 있습니다.
[1/3] Gazebo bringup
[INFO] [launch]: All log files can be found below /home/gyi/.ros/log/2026-08-14-12-05-45-559361-gyi-15UD50T-GX5JK-9517
[INFO] [launch]: Default logging verbosity is set to INFO
[INFO] [gazebo-1]: process started with pid [9625]
[INFO] [gazebo-2]: process started with pid [9626]
[INFO] [robot_state_publisher-3]: process started with pid [9627]
[INFO] [joint_state_publisher-4]: process started with pid [9630]
[INFO] [create-5]: process started with pid [9631]
[INFO] [robot_state_publisher-6]: process started with pid [9632]
[INFO] [joint_state_publisher-7]: process started with pid [9633]
[INFO] [create-8]: process started with pid [9634]
[INFO] [robot_state_publisher-9]: process started with pid [9635]
[INFO] [create-10]: process started with pid [9636]
[INFO] [spawner-11]: process started with pid [9637]
[INFO] [spawner-12]: process started with pid [9638]
[INFO] [spawner-13]: process started with pid [9639]
[INFO] [robot_state_publisher-14]: process started with pid [9640]
[INFO] [create-15]: process started with pid [9641]
[INFO] [spawner-16]: process started with pid [9642]
[INFO] [spawner-17]: process started with pid [9643]
[INFO] [spawner-18]: process started with pid [9644]
[INFO] [robot_state_publisher-19]: process started with pid [9645]
[INFO] [create-20]: process started with pid [9646]
[INFO] [spawner-21]: process started with pid [9647]
[INFO] [spawner-22]: process started with pid [9648]
[INFO] [spawner-23]: process started with pid [9649]
[INFO] [parameter_bridge-24]: process started with pid [9650]
[create-15] [INFO] [1786676748.470352339] [omx_02.ros_gz_sim]: Requesting list of world names.
[robot_state_publisher-19] [INFO] [1786676748.498186423] [omx_03.robot_state_publisher]: Robot initialized
[robot_state_publisher-9] [INFO] [1786676748.498486932] [omx_01.robot_state_publisher]: Robot initialized
[robot_state_publisher-3] [INFO] [1786676748.502127666] [pinky_01.robot_state_publisher]: Robot initialized
[create-10] [INFO] [1786676748.514286968] [omx_01.ros_gz_sim]: Requesting list of world names.
[create-8] [INFO] [1786676748.517618576] [pinky_02.ros_gz_sim]: Requesting list of world names.
[create-20] [INFO] [1786676748.529855458] [omx_03.ros_gz_sim]: Requesting list of world names.
[robot_state_publisher-14] [INFO] [1786676748.545067385] [omx_02.robot_state_publisher]: Robot initialized
[create-5] [INFO] [1786676748.551049330] [pinky_01.ros_gz_sim]: Requesting list of world names.
[robot_state_publisher-6] [INFO] [1786676748.555123287] [pinky_02.robot_state_publisher]: Robot initialized
[spawner-13] [INFO] [1786676749.120356930] [omx_01.spawner_gripper_controller]: waiting for service /omx_01/controller_manager/list_controllers to become available...
[joint_state_publisher-4] [INFO] [1786676749.125782535] [pinky_01.joint_state_publisher]: Waiting for robot_description to be published on the robot_description topic...
[gazebo-1] [1;33mWarning [Utils.cc:132][0m [/sdf/world[@name="sim_world"]/gui/window:/home/gyi/robosapiens/rmf_maps/project1/project1.world:L34]: XML Element[window], child of element[gui], not defined in SDF. Copying[window] as children of [gui].
[joint_state_publisher-7] [INFO] [1786676749.204587832] [pinky_02.joint_state_publisher]: Waiting for robot_description to be published on the robot_description topic...
[joint_state_publisher-7] [INFO] [1786676749.242433047] [pinky_02.joint_state_publisher]: Got description, configuring robot
[gazebo-2] [1;33m[GUI] [Wrn] [Application.cc:908] [0m[1;33m[QT] file:///usr/lib/x86_64-linux-gnu/qt5/qml/QtQuick/Dialogs/DefaultFileDialog.qml:413:17: QML ToolButton: Binding loop detected for property "implicitHeight"[0m[1;33m[0m
[gazebo-2] [1;33m[GUI] [Wrn] [Application.cc:908] [0m[1;33m[QT] file:///usr/lib/x86_64-linux-gnu/qt5/qml/QtQuick/Dialogs/DefaultFileDialog.qml:309:21: QML Button: Binding loop detected for property "implicitHeight"[0m[1;33m[0m
  ↑ 같은 줄 1번 더
[gazebo-2] [1;33m[GUI] [Wrn] [Application.cc:908] [0m[1;33m[QT] file:///usr/lib/x86_64-linux-gnu/qt5/qml/QtQuick/Dialogs/DefaultFileDialog.qml:413:17: QML ToolButton: Binding loop detected for property "implicitHeight"[0m[1;33m[0m
[gazebo-2] [1;33m[GUI] [Wrn] [Application.cc:908] [0m[1;33m[QT] file:///usr/lib/x86_64-linux-gnu/qt5/qml/QtQuick/Dialogs/DefaultFileDialog.qml:309:21: QML Button: Binding loop detected for property "implicitHeight"[0m[1;33m[0m
  ↑ 같은 줄 1번 더
[gazebo-1] [INFO] [1786676749.632564869] [rmf_simulation_door_manager]: Loading DoorManager
[gazebo-2] [1;33m[GUI] [Wrn] [Application.cc:908] [0m[1;33m[QT] file:///usr/lib/x86_64-linux-gnu/qt5/qml/QtQuick/Dialogs/DefaultFileDialog.qml:413:17: QML ToolButton: Binding loop detected for property "implicitHeight"[0m[1;33m[0m
[gazebo-2] [1;33m[GUI] [Wrn] [Application.cc:908] [0m[1;33m[QT] file:///usr/lib/x86_64-linux-gnu/qt5/qml/QtQuick/Dialogs/DefaultFileDialog.qml:309:21: QML Button: Binding loop detected for property "implicitHeight"[0m[1;33m[0m
  ↑ 같은 줄 1번 더
[gazebo-1] [INFO] [1786676749.669681053] [rmf_simulation_lift_manager]: Starting LiftManager
[parameter_bridge-24] [INFO] [1786676749.679459951] [gz_bridge]: Creating GZ->ROS Bridge: [/clock (gz.msgs.Clock) -> /clock (rosgraph_msgs/msg/Clock)] (Lazy 0)
[gazebo-1] [1;33m[Wrn] [SdfEntityCreator.cc:933] [0m[1;33mGazebo does not support Ogre material scripts. See [0m[1;33mhttps://gazebosim.org/api/sim/8/migrationsdf.html#:~:text=Materials [0m[1;33mfor details.[0m[1;33m[0m
[gazebo-1] [1;33m[Wrn] [SdfEntityCreator.cc:939] [0m[1;33mCustom material scripts are not supported.[0m[1;33m[0m
[gazebo-1] [1;33m[Wrn] [SdfEntityCreator.cc:933] [0m[1;33mGazebo does not support Ogre material scripts. See [0m[1;33mhttps://gazebosim.org/api/sim/8/migrationsdf.html#:~:text=Materials [0m[1;33mfor details.[0m[1;33m[0m
[gazebo-1] [1;33m[Wrn] [SdfEntityCreator.cc:939] [0m[1;33mCustom material scripts are not supported.[0m[1;33m[0m
[parameter_bridge-24] [INFO] [1786676749.685132389] [gz_bridge]: Creating GZ->ROS Bridge: [/tf (gz.msgs.Pose_V) -> /tf (tf2_msgs/msg/TFMessage)] (Lazy 0)
[parameter_bridge-24] [INFO] [1786676749.691379766] [gz_bridge]: Creating GZ->ROS Bridge: [/pinky_01/odom (gz.msgs.Odometry) -> /pinky_01/odom (nav_msgs/msg/Odometry)] (Lazy 0)
[parameter_bridge-24] [INFO] [1786676749.697742198] [gz_bridge]: Creating ROS->GZ Bridge: [/pinky_01/cmd_vel_smoothed (geometry_msgs/msg/Twist) -> /pinky_01/cmd_vel (gz.msgs.Twist)] (Lazy 0)
[parameter_bridge-24] [INFO] [1786676749.700700278] [gz_bridge]: Creating GZ->ROS Bridge: [/pinky_01/scan (gz.msgs.LaserScan) -> /pinky_01/scan (sensor_msgs/msg/LaserScan)] (Lazy 0)
[parameter_bridge-24] [INFO] [1786676749.705299634] [gz_bridge]: Creating GZ->ROS Bridge: [/pinky_01/joint_states (gz.msgs.Model) -> /pinky_01/joint_states (sensor_msgs/msg/JointState)] (Lazy 0)
[parameter_bridge-24] [INFO] [1786676749.706471775] [gz_bridge]: Creating GZ->ROS Bridge: [/pinky_01/imu_raw (gz.msgs.IMU) -> /pinky_01/imu_raw (sensor_msgs/msg/Imu)] (Lazy 0)
[parameter_bridge-24] [INFO] [1786676749.707329814] [gz_bridge]: Creating GZ->ROS Bridge: [/pinky_02/odom (gz.msgs.Odometry) -> /pinky_02/odom (nav_msgs/msg/Odometry)] (Lazy 0)
[parameter_bridge-24] [INFO] [1786676749.708059279] [gz_bridge]: Creating ROS->GZ Bridge: [/pinky_02/cmd_vel_smoothed (geometry_msgs/msg/Twist) -> /pinky_02/cmd_vel (gz.msgs.Twist)] (Lazy 0)
[parameter_bridge-24] [INFO] [1786676749.709593870] [gz_bridge]: Creating GZ->ROS Bridge: [/pinky_02/scan (gz.msgs.LaserScan) -> /pinky_02/scan (sensor_msgs/msg/LaserScan)] (Lazy 0)
[parameter_bridge-24] [INFO] [1786676749.711564565] [gz_bridge]: Creating GZ->ROS Bridge: [/pinky_02/joint_states (gz.msgs.Model) -> /pinky_02/joint_states (sensor_msgs/msg/JointState)] (Lazy 0)
[parameter_bridge-24] [INFO] [1786676749.712499301] [gz_bridge]: Creating GZ->ROS Bridge: [/pinky_02/imu_raw (gz.msgs.IMU) -> /pinky_02/imu_raw (sensor_msgs/msg/Imu)] (Lazy 0)
[create-5] [INFO] [1786676749.791785302] [pinky_01.ros_gz_sim]: Waiting messages on topic [/pinky_01/robot_description].
[create-10] [INFO] [1786676749.889509391] [omx_01.ros_gz_sim]: Waiting messages on topic [robot_description].
[create-15] [INFO] [1786676749.989563613] [omx_02.ros_gz_sim]: Waiting messages on topic [robot_description].
[create-8] [INFO] [1786676750.089583251] [pinky_02.ros_gz_sim]: Waiting messages on topic [/pinky_02/robot_description].
[create-10] [INFO] [1786676750.288977620] [omx_01.ros_gz_sim]: Entity creation successful.
[create-5] [INFO] [1786676750.289024383] [pinky_01.ros_gz_sim]: Entity creation successful.
[create-8] [INFO] [1786676750.289046999] [pinky_02.ros_gz_sim]: Entity creation successful.
[create-15] [INFO] [1786676750.289107960] [omx_02.ros_gz_sim]: Entity creation successful.
[create-20] [INFO] [1786676750.290281914] [omx_03.ros_gz_sim]: Waiting messages on topic [robot_description].
[create-20] [INFO] [1786676750.302095163] [omx_03.ros_gz_sim]: Entity creation successful.
[INFO] [create-10]: process has finished cleanly [pid 9636]
[INFO] [create-8]: process has finished cleanly [pid 9634]
[INFO] [create-15]: process has finished cleanly [pid 9641]
[INFO] [create-5]: process has finished cleanly [pid 9631]
[INFO] [create-20]: process has finished cleanly [pid 9646]
[gazebo-2] [1;33m[GUI] [Wrn] [Application.cc:908] [0m[1;33m[QT] file:///usr/lib/x86_64-linux-gnu/qt5/qml/QtQuick/Dialogs/DefaultFileDialog.qml:413:17: QML ToolButton: Binding loop detected for property "implicitHeight"[0m[1;33m[0m
[gazebo-2] [1;33m[GUI] [Wrn] [Application.cc:908] [0m[1;33m[QT] file:///usr/lib/x86_64-linux-gnu/qt5/qml/QtQuick/Dialogs/DefaultFileDialog.qml:309:21: QML Button: Binding loop detected for property "implicitHeight"[0m[1;33m[0m
  ↑ 같은 줄 1번 더
[gazebo-2] [1;33m[GUI] [Wrn] [Application.cc:908] [0m[1;33m[QT] file::/ComponentInspector/ComponentInspector.qml:251:3: QML Dialog: Binding loop detected for property "implicitHeight"[0m[1;33m[0m
[gazebo-2] [1;33m[GUI] [Wrn] [Application.cc:908] [0m[1;33m[QT] file:///usr/lib/x86_64-linux-gnu/qt5/qml/QtQuick/Dialogs/DefaultFileDialog.qml:413:17: QML ToolButton: Binding loop detected for property "implicitHeight"[0m[1;33m[0m
[gazebo-2] [1;33m[GUI] [Wrn] [Application.cc:908] [0m[1;33m[QT] file:///usr/lib/x86_64-linux-gnu/qt5/qml/QtQuick/Dialogs/DefaultFileDialog.qml:309:21: QML Button: Binding loop detected for property "implicitHeight"[0m[1;33m[0m
  ↑ 같은 줄 1번 더
[gazebo-2] [1;33m[GUI] [Wrn] [Application.cc:908] [0m[1;33m[QT] file::/toggle_floors/toggle_floors.qml:40: ReferenceError: qfloors is not defined[0m[1;33m[0m
[gazebo-2] [1;33m[GUI] [Wrn] [Application.cc:908] [0m[1;33m[QT] file::/WorldStats/WorldStats.qml:53:3: QML RowLayout: Binding loop detected for property "x"[0m[1;33m[0m
[gazebo-1] [1;33mWarning [Utils.cc:132][0m [/sdf/model[@name="pinky"]/link[@name="base_footprint"]/sensor[@name="pinky_01/camera"]/gz_frame_id:<urdf-string>:L0]: XML Element[gz_frame_id], child of element[sensor], not defined in SDF. Copying[gz_frame_id] as children of [sensor].
[gazebo-1] [1;33mWarning [Utils.cc:132][0m [/sdf/model[@name="pinky"]/link[@name="base_footprint"]/sensor[@name="pinky_01/imu"]/gz_frame_id:<urdf-string>:L0]: XML Element[gz_frame_id], child of element[sensor], not defined in SDF. Copying[gz_frame_id] as children of [sensor].
[gazebo-1] [1;33mWarning [Utils.cc:132][0m [/sdf/model[@name="pinky"]/link[@name="base_footprint"]/sensor[@name="pinky_01/gpu_lidar"]/gz_frame_id:<urdf-string>:L0]: XML Element[gz_frame_id], child of element[sensor], not defined in SDF. Copying[gz_frame_id] as children of [sensor].
[gazebo-1] [INFO] [1786676751.221689237] [omx_01.gz_ros_control]: [gz_ros2_control] Fixed joint ['world_fixed'] (Entity='73') is skipped.
[gazebo-1] [INFO] [1786676751.227193489] [omx_01.gz_ros_control]: Loading controller_manager
[gazebo-1] [INFO] [1786676751.270891304] [omx_01.controller_manager]: Using ROS clock for triggering controller manager cycles.
[gazebo-1] [INFO] [1786676751.283565917] [omx_01.controller_manager]: Subscribing to '/omx_01/robot_description' topic for robot description.
[gazebo-1] [WARN] [1786676751.289045762] [omx_01.gz_ros_control]: Waiting RM to load and initialize hardware...
[gazebo-2] [1;33m[GUI] [Wrn] [toggle_floors.cpp:221] [0m[1;33mNode for [0m[1;33mproject1_L1[0m[1;33mwas not found[0m[1;33m[0m
[gazebo-1] [WARN] [1786676752.284924017] [omx_01.controller_manager]: Waiting for data on 'robot_description' topic to finish initialization
[gazebo-1] [INFO] [1786676752.408723374] [omx_01.controller_manager]: Received robot description from topic.
[gazebo-1] [INFO] [1786676752.408817174] [omx_01.controller_manager]: Enforcing command limits is disabled. Command limits from URDF will be ignored.
[joint_state_publisher-4] [INFO] [1786676752.409114745] [pinky_01.joint_state_publisher]: Got description, configuring robot
[gazebo-1] [INFO] [1786676752.416321400] [omx_01.gz_ros_control]: The position_proportional_gain has been set to: 0.1
[gazebo-1] [INFO] [1786676752.416402988] [omx_01.gz_ros_control]: Loading joint: joint1
[gazebo-1] [INFO] [1786676752.416417366] [omx_01.gz_ros_control]: 	State:
[gazebo-1] [INFO] [1786676752.416428433] [omx_01.gz_ros_control]: 		 position
[gazebo-1] [INFO] [1786676752.416436678] [omx_01.gz_ros_control]: 		 velocity
[gazebo-1] [INFO] [1786676752.416450609] [omx_01.gz_ros_control]: 		 effort
[gazebo-1] [INFO] [1786676752.416460410] [omx_01.gz_ros_control]: 	Command:
[gazebo-1] [INFO] [1786676752.416467462] [omx_01.gz_ros_control]: 		 position
[gazebo-1] [INFO] [1786676752.416486036] [omx_01.gz_ros_control]: Loading joint: joint2
[gazebo-1] [INFO] [1786676752.416493877] [omx_01.gz_ros_control]: 	State:
[gazebo-1] [INFO] [1786676752.416500671] [omx_01.gz_ros_control]: 		 position
[gazebo-1] [INFO] [1786676752.416507210] [omx_01.gz_ros_control]: 		 velocity
[gazebo-1] [INFO] [1786676752.416514670] [omx_01.gz_ros_control]: 		 effort
[gazebo-1] [INFO] [1786676752.416521468] [omx_01.gz_ros_control]: 	Command:
[gazebo-1] [INFO] [1786676752.416527974] [omx_01.gz_ros_control]: 		 position
[gazebo-1] [INFO] [1786676752.416553868] [omx_01.gz_ros_control]: Loading joint: joint3
[gazebo-1] [INFO] [1786676752.416562357] [omx_01.gz_ros_control]: 	State:
[gazebo-1] [INFO] [1786676752.416572168] [omx_01.gz_ros_control]: 		 position
[gazebo-1] [INFO] [1786676752.416578790] [omx_01.gz_ros_control]: 		 velocity
[gazebo-1] [INFO] [1786676752.416585171] [omx_01.gz_ros_control]: 		 effort
[gazebo-1] [INFO] [1786676752.416593032] [omx_01.gz_ros_control]: 	Command:
[gazebo-1] [INFO] [1786676752.416599491] [omx_01.gz_ros_control]: 		 position
[gazebo-1] [INFO] [1786676752.416615667] [omx_01.gz_ros_control]: Loading joint: joint4
[gazebo-1] [INFO] [1786676752.416623129] [omx_01.gz_ros_control]: 	State:
[gazebo-1] [INFO] [1786676752.416629540] [omx_01.gz_ros_control]: 		 position
[gazebo-1] [INFO] [1786676752.416635717] [omx_01.gz_ros_control]: 		 velocity
[gazebo-1] [INFO] [1786676752.416642140] [omx_01.gz_ros_control]: 		 effort
[gazebo-1] [INFO] [1786676752.416648456] [omx_01.gz_ros_control]: 	Command:
[gazebo-1] [INFO] [1786676752.416654661] [omx_01.gz_ros_control]: 		 position
[gazebo-1] [INFO] [1786676752.416669287] [omx_01.gz_ros_control]: Loading joint: gripper_left_joint
[gazebo-1] [INFO] [1786676752.416677214] [omx_01.gz_ros_control]: 	State:
[gazebo-1] [INFO] [1786676752.416684160] [omx_01.gz_ros_control]: 		 position
[gazebo-1] [INFO] [1786676752.416690734] [omx_01.gz_ros_control]: 		 velocity
[gazebo-1] [INFO] [1786676752.416697327] [omx_01.gz_ros_control]: 		 effort
[gazebo-1] [INFO] [1786676752.416703829] [omx_01.gz_ros_control]: 	Command:
[gazebo-1] [INFO] [1786676752.416710302] [omx_01.gz_ros_control]: 		 position
[gazebo-1] [INFO] [1786676752.416727101] [omx_01.gz_ros_control]: Loading joint: gripper_right_joint
[gazebo-1] [INFO] [1786676752.416738187] [omx_01.gz_ros_control]: Joint 'gripper_right_joint'is mimicking joint 'gripper_left_joint' with multiplier: 1 and offset: 0
[gazebo-1] [INFO] [1786676752.416747009] [omx_01.gz_ros_control]: 	State:
[gazebo-1] [INFO] [1786676752.416753765] [omx_01.gz_ros_control]: 		 position
[gazebo-1] [INFO] [1786676752.416760154] [omx_01.gz_ros_control]: 		 velocity
[gazebo-1] [INFO] [1786676752.416769389] [omx_01.gz_ros_control]: 		 effort
[gazebo-1] [INFO] [1786676752.416776395] [omx_01.gz_ros_control]: 	Command:
[gazebo-1] [INFO] [1786676752.416877633] [omx_01.gz_ros_control]: Loading sensor: pinky_01/imu
[gazebo-1] [INFO] [1786676752.416894999] [omx_01.gz_ros_control]: 	State:
[gazebo-1] [WARN] [1786676752.416903310] [omx_01.gz_ros_control]: IMU sensor 'pinky_01/imu' not found in hardware_info, skipping.
[gazebo-1] [INFO] [1786676752.417045970] [omx_01.controller_manager]: Initialize hardware 'OpenManipulatorXSystem' 
[gazebo-1] [WARN] [1786676752.417081960] [omx_01.controller_manager.hardware_component.system.OpenManipulatorXSystem]: Executor is not available during hardware component initialization for 'OpenManipulatorXSystem'. Skipping node creation!
[gazebo-1] [INFO] [1786676752.417219752] [omx_01.controller_manager]: Successful initialization of hardware 'OpenManipulatorXSystem'
[gazebo-1] [INFO] [1786676752.417405624] [omx_01.controller_manager]: Activating component 'OpenManipulatorXSystem'.
[gazebo-1] [INFO] [1786676752.417432877] [resource_manager]: 'configure' hardware 'OpenManipulatorXSystem' 
[gazebo-1] [INFO] [1786676752.417440760] [omx_01.gz_ros_control]: System Successfully configured!
[gazebo-1] [INFO] [1786676752.417449899] [resource_manager]: Successful 'configure' of hardware 'OpenManipulatorXSystem'
[gazebo-1] [INFO] [1786676752.417462580] [resource_manager]: 'activate' hardware 'OpenManipulatorXSystem' 
[gazebo-1] [INFO] [1786676752.417485904] [resource_manager]: Successful 'activate' of hardware 'OpenManipulatorXSystem'
[gazebo-1] [WARN] [1786676752.417618927] [omx_01.controller_manager]: Component 'OpenManipulatorXSystem' does not have read or write statistics initialized, skipping registration.
[gazebo-1] [INFO] [1786676752.417633838] [omx_01.controller_manager]: Resource Manager has been successfully initialized. Starting Controller Manager services...
[gazebo-1] [INFO] [1786676752.714647296] [omx_01.controller_manager]: Loading controller : 'gripper_controller' of type 'position_controllers/GripperActionController'
[gazebo-1] [INFO] [1786676752.714694450] [omx_01.controller_manager]: Loading controller 'gripper_controller'
[gazebo-1] [INFO] [1786676752.729225729] [omx_01.controller_manager]: Controller 'gripper_controller' node arguments: --ros-args --params-file /home/gyi/robosapiens/robot_model/open_manipulator/install/open_manipulator_bringup/share/open_manipulator_bringup/config/open_manipulator_x/hardware_controller_manager.yaml -p use_sim_time:=true --param use_sim_time:=true 
[gazebo-1] [WARN] [1786676752.745103231] [omx_01.gripper_controller]: [Deprecated]: the `position_controllers/GripperActionController` and `effort_controllers::GripperActionController` controllers are replaced by 'parallel_gripper_controllers/GripperActionController' controller
[spawner-13] [INFO] [1786676752.746971708] [omx_01.spawner_gripper_controller]: Loaded gripper_controller
[gazebo-1] [INFO] [1786676752.748786961] [omx_01.controller_manager]: Configuring controller: 'gripper_controller'
[gazebo-1] [INFO] [1786676752.749079937] [omx_01.gripper_controller]: Action status changes will be monitored at 20.000000 Hz.
[gazebo-1] [INFO] [1786676752.751092731] [omx_01.controller_manager]: Activating controllers: [ gripper_controller ]
[gazebo-1] [INFO] [1786676753.338170184] [omx_02.gz_ros_control]: [gz_ros2_control] Fixed joint ['world_fixed'] (Entity='103') is skipped.
[gazebo-1] [INFO] [1786676753.343625911] [omx_02.gz_ros_control]: Loading controller_manager
[gazebo-1] [INFO] [1786676753.383841171] [omx_02.controller_manager]: Using ROS clock for triggering controller manager cycles.
[gazebo-1] [INFO] [1786676753.385266756] [omx_02.controller_manager]: Subscribing to '/omx_02/robot_description' topic for robot description.
[gazebo-1] [WARN] [1786676753.386319536] [omx_02.gz_ros_control]: Waiting RM to load and initialize hardware...
[gazebo-1] [INFO] [1786676753.395680368] [omx_02.controller_manager]: Received robot description from topic.
[gazebo-1] [INFO] [1786676753.395736311] [omx_02.controller_manager]: Enforcing command limits is disabled. Command limits from URDF will be ignored.
[gazebo-1] [INFO] [1786676753.398801451] [omx_02.gz_ros_control]: The position_proportional_gain has been set to: 0.1
[gazebo-1] [INFO] [1786676753.398887203] [omx_02.gz_ros_control]: Loading joint: joint1
[gazebo-1] [INFO] [1786676753.398899710] [omx_02.gz_ros_control]: 	State:
[gazebo-1] [INFO] [1786676753.398908033] [omx_02.gz_ros_control]: 		 position
[gazebo-1] [INFO] [1786676753.398916360] [omx_02.gz_ros_control]: 		 velocity
[gazebo-1] [INFO] [1786676753.398925346] [omx_02.gz_ros_control]: 		 effort
[gazebo-1] [INFO] [1786676753.398967158] [omx_02.gz_ros_control]: 	Command:
[gazebo-1] [INFO] [1786676753.398976247] [omx_02.gz_ros_control]: 		 position
[gazebo-1] [INFO] [1786676753.398999585] [omx_02.gz_ros_control]: Loading joint: joint2
[gazebo-1] [INFO] [1786676753.399007539] [omx_02.gz_ros_control]: 	State:
[gazebo-1] [INFO] [1786676753.399017976] [omx_02.gz_ros_control]: 		 position
[gazebo-1] [INFO] [1786676753.399024125] [omx_02.gz_ros_control]: 		 velocity
[gazebo-1] [INFO] [1786676753.399031526] [omx_02.gz_ros_control]: 		 effort
[gazebo-1] [INFO] [1786676753.399038694] [omx_02.gz_ros_control]: 	Command:
[gazebo-1] [INFO] [1786676753.399045043] [omx_02.gz_ros_control]: 		 position
[gazebo-1] [INFO] [1786676753.399062123] [omx_02.gz_ros_control]: Loading joint: joint3
[gazebo-1] [INFO] [1786676753.399069998] [omx_02.gz_ros_control]: 	State:
[gazebo-1] [INFO] [1786676753.399076473] [omx_02.gz_ros_control]: 		 position
[gazebo-1] [INFO] [1786676753.399082963] [omx_02.gz_ros_control]: 		 velocity
[gazebo-1] [INFO] [1786676753.399089811] [omx_02.gz_ros_control]: 		 effort
[gazebo-1] [INFO] [1786676753.399097636] [omx_02.gz_ros_control]: 	Command:
[gazebo-1] [INFO] [1786676753.399104498] [omx_02.gz_ros_control]: 		 position
[gazebo-1] [INFO] [1786676753.399120778] [omx_02.gz_ros_control]: Loading joint: joint4
[gazebo-1] [INFO] [1786676753.399128859] [omx_02.gz_ros_control]: 	State:
[gazebo-1] [INFO] [1786676753.399135450] [omx_02.gz_ros_control]: 		 position
[gazebo-1] [INFO] [1786676753.399141920] [omx_02.gz_ros_control]: 		 velocity
[gazebo-1] [INFO] [1786676753.399148519] [omx_02.gz_ros_control]: 		 effort
[gazebo-1] [INFO] [1786676753.399154974] [omx_02.gz_ros_control]: 	Command:
[gazebo-1] [INFO] [1786676753.399161444] [omx_02.gz_ros_control]: 		 position
[gazebo-1] [INFO] [1786676753.399177689] [omx_02.gz_ros_control]: Loading joint: gripper_left_joint
[gazebo-1] [INFO] [1786676753.399186427] [omx_02.gz_ros_control]: 	State:
[gazebo-1] [INFO] [1786676753.399194190] [omx_02.gz_ros_control]: 		 position
[gazebo-1] [INFO] [1786676753.399202600] [omx_02.gz_ros_control]: 		 velocity
[gazebo-1] [INFO] [1786676753.399210298] [omx_02.gz_ros_control]: 		 effort
[gazebo-1] [INFO] [1786676753.399217695] [omx_02.gz_ros_control]: 	Command:
[gazebo-1] [INFO] [1786676753.399224685] [omx_02.gz_ros_control]: 		 position
[gazebo-1] [INFO] [1786676753.399246950] [omx_02.gz_ros_control]: Loading joint: gripper_right_joint
[gazebo-1] [INFO] [1786676753.399260116] [omx_02.gz_ros_control]: Joint 'gripper_right_joint'is mimicking joint 'gripper_left_joint' with multiplier: 1 and offset: 0
[gazebo-1] [INFO] [1786676753.399268246] [omx_02.gz_ros_control]: 	State:
[gazebo-1] [INFO] [1786676753.399275286] [omx_02.gz_ros_control]: 		 position
[gazebo-1] [INFO] [1786676753.399282121] [omx_02.gz_ros_control]: 		 velocity
[gazebo-1] [INFO] [1786676753.399291568] [omx_02.gz_ros_control]: 		 effort
[gazebo-1] [INFO] [1786676753.399298536] [omx_02.gz_ros_control]: 	Command:
[gazebo-1] [INFO] [1786676753.399323357] [omx_02.gz_ros_control]: Loading sensor: pinky_01/imu
[gazebo-1] [INFO] [1786676753.399338784] [omx_02.gz_ros_control]: 	State:
[gazebo-1] [WARN] [1786676753.399346422] [omx_02.gz_ros_control]: IMU sensor 'pinky_01/imu' not found in hardware_info, skipping.
[gazebo-1] [INFO] [1786676753.399397487] [omx_02.controller_manager]: Initialize hardware 'OpenManipulatorXSystem' 
[gazebo-1] [WARN] [1786676753.399418825] [omx_02.controller_manager.hardware_component.system.OpenManipulatorXSystem]: Executor is not available during hardware component initialization for 'OpenManipulatorXSystem'. Skipping node creation!
[gazebo-1] [INFO] [1786676753.399476923] [omx_02.controller_manager]: Successful initialization of hardware 'OpenManipulatorXSystem'
[gazebo-1] [INFO] [1786676753.399579145] [omx_02.controller_manager]: Activating component 'OpenManipulatorXSystem'.
[gazebo-1] [INFO] [1786676753.399593389] [resource_manager]: 'configure' hardware 'OpenManipulatorXSystem' 
[gazebo-1] [INFO] [1786676753.399597623] [omx_02.gz_ros_control]: System Successfully configured!
[gazebo-1] [INFO] [1786676753.399605070] [resource_manager]: Successful 'configure' of hardware 'OpenManipulatorXSystem'
[gazebo-1] [INFO] [1786676753.399611559] [resource_manager]: 'activate' hardware 'OpenManipulatorXSystem' 
[gazebo-1] [INFO] [1786676753.399616884] [resource_manager]: Successful 'activate' of hardware 'OpenManipulatorXSystem'
[gazebo-1] [WARN] [1786676753.399652127] [omx_02.controller_manager]: Component 'OpenManipulatorXSystem' does not have read or write statistics initialized, skipping registration.
[gazebo-1] [INFO] [1786676753.399679992] [omx_02.controller_manager]: Resource Manager has been successfully initialized. Starting Controller Manager services...
[gazebo-1] [1;33mWarning [Utils.cc:132][0m [/sdf/model[@name="pinky"]/link[@name="base_footprint"]/sensor[@name="pinky_02/camera"]/gz_frame_id:<urdf-string>:L0]: XML Element[gz_frame_id], child of element[sensor], not defined in SDF. Copying[gz_frame_id] as children of [sensor].
[gazebo-1] [1;33mWarning [Utils.cc:132][0m [/sdf/model[@name="pinky"]/link[@name="base_footprint"]/sensor[@name="pinky_02/imu"]/gz_frame_id:<urdf-string>:L0]: XML Element[gz_frame_id], child of element[sensor], not defined in SDF. Copying[gz_frame_id] as children of [sensor].
[gazebo-1] [1;33mWarning [Utils.cc:132][0m [/sdf/model[@name="pinky"]/link[@name="base_footprint"]/sensor[@name="pinky_02/gpu_lidar"]/gz_frame_id:<urdf-string>:L0]: XML Element[gz_frame_id], child of element[sensor], not defined in SDF. Copying[gz_frame_id] as children of [sensor].
[gazebo-1] [INFO] [1786676755.456915161] [omx_03.gz_ros_control]: [gz_ros2_control] Fixed joint ['world_fixed'] (Entity='168') is skipped.
[gazebo-1] [INFO] [1786676755.459627174] [omx_03.gz_ros_control]: Loading controller_manager
[gazebo-1] [INFO] [1786676755.480005722] [omx_03.controller_manager]: Using ROS clock for triggering controller manager cycles.
[gazebo-1] [INFO] [1786676755.481346607] [omx_03.controller_manager]: Subscribing to '/omx_03/robot_description' topic for robot description.
[gazebo-1] [WARN] [1786676755.482320583] [omx_03.gz_ros_control]: Waiting RM to load and initialize hardware...
[gazebo-1] [INFO] [1786676755.491873161] [omx_03.controller_manager]: Received robot description from topic.
[gazebo-1] [INFO] [1786676755.491924674] [omx_03.controller_manager]: Enforcing command limits is disabled. Command limits from URDF will be ignored.
[gazebo-1] [INFO] [1786676755.495259592] [omx_03.gz_ros_control]: The position_proportional_gain has been set to: 0.1
[gazebo-1] [INFO] [1786676755.495316587] [omx_03.gz_ros_control]: Loading joint: joint1
[gazebo-1] [INFO] [1786676755.495330005] [omx_03.gz_ros_control]: 	State:
[gazebo-1] [INFO] [1786676755.495338034] [omx_03.gz_ros_control]: 		 position
[gazebo-1] [INFO] [1786676755.495346087] [omx_03.gz_ros_control]: 		 velocity
[gazebo-1] [INFO] [1786676755.495354651] [omx_03.gz_ros_control]: 		 effort
[gazebo-1] [INFO] [1786676755.495362558] [omx_03.gz_ros_control]: 	Command:
[gazebo-1] [INFO] [1786676755.495369205] [omx_03.gz_ros_control]: 		 position
[gazebo-1] [INFO] [1786676755.495390881] [omx_03.gz_ros_control]: Loading joint: joint2
[gazebo-1] [INFO] [1786676755.495398640] [omx_03.gz_ros_control]: 	State:
[gazebo-1] [INFO] [1786676755.495405400] [omx_03.gz_ros_control]: 		 position
[gazebo-1] [INFO] [1786676755.495411948] [omx_03.gz_ros_control]: 		 velocity
[gazebo-1] [INFO] [1786676755.495419282] [omx_03.gz_ros_control]: 		 effort
[gazebo-1] [INFO] [1786676755.495426159] [omx_03.gz_ros_control]: 	Command:
[gazebo-1] [INFO] [1786676755.495432541] [omx_03.gz_ros_control]: 		 position
[gazebo-1] [INFO] [1786676755.495452718] [omx_03.gz_ros_control]: Loading joint: joint3
[gazebo-1] [INFO] [1786676755.495460317] [omx_03.gz_ros_control]: 	State:
[gazebo-1] [INFO] [1786676755.495467060] [omx_03.gz_ros_control]: 		 position
[gazebo-1] [INFO] [1786676755.495473929] [omx_03.gz_ros_control]: 		 velocity
[gazebo-1] [INFO] [1786676755.495480391] [omx_03.gz_ros_control]: 		 effort
[gazebo-1] [INFO] [1786676755.495488440] [omx_03.gz_ros_control]: 	Command:
[gazebo-1] [INFO] [1786676755.495495642] [omx_03.gz_ros_control]: 		 position
[gazebo-1] [INFO] [1786676755.495511620] [omx_03.gz_ros_control]: Loading joint: joint4
[gazebo-1] [INFO] [1786676755.495519545] [omx_03.gz_ros_control]: 	State:
[gazebo-1] [INFO] [1786676755.495526442] [omx_03.gz_ros_control]: 		 position
[gazebo-1] [INFO] [1786676755.495532850] [omx_03.gz_ros_control]: 		 velocity
[gazebo-1] [INFO] [1786676755.495545523] [omx_03.gz_ros_control]: 		 effort
[gazebo-1] [INFO] [1786676755.495552206] [omx_03.gz_ros_control]: 	Command:
[gazebo-1] [INFO] [1786676755.495558789] [omx_03.gz_ros_control]: 		 position
[gazebo-1] [INFO] [1786676755.495576051] [omx_03.gz_ros_control]: Loading joint: gripper_left_joint
[gazebo-1] [INFO] [1786676755.495584398] [omx_03.gz_ros_control]: 	State:
[gazebo-1] [INFO] [1786676755.495591051] [omx_03.gz_ros_control]: 		 position
[gazebo-1] [INFO] [1786676755.495597757] [omx_03.gz_ros_control]: 		 velocity
[gazebo-1] [INFO] [1786676755.495610678] [omx_03.gz_ros_control]: 		 effort
[gazebo-1] [INFO] [1786676755.495619216] [omx_03.gz_ros_control]: 	Command:
[gazebo-1] [INFO] [1786676755.495625427] [omx_03.gz_ros_control]: 		 position
[gazebo-1] [INFO] [1786676755.495642428] [omx_03.gz_ros_control]: Loading joint: gripper_right_joint
[gazebo-1] [INFO] [1786676755.495654197] [omx_03.gz_ros_control]: Joint 'gripper_right_joint'is mimicking joint 'gripper_left_joint' with multiplier: 1 and offset: 0
[gazebo-1] [INFO] [1786676755.495662536] [omx_03.gz_ros_control]: 	State:
[gazebo-1] [INFO] [1786676755.495672674] [omx_03.gz_ros_control]: 		 position
[gazebo-1] [INFO] [1786676755.495679316] [omx_03.gz_ros_control]: 		 velocity
[gazebo-1] [INFO] [1786676755.495688117] [omx_03.gz_ros_control]: 		 effort
[gazebo-1] [INFO] [1786676755.495695127] [omx_03.gz_ros_control]: 	Command:
[gazebo-1] [INFO] [1786676755.495707404] [omx_03.gz_ros_control]: Loading sensor: pinky_01/imu
[gazebo-1] [INFO] [1786676755.495719860] [omx_03.gz_ros_control]: 	State:
[gazebo-1] [WARN] [1786676755.495728202] [omx_03.gz_ros_control]: IMU sensor 'pinky_01/imu' not found in hardware_info, skipping.
[gazebo-1] [INFO] [1786676755.495753093] [omx_03.gz_ros_control]: Loading sensor: pinky_02/imu
[gazebo-1] [INFO] [1786676755.495761670] [omx_03.gz_ros_control]: 	State:
[gazebo-1] [WARN] [1786676755.495768702] [omx_03.gz_ros_control]: IMU sensor 'pinky_02/imu' not found in hardware_info, skipping.
[gazebo-1] [INFO] [1786676755.495806705] [omx_03.controller_manager]: Initialize hardware 'OpenManipulatorXSystem' 
[gazebo-1] [WARN] [1786676755.495822125] [omx_03.controller_manager.hardware_component.system.OpenManipulatorXSystem]: Executor is not available during hardware component initialization for 'OpenManipulatorXSystem'. Skipping node creation!
[gazebo-1] [INFO] [1786676755.495877181] [omx_03.controller_manager]: Successful initialization of hardware 'OpenManipulatorXSystem'
[gazebo-1] [INFO] [1786676755.496000592] [omx_03.controller_manager]: Activating component 'OpenManipulatorXSystem'.
[gazebo-1] [INFO] [1786676755.496012573] [resource_manager]: 'configure' hardware 'OpenManipulatorXSystem' 
[gazebo-1] [INFO] [1786676755.496016476] [omx_03.gz_ros_control]: System Successfully configured!
[gazebo-1] [INFO] [1786676755.496024002] [resource_manager]: Successful 'configure' of hardware 'OpenManipulatorXSystem'
[gazebo-1] [INFO] [1786676755.496030274] [resource_manager]: 'activate' hardware 'OpenManipulatorXSystem' 
[gazebo-1] [INFO] [1786676755.496035553] [resource_manager]: Successful 'activate' of hardware 'OpenManipulatorXSystem'
[gazebo-1] [WARN] [1786676755.496058968] [omx_03.controller_manager]: Component 'OpenManipulatorXSystem' does not have read or write statistics initialized, skipping registration.
[gazebo-1] [INFO] [1786676755.496069337] [omx_03.controller_manager]: Resource Manager has been successfully initialized. Starting Controller Manager services...
[gazebo-1] [1;31m[Err] [Physics.cc:1808] [0m[1;31mAttempting to create a mimic constraint for joint [[0m[1;31mgripper_right_joint[0m[1;31m] but the chosen physics engine does not support [0m[1;31mmimic constraints, so no constraint will be [0m[1;31mcreated.[0m[1;31m[0m
[gazebo-1] [ERROR] [1786676757.751529891] [omx_01.controller_manager]: Switch controller timed out after 5 seconds!
[spawner-13] [ERROR] [1786676757.752788847] [omx_01.spawner_gripper_controller]: Failed to activate controller : gripper_controller
[gazebo-1] [1;33m[Wrn] [Component.hh:144] [0m[1;33mTrying to serialize component with data type [[0m[1;33mN2gz3sim11ChargerDataE[0m[1;33m], which doesn't have [0m[1;33m`operator<<`. Component will not be serialized.[0m[1;33m[0m
[spawner-12] [INFO] [1786676757.874504882] [omx_01.spawner_arm_controller]: waiting for service /omx_01/controller_manager/list_controllers to become available...
[ERROR] [spawner-13]: process has died [pid 9639, exit code 1, cmd '/opt/ros/jazzy/lib/controller_manager/spawner gripper_controller --ros-args -r __ns:=/omx_01'].
[2/3] Open-RMF
[gazebo-2] [1;33m[GUI] [Wrn] [EntityComponentManager.cc:1930] [0m[1;33mComponent type [[0m[1;33m1728988591536574887[0m[1;33m] has not been [0m[1;33mregistered in this process, so it can't be deserialized.[0m[1;33m[0m
[gazebo-2] [1;33mWarning [Utils.cc:132][0m [/sdf/model[@name="pinky"]/link[@name="base_footprint"]/sensor[@name="pinky_01/camera"]/gz_frame_id:<data-string>:L122]: XML Element[gz_frame_id], child of element[sensor], not defined in SDF. Copying[gz_frame_id] as children of [sensor].
[gazebo-2] [1;33mWarning [Utils.cc:132][0m [/sdf/model[@name="pinky"]/link[@name="base_footprint"]/sensor[@name="pinky_01/imu"]/gz_frame_id:<data-string>:L131]: XML Element[gz_frame_id], child of element[sensor], not defined in SDF. Copying[gz_frame_id] as children of [sensor].
[gazebo-2] [1;33mWarning [Utils.cc:132][0m [/sdf/model[@name="pinky"]/link[@name="base_footprint"]/sensor[@name="pinky_01/gpu_lidar"]/gz_frame_id:<data-string>:L165]: XML Element[gz_frame_id], child of element[sensor], not defined in SDF. Copying[gz_frame_id] as children of [sensor].
[gazebo-2] [1;33mWarning [Utils.cc:132][0m [/sdf/model[@name="pinky"]/link[@name="base_footprint"]/sensor[@name="pinky_02/camera"]/gz_frame_id:<data-string>:L122]: XML Element[gz_frame_id], child of element[sensor], not defined in SDF. Copying[gz_frame_id] as children of [sensor].
[gazebo-2] [1;33mWarning [Utils.cc:132][0m [/sdf/model[@name="pinky"]/link[@name="base_footprint"]/sensor[@name="pinky_02/imu"]/gz_frame_id:<data-string>:L131]: XML Element[gz_frame_id], child of element[sensor], not defined in SDF. Copying[gz_frame_id] as children of [sensor].
[gazebo-2] [1;33mWarning [Utils.cc:132][0m [/sdf/model[@name="pinky"]/link[@name="base_footprint"]/sensor[@name="pinky_02/gpu_lidar"]/gz_frame_id:<data-string>:L165]: XML Element[gz_frame_id], child of element[sensor], not defined in SDF. Copying[gz_frame_id] as children of [sensor].
[INFO] [launch]: All log files can be found below /home/gyi/.ros/log/2026-08-14-12-05-58-219717-gyi-15UD50T-GX5JK-10563
[INFO] [launch]: Default logging verbosity is set to INFO
[INFO] [rmf_traffic_schedule-1]: process started with pid [10568]
[INFO] [rmf_traffic_blockade-2]: process started with pid [10569]
[INFO] [building_map_server-3]: process started with pid [10570]
[INFO] [schedule_visualizer_node-4]: process started with pid [10571]
[INFO] [fleetstates_visualizer_node-5]: process started with pid [10572]
[INFO] [rmf_visualization_building_systems-6]: process started with pid [10573]
[INFO] [navgraph_visualizer_node-7]: process started with pid [10574]
[INFO] [floorplan_visualizer_node-8]: process started with pid [10575]
[INFO] [obstacle_visualizer_node-9]: process started with pid [10576]
[INFO] [door_supervisor-10]: process started with pid [10577]
[INFO] [lift_supervisor-11]: process started with pid [10578]
[INFO] [mutex_group_supervisor-12]: process started with pid [10579]
[INFO] [rmf_task_dispatcher-13]: process started with pid [10584]
[fleetstates_visualizer_node-5] [INFO] [1786676758.548647117] [fleet_states_visualizer]: Configuring fleet_states_visualizer...
[fleetstates_visualizer_node-5] [INFO] [1786676758.548802636] [fleet_states_visualizer]: Setting parameter initial_map_name to L1
[fleetstates_visualizer_node-5] [INFO] [1786676758.548819783] [fleet_states_visualizer]: Setting parameter fleet_state_nose_scale to 0.500000
[obstacle_visualizer_node-9] [INFO] [1786676758.555208279] [rmf_obstacle_visualizer]: Beginning RMF obstacle visualizer node
[fleetstates_visualizer_node-5] [INFO] [1786676758.561284625] [fleet_states_visualizer]: Running fleet_states_visualizer...
[floorplan_visualizer_node-8] [INFO] [1786676758.626162519] [floorplan_visualizer]: Configuring floorplan_visualizer...
[floorplan_visualizer_node-8] [INFO] [1786676758.626846708] [floorplan_visualizer]: Setting parameter initial_map_name to L1
[floorplan_visualizer_node-8] [INFO] [1786676758.638516997] [floorplan_visualizer]: Running floorplan_visualizer...
[navgraph_visualizer_node-7] [INFO] [1786676758.694733576] [navgraph_visualizer]: Setting parameter initial_map_name to L1
[schedule_visualizer_node-4] [INFO] [1786676758.695511892] [schedule_visualizer_node]: Setting parameter rate to 10.000000
[schedule_visualizer_node-4] [INFO] [1786676758.696193147] [schedule_visualizer_node]: Setting parameter path_width to 0.200000
[schedule_visualizer_node-4] [INFO] [1786676758.696269011] [schedule_visualizer_node]: Setting parameter initial_map_name to L1
[schedule_visualizer_node-4] [INFO] [1786676758.696411853] [schedule_visualizer_node]: Setting parameter wait_secs to 10
[schedule_visualizer_node-4] [INFO] [1786676758.696995652] [schedule_visualizer_node]: Setting parameter port to 8006
[navgraph_visualizer_node-7] [INFO] [1786676758.696345424] [navgraph_visualizer]: Setting parameter lane_width to 0.120000
[navgraph_visualizer_node-7] [INFO] [1786676758.696461614] [navgraph_visualizer]: Setting parameter lane_transparency to 0.600000
[navgraph_visualizer_node-7] [INFO] [1786676758.696515352] [navgraph_visualizer]: Setting parameter waypoint_scale to 1.000000
[navgraph_visualizer_node-7] [INFO] [1786676758.696597300] [navgraph_visualizer]: Setting parameter text_scale to 0.600000
[schedule_visualizer_node-4] [INFO] [1786676758.698392113] [schedule_visualizer_node]: Setting parameter retained_history_count to 50
[rmf_task_dispatcher-13] ~Initializing Dispatcher Node~
[navgraph_visualizer_node-7] [INFO] [1786676758.716864659] [navgraph_visualizer]: NavGraph visualizer is running...
[rmf_task_dispatcher-13] [INFO] [1786676758.749788861] [rmf_dispatcher_node]:  Declared Time Window Param as: 2.000000 secs
[rmf_task_dispatcher-13] [INFO] [1786676758.751077675] [rmf_dispatcher_node]:  Declared Terminated Tasks Max Size Param as: 100
[rmf_task_dispatcher-13] [INFO] [1786676758.751144844] [rmf_dispatcher_node]:  Declared publish_active_tasks_period as: 2 secs
[rmf_task_dispatcher-13] [INFO] [1786676758.751184601] [rmf_dispatcher_node]:  Use timestamp with task_id: false
[rmf_task_dispatcher-13] [INFO] [1786676758.751215945] [rmf_dispatcher_node]:  Use unique hex string with task_id: true
[rmf_traffic_blockade-2] [INFO] [1786676758.757351355] [rmf_traffic_blockade_node]: Beginning traffic blockade node
[rmf_traffic_schedule-1] [INFO] [1786676758.766849030] [rmf_traffic_schedule_primary]: Successfully loaded logfile .rmf_schedule_node.yaml 
[rmf_traffic_schedule-1] [INFO] [1786676758.770962694] [rmf_traffic_schedule_primary]: Set up heartbeat on /rmf_traffic/heartbeat with liveliness lease duration of 10000 ms and deadline of 10000 ms
[rmf_task_dispatcher-13] [INFO] [1786676758.804260739] [rmf_dispatcher_node]: Starting task dispatcher node
[rmf_traffic_schedule-1] [INFO] [1786676758.875183640] [rmf_traffic_schedule_primary]: Beginning traffic schedule node
[rmf_traffic_schedule-1] [INFO] [1786676758.881213055] [rmf_traffic_schedule_primary]: Registered new query [1]
[schedule_visualizer_node-4] [INFO] [1786676758.887440381] [schedule_data_node]: Registering to query topic rmf_traffic/query_update_1
[schedule_visualizer_node-4] [INFO] [1786676758.899661675] [schedule_data_node]: [rmf_traffic_ros2::MirrorManager::request_update] Requesting changes for query ID [1] since beginning of recorded history
[rmf_traffic_schedule-1] [INFO] [1786676758.909922638] [rmf_traffic_schedule_primary]: [ScheduleNode::update_mirrors] Sending remedial update starting from the beginning going to 6 for query 1
[schedule_visualizer_node-4] [INFO] [1786676758.926142612] [schedule_visualizer_node]: Successfully connected to rmf_traffic_schedule node.
[schedule_visualizer_node-4] [INFO] [1786676758.927011089] [schedule_data_node]: Mirror handling new sync of 1 queries from schedule node [b8361ed9-26a3-4685-a109-4ff7917e4d93]
[rmf_visualization_building_systems-6] [INFO] [1786676759.096288659] [building_systems_visualizer]: Building systems visualizer started...
[building_map_server-3] [INFO] [1786676759.223656779] [building_map_server]: loading map path: /home/gyi/robosapiens/rmf_maps/project1/project1.building.yaml
[building_map_server-3] [INFO] [1786676759.228777566] [building_map_server]: opening: /home/gyi/robosapiens/rmf_maps/project1/gwanghee.png
[building_map_server-3] [INFO] [1786676759.229395733] [building_map_server]: read 179943 byte image
[building_map_server-3] [INFO] [1786676759.230236292] [building_map_server]: unable to generate GeoJSON for this map.
[building_map_server-3] [INFO] [1786676759.239736394] [building_map_server]: publishing map...
[building_map_server-3] [INFO] [1786676759.240523127] [building_map_server]: ready to serve map: "project1"  Ctrl+C to exit...
[gazebo-1] [1;33m[Wrn] [Ogre2Camera.cc:423] [0m[1;33mOgre2Camera::SetVisibilityMask: Mask bits [0m[1;33mc0000000[0m[1;33m are set but will be ignored as they conflict with the [0m[1;33mreserved bits used internally by the ogre2 backend.[0m[1;33m[0m
  ↑ 같은 줄 1번 더
[gazebo-1] [INFO] [1786676759.377899938] [omx_01.controller_manager]: Loading controller : 'arm_controller' of type 'joint_trajectory_controller/JointTrajectoryController'
[gazebo-1] [INFO] [1786676759.377946557] [omx_01.controller_manager]: Loading controller 'arm_controller'
[gazebo-1] [INFO] [1786676759.386375213] [omx_01.controller_manager]: Controller 'arm_controller' node arguments: --ros-args --params-file /home/gyi/robosapiens/robot_model/open_manipulator/install/open_manipulator_bringup/share/open_manipulator_bringup/config/open_manipulator_x/hardware_controller_manager.yaml -p use_sim_time:=true --param use_sim_time:=true 
[spawner-12] [INFO] [1786676759.532017943] [omx_01.spawner_arm_controller]: Loaded arm_controller
[gazebo-1] [INFO] [1786676759.533607041] [omx_01.controller_manager]: Configuring controller: 'arm_controller'
[gazebo-1] [INFO] [1786676759.533772638] [omx_01.arm_controller]: No specific joint names are used for command interfaces. Using 'joints' parameter.
[gazebo-1] [INFO] [1786676759.533793159] [omx_01.arm_controller]: Command interfaces are [position] and state interfaces are [position velocity].
[gazebo-1] [INFO] [1786676759.533813056] [omx_01.arm_controller]: Using 'splines' interpolation method.
[gazebo-1] [INFO] [1786676759.551775304] [omx_01.arm_controller]: Goals with partial set of joints are allowed
[gazebo-1] [INFO] [1786676759.551868633] [omx_01.arm_controller]: Action status changes will be monitored at 20.00 Hz.
[gazebo-1] [INFO] [1786676759.565290174] [omx_01.arm_controller]: Setting initial scaling factor to 1.000000
[gazebo-1] [INFO] [1786676759.565330953] [omx_01.arm_controller]: No scaling interface set. This controller will not read speed scaling from the hardware.
[gazebo-1] [INFO] [1786676759.625216670] [omx_01.controller_manager]: Activating controllers: [ arm_controller ]
[gazebo-1] [INFO] [1786676759.705440994] [omx_01.controller_manager]: Successfully switched controllers!
[spawner-12] [INFO] [1786676759.801699428] [omx_01.spawner_arm_controller]: Configured and activated arm_controller
[spawner-16] [INFO] [1786676759.925274044] [omx_02.spawner_joint_state_broadcaster]: waiting for service /omx_02/controller_manager/list_controllers to become available...
[INFO] [spawner-12]: process has finished cleanly [pid 9638]
[gazebo-1] [INFO] [1786676762.430645968] [omx_02.controller_manager]: Loading controller : 'joint_state_broadcaster' of type 'joint_state_broadcaster/JointStateBroadcaster'
[gazebo-1] [INFO] [1786676762.430684897] [omx_02.controller_manager]: Loading controller 'joint_state_broadcaster'
[gazebo-1] [INFO] [1786676762.439201560] [omx_02.controller_manager]: Controller 'joint_state_broadcaster' node arguments: --ros-args --params-file /home/gyi/robosapiens/robot_model/open_manipulator/install/open_manipulator_bringup/share/open_manipulator_bringup/config/open_manipulator_x/hardware_controller_manager.yaml -p use_sim_time:=true --param use_sim_time:=true 
[spawner-16] [INFO] [1786676762.530897497] [omx_02.spawner_joint_state_broadcaster]: Loaded joint_state_broadcaster
[gazebo-1] [INFO] [1786676762.533928840] [omx_02.controller_manager]: Configuring controller: 'joint_state_broadcaster'
[gazebo-1] [INFO] [1786676762.534080497] [omx_02.joint_state_broadcaster]: 'joints' or 'interfaces' parameter is empty. All available state interfaces will be published
[gazebo-1] [INFO] [1786676762.882043328] [omx_02.controller_manager]: Activating controllers: [ joint_state_broadcaster ]
[gazebo-1] [INFO] [1786676762.933091715] [omx_02.controller_manager]: Successfully switched controllers!
[spawner-16] [INFO] [1786676763.056091577] [omx_02.spawner_joint_state_broadcaster]: Configured and activated joint_state_broadcaster
[spawner-17] [INFO] [1786676763.140451664] [omx_02.spawner_arm_controller]: waiting for service /omx_02/controller_manager/list_controllers to become available...
[INFO] [spawner-16]: process has finished cleanly [pid 9642]
[gazebo-1] [INFO] [1786676765.394572157] [omx_02.controller_manager]: Loading controller : 'arm_controller' of type 'joint_trajectory_controller/JointTrajectoryController'
[gazebo-1] [INFO] [1786676765.394620096] [omx_02.controller_manager]: Loading controller 'arm_controller'
[gazebo-1] [INFO] [1786676765.396146173] [omx_02.controller_manager]: Controller 'arm_controller' node arguments: --ros-args --params-file /home/gyi/robosapiens/robot_model/open_manipulator/install/open_manipulator_bringup/share/open_manipulator_bringup/config/open_manipulator_x/hardware_controller_manager.yaml -p use_sim_time:=true --param use_sim_time:=true 
[spawner-17] [INFO] [1786676765.524173529] [omx_02.spawner_arm_controller]: Loaded arm_controller
[gazebo-1] [INFO] [1786676765.526577029] [omx_02.controller_manager]: Configuring controller: 'arm_controller'
[gazebo-1] [INFO] [1786676765.526731802] [omx_02.arm_controller]: No specific joint names are used for command interfaces. Using 'joints' parameter.
[gazebo-1] [INFO] [1786676765.526745023] [omx_02.arm_controller]: Command interfaces are [position] and state interfaces are [position velocity].
[gazebo-1] [INFO] [1786676765.526752212] [omx_02.arm_controller]: Using 'splines' interpolation method.
[gazebo-1] [INFO] [1786676765.529551266] [omx_02.arm_controller]: Goals with partial set of joints are allowed
[gazebo-1] [INFO] [1786676765.529590492] [omx_02.arm_controller]: Action status changes will be monitored at 20.00 Hz.
[gazebo-1] [INFO] [1786676765.540012956] [omx_02.arm_controller]: Setting initial scaling factor to 1.000000
[gazebo-1] [INFO] [1786676765.540080694] [omx_02.arm_controller]: No scaling interface set. This controller will not read speed scaling from the hardware.
[gazebo-1] [INFO] [1786676765.687148231] [omx_02.controller_manager]: Activating controllers: [ arm_controller ]
[gazebo-1] [INFO] [1786676765.843842416] [omx_02.controller_manager]: Successfully switched controllers!
[spawner-17] [INFO] [1786676765.994474862] [omx_02.spawner_arm_controller]: Configured and activated arm_controller
[spawner-21] [INFO] [1786676766.133976030] [omx_03.spawner_joint_state_broadcaster]: waiting for service /omx_03/controller_manager/list_controllers to become available...
[INFO] [spawner-17]: process has finished cleanly [pid 9643]
[gazebo-1] [INFO] [1786676768.388277140] [omx_03.controller_manager]: Loading controller : 'joint_state_broadcaster' of type 'joint_state_broadcaster/JointStateBroadcaster'
[gazebo-1] [INFO] [1786676768.388339413] [omx_03.controller_manager]: Loading controller 'joint_state_broadcaster'
[gazebo-1] [INFO] [1786676768.391092884] [omx_03.controller_manager]: Controller 'joint_state_broadcaster' node arguments: --ros-args --params-file /home/gyi/robosapiens/robot_model/open_manipulator/install/open_manipulator_bringup/share/open_manipulator_bringup/config/open_manipulator_x/hardware_controller_manager.yaml -p use_sim_time:=true --param use_sim_time:=true 
[spawner-21] [INFO] [1786676768.435216213] [omx_03.spawner_joint_state_broadcaster]: Loaded joint_state_broadcaster
[gazebo-1] [INFO] [1786676768.517768169] [omx_03.controller_manager]: Configuring controller: 'joint_state_broadcaster'
[gazebo-1] [INFO] [1786676768.517889542] [omx_03.joint_state_broadcaster]: 'joints' or 'interfaces' parameter is empty. All available state interfaces will be published
[gazebo-1] [INFO] [1786676768.670788967] [omx_03.controller_manager]: Activating controllers: [ joint_state_broadcaster ]
[gazebo-1] [INFO] [1786676768.742208601] [omx_03.controller_manager]: Successfully switched controllers!
[spawner-21] [INFO] [1786676768.875715815] [omx_03.spawner_joint_state_broadcaster]: Configured and activated joint_state_broadcaster
[spawner-11] [INFO] [1786676768.987361361] [omx_01.spawner_joint_state_broadcaster]: waiting for service /omx_01/controller_manager/list_controllers to become available...
[spawner-18] [WARN] [1786676769.004415090] [ros2_control_controller_spawner_gripper_controller]: Failed to acquire lock in 20 seconds. Attempt 1 of 5 failed. Retrying in 3 seconds...
[INFO] [spawner-21]: process has finished cleanly [pid 9647]
[spawner-23] [WARN] [1786676769.110014452] [ros2_control_controller_spawner_gripper_controller]: Failed to acquire lock in 20 seconds. Attempt 1 of 5 failed. Retrying in 3 seconds...
[spawner-22] [WARN] [1786676769.145967094] [ros2_control_controller_spawner_arm_controller]: Failed to acquire lock in 20 seconds. Attempt 1 of 5 failed. Retrying in 3 seconds...
[3/3] Nav2 와 RMF 어댑터
[INFO] [launch]: All log files can be found below /home/gyi/.ros/log/2026-08-14-12-06-10-331654-gyi-15UD50T-GX5JK-11146
[INFO] [launch]: Default logging verbosity is set to INFO
[INFO] [map_server-1]: process started with pid [11224]
[INFO] [lifecycle_manager-2]: process started with pid [11225]
[INFO] [amcl-3]: process started with pid [11226]
[INFO] [controller_server-4]: process started with pid [11227]
[INFO] [smoother_server-5]: process started with pid [11228]
[INFO] [planner_server-6]: process started with pid [11229]
[INFO] [behavior_server-7]: process started with pid [11230]
[INFO] [bt_navigator-8]: process started with pid [11231]
[INFO] [waypoint_follower-9]: process started with pid [11232]
[INFO] [velocity_smoother-10]: process started with pid [11233]
[INFO] [lifecycle_manager-11]: process started with pid [11234]
[INFO] [amcl-12]: process started with pid [11235]
[INFO] [controller_server-13]: process started with pid [11236]
[INFO] [smoother_server-14]: process started with pid [11237]
[INFO] [planner_server-15]: process started with pid [11238]
[INFO] [behavior_server-16]: process started with pid [11239]
[INFO] [bt_navigator-17]: process started with pid [11240]
[INFO] [waypoint_follower-18]: process started with pid [11241]
[INFO] [velocity_smoother-19]: process started with pid [11242]
[INFO] [lifecycle_manager-20]: process started with pid [11243]
[INFO] [python3-21]: process started with pid [11244]
[INFO] [python3-22]: process started with pid [11245]
[INFO] [python3-23]: process started with pid [11246]
[controller_server-13] [INFO] [1786676771.482168149] [pinky_02.controller_server]: 
[controller_server-13] 	controller_server lifecycle node launched. 
[controller_server-13] 	Waiting on external lifecycle transitions to activate
[controller_server-13] 	See https://design.ros2.org/articles/node_lifecycle.html for more information.
[bt_navigator-17] [INFO] [1786676771.487131148] [pinky_02.bt_navigator]: 
[bt_navigator-17] 	bt_navigator lifecycle node launched. 
[bt_navigator-17] 	Waiting on external lifecycle transitions to activate
[bt_navigator-17] 	See https://design.ros2.org/articles/node_lifecycle.html for more information.
[bt_navigator-17] [INFO] [1786676771.518055992] [pinky_02.bt_navigator]: Creating
[controller_server-13] [INFO] [1786676771.544192642] [pinky_02.controller_server]: Creating controller server
[lifecycle_manager-2] [INFO] [1786676771.700422875] [lifecycle_manager_map]: Creating
[behavior_server-7] [INFO] [1786676771.707861888] [pinky_01.behavior_server]: 
[behavior_server-7] 	behavior_server lifecycle node launched. 
[behavior_server-7] 	Waiting on external lifecycle transitions to activate
[behavior_server-7] 	See https://design.ros2.org/articles/node_lifecycle.html for more information.
[lifecycle_manager-2] [INFO] [1786676771.760327824] [lifecycle_manager_map]: [34m[1mCreating and initializing lifecycle service clients[0m[0m
[map_server-1] [INFO] [1786676771.922662909] [map_server]: 
[map_server-1] 	map_server lifecycle node launched. 
[map_server-1] 	Waiting on external lifecycle transitions to activate
[map_server-1] 	See https://design.ros2.org/articles/node_lifecycle.html for more information.
[map_server-1] [INFO] [1786676771.922851158] [map_server]: Creating
[smoother_server-14] [INFO] [1786676772.001552570] [pinky_02.smoother_server]: 
[smoother_server-14] 	smoother_server lifecycle node launched. 
[smoother_server-14] 	Waiting on external lifecycle transitions to activate
[smoother_server-14] 	See https://design.ros2.org/articles/node_lifecycle.html for more information.
[smoother_server-5] [INFO] [1786676772.027797658] [pinky_01.smoother_server]: 
[smoother_server-5] 	smoother_server lifecycle node launched. 
[smoother_server-5] 	Waiting on external lifecycle transitions to activate
[smoother_server-5] 	See https://design.ros2.org/articles/node_lifecycle.html for more information.
[smoother_server-14] [INFO] [1786676772.033175901] [pinky_02.smoother_server]: Creating smoother server
[waypoint_follower-18] [INFO] [1786676772.052305633] [pinky_02.waypoint_follower]: 
[waypoint_follower-18] 	waypoint_follower lifecycle node launched. 
[waypoint_follower-18] 	Waiting on external lifecycle transitions to activate
[waypoint_follower-18] 	See https://design.ros2.org/articles/node_lifecycle.html for more information.
[waypoint_follower-18] [INFO] [1786676772.058613024] [pinky_02.waypoint_follower]: Creating
[smoother_server-5] [INFO] [1786676772.088781516] [pinky_01.smoother_server]: Creating smoother server
[planner_server-6] [INFO] [1786676772.099203087] [pinky_01.planner_server]: 
[planner_server-6] 	planner_server lifecycle node launched. 
[planner_server-6] 	Waiting on external lifecycle transitions to activate
[planner_server-6] 	See https://design.ros2.org/articles/node_lifecycle.html for more information.
[planner_server-6] [INFO] [1786676772.126949676] [pinky_01.planner_server]: Creating
RMF↔Nav2 어댑터가 떴습니다.
[amcl-12] [INFO] [1786676772.148709409] [pinky_02.amcl]: 
[amcl-12] 	amcl lifecycle node launched. 
[amcl-12] 	Waiting on external lifecycle transitions to activate
[amcl-12] 	See https://design.ros2.org/articles/node_lifecycle.html for more information.
[amcl-12] [INFO] [1786676772.181253767] [pinky_02.amcl]: Creating
[velocity_smoother-10] [INFO] [1786676772.315848644] [pinky_01.velocity_smoother]: 
[velocity_smoother-10] 	velocity_smoother lifecycle node launched. 
[velocity_smoother-10] 	Waiting on external lifecycle transitions to activate
[velocity_smoother-10] 	See https://design.ros2.org/articles/node_lifecycle.html for more information.
[lifecycle_manager-20] [INFO] [1786676772.355824841] [pinky_02.lifecycle_manager_navigation]: Creating
[controller_server-13] [INFO] [1786676772.382112634] [pinky_02.local_costmap.local_costmap]: 
[controller_server-13] 	local_costmap lifecycle node launched. 
[controller_server-13] 	Waiting on external lifecycle transitions to activate
[controller_server-13] 	See https://design.ros2.org/articles/node_lifecycle.html for more information.
[planner_server-15] [INFO] [1786676772.416390373] [pinky_02.planner_server]: 
[planner_server-15] 	planner_server lifecycle node launched. 
[planner_server-15] 	Waiting on external lifecycle transitions to activate
[planner_server-15] 	See https://design.ros2.org/articles/node_lifecycle.html for more information.
[planner_server-15] [INFO] [1786676772.451251599] [pinky_02.planner_server]: Creating
[bt_navigator-8] [INFO] [1786676772.459114200] [pinky_01.bt_navigator]: 
[bt_navigator-8] 	bt_navigator lifecycle node launched. 
[bt_navigator-8] 	Waiting on external lifecycle transitions to activate
[bt_navigator-8] 	See https://design.ros2.org/articles/node_lifecycle.html for more information.
[controller_server-13] [INFO] [1786676772.462664788] [pinky_02.local_costmap.local_costmap]: Creating Costmap
[bt_navigator-8] [INFO] [1786676772.508162307] [pinky_01.bt_navigator]: Creating
[lifecycle_manager-20] [INFO] [1786676772.539531970] [pinky_02.lifecycle_manager_navigation]: [34m[1mCreating and initializing lifecycle service clients[0m[0m
[velocity_smoother-19] [INFO] [1786676772.565394824] [pinky_02.velocity_smoother]: 
[velocity_smoother-19] 	velocity_smoother lifecycle node launched. 
[velocity_smoother-19] 	Waiting on external lifecycle transitions to activate
[velocity_smoother-19] 	See https://design.ros2.org/articles/node_lifecycle.html for more information.
[gazebo-1] [WARN] [1786676772.597329594] [omx_01.controller_manager.rclcpp]: failed to send response to /omx_01/controller_manager/list_controllers (timeout): client will not receive response, at ./src/rmw_response.cpp:153, at ./src/rcl/service.c:400
[amcl-3] [INFO] [1786676772.661578628] [pinky_01.amcl]: 
[amcl-3] 	amcl lifecycle node launched. 
[amcl-3] 	Waiting on external lifecycle transitions to activate
[amcl-3] 	See https://design.ros2.org/articles/node_lifecycle.html for more information.
[amcl-3] [INFO] [1786676772.679496262] [pinky_01.amcl]: Creating
[lifecycle_manager-11] [INFO] [1786676772.681969049] [pinky_01.lifecycle_manager_navigation]: Creating
[controller_server-4] [INFO] [1786676772.727019198] [pinky_01.controller_server]: 
[controller_server-4] 	controller_server lifecycle node launched. 
[controller_server-4] 	Waiting on external lifecycle transitions to activate
[controller_server-4] 	See https://design.ros2.org/articles/node_lifecycle.html for more information.
[lifecycle_manager-11] [INFO] [1786676772.742232856] [pinky_01.lifecycle_manager_navigation]: [34m[1mCreating and initializing lifecycle service clients[0m[0m
[behavior_server-16] [INFO] [1786676772.748115821] [pinky_02.behavior_server]: 
[behavior_server-16] 	behavior_server lifecycle node launched. 
[behavior_server-16] 	Waiting on external lifecycle transitions to activate
[behavior_server-16] 	See https://design.ros2.org/articles/node_lifecycle.html for more information.
[planner_server-6] [INFO] [1786676772.824525792] [pinky_01.global_costmap.global_costmap]: 
[planner_server-6] 	global_costmap lifecycle node launched. 
[planner_server-6] 	Waiting on external lifecycle transitions to activate
[planner_server-6] 	See https://design.ros2.org/articles/node_lifecycle.html for more information.
[planner_server-6] [INFO] [1786676772.827077368] [pinky_01.global_costmap.global_costmap]: Creating Costmap
[controller_server-4] [INFO] [1786676772.869709070] [pinky_01.controller_server]: Creating controller server
[waypoint_follower-9] [INFO] [1786676772.989948191] [pinky_01.waypoint_follower]: 
[waypoint_follower-9] 	waypoint_follower lifecycle node launched. 
[waypoint_follower-9] 	Waiting on external lifecycle transitions to activate
[waypoint_follower-9] 	See https://design.ros2.org/articles/node_lifecycle.html for more information.
[waypoint_follower-9] [INFO] [1786676772.992420987] [pinky_01.waypoint_follower]: Creating
[python3-22] [INFO] [1786676773.350710455] [project1_workcell]: 워크셀 3대, 맡은 자리 3곳을 RMF 에 이었습니다.
[planner_server-15] [INFO] [1786676773.596359824] [pinky_02.global_costmap.global_costmap]: 
[planner_server-15] 	global_costmap lifecycle node launched. 
[planner_server-15] 	Waiting on external lifecycle transitions to activate
[planner_server-15] 	See https://design.ros2.org/articles/node_lifecycle.html for more information.
[planner_server-15] [INFO] [1786676773.634699070] [pinky_02.global_costmap.global_costmap]: Creating Costmap
[python3-23] [INFO] [1786676773.699803817] [project1_sensor_relay]: [pinky_01] /pinky_01 를 봅니다.
[python3-23] [INFO] [1786676773.711684234] [project1_sensor_relay]: [pinky_02] /pinky_02 를 봅니다.
[python3-21] [retreat_to_charger_interval] value is not provided, default to 10 seconds
[python3-21] Finishing request: nothing
[python3-21] Fleet is not configured to perform any finishing request
[python3-21] Maximum delay is not provided, default to 10.0
[controller_server-4] [INFO] [1786676774.025894733] [pinky_01.local_costmap.local_costmap]: 
[controller_server-4] 	local_costmap lifecycle node launched. 
[controller_server-4] 	Waiting on external lifecycle transitions to activate
[controller_server-4] 	See https://design.ros2.org/articles/node_lifecycle.html for more information.
[controller_server-4] [INFO] [1786676774.045312968] [pinky_01.local_costmap.local_costmap]: Creating Costmap
[lifecycle_manager-2] [INFO] [1786676774.124560064] [lifecycle_manager_map]: Waiting for service map_server/get_state...
[lifecycle_manager-2] [INFO] [1786676774.385855643] [lifecycle_manager_map]: [34m[1mStarting managed nodes bringup...[0m[0m
[lifecycle_manager-2] [INFO] [1786676774.385928709] [lifecycle_manager_map]: [34m[1mConfiguring map_server[0m[0m
[map_server-1] [INFO] [1786676774.420656877] [map_server]: Configuring
[map_server-1] [INFO] [1786676774.420768428] [map_io]: Loading yaml file: /home/gyi/robosapiens/rmf_maps/project1/nav2_map/project1.yaml
[map_server-1] [INFO] [1786676774.421213531] [map_io]: resolution: 0.005994
[map_server-1] [INFO] [1786676774.421231245] [map_io]: origin[0]: -1.23864
[map_server-1] [INFO] [1786676774.421241593] [map_io]: origin[1]: -3.24145
[map_server-1] [INFO] [1786676774.421249343] [map_io]: origin[2]: 0
[map_server-1] [INFO] [1786676774.421257054] [map_io]: free_thresh: 0.196
[map_server-1] [INFO] [1786676774.421264325] [map_io]: occupied_thresh: 0.65
[map_server-1] [INFO] [1786676774.421272883] [map_io]: mode: trinary
[map_server-1] [INFO] [1786676774.421280533] [map_io]: negate: 0
[map_server-1] [INFO] [1786676774.433168876] [map_io]: Loading image_file: /home/gyi/robosapiens/rmf_maps/project1/nav2_map/project1.pgm
[map_server-1] [INFO] [1786676774.564290609] [map_io]: Read map /home/gyi/robosapiens/rmf_maps/project1/nav2_map/project1.pgm: 800 X 615 map @ 0.005994 m/cell
[lifecycle_manager-20] [INFO] [1786676774.639419563] [pinky_02.lifecycle_manager_navigation]: [34m[1mStarting managed nodes bringup...[0m[0m
[lifecycle_manager-20] [INFO] [1786676774.639479396] [pinky_02.lifecycle_manager_navigation]: [34m[1mConfiguring amcl[0m[0m
[amcl-12] [INFO] [1786676774.643038890] [pinky_02.amcl]: Configuring
[amcl-12] [INFO] [1786676774.646115138] [pinky_02.amcl]: initTransforms
[lifecycle_manager-2] [INFO] [1786676774.802007545] [lifecycle_manager_map]: [34m[1mActivating map_server[0m[0m
[map_server-1] [INFO] [1786676774.819266280] [map_server]: Activating
[map_server-1] [INFO] [1786676774.820414833] [map_server]: Creating bond (map_server) to lifecycle manager.
[amcl-12] [INFO] [1786676774.868971820] [pinky_02.amcl]: initPubSub
[amcl-12] [INFO] [1786676774.979415758] [pinky_02.amcl]: Subscribed to map topic.
[lifecycle_manager-11] [INFO] [1786676775.003678811] [pinky_01.lifecycle_manager_navigation]: [34m[1mStarting managed nodes bringup...[0m[0m
[lifecycle_manager-11] [INFO] [1786676775.003744808] [pinky_01.lifecycle_manager_navigation]: [34m[1mConfiguring amcl[0m[0m
[amcl-3] [INFO] [1786676775.004724400] [pinky_01.amcl]: Configuring
[amcl-3] [INFO] [1786676775.006858171] [pinky_01.amcl]: initTransforms
[amcl-12] [INFO] [1786676775.013061070] [pinky_02.amcl]: Received a 800 X 615 map @ 0.006 m/pix
[lifecycle_manager-20] [INFO] [1786676775.042632084] [pinky_02.lifecycle_manager_navigation]: [34m[1mConfiguring controller_server[0m[0m
[controller_server-13] [INFO] [1786676775.045924226] [pinky_02.controller_server]: Configuring controller interface
[controller_server-13] [INFO] [1786676775.045969964] [pinky_02.controller_server]: getting progress checker plugins..
[controller_server-13] [INFO] [1786676775.064706043] [pinky_02.controller_server]: getting goal checker plugins..
[controller_server-13] [INFO] [1786676775.071384353] [pinky_02.controller_server]: Controller frequency set to 20.0000Hz
[controller_server-13] [INFO] [1786676775.071495257] [pinky_02.local_costmap.local_costmap]: Configuring
[lifecycle_manager-2] [INFO] [1786676775.072992371] [lifecycle_manager_map]: Server map_server connected with bond.
[lifecycle_manager-2] [INFO] [1786676775.073049100] [lifecycle_manager_map]: [34m[1mManaged nodes are active[0m[0m
[lifecycle_manager-2] [INFO] [1786676775.073058528] [lifecycle_manager_map]: [34m[1mCreating bond timer...[0m[0m
[amcl-3] [INFO] [1786676775.257772881] [pinky_01.amcl]: initPubSub
[controller_server-13] [INFO] [1786676775.262579578] [pinky_02.local_costmap.local_costmap]: Using plugin "voxel_layer"
[amcl-3] [INFO] [1786676775.350163957] [pinky_01.amcl]: Subscribed to map topic.
[controller_server-13] [INFO] [1786676775.355096688] [pinky_02.local_costmap.local_costmap]: Subscribed to Topics: scan
[lifecycle_manager-11] [INFO] [1786676775.396993583] [pinky_01.lifecycle_manager_navigation]: [34m[1mConfiguring controller_server[0m[0m
[controller_server-4] [INFO] [1786676775.399946079] [pinky_01.controller_server]: Configuring controller interface
[controller_server-4] [INFO] [1786676775.399981954] [pinky_01.controller_server]: getting progress checker plugins..
[controller_server-4] [INFO] [1786676775.403152108] [pinky_01.controller_server]: getting goal checker plugins..
[amcl-3] [INFO] [1786676775.400719871] [pinky_01.amcl]: Received a 800 X 615 map @ 0.006 m/pix
[python3-21] [INFO] [1786676775.405343872] [project1_pinky_fleet_adapter]: Parameter [discovery_timeout] set to: 60.000000
[controller_server-4] [INFO] [1786676775.412051606] [pinky_01.controller_server]: Controller frequency set to 20.0000Hz
[controller_server-4] [INFO] [1786676775.412163108] [pinky_01.local_costmap.local_costmap]: Configuring
[controller_server-4] [INFO] [1786676775.526218775] [pinky_01.local_costmap.local_costmap]: Using plugin "voxel_layer"
[controller_server-4] [INFO] [1786676775.537494137] [pinky_01.local_costmap.local_costmap]: Subscribed to Topics: scan
[controller_server-13] [INFO] [1786676775.578475140] [pinky_02.local_costmap.local_costmap]: Initialized plugin "voxel_layer"
[controller_server-13] [INFO] [1786676775.578527124] [pinky_02.local_costmap.local_costmap]: Using plugin "inflation_layer"
[controller_server-13] [INFO] [1786676775.584776289] [pinky_02.local_costmap.local_costmap]: Initialized plugin "inflation_layer"
[controller_server-4] [INFO] [1786676775.592637039] [pinky_01.local_costmap.local_costmap]: Initialized plugin "voxel_layer"
[controller_server-4] [INFO] [1786676775.592694384] [pinky_01.local_costmap.local_costmap]: Using plugin "inflation_layer"
[controller_server-4] [INFO] [1786676775.608410681] [pinky_01.local_costmap.local_costmap]: Initialized plugin "inflation_layer"
[rmf_traffic_schedule-1] [INFO] [1786676775.707907592] [rmf_traffic_schedule_primary]: A new mirror is tracking query ID [1]
[schedule_visualizer_node-4] [INFO] [1786676775.711647495] [schedule_data_node]: Mirror handling new sync of 1 queries from schedule node [b8361ed9-26a3-4685-a109-4ff7917e4d93]
[controller_server-13] [INFO] [1786676775.732180699] [pinky_02.controller_server]: Created progress_checker : progress_checker of type nav2_controller::SimpleProgressChecker
[controller_server-13] [INFO] [1786676775.736709767] [pinky_02.controller_server]: Controller Server has progress_checker  progress checkers available.
[controller_server-13] [INFO] [1786676775.742188647] [pinky_02.controller_server]: Created goal checker : general_goal_checker of type nav2_controller::SimpleGoalChecker
[controller_server-13] [INFO] [1786676775.743488046] [pinky_02.controller_server]: Controller Server has general_goal_checker  goal checkers available.
[python3-21] [INFO] [1786676775.749835089] [project1_pinky_fleet_adapter]: Registering to query topic rmf_traffic/query_update_1
[controller_server-13] [INFO] [1786676775.750664110] [pinky_02.controller_server]: Created controller : FollowPath of type nav2_regulated_pure_pursuit_controller::RegulatedPurePursuitController
[controller_server-13] [INFO] [1786676775.776076884] [pinky_02.controller_server]: Controller Server has FollowPath  controllers available.
[controller_server-4] [INFO] [1786676775.799415517] [pinky_01.controller_server]: Created progress_checker : progress_checker of type nav2_controller::SimpleProgressChecker
[controller_server-4] [INFO] [1786676775.804000872] [pinky_01.controller_server]: Controller Server has progress_checker  progress checkers available.
[controller_server-4] [INFO] [1786676775.806736693] [pinky_01.controller_server]: Created goal checker : general_goal_checker of type nav2_controller::SimpleGoalChecker
[controller_server-4] [INFO] [1786676775.809484871] [pinky_01.controller_server]: Controller Server has general_goal_checker  goal checkers available.
[controller_server-4] [INFO] [1786676775.812574790] [pinky_01.controller_server]: Created controller : FollowPath of type nav2_regulated_pure_pursuit_controller::RegulatedPurePursuitController
[lifecycle_manager-20] [INFO] [1786676775.840422402] [pinky_02.lifecycle_manager_navigation]: [34m[1mConfiguring smoother_server[0m[0m
[smoother_server-14] [INFO] [1786676775.841955962] [pinky_02.smoother_server]: Configuring smoother server
[controller_server-4] [INFO] [1786676775.858372551] [pinky_01.controller_server]: Controller Server has FollowPath  controllers available.
[smoother_server-14] [INFO] [1786676775.900077119] [pinky_02.smoother_server]: Created smoother : simple_smoother of type nav2_smoother::SimpleSmoother
[smoother_server-14] [INFO] [1786676775.903556640] [pinky_02.smoother_server]: Smoother Server has simple_smoother  smoothers available.
[lifecycle_manager-11] [INFO] [1786676775.925727400] [pinky_01.lifecycle_manager_navigation]: [34m[1mConfiguring smoother_server[0m[0m
[smoother_server-5] [INFO] [1786676775.926470944] [pinky_01.smoother_server]: Configuring smoother server
[lifecycle_manager-20] [INFO] [1786676775.943821110] [pinky_02.lifecycle_manager_navigation]: [34m[1mConfiguring planner_server[0m[0m
[planner_server-15] [INFO] [1786676775.944593953] [pinky_02.planner_server]: Configuring
[planner_server-15] [INFO] [1786676775.944663712] [pinky_02.global_costmap.global_costmap]: Configuring
[smoother_server-5] [INFO] [1786676775.987158029] [pinky_01.smoother_server]: Created smoother : simple_smoother of type nav2_smoother::SimpleSmoother
[smoother_server-5] [INFO] [1786676775.992859700] [pinky_01.smoother_server]: Smoother Server has simple_smoother  smoothers available.
[planner_server-15] [INFO] [1786676775.996716162] [pinky_02.global_costmap.global_costmap]: Using plugin "static_layer"
[planner_server-15] [INFO] [1786676776.019004243] [pinky_02.global_costmap.global_costmap]: Subscribing to the map topic (/nav2_map) with transient local durability
[planner_server-15] [INFO] [1786676776.026937166] [pinky_02.global_costmap.global_costmap]: Initialized plugin "static_layer"
[planner_server-15] [INFO] [1786676776.027000146] [pinky_02.global_costmap.global_costmap]: Using plugin "obstacle_layer"
[lifecycle_manager-11] [INFO] [1786676776.032679266] [pinky_01.lifecycle_manager_navigation]: [34m[1mConfiguring planner_server[0m[0m
[planner_server-6] [INFO] [1786676776.033373068] [pinky_01.planner_server]: Configuring
[planner_server-6] [INFO] [1786676776.033635463] [pinky_01.global_costmap.global_costmap]: Configuring
[planner_server-15] [INFO] [1786676776.034223735] [pinky_02.global_costmap.global_costmap]: Subscribed to Topics: scan
[planner_server-15] [INFO] [1786676776.064024122] [pinky_02.global_costmap.global_costmap]: Initialized plugin "obstacle_layer"
[planner_server-15] [INFO] [1786676776.064090601] [pinky_02.global_costmap.global_costmap]: Using plugin "inflation_layer"
[planner_server-15] [INFO] [1786676776.068068830] [pinky_02.global_costmap.global_costmap]: Initialized plugin "inflation_layer"
[planner_server-6] [INFO] [1786676776.081136321] [pinky_01.global_costmap.global_costmap]: Using plugin "static_layer"
[planner_server-6] [INFO] [1786676776.093630528] [pinky_01.global_costmap.global_costmap]: Subscribing to the map topic (/nav2_map) with transient local durability
[planner_server-6] [INFO] [1786676776.104083885] [pinky_01.global_costmap.global_costmap]: Initialized plugin "static_layer"
[planner_server-6] [INFO] [1786676776.104142267] [pinky_01.global_costmap.global_costmap]: Using plugin "obstacle_layer"
[planner_server-6] [INFO] [1786676776.105440579] [pinky_01.global_costmap.global_costmap]: Subscribed to Topics: scan
[planner_server-6] [INFO] [1786676776.133710349] [pinky_01.global_costmap.global_costmap]: Initialized plugin "obstacle_layer"
[planner_server-6] [INFO] [1786676776.133768711] [pinky_01.global_costmap.global_costmap]: Using plugin "inflation_layer"
[planner_server-6] [INFO] [1786676776.134764198] [pinky_01.global_costmap.global_costmap]: Initialized plugin "inflation_layer"
[planner_server-15] [INFO] [1786676776.190741395] [pinky_02.global_costmap.global_costmap]: StaticLayer: Resizing costmap to 800 X 615 at 0.005994 m/pix
[planner_server-15] [INFO] [1786676776.193338933] [pinky_02.planner_server]: Created global planner plugin GridBased of type nav2_navfn_planner::NavfnPlanner
[planner_server-15] [INFO] [1786676776.193413803] [pinky_02.planner_server]: Configuring plugin GridBased of type NavfnPlanner
[planner_server-15] [INFO] [1786676776.194738748] [pinky_02.planner_server]: Planner Server has GridBased  planners available.
[lifecycle_manager-20] [INFO] [1786676776.279386105] [pinky_02.lifecycle_manager_navigation]: [34m[1mConfiguring behavior_server[0m[0m
[behavior_server-16] [INFO] [1786676776.281835502] [pinky_02.behavior_server]: Configuring
[planner_server-6] [INFO] [1786676776.294909417] [pinky_01.global_costmap.global_costmap]: StaticLayer: Resizing costmap to 800 X 615 at 0.005994 m/pix
[planner_server-6] [INFO] [1786676776.295628797] [pinky_01.planner_server]: Created global planner plugin GridBased of type nav2_navfn_planner::NavfnPlanner
[planner_server-6] [INFO] [1786676776.295674868] [pinky_01.planner_server]: Configuring plugin GridBased of type NavfnPlanner
[planner_server-6] [INFO] [1786676776.302956586] [pinky_01.planner_server]: Planner Server has GridBased  planners available.
[behavior_server-16] [INFO] [1786676776.347695606] [pinky_02.behavior_server]: Creating behavior plugin spin of type nav2_behaviors::Spin
[lifecycle_manager-11] [INFO] [1786676776.355080164] [pinky_01.lifecycle_manager_navigation]: [34m[1mConfiguring behavior_server[0m[0m
[behavior_server-7] [INFO] [1786676776.356932901] [pinky_01.behavior_server]: Configuring
[behavior_server-16] [INFO] [1786676776.365688028] [pinky_02.behavior_server]: Creating behavior plugin backup of type nav2_behaviors::BackUp
[behavior_server-16] [INFO] [1786676776.382801566] [pinky_02.behavior_server]: Creating behavior plugin drive_on_heading of type nav2_behaviors::DriveOnHeading
[behavior_server-16] [INFO] [1786676776.389091575] [pinky_02.behavior_server]: Creating behavior plugin assisted_teleop of type nav2_behaviors::AssistedTeleop
[behavior_server-16] [INFO] [1786676776.409298715] [pinky_02.behavior_server]: Creating behavior plugin wait of type nav2_behaviors::Wait
[behavior_server-7] [INFO] [1786676776.409712787] [pinky_01.behavior_server]: Creating behavior plugin spin of type nav2_behaviors::Spin
[behavior_server-7] [INFO] [1786676776.415593506] [pinky_01.behavior_server]: Creating behavior plugin backup of type nav2_behaviors::BackUp
[behavior_server-7] [INFO] [1786676776.421930402] [pinky_01.behavior_server]: Creating behavior plugin drive_on_heading of type nav2_behaviors::DriveOnHeading
[behavior_server-7] [INFO] [1786676776.426670420] [pinky_01.behavior_server]: Creating behavior plugin assisted_teleop of type nav2_behaviors::AssistedTeleop
[behavior_server-7] [INFO] [1786676776.433291461] [pinky_01.behavior_server]: Creating behavior plugin wait of type nav2_behaviors::Wait
[python3-21] [INFO] [1786676776.467901066] [project1_pinky_fleet_adapter]: Mirror handling new sync of 1 queries from schedule node [b8361ed9-26a3-4685-a109-4ff7917e4d93]
[behavior_server-16] [INFO] [1786676776.469577888] [pinky_02.behavior_server]: Configuring spin
[behavior_server-7] [INFO] [1786676776.485637995] [pinky_01.behavior_server]: Configuring spin
[behavior_server-16] [INFO] [1786676776.529659110] [pinky_02.behavior_server]: Configuring backup
[behavior_server-7] [INFO] [1786676776.541349439] [pinky_01.behavior_server]: Configuring backup
[behavior_server-7] [INFO] [1786676776.575907700] [pinky_01.behavior_server]: Configuring drive_on_heading
[behavior_server-16] [INFO] [1786676776.590241874] [pinky_02.behavior_server]: Configuring drive_on_heading
[behavior_server-7] [INFO] [1786676776.622500778] [pinky_01.behavior_server]: Configuring assisted_teleop
[behavior_server-16] [INFO] [1786676776.629802545] [pinky_02.behavior_server]: Configuring assisted_teleop
[behavior_server-16] [INFO] [1786676776.662681308] [pinky_02.behavior_server]: Configuring wait
[behavior_server-7] [INFO] [1786676776.672367561] [pinky_01.behavior_server]: Configuring wait
[lifecycle_manager-20] [INFO] [1786676776.695201556] [pinky_02.lifecycle_manager_navigation]: [34m[1mConfiguring bt_navigator[0m[0m
[bt_navigator-17] [INFO] [1786676776.697034046] [pinky_02.bt_navigator]: Configuring
[lifecycle_manager-11] [INFO] [1786676776.711131232] [pinky_01.lifecycle_manager_navigation]: [34m[1mConfiguring bt_navigator[0m[0m
[bt_navigator-8] [INFO] [1786676776.712750522] [pinky_01.bt_navigator]: Configuring
[bt_navigator-17] [INFO] [1786676776.726194988] [pinky_02.bt_navigator]: Creating navigator id navigate_to_pose of type nav2_bt_navigator::NavigateToPoseNavigator
[bt_navigator-8] [INFO] [1786676776.736305532] [pinky_01.bt_navigator]: Creating navigator id navigate_to_pose of type nav2_bt_navigator::NavigateToPoseNavigator
[bt_navigator-8] [INFO] [1786676777.020347053] [pinky_01.bt_navigator]: Creating navigator id navigate_through_poses of type nav2_bt_navigator::NavigateThroughPosesNavigator
[bt_navigator-17] [INFO] [1786676777.027533060] [pinky_02.bt_navigator]: Creating navigator id navigate_through_poses of type nav2_bt_navigator::NavigateThroughPosesNavigator
[lifecycle_manager-20] [INFO] [1786676777.144450536] [pinky_02.lifecycle_manager_navigation]: [34m[1mConfiguring waypoint_follower[0m[0m
[waypoint_follower-18] [INFO] [1786676777.149791003] [pinky_02.waypoint_follower]: Configuring
[lifecycle_manager-11] [INFO] [1786676777.158421833] [pinky_01.lifecycle_manager_navigation]: [34m[1mConfiguring waypoint_follower[0m[0m
[waypoint_follower-9] [INFO] [1786676777.159855685] [pinky_01.waypoint_follower]: Configuring
[waypoint_follower-9] [INFO] [1786676777.267784607] [pinky_01.waypoint_follower]: Created waypoint_task_executor : wait_at_waypoint of type nav2_waypoint_follower::WaitAtWaypoint
[waypoint_follower-18] [INFO] [1786676777.267789657] [pinky_02.waypoint_follower]: Created waypoint_task_executor : wait_at_waypoint of type nav2_waypoint_follower::WaitAtWaypoint
[lifecycle_manager-20] [INFO] [1786676777.270320303] [pinky_02.lifecycle_manager_navigation]: [34m[1mConfiguring velocity_smoother[0m[0m
[velocity_smoother-19] [INFO] [1786676777.273745414] [pinky_02.velocity_smoother]: Configuring velocity smoother
[lifecycle_manager-11] [INFO] [1786676777.274106930] [pinky_01.lifecycle_manager_navigation]: [34m[1mConfiguring velocity_smoother[0m[0m
[velocity_smoother-10] [INFO] [1786676777.275725318] [pinky_01.velocity_smoother]: Configuring velocity smoother
[lifecycle_manager-20] [INFO] [1786676777.301614881] [pinky_02.lifecycle_manager_navigation]: [34m[1mActivating amcl[0m[0m
[amcl-12] [INFO] [1786676777.302240338] [pinky_02.amcl]: Activating
[amcl-12] [INFO] [1786676777.302306647] [pinky_02.amcl]: initialPoseReceived
[amcl-12] [INFO] [1786676777.303076536] [pinky_02.amcl]: Setting pose (1.040000): 1.613 -1.088 0.000
[lifecycle_manager-11] [INFO] [1786676777.303325807] [pinky_01.lifecycle_manager_navigation]: [34m[1mActivating amcl[0m[0m
[amcl-3] [INFO] [1786676777.303895409] [pinky_01.amcl]: Activating
[amcl-3] [INFO] [1786676777.303956460] [pinky_01.amcl]: initialPoseReceived
[amcl-3] [INFO] [1786676777.304081957] [pinky_01.amcl]: Setting pose (1.040000): 1.612 -0.717 0.000
[amcl-12] [INFO] [1786676777.304239531] [pinky_02.amcl]: Creating bond (amcl) to lifecycle manager.
[amcl-3] [INFO] [1786676777.305312650] [pinky_01.amcl]: Creating bond (amcl) to lifecycle manager.
[lifecycle_manager-11] [INFO] [1786676777.412361097] [pinky_01.lifecycle_manager_navigation]: Server amcl connected with bond.
[lifecycle_manager-11] [INFO] [1786676777.412442666] [pinky_01.lifecycle_manager_navigation]: [34m[1mActivating controller_server[0m[0m
[lifecycle_manager-20] [INFO] [1786676777.412369788] [pinky_02.lifecycle_manager_navigation]: Server amcl connected with bond.
[lifecycle_manager-20] [INFO] [1786676777.412439198] [pinky_02.lifecycle_manager_navigation]: [34m[1mActivating controller_server[0m[0m
[controller_server-13] [INFO] [1786676777.413102297] [pinky_02.controller_server]: Activating
[controller_server-13] [INFO] [1786676777.413162016] [pinky_02.local_costmap.local_costmap]: Activating
[controller_server-13] [INFO] [1786676777.413180872] [pinky_02.local_costmap.local_costmap]: Checking transform
[controller_server-13] [INFO] [1786676777.413367820] [pinky_02.local_costmap.local_costmap]: start
[controller_server-4] [INFO] [1786676777.413150053] [pinky_01.controller_server]: Activating
[controller_server-4] [INFO] [1786676777.413184123] [pinky_01.local_costmap.local_costmap]: Activating
[controller_server-4] [INFO] [1786676777.413192560] [pinky_01.local_costmap.local_costmap]: Checking transform
[controller_server-4] [INFO] [1786676777.413365370] [pinky_01.local_costmap.local_costmap]: start
[python3-21] [INFO] [1786676777.524530966] [project1_pinky_fleet_adapter]: Fleet [project1_pinky] is configured to perform delivery tasks
[python3-21] [INFO] [1786676777.524609564] [project1_pinky_fleet_adapter]: Fleet [project1_pinky] is configured to perform patrol tasks
[python3-21] [INFO] [1786676777.524641354] [project1_pinky_fleet_adapter]: Finished configuring Easy Full Control adapter for fleet [project1_pinky]
[controller_server-4] [INFO] [1786676777.620090527] [pinky_01.controller_server]: Activating controller: FollowPath of type regulated_pure_pursuit_controller::RegulatedPurePursuitController
[controller_server-4] [INFO] [1786676777.620162816] [pinky_01.controller_server]: Creating bond (controller_server) to lifecycle manager.
[controller_server-13] [INFO] [1786676777.620114718] [pinky_02.controller_server]: Activating controller: FollowPath of type regulated_pure_pursuit_controller::RegulatedPurePursuitController
[controller_server-13] [INFO] [1786676777.620184179] [pinky_02.controller_server]: Creating bond (controller_server) to lifecycle manager.
[python3-21] [INFO] [1786676777.633335262] [project1_pinky_nav2_adapter]: project1_pinky 를 Nav2 에 이었습니다. 로봇 2대, 0.10초마다 알립니다.
[lifecycle_manager-11] [INFO] [1786676777.737987124] [pinky_01.lifecycle_manager_navigation]: Server controller_server connected with bond.
[lifecycle_manager-11] [INFO] [1786676777.738043635] [pinky_01.lifecycle_manager_navigation]: [34m[1mActivating smoother_server[0m[0m
[smoother_server-5] [INFO] [1786676777.738671121] [pinky_01.smoother_server]: Activating
[smoother_server-5] [INFO] [1786676777.738713184] [pinky_01.smoother_server]: Creating bond (smoother_server) to lifecycle manager.
[lifecycle_manager-20] [INFO] [1786676777.739217426] [pinky_02.lifecycle_manager_navigation]: Server controller_server connected with bond.
[lifecycle_manager-20] [INFO] [1786676777.739269722] [pinky_02.lifecycle_manager_navigation]: [34m[1mActivating smoother_server[0m[0m
[smoother_server-14] [INFO] [1786676777.739958406] [pinky_02.smoother_server]: Activating
[smoother_server-14] [INFO] [1786676777.740001846] [pinky_02.smoother_server]: Creating bond (smoother_server) to lifecycle manager.
[lifecycle_manager-11] [INFO] [1786676777.855258519] [pinky_01.lifecycle_manager_navigation]: Server smoother_server connected with bond.
[lifecycle_manager-11] [INFO] [1786676777.855308698] [pinky_01.lifecycle_manager_navigation]: [34m[1mActivating planner_server[0m[0m
[lifecycle_manager-20] [INFO] [1786676777.855287208] [pinky_02.lifecycle_manager_navigation]: Server smoother_server connected with bond.
[lifecycle_manager-20] [INFO] [1786676777.855319914] [pinky_02.lifecycle_manager_navigation]: [34m[1mActivating planner_server[0m[0m
[planner_server-15] [INFO] [1786676777.855912208] [pinky_02.planner_server]: Activating
[planner_server-15] [INFO] [1786676777.855958634] [pinky_02.global_costmap.global_costmap]: Activating
[planner_server-15] [INFO] [1786676777.855973328] [pinky_02.global_costmap.global_costmap]: Checking transform
[planner_server-15] [INFO] [1786676777.856012452] [pinky_02.global_costmap.global_costmap]: Timed out waiting for transform from pinky_02/base_footprint to map to become available, tf error: Invalid frame ID "map" passed to canTransform argument target_frame - frame does not exist
[planner_server-6] [INFO] [1786676777.855937904] [pinky_01.planner_server]: Activating
[planner_server-6] [INFO] [1786676777.855966832] [pinky_01.global_costmap.global_costmap]: Activating
[planner_server-6] [INFO] [1786676777.855972787] [pinky_01.global_costmap.global_costmap]: Checking transform
[planner_server-6] [INFO] [1786676777.856000874] [pinky_01.global_costmap.global_costmap]: Timed out waiting for transform from pinky_01/base_footprint to map to become available, tf error: Invalid frame ID "map" passed to canTransform argument target_frame - frame does not exist
[planner_server-15] [INFO] [1786676778.356088009] [pinky_02.global_costmap.global_costmap]: Timed out waiting for transform from pinky_02/base_footprint to map to become available, tf error: Invalid frame ID "map" passed to canTransform argument target_frame - frame does not exist
[planner_server-6] [INFO] [1786676778.356087923] [pinky_01.global_costmap.global_costmap]: Timed out waiting for transform from pinky_01/base_footprint to map to become available, tf error: Invalid frame ID "map" passed to canTransform argument target_frame - frame does not exist
[amcl-12] [INFO] [1786676778.651729551] [pinky_02.amcl]: createLaserObject
[amcl-3] [INFO] [1786676778.652115807] [pinky_01.amcl]: createLaserObject
[planner_server-15] [INFO] [1786676778.856112088] [pinky_02.global_costmap.global_costmap]: Timed out waiting for transform from pinky_02/base_footprint to map to become available, tf error: Lookup would require extrapolation at time 1.110000, but only time 2.100000 is in the buffer, when looking up transform from frame [pinky_02/base_footprint] to frame [map]
[planner_server-6] [INFO] [1786676778.856111952] [pinky_01.global_costmap.global_costmap]: Timed out waiting for transform from pinky_01/base_footprint to map to become available, tf error: Lookup would require extrapolation at time 1.110000, but only time 2.100000 is in the buffer, when looking up transform from frame [pinky_01/base_footprint] to frame [map]
[schedule_visualizer_node-4] [INFO] [1786676778.927933660] [schedule_data_node]: Requesting new schedule update because update timed out
[schedule_visualizer_node-4] [INFO] [1786676778.927994088] [schedule_data_node]: [rmf_traffic_ros2::MirrorManager::request_update] Requesting changes for query ID [1] since beginning of recorded history
[rmf_traffic_schedule-1] [INFO] [1786676778.929938476] [rmf_traffic_schedule_primary]: [ScheduleNode::update_mirrors] Sending remedial update starting from the beginning going to 6 for query 1
[planner_server-15] [INFO] [1786676779.356081876] [pinky_02.global_costmap.global_costmap]: Timed out waiting for transform from pinky_02/base_footprint to map to become available, tf error: Lookup would require extrapolation at time 1.150000, but only time 2.100000 is in the buffer, when looking up transform from frame [pinky_02/base_footprint] to frame [map]
[planner_server-6] [INFO] [1786676779.356101549] [pinky_01.global_costmap.global_costmap]: Timed out waiting for transform from pinky_01/base_footprint to map to become available, tf error: Lookup would require extrapolation at time 1.150000, but only time 2.100000 is in the buffer, when looking up transform from frame [pinky_01/base_footprint] to frame [map]
[planner_server-15] [INFO] [1786676779.856082264] [pinky_02.global_costmap.global_costmap]: Timed out waiting for transform from pinky_02/base_footprint to map to become available, tf error: Lookup would require extrapolation at time 1.190000, but only time 2.100000 is in the buffer, when looking up transform from frame [pinky_02/base_footprint] to frame [map]
[planner_server-6] [INFO] [1786676779.856082346] [pinky_01.global_costmap.global_costmap]: Timed out waiting for transform from pinky_01/base_footprint to map to become available, tf error: Lookup would require extrapolation at time 1.190000, but only time 2.100000 is in the buffer, when looking up transform from frame [pinky_01/base_footprint] to frame [map]
[planner_server-15] [INFO] [1786676780.356102766] [pinky_02.global_costmap.global_costmap]: Timed out waiting for transform from pinky_02/base_footprint to map to become available, tf error: Lookup would require extrapolation into the past.  Requested time 1.210000 but the earliest data is at time 2.100000, when looking up transform from frame [pinky_02/base_footprint] to frame [map]
[planner_server-6] [INFO] [1786676780.356102684] [pinky_01.global_costmap.global_costmap]: Timed out waiting for transform from pinky_01/base_footprint to map to become available, tf error: Lookup would require extrapolation into the past.  Requested time 1.210000 but the earliest data is at time 2.100000, when looking up transform from frame [pinky_01/base_footprint] to frame [map]
[planner_server-6] [INFO] [1786676780.856143325] [pinky_01.global_costmap.global_costmap]: Timed out waiting for transform from pinky_01/base_footprint to map to become available, tf error: Lookup would require extrapolation into the past.  Requested time 1.250000 but the earliest data is at time 2.100000, when looking up transform from frame [pinky_01/base_footprint] to frame [map]
[planner_server-15] [INFO] [1786676780.856577367] [pinky_02.global_costmap.global_costmap]: Timed out waiting for transform from pinky_02/base_footprint to map to become available, tf error: Lookup would require extrapolation into the past.  Requested time 1.250000 but the earliest data is at time 2.100000, when looking up transform from frame [pinky_02/base_footprint] to frame [map]
[planner_server-15] [INFO] [1786676781.356085848] [pinky_02.global_costmap.global_costmap]: Timed out waiting for transform from pinky_02/base_footprint to map to become available, tf error: Lookup would require extrapolation into the past.  Requested time 1.270000 but the earliest data is at time 2.100000, when looking up transform from frame [pinky_02/base_footprint] to frame [map]
[planner_server-6] [INFO] [1786676781.356085618] [pinky_01.global_costmap.global_costmap]: Timed out waiting for transform from pinky_01/base_footprint to map to become available, tf error: Lookup would require extrapolation into the past.  Requested time 1.270000 but the earliest data is at time 2.100000, when looking up transform from frame [pinky_01/base_footprint] to frame [map]
[planner_server-15] [INFO] [1786676781.856082612] [pinky_02.global_costmap.global_costmap]: Timed out waiting for transform from pinky_02/base_footprint to map to become available, tf error: Lookup would require extrapolation into the past.  Requested time 1.310000 but the earliest data is at time 2.100000, when looking up transform from frame [pinky_02/base_footprint] to frame [map]
[planner_server-6] [INFO] [1786676781.856082716] [pinky_01.global_costmap.global_costmap]: Timed out waiting for transform from pinky_01/base_footprint to map to become available, tf error: Lookup would require extrapolation into the past.  Requested time 1.310000 but the earliest data is at time 2.100000, when looking up transform from frame [pinky_01/base_footprint] to frame [map]
[planner_server-15] [INFO] [1786676782.356077527] [pinky_02.global_costmap.global_costmap]: Timed out waiting for transform from pinky_02/base_footprint to map to become available, tf error: Lookup would require extrapolation into the past.  Requested time 1.330000 but the earliest data is at time 2.100000, when looking up transform from frame [pinky_02/base_footprint] to frame [map]
[planner_server-6] [INFO] [1786676782.356077555] [pinky_01.global_costmap.global_costmap]: Timed out waiting for transform from pinky_01/base_footprint to map to become available, tf error: Lookup would require extrapolation into the past.  Requested time 1.330000 but the earliest data is at time 2.100000, when looking up transform from frame [pinky_01/base_footprint] to frame [map]
[spawner-11] [WARN] [1786676782.496271972] [omx_01.spawner_joint_state_broadcaster]: Failed getting a result from calling /omx_01/controller_manager/list_controllers in 10.0. (Attempt 1 of 3.)
[gazebo-1] [INFO] [1786676782.502239685] [omx_01.controller_manager]: Loading controller : 'joint_state_broadcaster' of type 'joint_state_broadcaster/JointStateBroadcaster'
[gazebo-1] [INFO] [1786676782.502304132] [omx_01.controller_manager]: Loading controller 'joint_state_broadcaster'
[gazebo-1] [INFO] [1786676782.505339060] [omx_01.controller_manager]: Controller 'joint_state_broadcaster' node arguments: --ros-args --params-file /home/gyi/robosapiens/robot_model/open_manipulator/install/open_manipulator_bringup/share/open_manipulator_bringup/config/open_manipulator_x/hardware_controller_manager.yaml -p use_sim_time:=true --param use_sim_time:=true 
[spawner-11] [INFO] [1786676782.678160178] [omx_01.spawner_joint_state_broadcaster]: Loaded joint_state_broadcaster
[gazebo-1] [INFO] [1786676782.683246009] [omx_01.controller_manager]: Configuring controller: 'joint_state_broadcaster'
[gazebo-1] [INFO] [1786676782.683345648] [omx_01.joint_state_broadcaster]: 'joints' or 'interfaces' parameter is empty. All available state interfaces will be published
[gazebo-1] [INFO] [1786676782.840287986] [omx_01.controller_manager]: Activating controllers: [ joint_state_broadcaster ]
[planner_server-15] [INFO] [1786676782.856122552] [pinky_02.global_costmap.global_costmap]: Timed out waiting for transform from pinky_02/base_footprint to map to become available, tf error: Lookup would require extrapolation into the past.  Requested time 1.370000 but the earliest data is at time 2.100000, when looking up transform from frame [pinky_02/base_footprint] to frame [map]
[planner_server-6] [INFO] [1786676782.856122735] [pinky_01.global_costmap.global_costmap]: Timed out waiting for transform from pinky_01/base_footprint to map to become available, tf error: Lookup would require extrapolation into the past.  Requested time 1.370000 but the earliest data is at time 2.100000, when looking up transform from frame [pinky_01/base_footprint] to frame [map]
[gazebo-1] [INFO] [1786676783.002551673] [omx_01.controller_manager]: Successfully switched controllers!
[spawner-11] [INFO] [1786676783.175509762] [omx_01.spawner_joint_state_broadcaster]: Configured and activated joint_state_broadcaster
[spawner-18] [INFO] [1786676783.238211640] [ros2_control_controller_spawner_gripper_controller]: Spawner lock acquired!
[planner_server-15] [INFO] [1786676783.356107555] [pinky_02.global_costmap.global_costmap]: Timed out waiting for transform from pinky_02/base_footprint to map to become available, tf error: Lookup would require extrapolation into the past.  Requested time 1.390000 but the earliest data is at time 2.100000, when looking up transform from frame [pinky_02/base_footprint] to frame [map]
[planner_server-6] [INFO] [1786676783.356108769] [pinky_01.global_costmap.global_costmap]: Timed out waiting for transform from pinky_01/base_footprint to map to become available, tf error: Lookup would require extrapolation into the past.  Requested time 1.390000 but the earliest data is at time 2.100000, when looking up transform from frame [pinky_01/base_footprint] to frame [map]
[spawner-18] [INFO] [1786676783.425287836] [omx_02.spawner_gripper_controller]: waiting for service /omx_02/controller_manager/list_controllers to become available...
[INFO] [spawner-11]: process has finished cleanly [pid 9637]
[planner_server-6] [INFO] [1786676783.856088997] [pinky_01.global_costmap.global_costmap]: Timed out waiting for transform from pinky_01/base_footprint to map to become available, tf error: Lookup would require extrapolation into the past.  Requested time 1.410000 but the earliest data is at time 2.100000, when looking up transform from frame [pinky_01/base_footprint] to frame [map]
[planner_server-15] [INFO] [1786676783.856095484] [pinky_02.global_costmap.global_costmap]: Timed out waiting for transform from pinky_02/base_footprint to map to become available, tf error: Lookup would require extrapolation into the past.  Requested time 1.410000 but the earliest data is at time 2.100000, when looking up transform from frame [pinky_02/base_footprint] to frame [map]
[planner_server-15] [INFO] [1786676784.356111387] [pinky_02.global_costmap.global_costmap]: Timed out waiting for transform from pinky_02/base_footprint to map to become available, tf error: Lookup would require extrapolation into the past.  Requested time 1.430000 but the earliest data is at time 2.100000, when looking up transform from frame [pinky_02/base_footprint] to frame [map]
[planner_server-6] [INFO] [1786676784.356111331] [pinky_01.global_costmap.global_costmap]: Timed out waiting for transform from pinky_01/base_footprint to map to become available, tf error: Lookup would require extrapolation into the past.  Requested time 1.430000 but the earliest data is at time 2.100000, when looking up transform from frame [pinky_01/base_footprint] to frame [map]
[gazebo-1] [INFO] [1786676784.682625489] [omx_02.controller_manager]: Loading controller : 'gripper_controller' of type 'position_controllers/GripperActionController'
[gazebo-1] [INFO] [1786676784.682686618] [omx_02.controller_manager]: Loading controller 'gripper_controller'
[gazebo-1] [INFO] [1786676784.686205801] [omx_02.controller_manager]: Controller 'gripper_controller' node arguments: --ros-args --params-file /home/gyi/robosapiens/robot_model/open_manipulator/install/open_manipulator_bringup/share/open_manipulator_bringup/config/open_manipulator_x/hardware_controller_manager.yaml -p use_sim_time:=true --param use_sim_time:=true 
[gazebo-1] [WARN] [1786676784.765109758] [omx_02.gripper_controller]: [Deprecated]: the `position_controllers/GripperActionController` and `effort_controllers::GripperActionController` controllers are replaced by 'parallel_gripper_controllers/GripperActionController' controller
[spawner-18] [INFO] [1786676784.828434224] [omx_02.spawner_gripper_controller]: Loaded gripper_controller
[gazebo-1] [INFO] [1786676784.836193316] [omx_02.controller_manager]: Configuring controller: 'gripper_controller'
[gazebo-1] [INFO] [1786676784.836344295] [omx_02.gripper_controller]: Action status changes will be monitored at 20.000000 Hz.
[planner_server-15] [INFO] [1786676784.856080586] [pinky_02.global_costmap.global_costmap]: Timed out waiting for transform from pinky_02/base_footprint to map to become available, tf error: Lookup would require extrapolation into the past.  Requested time 1.470000 but the earliest data is at time 2.100000, when looking up transform from frame [pinky_02/base_footprint] to frame [map]
[planner_server-6] [INFO] [1786676784.856091224] [pinky_01.global_costmap.global_costmap]: Timed out waiting for transform from pinky_01/base_footprint to map to become available, tf error: Lookup would require extrapolation into the past.  Requested time 1.470000 but the earliest data is at time 2.100000, when looking up transform from frame [pinky_01/base_footprint] to frame [map]
[gazebo-1] [INFO] [1786676785.048273037] [omx_02.controller_manager]: Activating controllers: [ gripper_controller ]
[gazebo-1] [INFO] [1786676785.245058068] [omx_02.controller_manager]: Successfully switched controllers!
[planner_server-15] [INFO] [1786676785.356050110] [pinky_02.global_costmap.global_costmap]: Timed out waiting for transform from pinky_02/base_footprint to map to become available, tf error: Lookup would require extrapolation into the past.  Requested time 1.490000 but the earliest data is at time 2.100000, when looking up transform from frame [pinky_02/base_footprint] to frame [map]
[planner_server-6] [INFO] [1786676785.356077620] [pinky_01.global_costmap.global_costmap]: Timed out waiting for transform from pinky_01/base_footprint to map to become available, tf error: Lookup would require extrapolation into the past.  Requested time 1.490000 but the earliest data is at time 2.100000, when looking up transform from frame [pinky_01/base_footprint] to frame [map]
[spawner-18] [INFO] [1786676785.509788786] [omx_02.spawner_gripper_controller]: Configured and activated gripper_controller
[spawner-23] [INFO] [1786676785.618299438] [ros2_control_controller_spawner_gripper_controller]: Spawner lock acquired!
[planner_server-6] [INFO] [1786676785.856177317] [pinky_01.global_costmap.global_costmap]: Timed out waiting for transform from pinky_01/base_footprint to map to become available, tf error: Lookup would require extrapolation into the past.  Requested time 1.490000 but the earliest data is at time 2.100000, when looking up transform from frame [pinky_01/base_footprint] to frame [map]
[planner_server-15] [INFO] [1786676785.856526385] [pinky_02.global_costmap.global_costmap]: Timed out waiting for transform from pinky_02/base_footprint to map to become available, tf error: Lookup would require extrapolation into the past.  Requested time 1.490000 but the earliest data is at time 2.100000, when looking up transform from frame [pinky_02/base_footprint] to frame [map]
[INFO] [spawner-18]: process has finished cleanly [pid 9644]
[planner_server-6] [INFO] [1786676786.356086679] [pinky_01.global_costmap.global_costmap]: Timed out waiting for transform from pinky_01/base_footprint to map to become available, tf error: Lookup would require extrapolation into the past.  Requested time 1.510000 but the earliest data is at time 2.100000, when looking up transform from frame [pinky_01/base_footprint] to frame [map]
[planner_server-15] [INFO] [1786676786.356098335] [pinky_02.global_costmap.global_costmap]: Timed out waiting for transform from pinky_02/base_footprint to map to become available, tf error: Lookup would require extrapolation into the past.  Requested time 1.510000 but the earliest data is at time 2.100000, when looking up transform from frame [pinky_02/base_footprint] to frame [map]
[spawner-23] [INFO] [1786676786.506055236] [omx_03.spawner_gripper_controller]: waiting for service /omx_03/controller_manager/list_controllers to become available...
[planner_server-6] [INFO] [1786676786.856087588] [pinky_01.global_costmap.global_costmap]: Timed out waiting for transform from pinky_01/base_footprint to map to become available, tf error: Lookup would require extrapolation into the past.  Requested time 1.530000 but the earliest data is at time 2.100000, when looking up transform from frame [pinky_01/base_footprint] to frame [map]
[planner_server-15] [INFO] [1786676786.856101969] [pinky_02.global_costmap.global_costmap]: Timed out waiting for transform from pinky_02/base_footprint to map to become available, tf error: Lookup would require extrapolation into the past.  Requested time 1.530000 but the earliest data is at time 2.100000, when looking up transform from frame [pinky_02/base_footprint] to frame [map]
[planner_server-15] [INFO] [1786676787.356113545] [pinky_02.global_costmap.global_costmap]: Timed out waiting for transform from pinky_02/base_footprint to map to become available, tf error: Lookup would require extrapolation into the past.  Requested time 1.550000 but the earliest data is at time 2.100000, when looking up transform from frame [pinky_02/base_footprint] to frame [map]
[planner_server-6] [INFO] [1786676787.356124499] [pinky_01.global_costmap.global_costmap]: Timed out waiting for transform from pinky_01/base_footprint to map to become available, tf error: Lookup would require extrapolation into the past.  Requested time 1.550000 but the earliest data is at time 2.100000, when looking up transform from frame [pinky_01/base_footprint] to frame [map]
[planner_server-15] [INFO] [1786676787.856099104] [pinky_02.global_costmap.global_costmap]: Timed out waiting for transform from pinky_02/base_footprint to map to become available, tf error: Lookup would require extrapolation into the past.  Requested time 1.570000 but the earliest data is at time 2.100000, when looking up transform from frame [pinky_02/base_footprint] to frame [map]
[planner_server-6] [INFO] [1786676787.856098999] [pinky_01.global_costmap.global_costmap]: Timed out waiting for transform from pinky_01/base_footprint to map to become available, tf error: Lookup would require extrapolation into the past.  Requested time 1.570000 but the earliest data is at time 2.100000, when looking up transform from frame [pinky_01/base_footprint] to frame [map]
[planner_server-6] [INFO] [1786676788.356090139] [pinky_01.global_costmap.global_costmap]: Timed out waiting for transform from pinky_01/base_footprint to map to become available, tf error: Lookup would require extrapolation into the past.  Requested time 1.590000 but the earliest data is at time 2.100000, when looking up transform from frame [pinky_01/base_footprint] to frame [map]
[planner_server-15] [INFO] [1786676788.356094136] [pinky_02.global_costmap.global_costmap]: Timed out waiting for transform from pinky_02/base_footprint to map to become available, tf error: Lookup would require extrapolation into the past.  Requested time 1.590000 but the earliest data is at time 2.100000, when looking up transform from frame [pinky_02/base_footprint] to frame [map]
[planner_server-15] [INFO] [1786676788.856096232] [pinky_02.global_costmap.global_costmap]: Timed out waiting for transform from pinky_02/base_footprint to map to become available, tf error: Lookup would require extrapolation into the past.  Requested time 1.610000 but the earliest data is at time 2.100000, when looking up transform from frame [pinky_02/base_footprint] to frame [map]
[planner_server-6] [INFO] [1786676788.856093600] [pinky_01.global_costmap.global_costmap]: Timed out waiting for transform from pinky_01/base_footprint to map to become available, tf error: Lookup would require extrapolation into the past.  Requested time 1.610000 but the earliest data is at time 2.100000, when looking up transform from frame [pinky_01/base_footprint] to frame [map]
[planner_server-6] [INFO] [1786676789.356102002] [pinky_01.global_costmap.global_costmap]: Timed out waiting for transform from pinky_01/base_footprint to map to become available, tf error: Lookup would require extrapolation into the past.  Requested time 1.630000 but the earliest data is at time 2.100000, when looking up transform from frame [pinky_01/base_footprint] to frame [map]
[planner_server-15] [INFO] [1786676789.356107292] [pinky_02.global_costmap.global_costmap]: Timed out waiting for transform from pinky_02/base_footprint to map to become available, tf error: Lookup would require extrapolation into the past.  Requested time 1.630000 but the earliest data is at time 2.100000, when looking up transform from frame [pinky_02/base_footprint] to frame [map]
[planner_server-6] [INFO] [1786676789.856101893] [pinky_01.global_costmap.global_costmap]: Timed out waiting for transform from pinky_01/base_footprint to map to become available, tf error: Lookup would require extrapolation into the past.  Requested time 1.650000 but the earliest data is at time 2.100000, when looking up transform from frame [pinky_01/base_footprint] to frame [map]
[planner_server-15] [INFO] [1786676789.856101488] [pinky_02.global_costmap.global_costmap]: Timed out waiting for transform from pinky_02/base_footprint to map to become available, tf error: Lookup would require extrapolation into the past.  Requested time 1.650000 but the earliest data is at time 2.100000, when looking up transform from frame [pinky_02/base_footprint] to frame [map]
[planner_server-6] [INFO] [1786676790.356115023] [pinky_01.global_costmap.global_costmap]: Timed out waiting for transform from pinky_01/base_footprint to map to become available, tf error: Lookup would require extrapolation into the past.  Requested time 1.670000 but the earliest data is at time 2.100000, when looking up transform from frame [pinky_01/base_footprint] to frame [map]
[planner_server-15] [INFO] [1786676790.356114495] [pinky_02.global_costmap.global_costmap]: Timed out waiting for transform from pinky_02/base_footprint to map to become available, tf error: Lookup would require extrapolation into the past.  Requested time 1.670000 but the earliest data is at time 2.100000, when looking up transform from frame [pinky_02/base_footprint] to frame [map]
[planner_server-6] [INFO] [1786676790.856099646] [pinky_01.global_costmap.global_costmap]: Timed out waiting for transform from pinky_01/base_footprint to map to become available, tf error: Lookup would require extrapolation into the past.  Requested time 1.690000 but the earliest data is at time 2.100000, when looking up transform from frame [pinky_01/base_footprint] to frame [map]
[planner_server-15] [INFO] [1786676790.856112218] [pinky_02.global_costmap.global_costmap]: Timed out waiting for transform from pinky_02/base_footprint to map to become available, tf error: Lookup would require extrapolation into the past.  Requested time 1.690000 but the earliest data is at time 2.100000, when looking up transform from frame [pinky_02/base_footprint] to frame [map]
[planner_server-15] [INFO] [1786676791.356096469] [pinky_02.global_costmap.global_costmap]: Timed out waiting for transform from pinky_02/base_footprint to map to become available, tf error: Lookup would require extrapolation into the past.  Requested time 1.710000 but the earliest data is at time 2.100000, when looking up transform from frame [pinky_02/base_footprint] to frame [map]
[planner_server-6] [INFO] [1786676791.356118675] [pinky_01.global_costmap.global_costmap]: Timed out waiting for transform from pinky_01/base_footprint to map to become available, tf error: Lookup would require extrapolation into the past.  Requested time 1.710000 but the earliest data is at time 2.100000, when looking up transform from frame [pinky_01/base_footprint] to frame [map]
[planner_server-6] [INFO] [1786676791.856089704] [pinky_01.global_costmap.global_costmap]: Timed out waiting for transform from pinky_01/base_footprint to map to become available, tf error: Lookup would require extrapolation into the past.  Requested time 1.730000 but the earliest data is at time 2.100000, when looking up transform from frame [pinky_01/base_footprint] to frame [map]
[planner_server-15] [INFO] [1786676791.856095310] [pinky_02.global_costmap.global_costmap]: Timed out waiting for transform from pinky_02/base_footprint to map to become available, tf error: Lookup would require extrapolation into the past.  Requested time 1.730000 but the earliest data is at time 2.100000, when looking up transform from frame [pinky_02/base_footprint] to frame [map]
[gazebo-1] [INFO] [1786676792.029634867] [omx_03.controller_manager]: Loading controller : 'gripper_controller' of type 'position_controllers/GripperActionController'
[gazebo-1] [INFO] [1786676792.029709163] [omx_03.controller_manager]: Loading controller 'gripper_controller'
[gazebo-1] [INFO] [1786676792.032420134] [omx_03.controller_manager]: Controller 'gripper_controller' node arguments: --ros-args --params-file /home/gyi/robosapiens/robot_model/open_manipulator/install/open_manipulator_bringup/share/open_manipulator_bringup/config/open_manipulator_x/hardware_controller_manager.yaml -p use_sim_time:=true --param use_sim_time:=true 
[gazebo-1] [WARN] [1786676792.118736139] [omx_03.gripper_controller]: [Deprecated]: the `position_controllers/GripperActionController` and `effort_controllers::GripperActionController` controllers are replaced by 'parallel_gripper_controllers/GripperActionController' controller
[spawner-22] [WARN] [1786676792.185281927] [ros2_control_controller_spawner_arm_controller]: Failed to acquire lock in 20 seconds. Attempt 2 of 5 failed. Retrying in 3 seconds...
[spawner-23] [INFO] [1786676792.195291091] [omx_03.spawner_gripper_controller]: Loaded gripper_controller
[gazebo-1] [INFO] [1786676792.203151291] [omx_03.controller_manager]: Configuring controller: 'gripper_controller'
[gazebo-1] [INFO] [1786676792.203307714] [omx_03.gripper_controller]: Action status changes will be monitored at 20.000000 Hz.
[planner_server-6] [INFO] [1786676792.356089437] [pinky_01.global_costmap.global_costmap]: Timed out waiting for transform from pinky_01/base_footprint to map to become available, tf error: Lookup would require extrapolation into the past.  Requested time 1.750000 but the earliest data is at time 2.100000, when looking up transform from frame [pinky_01/base_footprint] to frame [map]
[planner_server-15] [INFO] [1786676792.356103587] [pinky_02.global_costmap.global_costmap]: Timed out waiting for transform from pinky_02/base_footprint to map to become available, tf error: Lookup would require extrapolation into the past.  Requested time 1.750000 but the earliest data is at time 2.100000, when looking up transform from frame [pinky_02/base_footprint] to frame [map]
[gazebo-1] [INFO] [1786676792.449732903] [omx_03.controller_manager]: Activating controllers: [ gripper_controller ]
[gazebo-1] [INFO] [1786676792.697423072] [omx_03.controller_manager]: Successfully switched controllers!
[planner_server-6] [INFO] [1786676792.856088091] [pinky_01.global_costmap.global_costmap]: Timed out waiting for transform from pinky_01/base_footprint to map to become available, tf error: Lookup would require extrapolation into the past.  Requested time 1.770000 but the earliest data is at time 2.100000, when looking up transform from frame [pinky_01/base_footprint] to frame [map]
[planner_server-15] [INFO] [1786676792.856094684] [pinky_02.global_costmap.global_costmap]: Timed out waiting for transform from pinky_02/base_footprint to map to become available, tf error: Lookup would require extrapolation into the past.  Requested time 1.770000 but the earliest data is at time 2.100000, when looking up transform from frame [pinky_02/base_footprint] to frame [map]
[spawner-23] [INFO] [1786676792.898074861] [omx_03.spawner_gripper_controller]: Configured and activated gripper_controller
[INFO] [spawner-23]: process has finished cleanly [pid 9649]
[planner_server-6] [INFO] [1786676793.356072583] [pinky_01.global_costmap.global_costmap]: Timed out waiting for transform from pinky_01/base_footprint to map to become available, tf error: Lookup would require extrapolation into the past.  Requested time 1.790000 but the earliest data is at time 2.100000, when looking up transform from frame [pinky_01/base_footprint] to frame [map]
[planner_server-15] [INFO] [1786676793.356113492] [pinky_02.global_costmap.global_costmap]: Timed out waiting for transform from pinky_02/base_footprint to map to become available, tf error: Lookup would require extrapolation into the past.  Requested time 1.790000 but the earliest data is at time 2.100000, when looking up transform from frame [pinky_02/base_footprint] to frame [map]
[planner_server-6] [INFO] [1786676793.856085213] [pinky_01.global_costmap.global_costmap]: Timed out waiting for transform from pinky_01/base_footprint to map to become available, tf error: Lookup would require extrapolation into the past.  Requested time 1.810000 but the earliest data is at time 2.100000, when looking up transform from frame [pinky_01/base_footprint] to frame [map]
[planner_server-15] [INFO] [1786676793.856094631] [pinky_02.global_costmap.global_costmap]: Timed out waiting for transform from pinky_02/base_footprint to map to become available, tf error: Lookup would require extrapolation into the past.  Requested time 1.810000 but the earliest data is at time 2.100000, when looking up transform from frame [pinky_02/base_footprint] to frame [map]
[planner_server-15] [INFO] [1786676794.356106252] [pinky_02.global_costmap.global_costmap]: Timed out waiting for transform from pinky_02/base_footprint to map to become available, tf error: Lookup would require extrapolation into the past.  Requested time 1.830000 but the earliest data is at time 2.100000, when looking up transform from frame [pinky_02/base_footprint] to frame [map]
[planner_server-6] [INFO] [1786676794.356105911] [pinky_01.global_costmap.global_costmap]: Timed out waiting for transform from pinky_01/base_footprint to map to become available, tf error: Lookup would require extrapolation into the past.  Requested time 1.830000 but the earliest data is at time 2.100000, when looking up transform from frame [pinky_01/base_footprint] to frame [map]
[planner_server-15] [INFO] [1786676794.856108425] [pinky_02.global_costmap.global_costmap]: Timed out waiting for transform from pinky_02/base_footprint to map to become available, tf error: Lookup would require extrapolation into the past.  Requested time 1.850000 but the earliest data is at time 2.100000, when looking up transform from frame [pinky_02/base_footprint] to frame [map]
[planner_server-6] [INFO] [1786676794.856108631] [pinky_01.global_costmap.global_costmap]: Timed out waiting for transform from pinky_01/base_footprint to map to become available, tf error: Lookup would require extrapolation into the past.  Requested time 1.850000 but the earliest data is at time 2.100000, when looking up transform from frame [pinky_01/base_footprint] to frame [map]
[spawner-22] [INFO] [1786676795.186769569] [ros2_control_controller_spawner_arm_controller]: Spawner lock acquired!
[planner_server-15] [INFO] [1786676795.356094913] [pinky_02.global_costmap.global_costmap]: Timed out waiting for transform from pinky_02/base_footprint to map to become available, tf error: Lookup would require extrapolation into the past.  Requested time 1.870000 but the earliest data is at time 2.100000, when looking up transform from frame [pinky_02/base_footprint] to frame [map]
[planner_server-6] [INFO] [1786676795.356096691] [pinky_01.global_costmap.global_costmap]: Timed out waiting for transform from pinky_01/base_footprint to map to become available, tf error: Lookup would require extrapolation into the past.  Requested time 1.870000 but the earliest data is at time 2.100000, when looking up transform from frame [pinky_01/base_footprint] to frame [map]
[spawner-22] [INFO] [1786676795.395569572] [omx_03.spawner_arm_controller]: waiting for service /omx_03/controller_manager/list_controllers to become available...
[planner_server-6] [INFO] [1786676795.856155254] [pinky_01.global_costmap.global_costmap]: Timed out waiting for transform from pinky_01/base_footprint to map to become available, tf error: Lookup would require extrapolation into the past.  Requested time 1.890000 but the earliest data is at time 2.100000, when looking up transform from frame [pinky_01/base_footprint] to frame [map]
[planner_server-15] [INFO] [1786676795.856335565] [pinky_02.global_costmap.global_costmap]: Timed out waiting for transform from pinky_02/base_footprint to map to become available, tf error: Lookup would require extrapolation into the past.  Requested time 1.890000 but the earliest data is at time 2.100000, when looking up transform from frame [pinky_02/base_footprint] to frame [map]
  ↑ 같은 줄 1번 더
[planner_server-6] [INFO] [1786676796.356418164] [pinky_01.global_costmap.global_costmap]: Timed out waiting for transform from pinky_01/base_footprint to map to become available, tf error: Lookup would require extrapolation into the past.  Requested time 1.890000 but the earliest data is at time 2.100000, when looking up transform from frame [pinky_01/base_footprint] to frame [map]
[planner_server-15] [INFO] [1786676796.856085618] [pinky_02.global_costmap.global_costmap]: Timed out waiting for transform from pinky_02/base_footprint to map to become available, tf error: Lookup would require extrapolation into the past.  Requested time 1.910000 but the earliest data is at time 2.100000, when looking up transform from frame [pinky_02/base_footprint] to frame [map]
[planner_server-6] [INFO] [1786676796.856089145] [pinky_01.global_costmap.global_costmap]: Timed out waiting for transform from pinky_01/base_footprint to map to become available, tf error: Lookup would require extrapolation into the past.  Requested time 1.910000 but the earliest data is at time 2.100000, when looking up transform from frame [pinky_01/base_footprint] to frame [map]
[planner_server-15] [INFO] [1786676797.356102744] [pinky_02.global_costmap.global_costmap]: Timed out waiting for transform from pinky_02/base_footprint to map to become available, tf error: Lookup would require extrapolation into the past.  Requested time 1.930000 but the earliest data is at time 2.100000, when looking up transform from frame [pinky_02/base_footprint] to frame [map]
[planner_server-6] [INFO] [1786676797.356103205] [pinky_01.global_costmap.global_costmap]: Timed out waiting for transform from pinky_01/base_footprint to map to become available, tf error: Lookup would require extrapolation into the past.  Requested time 1.930000 but the earliest data is at time 2.100000, when looking up transform from frame [pinky_01/base_footprint] to frame [map]
[planner_server-15] [INFO] [1786676797.856102976] [pinky_02.global_costmap.global_costmap]: Timed out waiting for transform from pinky_02/base_footprint to map to become available, tf error: Lookup would require extrapolation into the past.  Requested time 1.950000 but the earliest data is at time 2.100000, when looking up transform from frame [pinky_02/base_footprint] to frame [map]
[planner_server-6] [INFO] [1786676797.856104762] [pinky_01.global_costmap.global_costmap]: Timed out waiting for transform from pinky_01/base_footprint to map to become available, tf error: Lookup would require extrapolation into the past.  Requested time 1.950000 but the earliest data is at time 2.100000, when looking up transform from frame [pinky_01/base_footprint] to frame [map]
[planner_server-6] [INFO] [1786676798.356130332] [pinky_01.global_costmap.global_costmap]: Timed out waiting for transform from pinky_01/base_footprint to map to become available, tf error: Lookup would require extrapolation into the past.  Requested time 1.970000 but the earliest data is at time 2.100000, when looking up transform from frame [pinky_01/base_footprint] to frame [map]
[planner_server-15] [INFO] [1786676798.356129542] [pinky_02.global_costmap.global_costmap]: Timed out waiting for transform from pinky_02/base_footprint to map to become available, tf error: Lookup would require extrapolation into the past.  Requested time 1.970000 but the earliest data is at time 2.100000, when looking up transform from frame [pinky_02/base_footprint] to frame [map]
[planner_server-15] [INFO] [1786676798.856140115] [pinky_02.global_costmap.global_costmap]: Timed out waiting for transform from pinky_02/base_footprint to map to become available, tf error: Lookup would require extrapolation into the past.  Requested time 1.990000 but the earliest data is at time 2.100000, when looking up transform from frame [pinky_02/base_footprint] to frame [map]
[planner_server-6] [INFO] [1786676798.856140317] [pinky_01.global_costmap.global_costmap]: Timed out waiting for transform from pinky_01/base_footprint to map to become available, tf error: Lookup would require extrapolation into the past.  Requested time 1.990000 but the earliest data is at time 2.100000, when looking up transform from frame [pinky_01/base_footprint] to frame [map]
[python3-21] [INFO] [1786676798.930966870] [project1_pinky_fleet_adapter]: Requesting new schedule update because update timed out
[python3-21] [INFO] [1786676798.931974736] [project1_pinky_fleet_adapter]: [rmf_traffic_ros2::MirrorManager::request_update] Requesting changes for query ID [1] since version [6]
[schedule_visualizer_node-4] [INFO] [1786676798.938750894] [schedule_data_node]: Requesting new schedule update because update timed out
[schedule_visualizer_node-4] [INFO] [1786676798.938870839] [schedule_data_node]: [rmf_traffic_ros2::MirrorManager::request_update] Requesting changes for query ID [1] since version [6]
[gazebo-1] [INFO] [1786676799.160626942] [omx_03.controller_manager]: Loading controller : 'arm_controller' of type 'joint_trajectory_controller/JointTrajectoryController'
[gazebo-1] [INFO] [1786676799.160674909] [omx_03.controller_manager]: Loading controller 'arm_controller'
[gazebo-1] [INFO] [1786676799.164030829] [omx_03.controller_manager]: Controller 'arm_controller' node arguments: --ros-args --params-file /home/gyi/robosapiens/robot_model/open_manipulator/install/open_manipulator_bringup/share/open_manipulator_bringup/config/open_manipulator_x/hardware_controller_manager.yaml -p use_sim_time:=true --param use_sim_time:=true 
[planner_server-6] [INFO] [1786676799.356098452] [pinky_01.global_costmap.global_costmap]: Timed out waiting for transform from pinky_01/base_footprint to map to become available, tf error: Lookup would require extrapolation into the past.  Requested time 1.990000 but the earliest data is at time 2.100000, when looking up transform from frame [pinky_01/base_footprint] to frame [map]
[planner_server-15] [INFO] [1786676799.360180770] [pinky_02.global_costmap.global_costmap]: Timed out waiting for transform from pinky_02/base_footprint to map to become available, tf error: Lookup would require extrapolation into the past.  Requested time 1.990000 but the earliest data is at time 2.100000, when looking up transform from frame [pinky_02/base_footprint] to frame [map]
[planner_server-15] [INFO] [1786676799.856104970] [pinky_02.global_costmap.global_costmap]: Timed out waiting for transform from pinky_02/base_footprint to map to become available, tf error: Lookup would require extrapolation into the past.  Requested time 2.010000 but the earliest data is at time 2.100000, when looking up transform from frame [pinky_02/base_footprint] to frame [map]
[planner_server-6] [INFO] [1786676799.856105078] [pinky_01.global_costmap.global_costmap]: Timed out waiting for transform from pinky_01/base_footprint to map to become available, tf error: Lookup would require extrapolation into the past.  Requested time 2.010000 but the earliest data is at time 2.100000, when looking up transform from frame [pinky_01/base_footprint] to frame [map]
[spawner-22] [INFO] [1786676800.343013628] [omx_03.spawner_arm_controller]: Loaded arm_controller
[gazebo-1] [INFO] [1786676800.350500265] [omx_03.controller_manager]: Configuring controller: 'arm_controller'
[gazebo-1] [INFO] [1786676800.350949183] [omx_03.arm_controller]: No specific joint names are used for command interfaces. Using 'joints' parameter.
[gazebo-1] [INFO] [1786676800.351002420] [omx_03.arm_controller]: Command interfaces are [position] and state interfaces are [position velocity].
[gazebo-1] [INFO] [1786676800.351030153] [omx_03.arm_controller]: Using 'splines' interpolation method.
[planner_server-15] [INFO] [1786676800.356094457] [pinky_02.global_costmap.global_costmap]: Timed out waiting for transform from pinky_02/base_footprint to map to become available, tf error: Lookup would require extrapolation into the past.  Requested time 2.030000 but the earliest data is at time 2.100000, when looking up transform from frame [pinky_02/base_footprint] to frame [map]
[planner_server-6] [INFO] [1786676800.356103677] [pinky_01.global_costmap.global_costmap]: Timed out waiting for transform from pinky_01/base_footprint to map to become available, tf error: Lookup would require extrapolation into the past.  Requested time 2.030000 but the earliest data is at time 2.100000, when looking up transform from frame [pinky_01/base_footprint] to frame [map]
[gazebo-1] [INFO] [1786676800.360805038] [omx_03.arm_controller]: Goals with partial set of joints are allowed
[gazebo-1] [INFO] [1786676800.360882416] [omx_03.arm_controller]: Action status changes will be monitored at 20.00 Hz.
[gazebo-1] [INFO] [1786676800.398913186] [omx_03.arm_controller]: Setting initial scaling factor to 1.000000
[gazebo-1] [INFO] [1786676800.398987100] [omx_03.arm_controller]: No scaling interface set. This controller will not read speed scaling from the hardware.
[gazebo-1] [INFO] [1786676800.648433922] [omx_03.controller_manager]: Activating controllers: [ arm_controller ]
[planner_server-15] [INFO] [1786676800.856089694] [pinky_02.global_costmap.global_costmap]: Timed out waiting for transform from pinky_02/base_footprint to map to become available, tf error: Lookup would require extrapolation into the past.  Requested time 2.030000 but the earliest data is at time 2.100000, when looking up transform from frame [pinky_02/base_footprint] to frame [map]
[planner_server-6] [INFO] [1786676800.856088185] [pinky_01.global_costmap.global_costmap]: Timed out waiting for transform from pinky_01/base_footprint to map to become available, tf error: Lookup would require extrapolation into the past.  Requested time 2.030000 but the earliest data is at time 2.100000, when looking up transform from frame [pinky_01/base_footprint] to frame [map]
[gazebo-1] [INFO] [1786676800.893093398] [omx_03.controller_manager]: Successfully switched controllers!
[spawner-22] [INFO] [1786676801.116082667] [omx_03.spawner_arm_controller]: Configured and activated arm_controller
[planner_server-15] [INFO] [1786676801.356099477] [pinky_02.global_costmap.global_costmap]: Timed out waiting for transform from pinky_02/base_footprint to map to become available, tf error: Lookup would require extrapolation into the past.  Requested time 2.070000 but the earliest data is at time 2.100000, when looking up transform from frame [pinky_02/base_footprint] to frame [map]
[planner_server-6] [INFO] [1786676801.356558136] [pinky_01.global_costmap.global_costmap]: Timed out waiting for transform from pinky_01/base_footprint to map to become available, tf error: Lookup would require extrapolation into the past.  Requested time 2.070000 but the earliest data is at time 2.100000, when looking up transform from frame [pinky_01/base_footprint] to frame [map]
[INFO] [spawner-22]: process has finished cleanly [pid 9648]
[planner_server-6] [INFO] [1786676801.856104341] [pinky_01.global_costmap.global_costmap]: Timed out waiting for transform from pinky_01/base_footprint to map to become available, tf error: Lookup would require extrapolation into the past.  Requested time 2.090000 but the earliest data is at time 2.100000, when looking up transform from frame [pinky_01/base_footprint] to frame [map]
[planner_server-15] [INFO] [1786676801.856102974] [pinky_02.global_costmap.global_costmap]: Timed out waiting for transform from pinky_02/base_footprint to map to become available, tf error: Lookup would require extrapolation into the past.  Requested time 2.090000 but the earliest data is at time 2.100000, when looking up transform from frame [pinky_02/base_footprint] to frame [map]
[planner_server-15] [INFO] [1786676802.356266986] [pinky_02.global_costmap.global_costmap]: start
[planner_server-6] [INFO] [1786676802.356266655] [pinky_01.global_costmap.global_costmap]: start
[planner_server-6] [INFO] [1786676803.408488390] [pinky_01.planner_server]: Activating plugin GridBased of type NavfnPlanner
[planner_server-15] [INFO] [1786676803.408490955] [pinky_02.planner_server]: Activating plugin GridBased of type NavfnPlanner
[planner_server-15] [INFO] [1786676803.414526991] [pinky_02.planner_server]: Creating bond (planner_server) to lifecycle manager.
[planner_server-6] [INFO] [1786676803.414876093] [pinky_01.planner_server]: Creating bond (planner_server) to lifecycle manager.
[lifecycle_manager-11] [INFO] [1786676803.533198390] [pinky_01.lifecycle_manager_navigation]: Server planner_server connected with bond.
[lifecycle_manager-11] [INFO] [1786676803.533247264] [pinky_01.lifecycle_manager_navigation]: [34m[1mActivating behavior_server[0m[0m
[behavior_server-7] [INFO] [1786676803.533876491] [pinky_01.behavior_server]: Activating
[behavior_server-7] [INFO] [1786676803.533910279] [pinky_01.behavior_server]: Activating spin
[behavior_server-7] [INFO] [1786676803.533926801] [pinky_01.behavior_server]: Activating backup
[behavior_server-7] [INFO] [1786676803.533940947] [pinky_01.behavior_server]: Activating drive_on_heading
[behavior_server-7] [INFO] [1786676803.533955788] [pinky_01.behavior_server]: Activating assisted_teleop
[behavior_server-7] [INFO] [1786676803.533969204] [pinky_01.behavior_server]: Activating wait
[behavior_server-7] [INFO] [1786676803.533986782] [pinky_01.behavior_server]: Creating bond (behavior_server) to lifecycle manager.
[lifecycle_manager-20] [INFO] [1786676803.534805589] [pinky_02.lifecycle_manager_navigation]: Server planner_server connected with bond.
[lifecycle_manager-20] [INFO] [1786676803.534849915] [pinky_02.lifecycle_manager_navigation]: [34m[1mActivating behavior_server[0m[0m
[behavior_server-16] [INFO] [1786676803.535601430] [pinky_02.behavior_server]: Activating
[behavior_server-16] [INFO] [1786676803.535641709] [pinky_02.behavior_server]: Activating spin
[behavior_server-16] [INFO] [1786676803.535658505] [pinky_02.behavior_server]: Activating backup
[behavior_server-16] [INFO] [1786676803.535673582] [pinky_02.behavior_server]: Activating drive_on_heading
[behavior_server-16] [INFO] [1786676803.535687746] [pinky_02.behavior_server]: Activating assisted_teleop
[behavior_server-16] [INFO] [1786676803.535703137] [pinky_02.behavior_server]: Activating wait
[behavior_server-16] [INFO] [1786676803.535722033] [pinky_02.behavior_server]: Creating bond (behavior_server) to lifecycle manager.
[python3-21] [INFO] [1786676803.601876183] [project1_pinky_fleet_adapter]: Adding robot [pinky_02] to fleet [project1_pinky].
[python3-21] [INFO] [1786676803.603149751] [project1_pinky_nav2_adapter]: [pinky_02] RMF 에 붙었습니다.
[rmf_traffic_schedule-1] [INFO] [1786676803.604607810] [rmf_traffic_schedule_primary]: Registered participant [4] named [pinky_02] owned by [project1_pinky]
[python3-21] [INFO] [1786676803.610871952] [project1_pinky_fleet_adapter]: Added a robot named [pinky_02] with participant ID [4]
[python3-21] [INFO] [1786676803.612044292] [project1_pinky_fleet_adapter]: Successfully added robot [pinky_02] to the fleet [project1_pinky].
[python3-21] [INFO] [1786676803.612302963] [project1_pinky_fleet_adapter]: Charger waypoint for robot [project1_pinky/pinky_02] set to index [5]
[lifecycle_manager-11] [INFO] [1786676803.643212955] [pinky_01.lifecycle_manager_navigation]: Server behavior_server connected with bond.
[lifecycle_manager-11] [INFO] [1786676803.643270982] [pinky_01.lifecycle_manager_navigation]: [34m[1mActivating bt_navigator[0m[0m
[bt_navigator-8] [INFO] [1786676803.643969214] [pinky_01.bt_navigator]: Activating
[lifecycle_manager-20] [INFO] [1786676803.650385446] [pinky_02.lifecycle_manager_navigation]: Server behavior_server connected with bond.
[lifecycle_manager-20] [INFO] [1786676803.650453503] [pinky_02.lifecycle_manager_navigation]: [34m[1mActivating bt_navigator[0m[0m
[bt_navigator-17] [INFO] [1786676803.651303953] [pinky_02.bt_navigator]: Activating
[bt_navigator-8] [INFO] [1786676803.952089835] [pinky_01.bt_navigator]: Creating bond (bt_navigator) to lifecycle manager.
[bt_navigator-17] [INFO] [1786676803.993691577] [pinky_02.bt_navigator]: Creating bond (bt_navigator) to lifecycle manager.
[lifecycle_manager-11] [INFO] [1786676804.064588555] [pinky_01.lifecycle_manager_navigation]: Server bt_navigator connected with bond.
[lifecycle_manager-11] [INFO] [1786676804.064682250] [pinky_01.lifecycle_manager_navigation]: [34m[1mActivating waypoint_follower[0m[0m
[waypoint_follower-9] [INFO] [1786676804.065610407] [pinky_01.waypoint_follower]: Activating
[waypoint_follower-9] [INFO] [1786676804.065684290] [pinky_01.waypoint_follower]: Creating bond (waypoint_follower) to lifecycle manager.
[lifecycle_manager-20] [INFO] [1786676804.108550501] [pinky_02.lifecycle_manager_navigation]: Server bt_navigator connected with bond.
[lifecycle_manager-20] [INFO] [1786676804.108684438] [pinky_02.lifecycle_manager_navigation]: [34m[1mActivating waypoint_follower[0m[0m
[waypoint_follower-18] [INFO] [1786676804.109952780] [pinky_02.waypoint_follower]: Activating
[waypoint_follower-18] [INFO] [1786676804.110043652] [pinky_02.waypoint_follower]: Creating bond (waypoint_follower) to lifecycle manager.
[lifecycle_manager-11] [INFO] [1786676804.178037862] [pinky_01.lifecycle_manager_navigation]: Server waypoint_follower connected with bond.
[lifecycle_manager-11] [INFO] [1786676804.178117159] [pinky_01.lifecycle_manager_navigation]: [34m[1mActivating velocity_smoother[0m[0m
[velocity_smoother-10] [INFO] [1786676804.179385982] [pinky_01.velocity_smoother]: Activating
[velocity_smoother-10] [INFO] [1786676804.179494325] [pinky_01.velocity_smoother]: Creating bond (velocity_smoother) to lifecycle manager.
[lifecycle_manager-20] [INFO] [1786676804.230432772] [pinky_02.lifecycle_manager_navigation]: Server waypoint_follower connected with bond.
[lifecycle_manager-20] [INFO] [1786676804.230516123] [pinky_02.lifecycle_manager_navigation]: [34m[1mActivating velocity_smoother[0m[0m
[velocity_smoother-19] [INFO] [1786676804.231513011] [pinky_02.velocity_smoother]: Activating
[velocity_smoother-19] [INFO] [1786676804.231612032] [pinky_02.velocity_smoother]: Creating bond (velocity_smoother) to lifecycle manager.
[lifecycle_manager-11] [INFO] [1786676804.293924406] [pinky_01.lifecycle_manager_navigation]: Server velocity_smoother connected with bond.
[lifecycle_manager-11] [INFO] [1786676804.293993017] [pinky_01.lifecycle_manager_navigation]: [34m[1mManaged nodes are active[0m[0m
[lifecycle_manager-11] [INFO] [1786676804.294015936] [pinky_01.lifecycle_manager_navigation]: [34m[1mCreating bond timer...[0m[0m
[lifecycle_manager-20] [INFO] [1786676804.346914403] [pinky_02.lifecycle_manager_navigation]: Server velocity_smoother connected with bond.
[lifecycle_manager-20] [INFO] [1786676804.346998329] [pinky_02.lifecycle_manager_navigation]: [34m[1mManaged nodes are active[0m[0m
[lifecycle_manager-20] [INFO] [1786676804.347024643] [pinky_02.lifecycle_manager_navigation]: [34m[1mCreating bond timer...[0m[0m
[python3-21] [INFO] [1786676808.014999094] [project1_pinky_fleet_adapter]: Adding robot [pinky_01] to fleet [project1_pinky].
[python3-21] [INFO] [1786676808.016271650] [project1_pinky_nav2_adapter]: [pinky_01] RMF 에 붙었습니다.
[rmf_traffic_schedule-1] [INFO] [1786676808.016161205] [rmf_traffic_schedule_primary]: Registered participant [5] named [pinky_01] owned by [project1_pinky]
[python3-21] [INFO] [1786676808.023690958] [project1_pinky_fleet_adapter]: Added a robot named [pinky_01] with participant ID [5]
[ERROR] [python3-21]: process has died [pid 11244, exit code -11, cmd 'python3 /home/gyi/robosapiens/rmf_maps/project1/project1_nav2_adapter.py -c /home/gyi/robosapiens/rmf_maps/project1/project1_pinky_config.yaml -n /home/gyi/robosapiens/rmf_maps/project1/nav_graphs/0.yaml -s'].
[INFO] [python3-21]: process started with pid [12645]
RMF↔Nav2 어댑터가 죽었다가 다시 떴습니다.
[python3-21] [retreat_to_charger_interval] value is not provided, default to 10 seconds
[python3-21] Finishing request: nothing
[python3-21] Fleet is not configured to perform any finishing request
[python3-21] Maximum delay is not provided, default to 10.0
[python3-21] [INFO] [1786676816.021378828] [project1_pinky_fleet_adapter]: Parameter [discovery_timeout] set to: 60.000000
[schedule_visualizer_node-4] [INFO] [1786676818.940028267] [schedule_data_node]: Requesting new schedule update because update timed out
[schedule_visualizer_node-4] [INFO] [1786676818.940114777] [schedule_data_node]: [rmf_traffic_ros2::MirrorManager::request_update] Requesting changes for query ID [1] since beginning of recorded history
[rmf_traffic_schedule-1] [INFO] [1786676818.955707154] [rmf_traffic_schedule_primary]: [ScheduleNode::update_mirrors] Sending remedial update starting from the beginning going to 7 for query 1
[rmf_traffic_schedule-1] [INFO] [1786676821.678384009] [rmf_traffic_schedule_primary]: A new mirror is tracking query ID [1]
[schedule_visualizer_node-4] [INFO] [1786676821.678835037] [schedule_data_node]: Mirror handling new sync of 1 queries from schedule node [b8361ed9-26a3-4685-a109-4ff7917e4d93]
[python3-21] [INFO] [1786676821.681304441] [project1_pinky_fleet_adapter]: Registering to query topic rmf_traffic/query_update_1
[python3-21] [INFO] [1786676821.770959411] [project1_pinky_fleet_adapter]: Mirror handling new sync of 1 queries from schedule node [b8361ed9-26a3-4685-a109-4ff7917e4d93]
[python3-21] [INFO] [1786676822.810063864] [project1_pinky_fleet_adapter]: Fleet [project1_pinky] is configured to perform delivery tasks
[python3-21] [INFO] [1786676822.810113376] [project1_pinky_fleet_adapter]: Fleet [project1_pinky] is configured to perform patrol tasks
[python3-21] [INFO] [1786676822.810131884] [project1_pinky_fleet_adapter]: Finished configuring Easy Full Control adapter for fleet [project1_pinky]
[python3-21] [INFO] [1786676822.932897804] [project1_pinky_nav2_adapter]: project1_pinky 를 Nav2 에 이었습니다. 로봇 2대, 0.10초마다 알립니다.
[schedule_visualizer_node-4] [INFO] [1786676839.024117706] [schedule_data_node]: Requesting new schedule update because update timed out
[schedule_visualizer_node-4] [INFO] [1786676839.024216113] [schedule_data_node]: [rmf_traffic_ros2::MirrorManager::request_update] Requesting changes for query ID [1] since version [7]
[python3-21] [INFO] [1786676839.312830250] [project1_pinky_fleet_adapter]: Adding robot [pinky_02] to fleet [project1_pinky].
[python3-21] [INFO] [1786676839.313588857] [project1_pinky_nav2_adapter]: [pinky_02] RMF 에 붙었습니다.
[rmf_traffic_schedule-1] [INFO] [1786676839.313614857] [rmf_traffic_schedule_primary]: Registered participant [4] named [pinky_02] owned by [project1_pinky]
[python3-21] [INFO] [1786676839.317704242] [project1_pinky_fleet_adapter]: Added a robot named [pinky_02] with participant ID [4]
[python3-21] [INFO] [1786676839.318662234] [project1_pinky_fleet_adapter]: Successfully added robot [pinky_02] to the fleet [project1_pinky].
[python3-21] [INFO] [1786676839.318700688] [project1_pinky_fleet_adapter]: Charger waypoint for robot [project1_pinky/pinky_02] set to index [5]
[python3-21] [INFO] [1786676841.686118314] [project1_pinky_fleet_adapter]: Requesting new schedule update because update timed out
[python3-21] [INFO] [1786676841.686190895] [project1_pinky_fleet_adapter]: [rmf_traffic_ros2::MirrorManager::request_update] Requesting changes for query ID [1] since beginning of recorded history
[rmf_traffic_schedule-1] [INFO] [1786676841.689838049] [rmf_traffic_schedule_primary]: [ScheduleNode::update_mirrors] Sending remedial update starting from the beginning going to 7 for query 1
[python3-21] [INFO] [1786676842.424362796] [project1_pinky_fleet_adapter]: Adding robot [pinky_01] to fleet [project1_pinky].
[python3-21] [INFO] [1786676842.424967564] [project1_pinky_nav2_adapter]: [pinky_01] RMF 에 붙었습니다.
[rmf_traffic_schedule-1] [INFO] [1786676842.425132676] [rmf_traffic_schedule_primary]: Registered participant [5] named [pinky_01] owned by [project1_pinky]
[python3-21] [INFO] [1786676842.430768978] [project1_pinky_fleet_adapter]: Added a robot named [pinky_01] with participant ID [5]
[python3-21] [INFO] [1786676842.431993200] [project1_pinky_fleet_adapter]: Successfully added robot [pinky_01] to the fleet [project1_pinky].
[python3-21] [INFO] [1786676842.432066717] [project1_pinky_fleet_adapter]: Charger waypoint for robot [project1_pinky/pinky_01] set to index [4]
[ERROR] [python3-21]: process has died [pid 12645, exit code -11, cmd 'python3 /home/gyi/robosapiens/rmf_maps/project1/project1_nav2_adapter.py -c /home/gyi/robosapiens/rmf_maps/project1/project1_pinky_config.yaml -n /home/gyi/robosapiens/rmf_maps/project1/nav_graphs/0.yaml -s'].
[INFO] [python3-21]: process started with pid [13263]
RMF↔Nav2 어댑터가 죽었다가 다시 떴습니다.
[python3-21] [retreat_to_charger_interval] value is not provided, default to 10 seconds
[python3-21] Finishing request: nothing
[python3-21] Fleet is not configured to perform any finishing request
[python3-21] Maximum delay is not provided, default to 10.0
[python3-21] [INFO] [1786676849.714376777] [project1_pinky_fleet_adapter]: Parameter [discovery_timeout] set to: 60.000000
[rmf_traffic_schedule-1] [INFO] [1786676851.738333629] [rmf_traffic_schedule_primary]: A new mirror is tracking query ID [1]
[python3-21] [INFO] [1786676851.746421001] [project1_pinky_fleet_adapter]: Registering to query topic rmf_traffic/query_update_1
[python3-21] [INFO] [1786676851.811273124] [project1_pinky_fleet_adapter]: Mirror handling new sync of 1 queries from schedule node [b8361ed9-26a3-4685-a109-4ff7917e4d93]
[schedule_visualizer_node-4] [INFO] [1786676852.044883581] [schedule_data_node]: Mirror handling new sync of 1 queries from schedule node [b8361ed9-26a3-4685-a109-4ff7917e4d93]
[python3-21] [INFO] [1786676852.987827278] [project1_pinky_fleet_adapter]: Fleet [project1_pinky] is configured to perform delivery tasks
[python3-21] [INFO] [1786676852.987879294] [project1_pinky_fleet_adapter]: Fleet [project1_pinky] is configured to perform patrol tasks
[python3-21] [INFO] [1786676852.987897799] [project1_pinky_fleet_adapter]: Finished configuring Easy Full Control adapter for fleet [project1_pinky]
[python3-21] [INFO] [1786676853.420402643] [project1_pinky_nav2_adapter]: project1_pinky 를 Nav2 에 이었습니다. 로봇 2대, 0.10초마다 알립니다.
[schedule_visualizer_node-4] [INFO] [1786676861.691664882] [schedule_data_node]: Requesting new schedule update because update timed out
[schedule_visualizer_node-4] [INFO] [1786676861.691723490] [schedule_data_node]: [rmf_traffic_ros2::MirrorManager::request_update] Requesting changes for query ID [1] since version [7]
[python3-21] [INFO] [1786676869.265732282] [project1_pinky_fleet_adapter]: Adding robot [pinky_02] to fleet [project1_pinky].
[python3-21] [INFO] [1786676869.266529386] [project1_pinky_nav2_adapter]: [pinky_02] RMF 에 붙었습니다.
[python3-21] [INFO] [1786676871.750703484] [project1_pinky_fleet_adapter]: Requesting new schedule update because update timed out
[python3-21] [INFO] [1786676871.750791200] [project1_pinky_fleet_adapter]: [rmf_traffic_ros2::MirrorManager::request_update] Requesting changes for query ID [1] since beginning of recorded history
[python3-21] [INFO] [1786676873.435369828] [project1_pinky_fleet_adapter]: Adding robot [pinky_01] to fleet [project1_pinky].
[python3-21] [INFO] [1786676873.436244279] [project1_pinky_nav2_adapter]: [pinky_01] RMF 에 붙었습니다.
=== 2026-08-14 12:08:48 project1 실행 ===
Gazebo 창: true · RViz: true · ROS_DOMAIN_ID: 22
월드에 센서 시스템이 이미 있습니다.
월드에 충돌 검출기가 이미 지정돼 있습니다.
[1/3] Gazebo bringup
[INFO] [launch]: All log files can be found below /home/gyi/.ros/log/2026-08-14-12-08-49-922386-gyi-15UD50T-GX5JK-47184
[INFO] [launch]: Default logging verbosity is set to INFO
[INFO] [gazebo-1]: process started with pid [47272]
[INFO] [gazebo-2]: process started with pid [47273]
[INFO] [robot_state_publisher-3]: process started with pid [47274]
[INFO] [joint_state_publisher-4]: process started with pid [47276]
[INFO] [create-5]: process started with pid [47277]
[INFO] [robot_state_publisher-6]: process started with pid [47279]
[INFO] [joint_state_publisher-7]: process started with pid [47280]
[INFO] [create-8]: process started with pid [47281]
[INFO] [robot_state_publisher-9]: process started with pid [47282]
[INFO] [create-10]: process started with pid [47283]
[INFO] [spawner-11]: process started with pid [47284]
[INFO] [spawner-12]: process started with pid [47285]
[INFO] [spawner-13]: process started with pid [47286]
[INFO] [robot_state_publisher-14]: process started with pid [47287]
[INFO] [create-15]: process started with pid [47288]
[INFO] [spawner-16]: process started with pid [47294]
[INFO] [spawner-17]: process started with pid [47295]
[INFO] [spawner-18]: process started with pid [47298]
[INFO] [robot_state_publisher-19]: process started with pid [47304]
[INFO] [create-20]: process started with pid [47307]
[INFO] [spawner-21]: process started with pid [47317]
[INFO] [spawner-22]: process started with pid [47325]
[INFO] [spawner-23]: process started with pid [47341]
[INFO] [parameter_bridge-24]: process started with pid [47357]
[robot_state_publisher-9] [INFO] [1786676932.473842127] [omx_01.robot_state_publisher]: Robot initialized
[robot_state_publisher-6] [INFO] [1786676932.475714907] [pinky_02.robot_state_publisher]: Robot initialized
[create-10] [INFO] [1786676932.483230813] [omx_01.ros_gz_sim]: Requesting list of world names.
[create-5] [INFO] [1786676932.486259631] [pinky_01.ros_gz_sim]: Requesting list of world names.
[create-8] [INFO] [1786676932.487861701] [pinky_02.ros_gz_sim]: Requesting list of world names.
[robot_state_publisher-3] [INFO] [1786676932.514606634] [pinky_01.robot_state_publisher]: Robot initialized
[robot_state_publisher-14] [INFO] [1786676932.536418443] [omx_02.robot_state_publisher]: Robot initialized
[create-15] [INFO] [1786676932.559240604] [omx_02.ros_gz_sim]: Requesting list of world names.
[create-20] [INFO] [1786676932.561847680] [omx_03.ros_gz_sim]: Requesting list of world names.
[robot_state_publisher-19] [INFO] [1786676932.682113639] [omx_03.robot_state_publisher]: Robot initialized
[gazebo-1] [1;33mWarning [Utils.cc:132][0m [/sdf/world[@name="sim_world"]/gui/window:/home/gyi/robosapiens/rmf_maps/project1/project1.world:L34]: XML Element[window], child of element[gui], not defined in SDF. Copying[window] as children of [gui].
[gazebo-2] [1;33m[GUI] [Wrn] [Application.cc:908] [0m[1;33m[QT] file:///usr/lib/x86_64-linux-gnu/qt5/qml/QtQuick/Dialogs/DefaultFileDialog.qml:413:17: QML ToolButton: Binding loop detected for property "implicitHeight"[0m[1;33m[0m
[gazebo-2] [1;33m[GUI] [Wrn] [Application.cc:908] [0m[1;33m[QT] file:///usr/lib/x86_64-linux-gnu/qt5/qml/QtQuick/Dialogs/DefaultFileDialog.qml:309:21: QML Button: Binding loop detected for property "implicitHeight"[0m[1;33m[0m
  ↑ 같은 줄 1번 더
[gazebo-2] [1;33m[GUI] [Wrn] [Application.cc:908] [0m[1;33m[QT] file:///usr/lib/x86_64-linux-gnu/qt5/qml/QtQuick/Dialogs/DefaultFileDialog.qml:413:17: QML ToolButton: Binding loop detected for property "implicitHeight"[0m[1;33m[0m
[gazebo-2] [1;33m[GUI] [Wrn] [Application.cc:908] [0m[1;33m[QT] file:///usr/lib/x86_64-linux-gnu/qt5/qml/QtQuick/Dialogs/DefaultFileDialog.qml:309:21: QML Button: Binding loop detected for property "implicitHeight"[0m[1;33m[0m
  ↑ 같은 줄 1번 더
[gazebo-1] [INFO] [1786676933.134501833] [rmf_simulation_door_manager]: Loading DoorManager
[gazebo-2] [1;33m[GUI] [Wrn] [Application.cc:908] [0m[1;33m[QT] file:///usr/lib/x86_64-linux-gnu/qt5/qml/QtQuick/Dialogs/DefaultFileDialog.qml:413:17: QML ToolButton: Binding loop detected for property "implicitHeight"[0m[1;33m[0m
[gazebo-2] [1;33m[GUI] [Wrn] [Application.cc:908] [0m[1;33m[QT] file:///usr/lib/x86_64-linux-gnu/qt5/qml/QtQuick/Dialogs/DefaultFileDialog.qml:309:21: QML Button: Binding loop detected for property "implicitHeight"[0m[1;33m[0m
  ↑ 같은 줄 1번 더
[gazebo-1] [INFO] [1786676933.260904310] [rmf_simulation_lift_manager]: Starting LiftManager
[gazebo-1] [1;33m[Wrn] [SdfEntityCreator.cc:933] [0m[1;33mGazebo does not support Ogre material scripts. See [0m[1;33mhttps://gazebosim.org/api/sim/8/migrationsdf.html#:~:text=Materials [0m[1;33mfor details.[0m[1;33m[0m
[gazebo-1] [1;33m[Wrn] [SdfEntityCreator.cc:939] [0m[1;33mCustom material scripts are not supported.[0m[1;33m[0m
[gazebo-1] [1;33m[Wrn] [SdfEntityCreator.cc:933] [0m[1;33mGazebo does not support Ogre material scripts. See [0m[1;33mhttps://gazebosim.org/api/sim/8/migrationsdf.html#:~:text=Materials [0m[1;33mfor details.[0m[1;33m[0m
[gazebo-1] [1;33m[Wrn] [SdfEntityCreator.cc:939] [0m[1;33mCustom material scripts are not supported.[0m[1;33m[0m
[joint_state_publisher-4] [INFO] [1786676933.282574223] [pinky_01.joint_state_publisher]: Waiting for robot_description to be published on the robot_description topic...
[joint_state_publisher-7] [INFO] [1786676933.306712953] [pinky_02.joint_state_publisher]: Waiting for robot_description to be published on the robot_description topic...
[joint_state_publisher-4] [INFO] [1786676933.310608280] [pinky_01.joint_state_publisher]: Got description, configuring robot
[spawner-16] [INFO] [1786676933.330779202] [omx_02.spawner_joint_state_broadcaster]: waiting for service /omx_02/controller_manager/list_controllers to become available...
[joint_state_publisher-7] [INFO] [1786676933.335836186] [pinky_02.joint_state_publisher]: Got description, configuring robot
[create-10] [INFO] [1786676933.380803499] [omx_01.ros_gz_sim]: Waiting messages on topic [robot_description].
[create-15] [INFO] [1786676933.481328992] [omx_02.ros_gz_sim]: Waiting messages on topic [robot_description].
[create-8] [INFO] [1786676933.580494346] [pinky_02.ros_gz_sim]: Waiting messages on topic [/pinky_02/robot_description].
[parameter_bridge-24] [INFO] [1786676933.680388259] [gz_bridge]: Creating GZ->ROS Bridge: [/clock (gz.msgs.Clock) -> /clock (rosgraph_msgs/msg/Clock)] (Lazy 0)
[parameter_bridge-24] [INFO] [1786676933.682026988] [gz_bridge]: Creating GZ->ROS Bridge: [/tf (gz.msgs.Pose_V) -> /tf (tf2_msgs/msg/TFMessage)] (Lazy 0)
[parameter_bridge-24] [INFO] [1786676933.684769284] [gz_bridge]: Creating GZ->ROS Bridge: [/pinky_01/odom (gz.msgs.Odometry) -> /pinky_01/odom (nav_msgs/msg/Odometry)] (Lazy 0)
[parameter_bridge-24] [INFO] [1786676933.686854038] [gz_bridge]: Creating ROS->GZ Bridge: [/pinky_01/cmd_vel_smoothed (geometry_msgs/msg/Twist) -> /pinky_01/cmd_vel (gz.msgs.Twist)] (Lazy 0)
[parameter_bridge-24] [INFO] [1786676933.688116023] [gz_bridge]: Creating GZ->ROS Bridge: [/pinky_01/scan (gz.msgs.LaserScan) -> /pinky_01/scan (sensor_msgs/msg/LaserScan)] (Lazy 0)
[parameter_bridge-24] [INFO] [1786676933.689766149] [gz_bridge]: Creating GZ->ROS Bridge: [/pinky_01/joint_states (gz.msgs.Model) -> /pinky_01/joint_states (sensor_msgs/msg/JointState)] (Lazy 0)
[parameter_bridge-24] [INFO] [1786676933.690456970] [gz_bridge]: Creating GZ->ROS Bridge: [/pinky_01/imu_raw (gz.msgs.IMU) -> /pinky_01/imu_raw (sensor_msgs/msg/Imu)] (Lazy 0)
[parameter_bridge-24] [INFO] [1786676933.691144584] [gz_bridge]: Creating GZ->ROS Bridge: [/pinky_02/odom (gz.msgs.Odometry) -> /pinky_02/odom (nav_msgs/msg/Odometry)] (Lazy 0)
[parameter_bridge-24] [INFO] [1786676933.691622111] [gz_bridge]: Creating ROS->GZ Bridge: [/pinky_02/cmd_vel_smoothed (geometry_msgs/msg/Twist) -> /pinky_02/cmd_vel (gz.msgs.Twist)] (Lazy 0)
[parameter_bridge-24] [INFO] [1786676933.692122398] [gz_bridge]: Creating GZ->ROS Bridge: [/pinky_02/scan (gz.msgs.LaserScan) -> /pinky_02/scan (sensor_msgs/msg/LaserScan)] (Lazy 0)
[parameter_bridge-24] [INFO] [1786676933.692573071] [gz_bridge]: Creating GZ->ROS Bridge: [/pinky_02/joint_states (gz.msgs.Model) -> /pinky_02/joint_states (sensor_msgs/msg/JointState)] (Lazy 0)
[parameter_bridge-24] [INFO] [1786676933.693131712] [gz_bridge]: Creating GZ->ROS Bridge: [/pinky_02/imu_raw (gz.msgs.IMU) -> /pinky_02/imu_raw (sensor_msgs/msg/Imu)] (Lazy 0)
[create-10] [INFO] [1786676933.880245012] [omx_01.ros_gz_sim]: Entity creation successful.
[create-8] [INFO] [1786676933.880408123] [pinky_02.ros_gz_sim]: Entity creation successful.
[create-15] [INFO] [1786676933.880410288] [omx_02.ros_gz_sim]: Entity creation successful.
[create-5] [INFO] [1786676933.881788159] [pinky_01.ros_gz_sim]: Waiting messages on topic [/pinky_01/robot_description].
[create-20] [INFO] [1786676933.885210026] [omx_03.ros_gz_sim]: Waiting messages on topic [robot_description].
[create-5] [INFO] [1786676933.897997903] [pinky_01.ros_gz_sim]: Entity creation successful.
[create-20] [INFO] [1786676933.898010459] [omx_03.ros_gz_sim]: Entity creation successful.
[INFO] [create-10]: process has finished cleanly [pid 47283]
[INFO] [create-8]: process has finished cleanly [pid 47281]
[INFO] [create-15]: process has finished cleanly [pid 47288]
[INFO] [create-20]: process has finished cleanly [pid 47307]
[INFO] [create-5]: process has finished cleanly [pid 47277]
[gazebo-2] [1;33m[GUI] [Wrn] [Application.cc:908] [0m[1;33m[QT] file:///usr/lib/x86_64-linux-gnu/qt5/qml/QtQuick/Dialogs/DefaultFileDialog.qml:413:17: QML ToolButton: Binding loop detected for property "implicitHeight"[0m[1;33m[0m
[gazebo-2] [1;33m[GUI] [Wrn] [Application.cc:908] [0m[1;33m[QT] file:///usr/lib/x86_64-linux-gnu/qt5/qml/QtQuick/Dialogs/DefaultFileDialog.qml:309:21: QML Button: Binding loop detected for property "implicitHeight"[0m[1;33m[0m
  ↑ 같은 줄 1번 더
[gazebo-2] [1;33m[GUI] [Wrn] [Application.cc:908] [0m[1;33m[QT] file::/ComponentInspector/ComponentInspector.qml:251:3: QML Dialog: Binding loop detected for property "implicitHeight"[0m[1;33m[0m
[gazebo-2] [1;33m[GUI] [Wrn] [Application.cc:908] [0m[1;33m[QT] file:///usr/lib/x86_64-linux-gnu/qt5/qml/QtQuick/Dialogs/DefaultFileDialog.qml:413:17: QML ToolButton: Binding loop detected for property "implicitHeight"[0m[1;33m[0m
[gazebo-2] [1;33m[GUI] [Wrn] [Application.cc:908] [0m[1;33m[QT] file:///usr/lib/x86_64-linux-gnu/qt5/qml/QtQuick/Dialogs/DefaultFileDialog.qml:309:21: QML Button: Binding loop detected for property "implicitHeight"[0m[1;33m[0m
  ↑ 같은 줄 1번 더
[gazebo-2] [1;33m[GUI] [Wrn] [Application.cc:908] [0m[1;33m[QT] file::/toggle_floors/toggle_floors.qml:40: ReferenceError: qfloors is not defined[0m[1;33m[0m
[gazebo-2] [1;33m[GUI] [Wrn] [Application.cc:908] [0m[1;33m[QT] file::/WorldStats/WorldStats.qml:53:3: QML RowLayout: Binding loop detected for property "x"[0m[1;33m[0m
[gazebo-1] [INFO] [1786676934.721371895] [omx_01.gz_ros_control]: [gz_ros2_control] Fixed joint ['world_fixed'] (Entity='38') is skipped.
[gazebo-1] [INFO] [1786676934.727572305] [omx_01.gz_ros_control]: Loading controller_manager
[gazebo-1] [INFO] [1786676934.767273916] [omx_01.controller_manager]: Using ROS clock for triggering controller manager cycles.
[gazebo-1] [INFO] [1786676934.774445143] [omx_01.controller_manager]: Subscribing to '/omx_01/robot_description' topic for robot description.
[gazebo-1] [WARN] [1786676934.781168791] [omx_01.gz_ros_control]: Waiting RM to load and initialize hardware...
[gazebo-1] [INFO] [1786676934.784841562] [omx_01.controller_manager]: Received robot description from topic.
[gazebo-1] [INFO] [1786676934.784894674] [omx_01.controller_manager]: Enforcing command limits is disabled. Command limits from URDF will be ignored.
[gazebo-1] [INFO] [1786676934.790024205] [omx_01.gz_ros_control]: The position_proportional_gain has been set to: 0.1
[gazebo-1] [INFO] [1786676934.790127828] [omx_01.gz_ros_control]: Loading joint: joint1
[gazebo-1] [INFO] [1786676934.790134393] [omx_01.gz_ros_control]: 	State:
[gazebo-1] [INFO] [1786676934.790141071] [omx_01.gz_ros_control]: 		 position
[gazebo-1] [INFO] [1786676934.790144035] [omx_01.gz_ros_control]: 		 velocity
[gazebo-1] [INFO] [1786676934.790154947] [omx_01.gz_ros_control]: 		 effort
[gazebo-1] [INFO] [1786676934.790158001] [omx_01.gz_ros_control]: 	Command:
[gazebo-1] [INFO] [1786676934.790160251] [omx_01.gz_ros_control]: 		 position
[gazebo-1] [INFO] [1786676934.790171708] [omx_01.gz_ros_control]: Loading joint: joint2
[gazebo-1] [INFO] [1786676934.790173965] [omx_01.gz_ros_control]: 	State:
[gazebo-1] [INFO] [1786676934.790175911] [omx_01.gz_ros_control]: 		 position
[gazebo-1] [INFO] [1786676934.790177767] [omx_01.gz_ros_control]: 		 velocity
[gazebo-1] [INFO] [1786676934.790180005] [omx_01.gz_ros_control]: 		 effort
[gazebo-1] [INFO] [1786676934.790181806] [omx_01.gz_ros_control]: 	Command:
[gazebo-1] [INFO] [1786676934.790183801] [omx_01.gz_ros_control]: 		 position
[gazebo-1] [INFO] [1786676934.790192035] [omx_01.gz_ros_control]: Loading joint: joint3
[gazebo-1] [INFO] [1786676934.790193905] [omx_01.gz_ros_control]: 	State:
[gazebo-1] [INFO] [1786676934.790195596] [omx_01.gz_ros_control]: 		 position
[gazebo-1] [INFO] [1786676934.790197257] [omx_01.gz_ros_control]: 		 velocity
[gazebo-1] [INFO] [1786676934.790199033] [omx_01.gz_ros_control]: 		 effort
[gazebo-1] [INFO] [1786676934.790201981] [omx_01.gz_ros_control]: 	Command:
[gazebo-1] [INFO] [1786676934.790203838] [omx_01.gz_ros_control]: 		 position
[gazebo-1] [INFO] [1786676934.790210727] [omx_01.gz_ros_control]: Loading joint: joint4
[gazebo-1] [INFO] [1786676934.790212720] [omx_01.gz_ros_control]: 	State:
[gazebo-1] [INFO] [1786676934.790218348] [omx_01.gz_ros_control]: 		 position
[gazebo-1] [INFO] [1786676934.790220880] [omx_01.gz_ros_control]: 		 velocity
[gazebo-1] [INFO] [1786676934.790222730] [omx_01.gz_ros_control]: 		 effort
[gazebo-1] [INFO] [1786676934.790224546] [omx_01.gz_ros_control]: 	Command:
[gazebo-1] [INFO] [1786676934.790226371] [omx_01.gz_ros_control]: 		 position
[gazebo-1] [INFO] [1786676934.790233476] [omx_01.gz_ros_control]: Loading joint: gripper_left_joint
[gazebo-1] [INFO] [1786676934.790235856] [omx_01.gz_ros_control]: 	State:
[gazebo-1] [INFO] [1786676934.790237926] [omx_01.gz_ros_control]: 		 position
[gazebo-1] [INFO] [1786676934.790239752] [omx_01.gz_ros_control]: 		 velocity
[gazebo-1] [INFO] [1786676934.790241569] [omx_01.gz_ros_control]: 		 effort
[gazebo-1] [INFO] [1786676934.790243305] [omx_01.gz_ros_control]: 	Command:
[gazebo-1] [INFO] [1786676934.790244924] [omx_01.gz_ros_control]: 		 position
[gazebo-1] [INFO] [1786676934.790252834] [omx_01.gz_ros_control]: Loading joint: gripper_right_joint
[gazebo-1] [INFO] [1786676934.790256616] [omx_01.gz_ros_control]: Joint 'gripper_right_joint'is mimicking joint 'gripper_left_joint' with multiplier: 1 and offset: 0
[gazebo-1] [INFO] [1786676934.790259467] [omx_01.gz_ros_control]: 	State:
[gazebo-1] [INFO] [1786676934.790261233] [omx_01.gz_ros_control]: 		 position
[gazebo-1] [INFO] [1786676934.790263006] [omx_01.gz_ros_control]: 		 velocity
[gazebo-1] [INFO] [1786676934.790266200] [omx_01.gz_ros_control]: 		 effort
[gazebo-1] [INFO] [1786676934.790268340] [omx_01.gz_ros_control]: 	Command:
[gazebo-1] [INFO] [1786676934.790399659] [omx_01.controller_manager]: Initialize hardware 'OpenManipulatorXSystem' 
[gazebo-1] [WARN] [1786676934.790464232] [omx_01.controller_manager.hardware_component.system.OpenManipulatorXSystem]: Executor is not available during hardware component initialization for 'OpenManipulatorXSystem'. Skipping node creation!
[gazebo-1] [INFO] [1786676934.790575005] [omx_01.controller_manager]: Successful initialization of hardware 'OpenManipulatorXSystem'
[gazebo-1] [INFO] [1786676934.790730904] [omx_01.controller_manager]: Activating component 'OpenManipulatorXSystem'.
[gazebo-1] [INFO] [1786676934.790742415] [resource_manager]: 'configure' hardware 'OpenManipulatorXSystem' 
[gazebo-1] [INFO] [1786676934.790747786] [omx_01.gz_ros_control]: System Successfully configured!
[gazebo-1] [INFO] [1786676934.790751827] [resource_manager]: Successful 'configure' of hardware 'OpenManipulatorXSystem'
[gazebo-1] [INFO] [1786676934.790760173] [resource_manager]: 'activate' hardware 'OpenManipulatorXSystem' 
[gazebo-1] [INFO] [1786676934.790777356] [resource_manager]: Successful 'activate' of hardware 'OpenManipulatorXSystem'
[gazebo-1] [WARN] [1786676934.790847956] [omx_01.controller_manager]: Component 'OpenManipulatorXSystem' does not have read or write statistics initialized, skipping registration.
[gazebo-1] [INFO] [1786676934.790854010] [omx_01.controller_manager]: Resource Manager has been successfully initialized. Starting Controller Manager services...
[gazebo-2] [1;33m[GUI] [Wrn] [toggle_floors.cpp:221] [0m[1;33mNode for [0m[1;33mproject1_L1[0m[1;33mwas not found[0m[1;33m[0m
[gazebo-1] [INFO] [1786676936.831720329] [omx_02.gz_ros_control]: [gz_ros2_control] Fixed joint ['world_fixed'] (Entity='68') is skipped.
[gazebo-1] [INFO] [1786676936.837026048] [omx_02.gz_ros_control]: Loading controller_manager
[gazebo-1] [INFO] [1786676936.862372723] [omx_02.controller_manager]: Using ROS clock for triggering controller manager cycles.
[gazebo-1] [INFO] [1786676936.863694022] [omx_02.controller_manager]: Subscribing to '/omx_02/robot_description' topic for robot description.
[gazebo-1] [WARN] [1786676936.864302901] [omx_02.gz_ros_control]: Waiting RM to load and initialize hardware...
[gazebo-1] [INFO] [1786676936.874084505] [omx_02.controller_manager]: Received robot description from topic.
[gazebo-1] [INFO] [1786676936.874161961] [omx_02.controller_manager]: Enforcing command limits is disabled. Command limits from URDF will be ignored.
[gazebo-1] [INFO] [1786676936.877663386] [omx_02.gz_ros_control]: The position_proportional_gain has been set to: 0.1
[gazebo-1] [INFO] [1786676936.877715083] [omx_02.gz_ros_control]: Loading joint: joint1
[gazebo-1] [INFO] [1786676936.877727779] [omx_02.gz_ros_control]: 	State:
[gazebo-1] [INFO] [1786676936.877735977] [omx_02.gz_ros_control]: 		 position
[gazebo-1] [INFO] [1786676936.877744049] [omx_02.gz_ros_control]: 		 velocity
[gazebo-1] [INFO] [1786676936.877752445] [omx_02.gz_ros_control]: 		 effort
[gazebo-1] [INFO] [1786676936.877760102] [omx_02.gz_ros_control]: 	Command:
[gazebo-1] [INFO] [1786676936.877766803] [omx_02.gz_ros_control]: 		 position
[gazebo-1] [INFO] [1786676936.877785195] [omx_02.gz_ros_control]: Loading joint: joint2
[gazebo-1] [INFO] [1786676936.877792844] [omx_02.gz_ros_control]: 	State:
[gazebo-1] [INFO] [1786676936.877799529] [omx_02.gz_ros_control]: 		 position
[gazebo-1] [INFO] [1786676936.877805947] [omx_02.gz_ros_control]: 		 velocity
[gazebo-1] [INFO] [1786676936.877813571] [omx_02.gz_ros_control]: 		 effort
[gazebo-1] [INFO] [1786676936.877820326] [omx_02.gz_ros_control]: 	Command:
[gazebo-1] [INFO] [1786676936.877826644] [omx_02.gz_ros_control]: 		 position
[gazebo-1] [INFO] [1786676936.877842314] [omx_02.gz_ros_control]: Loading joint: joint3
[gazebo-1] [INFO] [1786676936.877849712] [omx_02.gz_ros_control]: 	State:
[gazebo-1] [INFO] [1786676936.877856023] [omx_02.gz_ros_control]: 		 position
[gazebo-1] [INFO] [1786676936.877862423] [omx_02.gz_ros_control]: 		 velocity
[gazebo-1] [INFO] [1786676936.877872879] [omx_02.gz_ros_control]: 		 effort
[gazebo-1] [INFO] [1786676936.877881279] [omx_02.gz_ros_control]: 	Command:
[gazebo-1] [INFO] [1786676936.877888700] [omx_02.gz_ros_control]: 		 position
[gazebo-1] [INFO] [1786676936.877904982] [omx_02.gz_ros_control]: Loading joint: joint4
[gazebo-1] [INFO] [1786676936.877912542] [omx_02.gz_ros_control]: 	State:
[gazebo-1] [INFO] [1786676936.877919788] [omx_02.gz_ros_control]: 		 position
[gazebo-1] [INFO] [1786676936.877926488] [omx_02.gz_ros_control]: 		 velocity
[gazebo-1] [INFO] [1786676936.877933608] [omx_02.gz_ros_control]: 		 effort
[gazebo-1] [INFO] [1786676936.877940075] [omx_02.gz_ros_control]: 	Command:
[gazebo-1] [INFO] [1786676936.877946495] [omx_02.gz_ros_control]: 		 position
[gazebo-1] [INFO] [1786676936.877961165] [omx_02.gz_ros_control]: Loading joint: gripper_left_joint
[gazebo-1] [INFO] [1786676936.877989225] [omx_02.gz_ros_control]: 	State:
[gazebo-1] [INFO] [1786676936.877997992] [omx_02.gz_ros_control]: 		 position
[gazebo-1] [INFO] [1786676936.878010517] [omx_02.gz_ros_control]: 		 velocity
[gazebo-1] [INFO] [1786676936.878017422] [omx_02.gz_ros_control]: 		 effort
[gazebo-1] [INFO] [1786676936.878024044] [omx_02.gz_ros_control]: 	Command:
[gazebo-1] [INFO] [1786676936.878030520] [omx_02.gz_ros_control]: 		 position
[gazebo-1] [INFO] [1786676936.878047348] [omx_02.gz_ros_control]: Loading joint: gripper_right_joint
[gazebo-1] [INFO] [1786676936.878058568] [omx_02.gz_ros_control]: Joint 'gripper_right_joint'is mimicking joint 'gripper_left_joint' with multiplier: 1 and offset: 0
[gazebo-1] [INFO] [1786676936.878066934] [omx_02.gz_ros_control]: 	State:
[gazebo-1] [INFO] [1786676936.878073674] [omx_02.gz_ros_control]: 		 position
[gazebo-1] [INFO] [1786676936.878080182] [omx_02.gz_ros_control]: 		 velocity
[gazebo-1] [INFO] [1786676936.878088908] [omx_02.gz_ros_control]: 		 effort
[gazebo-1] [INFO] [1786676936.878095920] [omx_02.gz_ros_control]: 	Command:
[gazebo-1] [INFO] [1786676936.878143744] [omx_02.controller_manager]: Initialize hardware 'OpenManipulatorXSystem' 
[gazebo-1] [WARN] [1786676936.878165615] [omx_02.controller_manager.hardware_component.system.OpenManipulatorXSystem]: Executor is not available during hardware component initialization for 'OpenManipulatorXSystem'. Skipping node creation!
[gazebo-1] [INFO] [1786676936.878217610] [omx_02.controller_manager]: Successful initialization of hardware 'OpenManipulatorXSystem'
[gazebo-1] [INFO] [1786676936.878308527] [omx_02.controller_manager]: Activating component 'OpenManipulatorXSystem'.
[gazebo-1] [INFO] [1786676936.878319017] [resource_manager]: 'configure' hardware 'OpenManipulatorXSystem' 
[gazebo-1] [INFO] [1786676936.878322703] [omx_02.gz_ros_control]: System Successfully configured!
[gazebo-1] [INFO] [1786676936.878330220] [resource_manager]: Successful 'configure' of hardware 'OpenManipulatorXSystem'
[gazebo-1] [INFO] [1786676936.878336419] [resource_manager]: 'activate' hardware 'OpenManipulatorXSystem' 
[gazebo-1] [INFO] [1786676936.878341700] [resource_manager]: Successful 'activate' of hardware 'OpenManipulatorXSystem'
[gazebo-1] [WARN] [1786676936.878365301] [omx_02.controller_manager]: Component 'OpenManipulatorXSystem' does not have read or write statistics initialized, skipping registration.
[gazebo-1] [INFO] [1786676936.878375722] [omx_02.controller_manager]: Resource Manager has been successfully initialized. Starting Controller Manager services...
[gazebo-1] [INFO] [1786676937.085134496] [omx_02.controller_manager]: Loading controller : 'joint_state_broadcaster' of type 'joint_state_broadcaster/JointStateBroadcaster'
[gazebo-1] [INFO] [1786676937.085188927] [omx_02.controller_manager]: Loading controller 'joint_state_broadcaster'
[gazebo-1] [INFO] [1786676937.093262133] [omx_02.controller_manager]: Controller 'joint_state_broadcaster' node arguments: --ros-args --params-file /home/gyi/robosapiens/robot_model/open_manipulator/install/open_manipulator_bringup/share/open_manipulator_bringup/config/open_manipulator_x/hardware_controller_manager.yaml -p use_sim_time:=true --param use_sim_time:=true 
[spawner-16] [INFO] [1786676937.110515894] [omx_02.spawner_joint_state_broadcaster]: Loaded joint_state_broadcaster
[gazebo-1] [INFO] [1786676937.111856791] [omx_02.controller_manager]: Configuring controller: 'joint_state_broadcaster'
[gazebo-1] [INFO] [1786676937.112095821] [omx_02.joint_state_broadcaster]: 'joints' or 'interfaces' parameter is empty. All available state interfaces will be published
[gazebo-1] [INFO] [1786676937.126390324] [omx_02.controller_manager]: Activating controllers: [ joint_state_broadcaster ]
[gazebo-1] [1;33mWarning [Utils.cc:132][0m [/sdf/model[@name="pinky"]/link[@name="base_footprint"]/sensor[@name="pinky_02/camera"]/gz_frame_id:<urdf-string>:L0]: XML Element[gz_frame_id], child of element[sensor], not defined in SDF. Copying[gz_frame_id] as children of [sensor].
[gazebo-1] [1;33mWarning [Utils.cc:132][0m [/sdf/model[@name="pinky"]/link[@name="base_footprint"]/sensor[@name="pinky_02/imu"]/gz_frame_id:<urdf-string>:L0]: XML Element[gz_frame_id], child of element[sensor], not defined in SDF. Copying[gz_frame_id] as children of [sensor].
[gazebo-1] [1;33mWarning [Utils.cc:132][0m [/sdf/model[@name="pinky"]/link[@name="base_footprint"]/sensor[@name="pinky_02/gpu_lidar"]/gz_frame_id:<urdf-string>:L0]: XML Element[gz_frame_id], child of element[sensor], not defined in SDF. Copying[gz_frame_id] as children of [sensor].
[gazebo-1] [1;33mWarning [Utils.cc:132][0m [/sdf/model[@name="pinky"]/link[@name="base_footprint"]/sensor[@name="pinky_01/camera"]/gz_frame_id:<urdf-string>:L0]: XML Element[gz_frame_id], child of element[sensor], not defined in SDF. Copying[gz_frame_id] as children of [sensor].
[gazebo-1] [1;33mWarning [Utils.cc:132][0m [/sdf/model[@name="pinky"]/link[@name="base_footprint"]/sensor[@name="pinky_01/imu"]/gz_frame_id:<urdf-string>:L0]: XML Element[gz_frame_id], child of element[sensor], not defined in SDF. Copying[gz_frame_id] as children of [sensor].
[gazebo-1] [1;33mWarning [Utils.cc:132][0m [/sdf/model[@name="pinky"]/link[@name="base_footprint"]/sensor[@name="pinky_01/gpu_lidar"]/gz_frame_id:<urdf-string>:L0]: XML Element[gz_frame_id], child of element[sensor], not defined in SDF. Copying[gz_frame_id] as children of [sensor].
[gazebo-1] [INFO] [1786676938.964498377] [omx_03.gz_ros_control]: [gz_ros2_control] Fixed joint ['world_fixed'] (Entity='168') is skipped.
[gazebo-1] [INFO] [1786676938.967571509] [omx_03.gz_ros_control]: Loading controller_manager
[gazebo-1] [INFO] [1786676938.996725594] [omx_03.controller_manager]: Using ROS clock for triggering controller manager cycles.
[gazebo-1] [INFO] [1786676938.998108464] [omx_03.controller_manager]: Subscribing to '/omx_03/robot_description' topic for robot description.
[gazebo-1] [WARN] [1786676938.999073030] [omx_03.gz_ros_control]: Waiting RM to load and initialize hardware...
[gazebo-1] [INFO] [1786676939.008495344] [omx_03.controller_manager]: Received robot description from topic.
[gazebo-1] [INFO] [1786676939.008546210] [omx_03.controller_manager]: Enforcing command limits is disabled. Command limits from URDF will be ignored.
[gazebo-1] [INFO] [1786676939.010818355] [omx_03.gz_ros_control]: The position_proportional_gain has been set to: 0.1
[gazebo-1] [INFO] [1786676939.010867349] [omx_03.gz_ros_control]: Loading joint: joint1
[gazebo-1] [INFO] [1786676939.010871113] [omx_03.gz_ros_control]: 	State:
[gazebo-1] [INFO] [1786676939.010874264] [omx_03.gz_ros_control]: 		 position
[gazebo-1] [INFO] [1786676939.010876810] [omx_03.gz_ros_control]: 		 velocity
[gazebo-1] [INFO] [1786676939.010880179] [omx_03.gz_ros_control]: 		 effort
[gazebo-1] [INFO] [1786676939.010882753] [omx_03.gz_ros_control]: 	Command:
[gazebo-1] [INFO] [1786676939.010884769] [omx_03.gz_ros_control]: 		 position
[gazebo-1] [INFO] [1786676939.010895656] [omx_03.gz_ros_control]: Loading joint: joint2
[gazebo-1] [INFO] [1786676939.010897731] [omx_03.gz_ros_control]: 	State:
[gazebo-1] [INFO] [1786676939.010899506] [omx_03.gz_ros_control]: 		 position
[gazebo-1] [INFO] [1786676939.010901373] [omx_03.gz_ros_control]: 		 velocity
[gazebo-1] [INFO] [1786676939.010903531] [omx_03.gz_ros_control]: 		 effort
[gazebo-1] [INFO] [1786676939.010905265] [omx_03.gz_ros_control]: 	Command:
[gazebo-1] [INFO] [1786676939.010906905] [omx_03.gz_ros_control]: 		 position
[gazebo-1] [INFO] [1786676939.010913567] [omx_03.gz_ros_control]: Loading joint: joint3
[gazebo-1] [INFO] [1786676939.010915498] [omx_03.gz_ros_control]: 	State:
[gazebo-1] [INFO] [1786676939.010917232] [omx_03.gz_ros_control]: 		 position
[gazebo-1] [INFO] [1786676939.010918930] [omx_03.gz_ros_control]: 		 velocity
[gazebo-1] [INFO] [1786676939.010920676] [omx_03.gz_ros_control]: 		 effort
[gazebo-1] [INFO] [1786676939.010923066] [omx_03.gz_ros_control]: 	Command:
[gazebo-1] [INFO] [1786676939.010924827] [omx_03.gz_ros_control]: 		 position
[gazebo-1] [INFO] [1786676939.010931026] [omx_03.gz_ros_control]: Loading joint: joint4
[gazebo-1] [INFO] [1786676939.010932824] [omx_03.gz_ros_control]: 	State:
[gazebo-1] [INFO] [1786676939.010934953] [omx_03.gz_ros_control]: 		 position
[gazebo-1] [INFO] [1786676939.010936686] [omx_03.gz_ros_control]: 		 velocity
[gazebo-1] [INFO] [1786676939.010938389] [omx_03.gz_ros_control]: 		 effort
[gazebo-1] [INFO] [1786676939.010940062] [omx_03.gz_ros_control]: 	Command:
[gazebo-1] [INFO] [1786676939.010941761] [omx_03.gz_ros_control]: 		 position
[gazebo-1] [INFO] [1786676939.010948925] [omx_03.gz_ros_control]: Loading joint: gripper_left_joint
[gazebo-1] [INFO] [1786676939.010951289] [omx_03.gz_ros_control]: 	State:
[gazebo-1] [INFO] [1786676939.010953175] [omx_03.gz_ros_control]: 		 position
[gazebo-1] [INFO] [1786676939.010954999] [omx_03.gz_ros_control]: 		 velocity
[gazebo-1] [INFO] [1786676939.010956855] [omx_03.gz_ros_control]: 		 effort
[gazebo-1] [INFO] [1786676939.010958631] [omx_03.gz_ros_control]: 	Command:
[gazebo-1] [INFO] [1786676939.010960308] [omx_03.gz_ros_control]: 		 position
[gazebo-1] [INFO] [1786676939.010967537] [omx_03.gz_ros_control]: Loading joint: gripper_right_joint
[gazebo-1] [INFO] [1786676939.010970828] [omx_03.gz_ros_control]: Joint 'gripper_right_joint'is mimicking joint 'gripper_left_joint' with multiplier: 1 and offset: 0
[gazebo-1] [INFO] [1786676939.010975878] [omx_03.gz_ros_control]: 	State:
[gazebo-1] [INFO] [1786676939.010977752] [omx_03.gz_ros_control]: 		 position
[gazebo-1] [INFO] [1786676939.010979684] [omx_03.gz_ros_control]: 		 velocity
[gazebo-1] [INFO] [1786676939.010982609] [omx_03.gz_ros_control]: 		 effort
[gazebo-1] [INFO] [1786676939.010984487] [omx_03.gz_ros_control]: 	Command:
[gazebo-1] [INFO] [1786676939.010997869] [omx_03.gz_ros_control]: Loading sensor: pinky_02/imu
[gazebo-1] [INFO] [1786676939.011001099] [omx_03.gz_ros_control]: 	State:
[gazebo-1] [WARN] [1786676939.011003691] [omx_03.gz_ros_control]: IMU sensor 'pinky_02/imu' not found in hardware_info, skipping.
[gazebo-1] [INFO] [1786676939.011020092] [omx_03.gz_ros_control]: Loading sensor: pinky_01/imu
[gazebo-1] [INFO] [1786676939.011022121] [omx_03.gz_ros_control]: 	State:
[gazebo-1] [WARN] [1786676939.011024041] [omx_03.gz_ros_control]: IMU sensor 'pinky_01/imu' not found in hardware_info, skipping.
[gazebo-1] [INFO] [1786676939.011052924] [omx_03.controller_manager]: Initialize hardware 'OpenManipulatorXSystem' 
[gazebo-1] [WARN] [1786676939.011061155] [omx_03.controller_manager.hardware_component.system.OpenManipulatorXSystem]: Executor is not available during hardware component initialization for 'OpenManipulatorXSystem'. Skipping node creation!
[gazebo-1] [INFO] [1786676939.011090599] [omx_03.controller_manager]: Successful initialization of hardware 'OpenManipulatorXSystem'
[gazebo-1] [INFO] [1786676939.011161314] [omx_03.controller_manager]: Activating component 'OpenManipulatorXSystem'.
[gazebo-1] [INFO] [1786676939.011165272] [resource_manager]: 'configure' hardware 'OpenManipulatorXSystem' 
[gazebo-1] [INFO] [1786676939.011166809] [omx_03.gz_ros_control]: System Successfully configured!
[gazebo-1] [INFO] [1786676939.011169405] [resource_manager]: Successful 'configure' of hardware 'OpenManipulatorXSystem'
[gazebo-1] [INFO] [1786676939.011172432] [resource_manager]: 'activate' hardware 'OpenManipulatorXSystem' 
[gazebo-1] [INFO] [1786676939.011174906] [resource_manager]: Successful 'activate' of hardware 'OpenManipulatorXSystem'
[gazebo-1] [WARN] [1786676939.011189433] [omx_03.controller_manager]: Component 'OpenManipulatorXSystem' does not have read or write statistics initialized, skipping registration.
[gazebo-1] [INFO] [1786676939.011193222] [omx_03.controller_manager]: Resource Manager has been successfully initialized. Starting Controller Manager services...
[gazebo-1] [1;31m[Err] [Physics.cc:1808] [0m[1;31mAttempting to create a mimic constraint for joint [[0m[1;31mgripper_right_joint[0m[1;31m] but the chosen physics engine does not support [0m[1;31mmimic constraints, so no constraint will be [0m[1;31mcreated.[0m[1;31m[0m
[gazebo-1] [1;33m[Wrn] [Component.hh:144] [0m[1;33mTrying to serialize component with data type [[0m[1;33mN2gz3sim11ChargerDataE[0m[1;33m], which doesn't have [0m[1;33m`operator<<`. Component will not be serialized.[0m[1;33m[0m
[gazebo-1] [INFO] [1786676941.389391007] [omx_02.controller_manager]: Successfully switched controllers!
[spawner-16] [INFO] [1786676941.537026583] [omx_02.spawner_joint_state_broadcaster]: Configured and activated joint_state_broadcaster
[gazebo-2] [1;33mWarning [Utils.cc:132][0m [/sdf/model[@name="pinky"]/link[@name="base_footprint"]/sensor[@name="pinky_02/camera"]/gz_frame_id:<data-string>:L122]: XML Element[gz_frame_id], child of element[sensor], not defined in SDF. Copying[gz_frame_id] as children of [sensor].
[gazebo-2] [1;33mWarning [Utils.cc:132][0m [/sdf/model[@name="pinky"]/link[@name="base_footprint"]/sensor[@name="pinky_02/imu"]/gz_frame_id:<data-string>:L131]: XML Element[gz_frame_id], child of element[sensor], not defined in SDF. Copying[gz_frame_id] as children of [sensor].
[gazebo-2] [1;33mWarning [Utils.cc:132][0m [/sdf/model[@name="pinky"]/link[@name="base_footprint"]/sensor[@name="pinky_02/gpu_lidar"]/gz_frame_id:<data-string>:L165]: XML Element[gz_frame_id], child of element[sensor], not defined in SDF. Copying[gz_frame_id] as children of [sensor].
[gazebo-2] [1;33m[GUI] [Wrn] [EntityComponentManager.cc:1930] [0m[1;33mComponent type [[0m[1;33m1728988591536574887[0m[1;33m] has not been [0m[1;33mregistered in this process, so it can't be deserialized.[0m[1;33m[0m
[gazebo-2] [1;33mWarning [Utils.cc:132][0m [/sdf/model[@name="pinky"]/link[@name="base_footprint"]/sensor[@name="pinky_01/camera"]/gz_frame_id:<data-string>:L122]: XML Element[gz_frame_id], child of element[sensor], not defined in SDF. Copying[gz_frame_id] as children of [sensor].
[spawner-21] [INFO] [1786676941.635842697] [omx_03.spawner_joint_state_broadcaster]: waiting for service /omx_03/controller_manager/list_controllers to become available...
[gazebo-2] [1;33mWarning [Utils.cc:132][0m [/sdf/model[@name="pinky"]/link[@name="base_footprint"]/sensor[@name="pinky_01/imu"]/gz_frame_id:<data-string>:L131]: XML Element[gz_frame_id], child of element[sensor], not defined in SDF. Copying[gz_frame_id] as children of [sensor].
[gazebo-2] [1;33mWarning [Utils.cc:132][0m [/sdf/model[@name="pinky"]/link[@name="base_footprint"]/sensor[@name="pinky_01/gpu_lidar"]/gz_frame_id:<data-string>:L165]: XML Element[gz_frame_id], child of element[sensor], not defined in SDF. Copying[gz_frame_id] as children of [sensor].
[INFO] [spawner-16]: process has finished cleanly [pid 47294]
[gazebo-1] [1;33m[Wrn] [Ogre2Camera.cc:423] [0m[1;33mOgre2Camera::SetVisibilityMask: Mask bits [0m[1;33mc0000000[0m[1;33m are set but will be ignored as they conflict with the [0m[1;33mreserved bits used internally by the ogre2 backend.[0m[1;33m[0m
  ↑ 같은 줄 1번 더
[gazebo-1] [INFO] [1786676943.138886090] [omx_03.controller_manager]: Loading controller : 'joint_state_broadcaster' of type 'joint_state_broadcaster/JointStateBroadcaster'
[gazebo-1] [INFO] [1786676943.138934843] [omx_03.controller_manager]: Loading controller 'joint_state_broadcaster'
[gazebo-1] [INFO] [1786676943.140514298] [omx_03.controller_manager]: Controller 'joint_state_broadcaster' node arguments: --ros-args --params-file /home/gyi/robosapiens/robot_model/open_manipulator/install/open_manipulator_bringup/share/open_manipulator_bringup/config/open_manipulator_x/hardware_controller_manager.yaml -p use_sim_time:=true --param use_sim_time:=true 
[2/3] Open-RMF
[spawner-21] [INFO] [1786676943.180720385] [omx_03.spawner_joint_state_broadcaster]: Loaded joint_state_broadcaster
[gazebo-1] [INFO] [1786676943.183133699] [omx_03.controller_manager]: Configuring controller: 'joint_state_broadcaster'
[gazebo-1] [INFO] [1786676943.183219342] [omx_03.joint_state_broadcaster]: 'joints' or 'interfaces' parameter is empty. All available state interfaces will be published
[gazebo-1] [INFO] [1786676943.273579986] [omx_03.controller_manager]: Activating controllers: [ joint_state_broadcaster ]
[gazebo-1] [INFO] [1786676943.376478073] [omx_03.controller_manager]: Successfully switched controllers!
[INFO] [launch]: All log files can be found below /home/gyi/.ros/log/2026-08-14-12-09-03-452962-gyi-15UD50T-GX5JK-48133
[INFO] [launch]: Default logging verbosity is set to INFO
[spawner-21] [INFO] [1786676943.529184275] [omx_03.spawner_joint_state_broadcaster]: Configured and activated joint_state_broadcaster
[spawner-22] [INFO] [1786676943.659276227] [omx_03.spawner_arm_controller]: waiting for service /omx_03/controller_manager/list_controllers to become available...
[INFO] [spawner-21]: process has finished cleanly [pid 47317]
[INFO] [rmf_traffic_schedule-1]: process started with pid [48149]
[INFO] [rmf_traffic_blockade-2]: process started with pid [48150]
[INFO] [building_map_server-3]: process started with pid [48151]
[INFO] [schedule_visualizer_node-4]: process started with pid [48152]
[INFO] [fleetstates_visualizer_node-5]: process started with pid [48153]
[INFO] [rmf_visualization_building_systems-6]: process started with pid [48154]
[INFO] [navgraph_visualizer_node-7]: process started with pid [48155]
[INFO] [floorplan_visualizer_node-8]: process started with pid [48156]
[INFO] [obstacle_visualizer_node-9]: process started with pid [48157]
[INFO] [door_supervisor-10]: process started with pid [48158]
[INFO] [lift_supervisor-11]: process started with pid [48159]
[INFO] [mutex_group_supervisor-12]: process started with pid [48160]
[INFO] [rmf_task_dispatcher-13]: process started with pid [48163]
[INFO] [rviz2-14]: process started with pid [48166]
[obstacle_visualizer_node-9] [INFO] [1786676943.894711762] [rmf_obstacle_visualizer]: Beginning RMF obstacle visualizer node
[rmf_task_dispatcher-13] ~Initializing Dispatcher Node~
[rmf_traffic_blockade-2] [INFO] [1786676943.939670830] [rmf_traffic_blockade_node]: Beginning traffic blockade node
[floorplan_visualizer_node-8] [INFO] [1786676944.145214413] [floorplan_visualizer]: Configuring floorplan_visualizer...
[floorplan_visualizer_node-8] [INFO] [1786676944.148195417] [floorplan_visualizer]: Setting parameter initial_map_name to L1
[fleetstates_visualizer_node-5] [INFO] [1786676944.159332098] [fleet_states_visualizer]: Configuring fleet_states_visualizer...
[navgraph_visualizer_node-7] [INFO] [1786676944.161118412] [navgraph_visualizer]: Setting parameter initial_map_name to L1
[navgraph_visualizer_node-7] [INFO] [1786676944.162712571] [navgraph_visualizer]: Setting parameter lane_width to 0.120000
[navgraph_visualizer_node-7] [INFO] [1786676944.163710945] [navgraph_visualizer]: Setting parameter lane_transparency to 0.600000
[navgraph_visualizer_node-7] [INFO] [1786676944.164664497] [navgraph_visualizer]: Setting parameter waypoint_scale to 1.000000
[navgraph_visualizer_node-7] [INFO] [1786676944.166039807] [navgraph_visualizer]: Setting parameter text_scale to 0.600000
[fleetstates_visualizer_node-5] [INFO] [1786676944.162870910] [fleet_states_visualizer]: Setting parameter initial_map_name to L1
[fleetstates_visualizer_node-5] [INFO] [1786676944.165485469] [fleet_states_visualizer]: Setting parameter fleet_state_nose_scale to 0.500000
[rmf_task_dispatcher-13] [INFO] [1786676944.176077245] [rmf_dispatcher_node]:  Declared Time Window Param as: 2.000000 secs
[rmf_task_dispatcher-13] [INFO] [1786676944.177419124] [rmf_dispatcher_node]:  Declared Terminated Tasks Max Size Param as: 100
[rmf_task_dispatcher-13] [INFO] [1786676944.177485141] [rmf_dispatcher_node]:  Declared publish_active_tasks_period as: 2 secs
[rmf_task_dispatcher-13] [INFO] [1786676944.177512826] [rmf_dispatcher_node]:  Use timestamp with task_id: false
[rmf_task_dispatcher-13] [INFO] [1786676944.177556039] [rmf_dispatcher_node]:  Use unique hex string with task_id: true
[fleetstates_visualizer_node-5] [INFO] [1786676944.192078640] [fleet_states_visualizer]: Running fleet_states_visualizer...
[navgraph_visualizer_node-7] [INFO] [1786676944.193591225] [navgraph_visualizer]: NavGraph visualizer is running...
[schedule_visualizer_node-4] [INFO] [1786676944.222681010] [schedule_visualizer_node]: Setting parameter rate to 10.000000
[schedule_visualizer_node-4] [INFO] [1786676944.227093661] [schedule_visualizer_node]: Setting parameter path_width to 0.200000
[floorplan_visualizer_node-8] [INFO] [1786676944.227889882] [floorplan_visualizer]: Running floorplan_visualizer...
[schedule_visualizer_node-4] [INFO] [1786676944.231279164] [schedule_visualizer_node]: Setting parameter initial_map_name to L1
[schedule_visualizer_node-4] [INFO] [1786676944.232326303] [schedule_visualizer_node]: Setting parameter wait_secs to 10
[schedule_visualizer_node-4] [INFO] [1786676944.233211426] [schedule_visualizer_node]: Setting parameter port to 8006
[schedule_visualizer_node-4] [INFO] [1786676944.234287562] [schedule_visualizer_node]: Setting parameter retained_history_count to 50
[rmf_task_dispatcher-13] [INFO] [1786676944.235161676] [rmf_dispatcher_node]: Starting task dispatcher node
[rmf_traffic_schedule-1] [INFO] [1786676944.253491140] [rmf_traffic_schedule_primary]: Successfully loaded logfile .rmf_schedule_node.yaml 
[rmf_traffic_schedule-1] [INFO] [1786676944.259885117] [rmf_traffic_schedule_primary]: Set up heartbeat on /rmf_traffic/heartbeat with liveliness lease duration of 10000 ms and deadline of 10000 ms
[rviz2-14] [INFO] [1786676944.347969441] [rviz2]: Stereo is NOT SUPPORTED
[rviz2-14] [INFO] [1786676944.348454501] [rviz2]: OpenGl version: 4.6 (GLSL 4.6)
[rmf_traffic_schedule-1] [INFO] [1786676944.388035990] [rmf_traffic_schedule_primary]: Beginning traffic schedule node
[rviz2-14] [INFO] [1786676944.406688170] [rviz2]: Stereo is NOT SUPPORTED
[rmf_visualization_building_systems-6] [INFO] [1786676944.618707520] [building_systems_visualizer]: Building systems visualizer started...
[building_map_server-3] [INFO] [1786676944.746988194] [building_map_server]: loading map path: /home/gyi/robosapiens/rmf_maps/project1/project1.building.yaml
[building_map_server-3] [INFO] [1786676944.757990942] [building_map_server]: opening: /home/gyi/robosapiens/rmf_maps/project1/gwanghee.png
[building_map_server-3] [INFO] [1786676944.758875505] [building_map_server]: read 179943 byte image
[building_map_server-3] [INFO] [1786676944.760327285] [building_map_server]: unable to generate GeoJSON for this map.
[building_map_server-3] [INFO] [1786676944.769908012] [building_map_server]: publishing map...
[building_map_server-3] [INFO] [1786676944.771720436] [building_map_server]: ready to serve map: "project1"  Ctrl+C to exit...
[gazebo-1] [INFO] [1786676944.773351613] [omx_03.controller_manager]: Loading controller : 'arm_controller' of type 'joint_trajectory_controller/JointTrajectoryController'
[gazebo-1] [INFO] [1786676944.773465178] [omx_03.controller_manager]: Loading controller 'arm_controller'
[gazebo-1] [INFO] [1786676944.783670992] [omx_03.controller_manager]: Controller 'arm_controller' node arguments: --ros-args --params-file /home/gyi/robosapiens/robot_model/open_manipulator/install/open_manipulator_bringup/share/open_manipulator_bringup/config/open_manipulator_x/hardware_controller_manager.yaml -p use_sim_time:=true --param use_sim_time:=true 
[rmf_traffic_schedule-1] [INFO] [1786676944.826057153] [rmf_traffic_schedule_primary]: Registered new query [1]
[schedule_visualizer_node-4] [INFO] [1786676944.833640931] [schedule_data_node]: Registering to query topic rmf_traffic/query_update_1
[schedule_visualizer_node-4] [INFO] [1786676944.850091919] [schedule_data_node]: [rmf_traffic_ros2::MirrorManager::request_update] Requesting changes for query ID [1] since beginning of recorded history
[rmf_traffic_schedule-1] [INFO] [1786676944.861015015] [rmf_traffic_schedule_primary]: [ScheduleNode::update_mirrors] Sending remedial update starting from the beginning going to 6 for query 1
[schedule_visualizer_node-4] [INFO] [1786676944.901863010] [schedule_visualizer_node]: Successfully connected to rmf_traffic_schedule node.
[schedule_visualizer_node-4] [INFO] [1786676944.905064669] [schedule_data_node]: Mirror handling new sync of 1 queries from schedule node [fe7602a3-7947-43c3-bc42-082e2434d197]
[spawner-22] [INFO] [1786676944.961575911] [omx_03.spawner_arm_controller]: Loaded arm_controller
[gazebo-1] [INFO] [1786676944.964860204] [omx_03.controller_manager]: Configuring controller: 'arm_controller'
[gazebo-1] [INFO] [1786676944.965147553] [omx_03.arm_controller]: No specific joint names are used for command interfaces. Using 'joints' parameter.
[gazebo-1] [INFO] [1786676944.965201482] [omx_03.arm_controller]: Command interfaces are [position] and state interfaces are [position velocity].
[gazebo-1] [INFO] [1786676944.965243324] [omx_03.arm_controller]: Using 'splines' interpolation method.
[gazebo-1] [INFO] [1786676944.971499058] [omx_03.arm_controller]: Goals with partial set of joints are allowed
[gazebo-1] [INFO] [1786676944.971547546] [omx_03.arm_controller]: Action status changes will be monitored at 20.00 Hz.
[gazebo-1] [INFO] [1786676944.994387941] [omx_03.arm_controller]: Setting initial scaling factor to 1.000000
[gazebo-1] [INFO] [1786676944.994426212] [omx_03.arm_controller]: No scaling interface set. This controller will not read speed scaling from the hardware.
[gazebo-1] [INFO] [1786676945.132242474] [omx_03.controller_manager]: Activating controllers: [ arm_controller ]
[gazebo-1] [INFO] [1786676945.266603713] [omx_03.controller_manager]: Successfully switched controllers!
[spawner-22] [INFO] [1786676945.420452565] [omx_03.spawner_arm_controller]: Configured and activated arm_controller
[spawner-12] [INFO] [1786676945.559414401] [omx_01.spawner_arm_controller]: waiting for service /omx_01/controller_manager/list_controllers to become available...
[INFO] [spawner-22]: process has finished cleanly [pid 47325]
[gazebo-1] [INFO] [1786676945.811335471] [omx_01.controller_manager]: Loading controller : 'arm_controller' of type 'joint_trajectory_controller/JointTrajectoryController'
[gazebo-1] [INFO] [1786676945.811417858] [omx_01.controller_manager]: Loading controller 'arm_controller'
[gazebo-1] [INFO] [1786676945.813038362] [omx_01.controller_manager]: Controller 'arm_controller' node arguments: --ros-args --params-file /home/gyi/robosapiens/robot_model/open_manipulator/install/open_manipulator_bringup/share/open_manipulator_bringup/config/open_manipulator_x/hardware_controller_manager.yaml -p use_sim_time:=true --param use_sim_time:=true 
[spawner-12] [INFO] [1786676945.897447404] [omx_01.spawner_arm_controller]: Loaded arm_controller
[gazebo-1] [INFO] [1786676945.899341131] [omx_01.controller_manager]: Configuring controller: 'arm_controller'
[gazebo-1] [INFO] [1786676945.899654585] [omx_01.arm_controller]: No specific joint names are used for command interfaces. Using 'joints' parameter.
[gazebo-1] [INFO] [1786676945.899691539] [omx_01.arm_controller]: Command interfaces are [position] and state interfaces are [position velocity].
[gazebo-1] [INFO] [1786676945.899706902] [omx_01.arm_controller]: Using 'splines' interpolation method.
[gazebo-1] [INFO] [1786676945.903293522] [omx_01.arm_controller]: Goals with partial set of joints are allowed
[gazebo-1] [INFO] [1786676945.903322957] [omx_01.arm_controller]: Action status changes will be monitored at 20.00 Hz.
[gazebo-1] [INFO] [1786676945.921141645] [omx_01.arm_controller]: Setting initial scaling factor to 1.000000
[gazebo-1] [INFO] [1786676945.921200762] [omx_01.arm_controller]: No scaling interface set. This controller will not read speed scaling from the hardware.
[gazebo-1] [INFO] [1786676946.037786071] [omx_01.controller_manager]: Activating controllers: [ arm_controller ]
[gazebo-1] [INFO] [1786676946.226985826] [omx_01.controller_manager]: Successfully switched controllers!
[spawner-12] [INFO] [1786676946.375042873] [omx_01.spawner_arm_controller]: Configured and activated arm_controller
[spawner-13] [INFO] [1786676946.487553857] [omx_01.spawner_gripper_controller]: waiting for service /omx_01/controller_manager/list_controllers to become available...
[INFO] [spawner-12]: process has finished cleanly [pid 47285]
[rviz2-14] [INFO] [1786676947.920765641] [rviz2]: Trying to create a map of size 2000 x 2402 using 1 swatches
[rviz2-14] [ERROR] [1786676947.951657647] [rviz2]: rviz/glsl120/indexed_8bit_image.vert
[rviz2-14] rviz/glsl120/indexed_8bit_image.frag
[rviz2-14]  GLSL link result : 
[rviz2-14] active samplers with a different type refer to the same texture image unit
[gazebo-1] [INFO] [1786676949.493442988] [omx_01.controller_manager]: Loading controller : 'gripper_controller' of type 'position_controllers/GripperActionController'
[gazebo-1] [INFO] [1786676949.493485093] [omx_01.controller_manager]: Loading controller 'gripper_controller'
[gazebo-1] [INFO] [1786676949.497500334] [omx_01.controller_manager]: Controller 'gripper_controller' node arguments: --ros-args --params-file /home/gyi/robosapiens/robot_model/open_manipulator/install/open_manipulator_bringup/share/open_manipulator_bringup/config/open_manipulator_x/hardware_controller_manager.yaml -p use_sim_time:=true --param use_sim_time:=true 
[gazebo-1] [WARN] [1786676949.524861553] [omx_01.gripper_controller]: [Deprecated]: the `position_controllers/GripperActionController` and `effort_controllers::GripperActionController` controllers are replaced by 'parallel_gripper_controllers/GripperActionController' controller
[spawner-13] [INFO] [1786676949.636689355] [omx_01.spawner_gripper_controller]: Loaded gripper_controller
[gazebo-1] [INFO] [1786676949.639116029] [omx_01.controller_manager]: Configuring controller: 'gripper_controller'
[gazebo-1] [INFO] [1786676949.639219204] [omx_01.gripper_controller]: Action status changes will be monitored at 20.000000 Hz.
[gazebo-1] [INFO] [1786676949.771719952] [omx_01.controller_manager]: Activating controllers: [ gripper_controller ]
[gazebo-1] [INFO] [1786676949.907355896] [omx_01.controller_manager]: Successfully switched controllers!
[spawner-13] [INFO] [1786676950.024405003] [omx_01.spawner_gripper_controller]: Configured and activated gripper_controller
[spawner-17] [INFO] [1786676950.212086556] [omx_02.spawner_arm_controller]: waiting for service /omx_02/controller_manager/list_controllers to become available...
[INFO] [spawner-13]: process has finished cleanly [pid 47286]
[gazebo-1] [INFO] [1786676950.465433690] [omx_02.controller_manager]: Loading controller : 'arm_controller' of type 'joint_trajectory_controller/JointTrajectoryController'
[gazebo-1] [INFO] [1786676950.465482745] [omx_02.controller_manager]: Loading controller 'arm_controller'
[gazebo-1] [INFO] [1786676950.466765860] [omx_02.controller_manager]: Controller 'arm_controller' node arguments: --ros-args --params-file /home/gyi/robosapiens/robot_model/open_manipulator/install/open_manipulator_bringup/share/open_manipulator_bringup/config/open_manipulator_x/hardware_controller_manager.yaml -p use_sim_time:=true --param use_sim_time:=true 
[spawner-17] [INFO] [1786676950.575745564] [omx_02.spawner_arm_controller]: Loaded arm_controller
[gazebo-1] [INFO] [1786676950.577809433] [omx_02.controller_manager]: Configuring controller: 'arm_controller'
[gazebo-1] [INFO] [1786676950.578055991] [omx_02.arm_controller]: No specific joint names are used for command interfaces. Using 'joints' parameter.
[gazebo-1] [INFO] [1786676950.578086330] [omx_02.arm_controller]: Command interfaces are [position] and state interfaces are [position velocity].
[gazebo-1] [INFO] [1786676950.578099706] [omx_02.arm_controller]: Using 'splines' interpolation method.
[gazebo-1] [INFO] [1786676950.582134588] [omx_02.arm_controller]: Goals with partial set of joints are allowed
[gazebo-1] [INFO] [1786676950.582190655] [omx_02.arm_controller]: Action status changes will be monitored at 20.00 Hz.
[gazebo-1] [INFO] [1786676950.590985464] [omx_02.arm_controller]: Setting initial scaling factor to 1.000000
[gazebo-1] [INFO] [1786676950.591022881] [omx_02.arm_controller]: No scaling interface set. This controller will not read speed scaling from the hardware.
[gazebo-1] [INFO] [1786676950.698979261] [omx_02.controller_manager]: Activating controllers: [ arm_controller ]
[gazebo-1] [INFO] [1786676950.820198452] [omx_02.controller_manager]: Successfully switched controllers!
[spawner-17] [INFO] [1786676950.951588602] [omx_02.spawner_arm_controller]: Configured and activated arm_controller
[spawner-23] [INFO] [1786676951.076210258] [omx_03.spawner_gripper_controller]: waiting for service /omx_03/controller_manager/list_controllers to become available...
[INFO] [spawner-17]: process has finished cleanly [pid 47295]
[gazebo-1] [INFO] [1786676951.328810190] [omx_03.controller_manager]: Loading controller : 'gripper_controller' of type 'position_controllers/GripperActionController'
[gazebo-1] [INFO] [1786676951.328844454] [omx_03.controller_manager]: Loading controller 'gripper_controller'
[gazebo-1] [INFO] [1786676951.329920428] [omx_03.controller_manager]: Controller 'gripper_controller' node arguments: --ros-args --params-file /home/gyi/robosapiens/robot_model/open_manipulator/install/open_manipulator_bringup/share/open_manipulator_bringup/config/open_manipulator_x/hardware_controller_manager.yaml -p use_sim_time:=true --param use_sim_time:=true 
[gazebo-1] [WARN] [1786676951.358972901] [omx_03.gripper_controller]: [Deprecated]: the `position_controllers/GripperActionController` and `effort_controllers::GripperActionController` controllers are replaced by 'parallel_gripper_controllers/GripperActionController' controller
[spawner-23] [INFO] [1786676951.469217176] [omx_03.spawner_gripper_controller]: Loaded gripper_controller
[gazebo-1] [INFO] [1786676951.470684364] [omx_03.controller_manager]: Configuring controller: 'gripper_controller'
[gazebo-1] [INFO] [1786676951.470770637] [omx_03.gripper_controller]: Action status changes will be monitored at 20.000000 Hz.
[gazebo-1] [INFO] [1786676951.611800375] [omx_03.controller_manager]: Activating controllers: [ gripper_controller ]
[gazebo-1] [INFO] [1786676951.737972535] [omx_03.controller_manager]: Successfully switched controllers!
[spawner-23] [INFO] [1786676951.864507827] [omx_03.spawner_gripper_controller]: Configured and activated gripper_controller
[spawner-11] [INFO] [1786676951.970884723] [omx_01.spawner_joint_state_broadcaster]: waiting for service /omx_01/controller_manager/list_controllers to become available...
[INFO] [spawner-23]: process has finished cleanly [pid 47341]
[spawner-18] [WARN] [1786676953.360486280] [ros2_control_controller_spawner_gripper_controller]: Failed to acquire lock in 20 seconds. Attempt 1 of 5 failed. Retrying in 3 seconds...
[gazebo-1] [INFO] [1786676955.057060208] [omx_01.controller_manager]: Loading controller : 'joint_state_broadcaster' of type 'joint_state_broadcaster/JointStateBroadcaster'
[gazebo-1] [INFO] [1786676955.057108895] [omx_01.controller_manager]: Loading controller 'joint_state_broadcaster'
[gazebo-1] [INFO] [1786676955.060299014] [omx_01.controller_manager]: Controller 'joint_state_broadcaster' node arguments: --ros-args --params-file /home/gyi/robosapiens/robot_model/open_manipulator/install/open_manipulator_bringup/share/open_manipulator_bringup/config/open_manipulator_x/hardware_controller_manager.yaml -p use_sim_time:=true --param use_sim_time:=true 
[3/3] Nav2 와 RMF 어댑터
[spawner-11] [INFO] [1786676955.169224108] [omx_01.spawner_joint_state_broadcaster]: Loaded joint_state_broadcaster
[gazebo-1] [INFO] [1786676955.175682252] [omx_01.controller_manager]: Configuring controller: 'joint_state_broadcaster'
[gazebo-1] [INFO] [1786676955.175774031] [omx_01.joint_state_broadcaster]: 'joints' or 'interfaces' parameter is empty. All available state interfaces will be published
[gazebo-1] [INFO] [1786676955.305939141] [omx_01.controller_manager]: Activating controllers: [ joint_state_broadcaster ]
[gazebo-1] [INFO] [1786676955.427988211] [omx_01.controller_manager]: Successfully switched controllers!
[INFO] [launch]: All log files can be found below /home/gyi/.ros/log/2026-08-14-12-09-15-503835-gyi-15UD50T-GX5JK-48950
[INFO] [launch]: Default logging verbosity is set to INFO
[spawner-11] [INFO] [1786676955.564355160] [omx_01.spawner_joint_state_broadcaster]: Configured and activated joint_state_broadcaster
[INFO] [spawner-11]: process has finished cleanly [pid 47284]
[INFO] [map_server-1]: process started with pid [48958]
[INFO] [lifecycle_manager-2]: process started with pid [48959]
[INFO] [amcl-3]: process started with pid [48960]
[INFO] [controller_server-4]: process started with pid [48961]
[INFO] [smoother_server-5]: process started with pid [48962]
[INFO] [planner_server-6]: process started with pid [48963]
[INFO] [behavior_server-7]: process started with pid [48964]
[INFO] [bt_navigator-8]: process started with pid [48965]
[INFO] [waypoint_follower-9]: process started with pid [48966]
[INFO] [velocity_smoother-10]: process started with pid [48967]
[INFO] [lifecycle_manager-11]: process started with pid [48968]
[INFO] [amcl-12]: process started with pid [48969]
[INFO] [controller_server-13]: process started with pid [48970]
[INFO] [smoother_server-14]: process started with pid [48971]
[INFO] [planner_server-15]: process started with pid [48972]
[INFO] [behavior_server-16]: process started with pid [48973]
[INFO] [bt_navigator-17]: process started with pid [48974]
[INFO] [waypoint_follower-18]: process started with pid [48975]
[INFO] [velocity_smoother-19]: process started with pid [48982]
[INFO] [lifecycle_manager-20]: process started with pid [48983]
[INFO] [python3-21]: process started with pid [48996]
[INFO] [python3-22]: process started with pid [48997]
[INFO] [python3-23]: process started with pid [49000]
[velocity_smoother-10] [INFO] [1786676955.959571402] [pinky_01.velocity_smoother]: 
[velocity_smoother-10] 	velocity_smoother lifecycle node launched. 
[velocity_smoother-10] 	Waiting on external lifecycle transitions to activate
[velocity_smoother-10] 	See https://design.ros2.org/articles/node_lifecycle.html for more information.
[planner_server-15] [INFO] [1786676955.974583972] [pinky_02.planner_server]: 
[planner_server-15] 	planner_server lifecycle node launched. 
[planner_server-15] 	Waiting on external lifecycle transitions to activate
[planner_server-15] 	See https://design.ros2.org/articles/node_lifecycle.html for more information.
[planner_server-15] [INFO] [1786676955.982231974] [pinky_02.planner_server]: Creating
[spawner-18] [INFO] [1786676956.362249514] [ros2_control_controller_spawner_gripper_controller]: Spawner lock acquired!
[planner_server-15] [INFO] [1786676956.384960358] [pinky_02.global_costmap.global_costmap]: 
[planner_server-15] 	global_costmap lifecycle node launched. 
[planner_server-15] 	Waiting on external lifecycle transitions to activate
[planner_server-15] 	See https://design.ros2.org/articles/node_lifecycle.html for more information.
[planner_server-15] [INFO] [1786676956.388785386] [pinky_02.global_costmap.global_costmap]: Creating Costmap
[smoother_server-5] [INFO] [1786676956.418994898] [pinky_01.smoother_server]: 
[smoother_server-5] 	smoother_server lifecycle node launched. 
[smoother_server-5] 	Waiting on external lifecycle transitions to activate
[smoother_server-5] 	See https://design.ros2.org/articles/node_lifecycle.html for more information.
[smoother_server-5] [INFO] [1786676956.431398192] [pinky_01.smoother_server]: Creating smoother server
[lifecycle_manager-20] [INFO] [1786676956.453284881] [pinky_02.lifecycle_manager_navigation]: Creating
[lifecycle_manager-20] [INFO] [1786676956.463540289] [pinky_02.lifecycle_manager_navigation]: [34m[1mCreating and initializing lifecycle service clients[0m[0m
[amcl-12] [INFO] [1786676956.470963184] [pinky_02.amcl]: 
[amcl-12] 	amcl lifecycle node launched. 
[amcl-12] 	Waiting on external lifecycle transitions to activate
[amcl-12] 	See https://design.ros2.org/articles/node_lifecycle.html for more information.
[amcl-12] [INFO] [1786676956.472343169] [pinky_02.amcl]: Creating
[controller_server-4] [INFO] [1786676956.514278074] [pinky_01.controller_server]: 
[controller_server-4] 	controller_server lifecycle node launched. 
[controller_server-4] 	Waiting on external lifecycle transitions to activate
[controller_server-4] 	See https://design.ros2.org/articles/node_lifecycle.html for more information.
[controller_server-4] [INFO] [1786676956.536849625] [pinky_01.controller_server]: Creating controller server
[controller_server-4] [INFO] [1786676956.563461886] [pinky_01.local_costmap.local_costmap]: 
[controller_server-4] 	local_costmap lifecycle node launched. 
[controller_server-4] 	Waiting on external lifecycle transitions to activate
[controller_server-4] 	See https://design.ros2.org/articles/node_lifecycle.html for more information.
[controller_server-4] [INFO] [1786676956.565316590] [pinky_01.local_costmap.local_costmap]: Creating Costmap
[lifecycle_manager-2] [INFO] [1786676956.678261270] [lifecycle_manager_map]: Creating
[lifecycle_manager-2] [INFO] [1786676956.683608242] [lifecycle_manager_map]: [34m[1mCreating and initializing lifecycle service clients[0m[0m
[behavior_server-7] [INFO] [1786676956.709901923] [pinky_01.behavior_server]: 
[behavior_server-7] 	behavior_server lifecycle node launched. 
[behavior_server-7] 	Waiting on external lifecycle transitions to activate
[behavior_server-7] 	See https://design.ros2.org/articles/node_lifecycle.html for more information.
[lifecycle_manager-11] [INFO] [1786676956.888208033] [pinky_01.lifecycle_manager_navigation]: Creating
[lifecycle_manager-11] [INFO] [1786676956.892942805] [pinky_01.lifecycle_manager_navigation]: [34m[1mCreating and initializing lifecycle service clients[0m[0m
[python3-21] [retreat_to_charger_interval] value is not provided, default to 10 seconds
[python3-21] Finishing request: nothing
[python3-21] Fleet is not configured to perform any finishing request
[python3-21] Maximum delay is not provided, default to 10.0
[smoother_server-14] [INFO] [1786676957.099479451] [pinky_02.smoother_server]: 
[smoother_server-14] 	smoother_server lifecycle node launched. 
[smoother_server-14] 	Waiting on external lifecycle transitions to activate
[smoother_server-14] 	See https://design.ros2.org/articles/node_lifecycle.html for more information.
[smoother_server-14] [INFO] [1786676957.106730162] [pinky_02.smoother_server]: Creating smoother server
[planner_server-6] [INFO] [1786676957.134521983] [pinky_01.planner_server]: 
[planner_server-6] 	planner_server lifecycle node launched. 
[planner_server-6] 	Waiting on external lifecycle transitions to activate
[planner_server-6] 	See https://design.ros2.org/articles/node_lifecycle.html for more information.
[planner_server-6] [INFO] [1786676957.145316265] [pinky_01.planner_server]: Creating
[amcl-3] [INFO] [1786676957.167334527] [pinky_01.amcl]: 
[amcl-3] 	amcl lifecycle node launched. 
[amcl-3] 	Waiting on external lifecycle transitions to activate
[amcl-3] 	See https://design.ros2.org/articles/node_lifecycle.html for more information.
[amcl-3] [INFO] [1786676957.168926070] [pinky_01.amcl]: Creating
RMF↔Nav2 어댑터가 떴습니다.
[bt_navigator-17] [INFO] [1786676957.356158868] [pinky_02.bt_navigator]: 
[bt_navigator-17] 	bt_navigator lifecycle node launched. 
[bt_navigator-17] 	Waiting on external lifecycle transitions to activate
[bt_navigator-17] 	See https://design.ros2.org/articles/node_lifecycle.html for more information.
[behavior_server-16] [INFO] [1786676957.373616912] [pinky_02.behavior_server]: 
[behavior_server-16] 	behavior_server lifecycle node launched. 
[behavior_server-16] 	Waiting on external lifecycle transitions to activate
[behavior_server-16] 	See https://design.ros2.org/articles/node_lifecycle.html for more information.
[bt_navigator-17] [INFO] [1786676957.384647821] [pinky_02.bt_navigator]: Creating
[map_server-1] [INFO] [1786676957.555869006] [map_server]: 
[map_server-1] 	map_server lifecycle node launched. 
[map_server-1] 	Waiting on external lifecycle transitions to activate
[map_server-1] 	See https://design.ros2.org/articles/node_lifecycle.html for more information.
[map_server-1] [INFO] [1786676957.555997032] [map_server]: Creating
[spawner-18] [INFO] [1786676957.568481265] [omx_02.spawner_gripper_controller]: waiting for service /omx_02/controller_manager/list_controllers to become available...
[bt_navigator-8] [INFO] [1786676957.599125707] [pinky_01.bt_navigator]: 
[bt_navigator-8] 	bt_navigator lifecycle node launched. 
[bt_navigator-8] 	Waiting on external lifecycle transitions to activate
[bt_navigator-8] 	See https://design.ros2.org/articles/node_lifecycle.html for more information.
[planner_server-6] [INFO] [1786676957.599866461] [pinky_01.global_costmap.global_costmap]: 
[planner_server-6] 	global_costmap lifecycle node launched. 
[planner_server-6] 	Waiting on external lifecycle transitions to activate
[planner_server-6] 	See https://design.ros2.org/articles/node_lifecycle.html for more information.
[planner_server-6] [INFO] [1786676957.601358606] [pinky_01.global_costmap.global_costmap]: Creating Costmap
[controller_server-13] [INFO] [1786676957.604679037] [pinky_02.controller_server]: 
[controller_server-13] 	controller_server lifecycle node launched. 
[controller_server-13] 	Waiting on external lifecycle transitions to activate
[controller_server-13] 	See https://design.ros2.org/articles/node_lifecycle.html for more information.
[bt_navigator-8] [INFO] [1786676957.614608454] [pinky_01.bt_navigator]: Creating
[waypoint_follower-9] [INFO] [1786676957.658097523] [pinky_01.waypoint_follower]: 
[waypoint_follower-9] 	waypoint_follower lifecycle node launched. 
[waypoint_follower-9] 	Waiting on external lifecycle transitions to activate
[waypoint_follower-9] 	See https://design.ros2.org/articles/node_lifecycle.html for more information.
[controller_server-13] [INFO] [1786676957.659454746] [pinky_02.controller_server]: Creating controller server
[waypoint_follower-9] [INFO] [1786676957.661681671] [pinky_01.waypoint_follower]: Creating
[controller_server-13] [INFO] [1786676957.757417573] [pinky_02.local_costmap.local_costmap]: 
[controller_server-13] 	local_costmap lifecycle node launched. 
[controller_server-13] 	Waiting on external lifecycle transitions to activate
[controller_server-13] 	See https://design.ros2.org/articles/node_lifecycle.html for more information.
[controller_server-13] [INFO] [1786676957.758811474] [pinky_02.local_costmap.local_costmap]: Creating Costmap
[waypoint_follower-18] [INFO] [1786676957.904341620] [pinky_02.waypoint_follower]: 
[waypoint_follower-18] 	waypoint_follower lifecycle node launched. 
[waypoint_follower-18] 	Waiting on external lifecycle transitions to activate
[waypoint_follower-18] 	See https://design.ros2.org/articles/node_lifecycle.html for more information.
[waypoint_follower-18] [INFO] [1786676957.906013860] [pinky_02.waypoint_follower]: Creating
[gazebo-1] [WARN] [1786676958.211351143] [omx_02.controller_manager.rclcpp]: failed to send response to /omx_02/controller_manager/list_controllers (timeout): client will not receive response, at ./src/rmw_response.cpp:153, at ./src/rcl/service.c:400
[lifecycle_manager-2] [INFO] [1786676958.294720092] [lifecycle_manager_map]: [34m[1mStarting managed nodes bringup...[0m[0m
[lifecycle_manager-2] [INFO] [1786676958.294787170] [lifecycle_manager_map]: [34m[1mConfiguring map_server[0m[0m
[python3-23] [INFO] [1786676958.320023628] [project1_sensor_relay]: [pinky_01] /pinky_01 를 봅니다.
[python3-23] [INFO] [1786676958.323734264] [project1_sensor_relay]: [pinky_02] /pinky_02 를 봅니다.
[python3-22] [INFO] [1786676958.341424250] [project1_workcell]: 워크셀 3대, 맡은 자리 3곳을 RMF 에 이었습니다.
[velocity_smoother-19] [INFO] [1786676958.348808302] [pinky_02.velocity_smoother]: 
[velocity_smoother-19] 	velocity_smoother lifecycle node launched. 
[velocity_smoother-19] 	Waiting on external lifecycle transitions to activate
[velocity_smoother-19] 	See https://design.ros2.org/articles/node_lifecycle.html for more information.
[python3-21] [INFO] [1786676958.358190373] [project1_pinky_fleet_adapter]: Parameter [discovery_timeout] set to: 60.000000
[rmf_traffic_schedule-1] [INFO] [1786676958.493199826] [rmf_traffic_schedule_primary]: A new mirror is tracking query ID [1]
[schedule_visualizer_node-4] [INFO] [1786676958.494326107] [schedule_data_node]: Mirror handling new sync of 1 queries from schedule node [fe7602a3-7947-43c3-bc42-082e2434d197]
[rmf_traffic_schedule-1] [WARN] [1786676958.595576384] [rmf_traffic_schedule_primary.rclcpp]: failed to send response to /rmf_traffic/register_query (timeout): client will not receive response, at ./src/rmw_response.cpp:153, at ./src/rcl/service.c:400
[map_server-1] [INFO] [1786676958.662001998] [map_server]: Configuring
[map_server-1] [INFO] [1786676958.662165400] [map_io]: Loading yaml file: /home/gyi/robosapiens/rmf_maps/project1/nav2_map/project1.yaml
[map_server-1] [INFO] [1786676958.662576765] [map_io]: resolution: 0.005994
[map_server-1] [INFO] [1786676958.662586641] [map_io]: origin[0]: -1.23864
[map_server-1] [INFO] [1786676958.662590672] [map_io]: origin[1]: -3.24145
[map_server-1] [INFO] [1786676958.662593925] [map_io]: origin[2]: 0
[map_server-1] [INFO] [1786676958.662597369] [map_io]: free_thresh: 0.196
[map_server-1] [INFO] [1786676958.662601217] [map_io]: occupied_thresh: 0.65
[map_server-1] [INFO] [1786676958.662605466] [map_io]: mode: trinary
[map_server-1] [INFO] [1786676958.662609590] [map_io]: negate: 0
[map_server-1] [INFO] [1786676958.662783957] [map_io]: Loading image_file: /home/gyi/robosapiens/rmf_maps/project1/nav2_map/project1.pgm
[map_server-1] [INFO] [1786676958.673014882] [map_io]: Read map /home/gyi/robosapiens/rmf_maps/project1/nav2_map/project1.pgm: 800 X 615 map @ 0.005994 m/cell
[lifecycle_manager-2] [INFO] [1786676958.719336820] [lifecycle_manager_map]: [34m[1mActivating map_server[0m[0m
[map_server-1] [INFO] [1786676958.720904545] [map_server]: Activating
[map_server-1] [INFO] [1786676958.721582337] [map_server]: Creating bond (map_server) to lifecycle manager.
[lifecycle_manager-11] [INFO] [1786676958.949066783] [pinky_01.lifecycle_manager_navigation]: [34m[1mStarting managed nodes bringup...[0m[0m
[lifecycle_manager-11] [INFO] [1786676958.949256177] [pinky_01.lifecycle_manager_navigation]: [34m[1mConfiguring amcl[0m[0m
[amcl-3] [INFO] [1786676958.949897812] [pinky_01.amcl]: Configuring
[amcl-3] [INFO] [1786676958.950002558] [pinky_01.amcl]: initTransforms
[amcl-3] [INFO] [1786676958.970815711] [pinky_01.amcl]: initPubSub
[amcl-3] [INFO] [1786676958.986206032] [pinky_01.amcl]: Subscribed to map topic.
[amcl-3] [INFO] [1786676958.998130386] [pinky_01.amcl]: Received a 800 X 615 map @ 0.006 m/pix
[lifecycle_manager-11] [INFO] [1786676959.002211379] [pinky_01.lifecycle_manager_navigation]: [34m[1mConfiguring controller_server[0m[0m
[controller_server-4] [INFO] [1786676959.002859400] [pinky_01.controller_server]: Configuring controller interface
[controller_server-4] [INFO] [1786676959.002888878] [pinky_01.controller_server]: getting progress checker plugins..
[controller_server-4] [INFO] [1786676959.003373566] [pinky_01.controller_server]: getting goal checker plugins..
[controller_server-4] [INFO] [1786676959.004342035] [pinky_01.controller_server]: Controller frequency set to 20.0000Hz
[controller_server-4] [INFO] [1786676959.004448432] [pinky_01.local_costmap.local_costmap]: Configuring
[controller_server-4] [INFO] [1786676959.024078914] [pinky_01.local_costmap.local_costmap]: Using plugin "voxel_layer"
[controller_server-4] [INFO] [1786676959.032346569] [pinky_01.local_costmap.local_costmap]: Subscribed to Topics: scan
[controller_server-4] [INFO] [1786676959.052549223] [pinky_01.local_costmap.local_costmap]: Initialized plugin "voxel_layer"
[controller_server-4] [INFO] [1786676959.052589326] [pinky_01.local_costmap.local_costmap]: Using plugin "inflation_layer"
[lifecycle_manager-2] [INFO] [1786676959.054979568] [lifecycle_manager_map]: Server map_server connected with bond.
[lifecycle_manager-2] [INFO] [1786676959.055029049] [lifecycle_manager_map]: [34m[1mManaged nodes are active[0m[0m
[lifecycle_manager-2] [INFO] [1786676959.055036980] [lifecycle_manager_map]: [34m[1mCreating bond timer...[0m[0m
[controller_server-4] [INFO] [1786676959.055169547] [pinky_01.local_costmap.local_costmap]: Initialized plugin "inflation_layer"
[controller_server-4] [INFO] [1786676959.104584014] [pinky_01.controller_server]: Created progress_checker : progress_checker of type nav2_controller::SimpleProgressChecker
[controller_server-4] [INFO] [1786676959.105843230] [pinky_01.controller_server]: Controller Server has progress_checker  progress checkers available.
[controller_server-4] [INFO] [1786676959.107276263] [pinky_01.controller_server]: Created goal checker : general_goal_checker of type nav2_controller::SimpleGoalChecker
[controller_server-4] [INFO] [1786676959.108402029] [pinky_01.controller_server]: Controller Server has general_goal_checker  goal checkers available.
[controller_server-4] [INFO] [1786676959.110134869] [pinky_01.controller_server]: Created controller : FollowPath of type nav2_regulated_pure_pursuit_controller::RegulatedPurePursuitController
[controller_server-4] [INFO] [1786676959.129400785] [pinky_01.controller_server]: Controller Server has FollowPath  controllers available.
[lifecycle_manager-11] [INFO] [1786676959.154896653] [pinky_01.lifecycle_manager_navigation]: [34m[1mConfiguring smoother_server[0m[0m
[smoother_server-5] [INFO] [1786676959.155209324] [pinky_01.smoother_server]: Configuring smoother server
[smoother_server-5] [INFO] [1786676959.183631066] [pinky_01.smoother_server]: Created smoother : simple_smoother of type nav2_smoother::SimpleSmoother
[smoother_server-5] [INFO] [1786676959.184466787] [pinky_01.smoother_server]: Smoother Server has simple_smoother  smoothers available.
[lifecycle_manager-11] [INFO] [1786676959.214105453] [pinky_01.lifecycle_manager_navigation]: [34m[1mConfiguring planner_server[0m[0m
[planner_server-6] [INFO] [1786676959.217286133] [pinky_01.planner_server]: Configuring
[planner_server-6] [INFO] [1786676959.217365257] [pinky_01.global_costmap.global_costmap]: Configuring
[planner_server-6] [INFO] [1786676959.250357085] [pinky_01.global_costmap.global_costmap]: Using plugin "static_layer"
[planner_server-6] [INFO] [1786676959.263266239] [pinky_01.global_costmap.global_costmap]: Subscribing to the map topic (/nav2_map) with transient local durability
[planner_server-6] [INFO] [1786676959.269677373] [pinky_01.global_costmap.global_costmap]: Initialized plugin "static_layer"
[planner_server-6] [INFO] [1786676959.269727766] [pinky_01.global_costmap.global_costmap]: Using plugin "obstacle_layer"
[planner_server-6] [INFO] [1786676959.276342454] [pinky_01.global_costmap.global_costmap]: Subscribed to Topics: scan
[planner_server-6] [INFO] [1786676959.303656847] [pinky_01.global_costmap.global_costmap]: Initialized plugin "obstacle_layer"
[planner_server-6] [INFO] [1786676959.303711299] [pinky_01.global_costmap.global_costmap]: Using plugin "inflation_layer"
[planner_server-6] [INFO] [1786676959.307430411] [pinky_01.global_costmap.global_costmap]: Initialized plugin "inflation_layer"
[lifecycle_manager-20] [INFO] [1786676959.341310589] [pinky_02.lifecycle_manager_navigation]: [34m[1mStarting managed nodes bringup...[0m[0m
[lifecycle_manager-20] [INFO] [1786676959.341378235] [pinky_02.lifecycle_manager_navigation]: [34m[1mConfiguring amcl[0m[0m
[amcl-12] [INFO] [1786676959.342882739] [pinky_02.amcl]: Configuring
[amcl-12] [INFO] [1786676959.344184072] [pinky_02.amcl]: initTransforms
[planner_server-6] [INFO] [1786676959.425056840] [pinky_01.global_costmap.global_costmap]: StaticLayer: Resizing costmap to 800 X 615 at 0.005994 m/pix
[planner_server-6] [INFO] [1786676959.429076481] [pinky_01.planner_server]: Created global planner plugin GridBased of type nav2_navfn_planner::NavfnPlanner
[planner_server-6] [INFO] [1786676959.430152061] [pinky_01.planner_server]: Configuring plugin GridBased of type NavfnPlanner
[planner_server-6] [INFO] [1786676959.434418351] [pinky_01.planner_server]: Planner Server has GridBased  planners available.
[amcl-12] [INFO] [1786676959.448380292] [pinky_02.amcl]: initPubSub
[lifecycle_manager-11] [INFO] [1786676959.505769845] [pinky_01.lifecycle_manager_navigation]: [34m[1mConfiguring behavior_server[0m[0m
[behavior_server-7] [INFO] [1786676959.506610374] [pinky_01.behavior_server]: Configuring
[amcl-12] [INFO] [1786676959.507117823] [pinky_02.amcl]: Subscribed to map topic.
[behavior_server-7] [INFO] [1786676959.525370341] [pinky_01.behavior_server]: Creating behavior plugin spin of type nav2_behaviors::Spin
[behavior_server-7] [INFO] [1786676959.527819079] [pinky_01.behavior_server]: Creating behavior plugin backup of type nav2_behaviors::BackUp
[amcl-12] [INFO] [1786676959.529575713] [pinky_02.amcl]: Received a 800 X 615 map @ 0.006 m/pix
[behavior_server-7] [INFO] [1786676959.531447787] [pinky_01.behavior_server]: Creating behavior plugin drive_on_heading of type nav2_behaviors::DriveOnHeading
[behavior_server-7] [INFO] [1786676959.536622605] [pinky_01.behavior_server]: Creating behavior plugin assisted_teleop of type nav2_behaviors::AssistedTeleop
[behavior_server-7] [INFO] [1786676959.541795008] [pinky_01.behavior_server]: Creating behavior plugin wait of type nav2_behaviors::Wait
[lifecycle_manager-20] [INFO] [1786676959.546762364] [pinky_02.lifecycle_manager_navigation]: [34m[1mConfiguring controller_server[0m[0m
[controller_server-13] [INFO] [1786676959.547829345] [pinky_02.controller_server]: Configuring controller interface
[controller_server-13] [INFO] [1786676959.548210141] [pinky_02.controller_server]: getting progress checker plugins..
[controller_server-13] [INFO] [1786676959.551937676] [pinky_02.controller_server]: getting goal checker plugins..
[controller_server-13] [INFO] [1786676959.555330946] [pinky_02.controller_server]: Controller frequency set to 20.0000Hz
[controller_server-13] [INFO] [1786676959.555442033] [pinky_02.local_costmap.local_costmap]: Configuring
[behavior_server-7] [INFO] [1786676959.564169182] [pinky_01.behavior_server]: Configuring spin
[behavior_server-7] [INFO] [1786676959.627455100] [pinky_01.behavior_server]: Configuring backup
[controller_server-13] [INFO] [1786676959.644104898] [pinky_02.local_costmap.local_costmap]: Using plugin "voxel_layer"
[controller_server-13] [INFO] [1786676959.656359812] [pinky_02.local_costmap.local_costmap]: Subscribed to Topics: scan
[behavior_server-7] [INFO] [1786676959.668005869] [pinky_01.behavior_server]: Configuring drive_on_heading
[behavior_server-7] [INFO] [1786676959.692978265] [pinky_01.behavior_server]: Configuring assisted_teleop
[controller_server-13] [INFO] [1786676959.703340830] [pinky_02.local_costmap.local_costmap]: Initialized plugin "voxel_layer"
[controller_server-13] [INFO] [1786676959.703502843] [pinky_02.local_costmap.local_costmap]: Using plugin "inflation_layer"
[controller_server-13] [INFO] [1786676959.706726060] [pinky_02.local_costmap.local_costmap]: Initialized plugin "inflation_layer"
[behavior_server-7] [INFO] [1786676959.716670972] [pinky_01.behavior_server]: Configuring wait
[lifecycle_manager-11] [INFO] [1786676959.743471069] [pinky_01.lifecycle_manager_navigation]: [34m[1mConfiguring bt_navigator[0m[0m
[bt_navigator-8] [INFO] [1786676959.744908220] [pinky_01.bt_navigator]: Configuring
[bt_navigator-8] [INFO] [1786676959.773770234] [pinky_01.bt_navigator]: Creating navigator id navigate_to_pose of type nav2_bt_navigator::NavigateToPoseNavigator
[controller_server-13] [INFO] [1786676959.776761941] [pinky_02.controller_server]: Created progress_checker : progress_checker of type nav2_controller::SimpleProgressChecker
[controller_server-13] [INFO] [1786676959.778822173] [pinky_02.controller_server]: Controller Server has progress_checker  progress checkers available.
[controller_server-13] [INFO] [1786676959.783700670] [pinky_02.controller_server]: Created goal checker : general_goal_checker of type nav2_controller::SimpleGoalChecker
[controller_server-13] [INFO] [1786676959.785612515] [pinky_02.controller_server]: Controller Server has general_goal_checker  goal checkers available.
[controller_server-13] [INFO] [1786676959.789457330] [pinky_02.controller_server]: Created controller : FollowPath of type nav2_regulated_pure_pursuit_controller::RegulatedPurePursuitController
[controller_server-13] [INFO] [1786676959.809224396] [pinky_02.controller_server]: Controller Server has FollowPath  controllers available.
[lifecycle_manager-20] [INFO] [1786676959.855694694] [pinky_02.lifecycle_manager_navigation]: [34m[1mConfiguring smoother_server[0m[0m
[smoother_server-14] [INFO] [1786676959.856702857] [pinky_02.smoother_server]: Configuring smoother server
[smoother_server-14] [INFO] [1786676959.921661164] [pinky_02.smoother_server]: Created smoother : simple_smoother of type nav2_smoother::SimpleSmoother
[smoother_server-14] [INFO] [1786676959.948302596] [pinky_02.smoother_server]: Smoother Server has simple_smoother  smoothers available.
[lifecycle_manager-20] [INFO] [1786676960.009850249] [pinky_02.lifecycle_manager_navigation]: [34m[1mConfiguring planner_server[0m[0m
[planner_server-15] [INFO] [1786676960.010791554] [pinky_02.planner_server]: Configuring
[planner_server-15] [INFO] [1786676960.010845870] [pinky_02.global_costmap.global_costmap]: Configuring
[bt_navigator-8] [INFO] [1786676960.070797372] [pinky_01.bt_navigator]: Creating navigator id navigate_through_poses of type nav2_bt_navigator::NavigateThroughPosesNavigator
[planner_server-15] [INFO] [1786676960.133836153] [pinky_02.global_costmap.global_costmap]: Using plugin "static_layer"
[planner_server-15] [INFO] [1786676960.140113744] [pinky_02.global_costmap.global_costmap]: Subscribing to the map topic (/nav2_map) with transient local durability
[planner_server-15] [INFO] [1786676960.144303615] [pinky_02.global_costmap.global_costmap]: Initialized plugin "static_layer"
[planner_server-15] [INFO] [1786676960.144413334] [pinky_02.global_costmap.global_costmap]: Using plugin "obstacle_layer"
[planner_server-15] [INFO] [1786676960.150494952] [pinky_02.global_costmap.global_costmap]: Subscribed to Topics: scan
[planner_server-15] [INFO] [1786676960.164225479] [pinky_02.global_costmap.global_costmap]: Initialized plugin "obstacle_layer"
[planner_server-15] [INFO] [1786676960.164275089] [pinky_02.global_costmap.global_costmap]: Using plugin "inflation_layer"
[planner_server-15] [INFO] [1786676960.169278157] [pinky_02.global_costmap.global_costmap]: Initialized plugin "inflation_layer"
[lifecycle_manager-11] [INFO] [1786676960.312878932] [pinky_01.lifecycle_manager_navigation]: [34m[1mConfiguring waypoint_follower[0m[0m
[waypoint_follower-9] [INFO] [1786676960.313702452] [pinky_01.waypoint_follower]: Configuring
[planner_server-15] [INFO] [1786676960.373763979] [pinky_02.global_costmap.global_costmap]: StaticLayer: Resizing costmap to 800 X 615 at 0.005994 m/pix
[planner_server-15] [INFO] [1786676960.374409106] [pinky_02.planner_server]: Created global planner plugin GridBased of type nav2_navfn_planner::NavfnPlanner
[planner_server-15] [INFO] [1786676960.374452462] [pinky_02.planner_server]: Configuring plugin GridBased of type NavfnPlanner
[planner_server-15] [INFO] [1786676960.383531125] [pinky_02.planner_server]: Planner Server has GridBased  planners available.
[lifecycle_manager-20] [INFO] [1786676960.420281570] [pinky_02.lifecycle_manager_navigation]: [34m[1mConfiguring behavior_server[0m[0m
[behavior_server-16] [INFO] [1786676960.423099804] [pinky_02.behavior_server]: Configuring
[waypoint_follower-9] [INFO] [1786676960.463458312] [pinky_01.waypoint_follower]: Created waypoint_task_executor : wait_at_waypoint of type nav2_waypoint_follower::WaitAtWaypoint
[behavior_server-16] [INFO] [1786676960.466790237] [pinky_02.behavior_server]: Creating behavior plugin spin of type nav2_behaviors::Spin
[lifecycle_manager-11] [INFO] [1786676960.468931362] [pinky_01.lifecycle_manager_navigation]: [34m[1mConfiguring velocity_smoother[0m[0m
[velocity_smoother-10] [INFO] [1786676960.469714936] [pinky_01.velocity_smoother]: Configuring velocity smoother
[behavior_server-16] [INFO] [1786676960.477521569] [pinky_02.behavior_server]: Creating behavior plugin backup of type nav2_behaviors::BackUp
[behavior_server-16] [INFO] [1786676960.479972579] [pinky_02.behavior_server]: Creating behavior plugin drive_on_heading of type nav2_behaviors::DriveOnHeading
[behavior_server-16] [INFO] [1786676960.484530168] [pinky_02.behavior_server]: Creating behavior plugin assisted_teleop of type nav2_behaviors::AssistedTeleop
[behavior_server-16] [INFO] [1786676960.492049720] [pinky_02.behavior_server]: Creating behavior plugin wait of type nav2_behaviors::Wait
[lifecycle_manager-11] [INFO] [1786676960.507761460] [pinky_01.lifecycle_manager_navigation]: [34m[1mActivating amcl[0m[0m
[amcl-3] [INFO] [1786676960.510332312] [pinky_01.amcl]: Activating
[amcl-3] [INFO] [1786676960.510385996] [pinky_01.amcl]: initialPoseReceived
[amcl-3] [INFO] [1786676960.510497646] [pinky_01.amcl]: Setting pose (1.200000): 1.612 -0.717 0.000
[amcl-3] [INFO] [1786676960.511973861] [pinky_01.amcl]: Creating bond (amcl) to lifecycle manager.
[behavior_server-16] [INFO] [1786676960.519149750] [pinky_02.behavior_server]: Configuring spin
[behavior_server-16] [INFO] [1786676960.559436205] [pinky_02.behavior_server]: Configuring backup
[behavior_server-16] [INFO] [1786676960.581903308] [pinky_02.behavior_server]: Configuring drive_on_heading
[behavior_server-16] [INFO] [1786676960.604496669] [pinky_02.behavior_server]: Configuring assisted_teleop
[lifecycle_manager-11] [INFO] [1786676960.631962545] [pinky_01.lifecycle_manager_navigation]: Server amcl connected with bond.
[lifecycle_manager-11] [INFO] [1786676960.632039882] [pinky_01.lifecycle_manager_navigation]: [34m[1mActivating controller_server[0m[0m
[controller_server-4] [INFO] [1786676960.633308989] [pinky_01.controller_server]: Activating
[controller_server-4] [INFO] [1786676960.633377138] [pinky_01.local_costmap.local_costmap]: Activating
[controller_server-4] [INFO] [1786676960.633395229] [pinky_01.local_costmap.local_costmap]: Checking transform
[controller_server-4] [INFO] [1786676960.633610411] [pinky_01.local_costmap.local_costmap]: start
[behavior_server-16] [INFO] [1786676960.635411369] [pinky_02.behavior_server]: Configuring wait
[lifecycle_manager-20] [INFO] [1786676960.657762306] [pinky_02.lifecycle_manager_navigation]: [34m[1mConfiguring bt_navigator[0m[0m
[bt_navigator-17] [INFO] [1786676960.658296446] [pinky_02.bt_navigator]: Configuring
[bt_navigator-17] [INFO] [1786676960.678341835] [pinky_02.bt_navigator]: Creating navigator id navigate_to_pose of type nav2_bt_navigator::NavigateToPoseNavigator
[controller_server-4] [INFO] [1786676960.685651479] [pinky_01.controller_server]: Activating controller: FollowPath of type regulated_pure_pursuit_controller::RegulatedPurePursuitController
[controller_server-4] [INFO] [1786676960.685803188] [pinky_01.controller_server]: Creating bond (controller_server) to lifecycle manager.
[lifecycle_manager-11] [INFO] [1786676960.796087573] [pinky_01.lifecycle_manager_navigation]: Server controller_server connected with bond.
[lifecycle_manager-11] [INFO] [1786676960.796131467] [pinky_01.lifecycle_manager_navigation]: [34m[1mActivating smoother_server[0m[0m
[smoother_server-5] [INFO] [1786676960.796917167] [pinky_01.smoother_server]: Activating
[smoother_server-5] [INFO] [1786676960.796970427] [pinky_01.smoother_server]: Creating bond (smoother_server) to lifecycle manager.
[amcl-3] [INFO] [1786676960.806736866] [pinky_01.amcl]: createLaserObject
[bt_navigator-17] [INFO] [1786676960.859151794] [pinky_02.bt_navigator]: Creating navigator id navigate_through_poses of type nav2_bt_navigator::NavigateThroughPosesNavigator
[lifecycle_manager-11] [INFO] [1786676960.906352492] [pinky_01.lifecycle_manager_navigation]: Server smoother_server connected with bond.
[lifecycle_manager-11] [INFO] [1786676960.906395535] [pinky_01.lifecycle_manager_navigation]: [34m[1mActivating planner_server[0m[0m
[planner_server-6] [INFO] [1786676960.906913869] [pinky_01.planner_server]: Activating
[planner_server-6] [INFO] [1786676960.906945283] [pinky_01.global_costmap.global_costmap]: Activating
[planner_server-6] [INFO] [1786676960.906956069] [pinky_01.global_costmap.global_costmap]: Checking transform
[planner_server-6] [INFO] [1786676960.906986794] [pinky_01.global_costmap.global_costmap]: Timed out waiting for transform from pinky_01/base_footprint to map to become available, tf error: Invalid frame ID "map" passed to canTransform argument target_frame - frame does not exist
[lifecycle_manager-20] [INFO] [1786676960.961614716] [pinky_02.lifecycle_manager_navigation]: [34m[1mConfiguring waypoint_follower[0m[0m
[waypoint_follower-18] [INFO] [1786676960.962175344] [pinky_02.waypoint_follower]: Configuring
[waypoint_follower-18] [INFO] [1786676961.044545073] [pinky_02.waypoint_follower]: Created waypoint_task_executor : wait_at_waypoint of type nav2_waypoint_follower::WaitAtWaypoint
[lifecycle_manager-20] [INFO] [1786676961.047000733] [pinky_02.lifecycle_manager_navigation]: [34m[1mConfiguring velocity_smoother[0m[0m
[velocity_smoother-19] [INFO] [1786676961.048044683] [pinky_02.velocity_smoother]: Configuring velocity smoother
[lifecycle_manager-20] [INFO] [1786676961.067000612] [pinky_02.lifecycle_manager_navigation]: [34m[1mActivating amcl[0m[0m
[amcl-12] [INFO] [1786676961.067412149] [pinky_02.amcl]: Activating
[amcl-12] [INFO] [1786676961.067462678] [pinky_02.amcl]: initialPoseReceived
[amcl-12] [INFO] [1786676961.067586798] [pinky_02.amcl]: Setting pose (1.220000): 1.613 -1.088 0.000
[amcl-12] [INFO] [1786676961.068587115] [pinky_02.amcl]: Creating bond (amcl) to lifecycle manager.
[lifecycle_manager-20] [INFO] [1786676961.179380703] [pinky_02.lifecycle_manager_navigation]: Server amcl connected with bond.
[lifecycle_manager-20] [INFO] [1786676961.179441882] [pinky_02.lifecycle_manager_navigation]: [34m[1mActivating controller_server[0m[0m
[controller_server-13] [INFO] [1786676961.180131472] [pinky_02.controller_server]: Activating
[controller_server-13] [INFO] [1786676961.180175781] [pinky_02.local_costmap.local_costmap]: Activating
[controller_server-13] [INFO] [1786676961.180188901] [pinky_02.local_costmap.local_costmap]: Checking transform
[controller_server-13] [INFO] [1786676961.180313781] [pinky_02.local_costmap.local_costmap]: start
[controller_server-13] [INFO] [1786676961.383919000] [pinky_02.controller_server]: Activating controller: FollowPath of type regulated_pure_pursuit_controller::RegulatedPurePursuitController
[controller_server-13] [INFO] [1786676961.383966798] [pinky_02.controller_server]: Creating bond (controller_server) to lifecycle manager.
[planner_server-6] [INFO] [1786676961.407086090] [pinky_01.global_costmap.global_costmap]: Timed out waiting for transform from pinky_01/base_footprint to map to become available, tf error: Lookup would require extrapolation at time 1.230000, but only time 2.200000 is in the buffer, when looking up transform from frame [pinky_01/base_footprint] to frame [map]
[lifecycle_manager-20] [INFO] [1786676961.494863700] [pinky_02.lifecycle_manager_navigation]: Server controller_server connected with bond.
[lifecycle_manager-20] [INFO] [1786676961.494904496] [pinky_02.lifecycle_manager_navigation]: [34m[1mActivating smoother_server[0m[0m
[smoother_server-14] [INFO] [1786676961.495451196] [pinky_02.smoother_server]: Activating
[smoother_server-14] [INFO] [1786676961.495490200] [pinky_02.smoother_server]: Creating bond (smoother_server) to lifecycle manager.
[lifecycle_manager-20] [INFO] [1786676961.610156154] [pinky_02.lifecycle_manager_navigation]: Server smoother_server connected with bond.
[lifecycle_manager-20] [INFO] [1786676961.610209673] [pinky_02.lifecycle_manager_navigation]: [34m[1mActivating planner_server[0m[0m
[planner_server-15] [INFO] [1786676961.610800569] [pinky_02.planner_server]: Activating
[planner_server-15] [INFO] [1786676961.610845289] [pinky_02.global_costmap.global_costmap]: Activating
[planner_server-15] [INFO] [1786676961.610857176] [pinky_02.global_costmap.global_costmap]: Checking transform
[planner_server-15] [INFO] [1786676961.610906667] [pinky_02.global_costmap.global_costmap]: Timed out waiting for transform from pinky_02/base_footprint to map to become available, tf error: Could not find a connection between 'map' and 'pinky_02/base_footprint' because they are not part of the same tree.Tf has two or more unconnected trees.
[planner_server-6] [INFO] [1786676961.907066452] [pinky_01.global_costmap.global_costmap]: Timed out waiting for transform from pinky_01/base_footprint to map to become available, tf error: Lookup would require extrapolation at time 1.270000, but only time 2.200000 is in the buffer, when looking up transform from frame [pinky_01/base_footprint] to frame [map]
[planner_server-15] [INFO] [1786676962.110967808] [pinky_02.global_costmap.global_costmap]: Timed out waiting for transform from pinky_02/base_footprint to map to become available, tf error: Could not find a connection between 'map' and 'pinky_02/base_footprint' because they are not part of the same tree.Tf has two or more unconnected trees.
[planner_server-6] [INFO] [1786676962.407035316] [pinky_01.global_costmap.global_costmap]: Timed out waiting for transform from pinky_01/base_footprint to map to become available, tf error: Lookup would require extrapolation at time 1.290000, but only time 2.200000 is in the buffer, when looking up transform from frame [pinky_01/base_footprint] to frame [map]
[amcl-12] [INFO] [1786676962.429379670] [pinky_02.amcl]: createLaserObject
[planner_server-15] [INFO] [1786676962.610995546] [pinky_02.global_costmap.global_costmap]: Timed out waiting for transform from pinky_02/base_footprint to map to become available, tf error: Lookup would require extrapolation at time 1.310000, but only time 2.300000 is in the buffer, when looking up transform from frame [pinky_02/base_footprint] to frame [map]
[planner_server-6] [INFO] [1786676962.907121324] [pinky_01.global_costmap.global_costmap]: Timed out waiting for transform from pinky_01/base_footprint to map to become available, tf error: Lookup would require extrapolation into the past.  Requested time 1.330000 but the earliest data is at time 2.200000, when looking up transform from frame [pinky_01/base_footprint] to frame [map]
[planner_server-15] [INFO] [1786676963.111707091] [pinky_02.global_costmap.global_costmap]: Timed out waiting for transform from pinky_02/base_footprint to map to become available, tf error: Lookup would require extrapolation at time 1.350000, but only time 2.300000 is in the buffer, when looking up transform from frame [pinky_02/base_footprint] to frame [map]
[planner_server-6] [INFO] [1786676963.407061447] [pinky_01.global_costmap.global_costmap]: Timed out waiting for transform from pinky_01/base_footprint to map to become available, tf error: Lookup would require extrapolation into the past.  Requested time 1.370000 but the earliest data is at time 2.200000, when looking up transform from frame [pinky_01/base_footprint] to frame [map]
[planner_server-15] [INFO] [1786676963.610968017] [pinky_02.global_costmap.global_costmap]: Timed out waiting for transform from pinky_02/base_footprint to map to become available, tf error: Lookup would require extrapolation at time 1.390000, but only time 2.300000 is in the buffer, when looking up transform from frame [pinky_02/base_footprint] to frame [map]
[planner_server-6] [INFO] [1786676963.907062110] [pinky_01.global_costmap.global_costmap]: Timed out waiting for transform from pinky_01/base_footprint to map to become available, tf error: Lookup would require extrapolation into the past.  Requested time 1.410000 but the earliest data is at time 2.200000, when looking up transform from frame [pinky_01/base_footprint] to frame [map]
[planner_server-15] [INFO] [1786676964.110981376] [pinky_02.global_costmap.global_costmap]: Timed out waiting for transform from pinky_02/base_footprint to map to become available, tf error: Lookup would require extrapolation into the past.  Requested time 1.430000 but the earliest data is at time 2.300000, when looking up transform from frame [pinky_02/base_footprint] to frame [map]
[planner_server-6] [INFO] [1786676964.407061045] [pinky_01.global_costmap.global_costmap]: Timed out waiting for transform from pinky_01/base_footprint to map to become available, tf error: Lookup would require extrapolation into the past.  Requested time 1.450000 but the earliest data is at time 2.200000, when looking up transform from frame [pinky_01/base_footprint] to frame [map]
[planner_server-15] [INFO] [1786676964.610969128] [pinky_02.global_costmap.global_costmap]: Timed out waiting for transform from pinky_02/base_footprint to map to become available, tf error: Lookup would require extrapolation into the past.  Requested time 1.450000 but the earliest data is at time 2.300000, when looking up transform from frame [pinky_02/base_footprint] to frame [map]
[schedule_visualizer_node-4] [INFO] [1786676964.904517064] [schedule_data_node]: Requesting new schedule update because update timed out
[schedule_visualizer_node-4] [INFO] [1786676964.904568966] [schedule_data_node]: [rmf_traffic_ros2::MirrorManager::request_update] Requesting changes for query ID [1] since beginning of recorded history
[planner_server-6] [INFO] [1786676964.907424414] [pinky_01.global_costmap.global_costmap]: Timed out waiting for transform from pinky_01/base_footprint to map to become available, tf error: Lookup would require extrapolation into the past.  Requested time 1.470000 but the earliest data is at time 2.200000, when looking up transform from frame [pinky_01/base_footprint] to frame [map]
[rmf_traffic_schedule-1] [INFO] [1786676964.910851096] [rmf_traffic_schedule_primary]: [ScheduleNode::update_mirrors] Sending remedial update starting from the beginning going to 6 for query 1
[planner_server-15] [INFO] [1786676965.110968306] [pinky_02.global_costmap.global_costmap]: Timed out waiting for transform from pinky_02/base_footprint to map to become available, tf error: Lookup would require extrapolation into the past.  Requested time 1.490000 but the earliest data is at time 2.300000, when looking up transform from frame [pinky_02/base_footprint] to frame [map]
[planner_server-6] [INFO] [1786676965.407070785] [pinky_01.global_costmap.global_costmap]: Timed out waiting for transform from pinky_01/base_footprint to map to become available, tf error: Lookup would require extrapolation into the past.  Requested time 1.490000 but the earliest data is at time 2.200000, when looking up transform from frame [pinky_01/base_footprint] to frame [map]
[planner_server-15] [INFO] [1786676965.610975774] [pinky_02.global_costmap.global_costmap]: Timed out waiting for transform from pinky_02/base_footprint to map to become available, tf error: Lookup would require extrapolation into the past.  Requested time 1.510000 but the earliest data is at time 2.300000, when looking up transform from frame [pinky_02/base_footprint] to frame [map]
[planner_server-6] [INFO] [1786676965.907072341] [pinky_01.global_costmap.global_costmap]: Timed out waiting for transform from pinky_01/base_footprint to map to become available, tf error: Lookup would require extrapolation into the past.  Requested time 1.530000 but the earliest data is at time 2.200000, when looking up transform from frame [pinky_01/base_footprint] to frame [map]
[planner_server-15] [INFO] [1786676966.110971748] [pinky_02.global_costmap.global_costmap]: Timed out waiting for transform from pinky_02/base_footprint to map to become available, tf error: Lookup would require extrapolation into the past.  Requested time 1.530000 but the earliest data is at time 2.300000, when looking up transform from frame [pinky_02/base_footprint] to frame [map]
[planner_server-6] [INFO] [1786676966.407116147] [pinky_01.global_costmap.global_costmap]: Timed out waiting for transform from pinky_01/base_footprint to map to become available, tf error: Lookup would require extrapolation into the past.  Requested time 1.550000 but the earliest data is at time 2.200000, when looking up transform from frame [pinky_01/base_footprint] to frame [map]
[planner_server-15] [INFO] [1786676966.610971794] [pinky_02.global_costmap.global_costmap]: Timed out waiting for transform from pinky_02/base_footprint to map to become available, tf error: Lookup would require extrapolation into the past.  Requested time 1.570000 but the earliest data is at time 2.300000, when looking up transform from frame [pinky_02/base_footprint] to frame [map]
[planner_server-6] [INFO] [1786676966.907065113] [pinky_01.global_costmap.global_costmap]: Timed out waiting for transform from pinky_01/base_footprint to map to become available, tf error: Lookup would require extrapolation into the past.  Requested time 1.590000 but the earliest data is at time 2.200000, when looking up transform from frame [pinky_01/base_footprint] to frame [map]
[planner_server-15] [INFO] [1786676967.110968629] [pinky_02.global_costmap.global_costmap]: Timed out waiting for transform from pinky_02/base_footprint to map to become available, tf error: Lookup would require extrapolation into the past.  Requested time 1.590000 but the earliest data is at time 2.300000, when looking up transform from frame [pinky_02/base_footprint] to frame [map]
[planner_server-6] [INFO] [1786676967.407060573] [pinky_01.global_costmap.global_costmap]: Timed out waiting for transform from pinky_01/base_footprint to map to become available, tf error: Lookup would require extrapolation into the past.  Requested time 1.610000 but the earliest data is at time 2.200000, when looking up transform from frame [pinky_01/base_footprint] to frame [map]
[planner_server-15] [INFO] [1786676967.610969589] [pinky_02.global_costmap.global_costmap]: Timed out waiting for transform from pinky_02/base_footprint to map to become available, tf error: Lookup would require extrapolation into the past.  Requested time 1.630000 but the earliest data is at time 2.300000, when looking up transform from frame [pinky_02/base_footprint] to frame [map]
[spawner-18] [WARN] [1786676967.826842763] [omx_02.spawner_gripper_controller]: Failed getting a result from calling /omx_02/controller_manager/list_controllers in 10.0. (Attempt 1 of 3.)
[gazebo-1] [INFO] [1786676967.832917993] [omx_02.controller_manager]: Loading controller : 'gripper_controller' of type 'position_controllers/GripperActionController'
[gazebo-1] [INFO] [1786676967.832981204] [omx_02.controller_manager]: Loading controller 'gripper_controller'
[gazebo-1] [INFO] [1786676967.837403844] [omx_02.controller_manager]: Controller 'gripper_controller' node arguments: --ros-args --params-file /home/gyi/robosapiens/robot_model/open_manipulator/install/open_manipulator_bringup/share/open_manipulator_bringup/config/open_manipulator_x/hardware_controller_manager.yaml -p use_sim_time:=true --param use_sim_time:=true 
[gazebo-1] [WARN] [1786676967.897454654] [omx_02.gripper_controller]: [Deprecated]: the `position_controllers/GripperActionController` and `effort_controllers::GripperActionController` controllers are replaced by 'parallel_gripper_controllers/GripperActionController' controller
[planner_server-6] [INFO] [1786676967.907065228] [pinky_01.global_costmap.global_costmap]: Timed out waiting for transform from pinky_01/base_footprint to map to become available, tf error: Lookup would require extrapolation into the past.  Requested time 1.650000 but the earliest data is at time 2.200000, when looking up transform from frame [pinky_01/base_footprint] to frame [map]
[spawner-18] [INFO] [1786676967.926085030] [omx_02.spawner_gripper_controller]: Loaded gripper_controller
[gazebo-1] [INFO] [1786676967.932205416] [omx_02.controller_manager]: Configuring controller: 'gripper_controller'
[gazebo-1] [INFO] [1786676967.932296198] [omx_02.gripper_controller]: Action status changes will be monitored at 20.000000 Hz.
[planner_server-15] [INFO] [1786676968.111008380] [pinky_02.global_costmap.global_costmap]: Timed out waiting for transform from pinky_02/base_footprint to map to become available, tf error: Lookup would require extrapolation into the past.  Requested time 1.670000 but the earliest data is at time 2.300000, when looking up transform from frame [pinky_02/base_footprint] to frame [map]
[gazebo-1] [INFO] [1786676968.155872257] [omx_02.controller_manager]: Activating controllers: [ gripper_controller ]
[gazebo-1] [INFO] [1786676968.260405953] [omx_02.controller_manager]: Successfully switched controllers!
[spawner-18] [INFO] [1786676968.401914947] [omx_02.spawner_gripper_controller]: Configured and activated gripper_controller
[planner_server-6] [INFO] [1786676968.407075752] [pinky_01.global_costmap.global_costmap]: Timed out waiting for transform from pinky_01/base_footprint to map to become available, tf error: Lookup would require extrapolation into the past.  Requested time 1.690000 but the earliest data is at time 2.200000, when looking up transform from frame [pinky_01/base_footprint] to frame [map]
[planner_server-15] [INFO] [1786676968.610986091] [pinky_02.global_costmap.global_costmap]: Timed out waiting for transform from pinky_02/base_footprint to map to become available, tf error: Lookup would require extrapolation into the past.  Requested time 1.690000 but the earliest data is at time 2.300000, when looking up transform from frame [pinky_02/base_footprint] to frame [map]
[INFO] [spawner-18]: process has finished cleanly [pid 47298]
[planner_server-6] [INFO] [1786676968.907051154] [pinky_01.global_costmap.global_costmap]: Timed out waiting for transform from pinky_01/base_footprint to map to become available, tf error: Lookup would require extrapolation into the past.  Requested time 1.710000 but the earliest data is at time 2.200000, when looking up transform from frame [pinky_01/base_footprint] to frame [map]
[planner_server-15] [INFO] [1786676969.110975440] [pinky_02.global_costmap.global_costmap]: Timed out waiting for transform from pinky_02/base_footprint to map to become available, tf error: Lookup would require extrapolation into the past.  Requested time 1.730000 but the earliest data is at time 2.300000, when looking up transform from frame [pinky_02/base_footprint] to frame [map]
[planner_server-6] [INFO] [1786676969.407079733] [pinky_01.global_costmap.global_costmap]: Timed out waiting for transform from pinky_01/base_footprint to map to become available, tf error: Lookup would require extrapolation into the past.  Requested time 1.750000 but the earliest data is at time 2.200000, when looking up transform from frame [pinky_01/base_footprint] to frame [map]
[planner_server-15] [INFO] [1786676969.610988100] [pinky_02.global_costmap.global_costmap]: Timed out waiting for transform from pinky_02/base_footprint to map to become available, tf error: Lookup would require extrapolation into the past.  Requested time 1.770000 but the earliest data is at time 2.300000, when looking up transform from frame [pinky_02/base_footprint] to frame [map]
[planner_server-6] [INFO] [1786676969.907026850] [pinky_01.global_costmap.global_costmap]: Timed out waiting for transform from pinky_01/base_footprint to map to become available, tf error: Lookup would require extrapolation into the past.  Requested time 1.790000 but the earliest data is at time 2.200000, when looking up transform from frame [pinky_01/base_footprint] to frame [map]
[planner_server-15] [INFO] [1786676970.110968124] [pinky_02.global_costmap.global_costmap]: Timed out waiting for transform from pinky_02/base_footprint to map to become available, tf error: Lookup would require extrapolation into the past.  Requested time 1.810000 but the earliest data is at time 2.300000, when looking up transform from frame [pinky_02/base_footprint] to frame [map]
[planner_server-6] [INFO] [1786676970.407061715] [pinky_01.global_costmap.global_costmap]: Timed out waiting for transform from pinky_01/base_footprint to map to become available, tf error: Lookup would require extrapolation into the past.  Requested time 1.830000 but the earliest data is at time 2.200000, when looking up transform from frame [pinky_01/base_footprint] to frame [map]
[planner_server-15] [INFO] [1786676970.610967499] [pinky_02.global_costmap.global_costmap]: Timed out waiting for transform from pinky_02/base_footprint to map to become available, tf error: Lookup would require extrapolation into the past.  Requested time 1.830000 but the earliest data is at time 2.300000, when looking up transform from frame [pinky_02/base_footprint] to frame [map]
[planner_server-6] [INFO] [1786676970.907053346] [pinky_01.global_costmap.global_costmap]: Timed out waiting for transform from pinky_01/base_footprint to map to become available, tf error: Lookup would require extrapolation into the past.  Requested time 1.870000 but the earliest data is at time 2.200000, when looking up transform from frame [pinky_01/base_footprint] to frame [map]
[planner_server-15] [INFO] [1786676971.110965462] [pinky_02.global_costmap.global_costmap]: Timed out waiting for transform from pinky_02/base_footprint to map to become available, tf error: Lookup would require extrapolation into the past.  Requested time 1.870000 but the earliest data is at time 2.300000, when looking up transform from frame [pinky_02/base_footprint] to frame [map]
[planner_server-6] [INFO] [1786676971.407076535] [pinky_01.global_costmap.global_costmap]: Timed out waiting for transform from pinky_01/base_footprint to map to become available, tf error: Lookup would require extrapolation into the past.  Requested time 1.890000 but the earliest data is at time 2.200000, when looking up transform from frame [pinky_01/base_footprint] to frame [map]
[planner_server-15] [INFO] [1786676971.610985848] [pinky_02.global_costmap.global_costmap]: Timed out waiting for transform from pinky_02/base_footprint to map to become available, tf error: Lookup would require extrapolation into the past.  Requested time 1.910000 but the earliest data is at time 2.300000, when looking up transform from frame [pinky_02/base_footprint] to frame [map]
[planner_server-6] [INFO] [1786676971.907065295] [pinky_01.global_costmap.global_costmap]: Timed out waiting for transform from pinky_01/base_footprint to map to become available, tf error: Lookup would require extrapolation into the past.  Requested time 1.930000 but the earliest data is at time 2.200000, when looking up transform from frame [pinky_01/base_footprint] to frame [map]
[planner_server-15] [INFO] [1786676972.110970572] [pinky_02.global_costmap.global_costmap]: Timed out waiting for transform from pinky_02/base_footprint to map to become available, tf error: Lookup would require extrapolation into the past.  Requested time 1.930000 but the earliest data is at time 2.300000, when looking up transform from frame [pinky_02/base_footprint] to frame [map]
[planner_server-6] [INFO] [1786676972.407030258] [pinky_01.global_costmap.global_costmap]: Timed out waiting for transform from pinky_01/base_footprint to map to become available, tf error: Lookup would require extrapolation into the past.  Requested time 1.950000 but the earliest data is at time 2.200000, when looking up transform from frame [pinky_01/base_footprint] to frame [map]
[planner_server-15] [INFO] [1786676972.611078268] [pinky_02.global_costmap.global_costmap]: Timed out waiting for transform from pinky_02/base_footprint to map to become available, tf error: Lookup would require extrapolation into the past.  Requested time 1.970000 but the earliest data is at time 2.300000, when looking up transform from frame [pinky_02/base_footprint] to frame [map]
[planner_server-6] [INFO] [1786676972.907071790] [pinky_01.global_costmap.global_costmap]: Timed out waiting for transform from pinky_01/base_footprint to map to become available, tf error: Lookup would require extrapolation into the past.  Requested time 1.990000 but the earliest data is at time 2.200000, when looking up transform from frame [pinky_01/base_footprint] to frame [map]
[planner_server-15] [INFO] [1786676973.110980433] [pinky_02.global_costmap.global_costmap]: Timed out waiting for transform from pinky_02/base_footprint to map to become available, tf error: Lookup would require extrapolation into the past.  Requested time 1.990000 but the earliest data is at time 2.300000, when looking up transform from frame [pinky_02/base_footprint] to frame [map]
[planner_server-6] [INFO] [1786676973.407101144] [pinky_01.global_costmap.global_costmap]: Timed out waiting for transform from pinky_01/base_footprint to map to become available, tf error: Lookup would require extrapolation into the past.  Requested time 2.010000 but the earliest data is at time 2.200000, when looking up transform from frame [pinky_01/base_footprint] to frame [map]
[planner_server-15] [INFO] [1786676973.610979537] [pinky_02.global_costmap.global_costmap]: Timed out waiting for transform from pinky_02/base_footprint to map to become available, tf error: Lookup would require extrapolation into the past.  Requested time 2.030000 but the earliest data is at time 2.300000, when looking up transform from frame [pinky_02/base_footprint] to frame [map]
[planner_server-6] [INFO] [1786676973.907060934] [pinky_01.global_costmap.global_costmap]: Timed out waiting for transform from pinky_01/base_footprint to map to become available, tf error: Lookup would require extrapolation into the past.  Requested time 2.050000 but the earliest data is at time 2.200000, when looking up transform from frame [pinky_01/base_footprint] to frame [map]
[planner_server-15] [INFO] [1786676974.111022426] [pinky_02.global_costmap.global_costmap]: Timed out waiting for transform from pinky_02/base_footprint to map to become available, tf error: Lookup would require extrapolation into the past.  Requested time 2.050000 but the earliest data is at time 2.300000, when looking up transform from frame [pinky_02/base_footprint] to frame [map]
[planner_server-6] [INFO] [1786676974.407059440] [pinky_01.global_costmap.global_costmap]: Timed out waiting for transform from pinky_01/base_footprint to map to become available, tf error: Lookup would require extrapolation into the past.  Requested time 2.070000 but the earliest data is at time 2.200000, when looking up transform from frame [pinky_01/base_footprint] to frame [map]
[planner_server-15] [INFO] [1786676974.610975674] [pinky_02.global_costmap.global_costmap]: Timed out waiting for transform from pinky_02/base_footprint to map to become available, tf error: Lookup would require extrapolation into the past.  Requested time 2.090000 but the earliest data is at time 2.300000, when looking up transform from frame [pinky_02/base_footprint] to frame [map]
[planner_server-6] [INFO] [1786676974.909055068] [pinky_01.global_costmap.global_costmap]: Timed out waiting for transform from pinky_01/base_footprint to map to become available, tf error: Lookup would require extrapolation into the past.  Requested time 2.110000 but the earliest data is at time 2.200000, when looking up transform from frame [pinky_01/base_footprint] to frame [map]
[planner_server-15] [INFO] [1786676975.110973775] [pinky_02.global_costmap.global_costmap]: Timed out waiting for transform from pinky_02/base_footprint to map to become available, tf error: Lookup would require extrapolation into the past.  Requested time 2.110000 but the earliest data is at time 2.300000, when looking up transform from frame [pinky_02/base_footprint] to frame [map]
[planner_server-6] [INFO] [1786676975.407060728] [pinky_01.global_costmap.global_costmap]: Timed out waiting for transform from pinky_01/base_footprint to map to become available, tf error: Lookup would require extrapolation into the past.  Requested time 2.130000 but the earliest data is at time 2.200000, when looking up transform from frame [pinky_01/base_footprint] to frame [map]
[planner_server-15] [INFO] [1786676975.610964336] [pinky_02.global_costmap.global_costmap]: Timed out waiting for transform from pinky_02/base_footprint to map to become available, tf error: Lookup would require extrapolation into the past.  Requested time 2.150000 but the earliest data is at time 2.300000, when looking up transform from frame [pinky_02/base_footprint] to frame [map]
[planner_server-6] [INFO] [1786676975.907017589] [pinky_01.global_costmap.global_costmap]: Timed out waiting for transform from pinky_01/base_footprint to map to become available, tf error: Lookup would require extrapolation into the past.  Requested time 2.170000 but the earliest data is at time 2.200000, when looking up transform from frame [pinky_01/base_footprint] to frame [map]
[planner_server-15] [INFO] [1786676976.111076791] [pinky_02.global_costmap.global_costmap]: Timed out waiting for transform from pinky_02/base_footprint to map to become available, tf error: Lookup would require extrapolation into the past.  Requested time 2.190000 but the earliest data is at time 2.300000, when looking up transform from frame [pinky_02/base_footprint] to frame [map]
[planner_server-6] [INFO] [1786676976.407119272] [pinky_01.global_costmap.global_costmap]: start
[planner_server-15] [INFO] [1786676976.610978940] [pinky_02.global_costmap.global_costmap]: Timed out waiting for transform from pinky_02/base_footprint to map to become available, tf error: Lookup would require extrapolation into the past.  Requested time 2.230000 but the earliest data is at time 2.300000, when looking up transform from frame [pinky_02/base_footprint] to frame [map]
[planner_server-15] [INFO] [1786676977.110974172] [pinky_02.global_costmap.global_costmap]: Timed out waiting for transform from pinky_02/base_footprint to map to become available, tf error: Lookup would require extrapolation into the past.  Requested time 2.250000 but the earliest data is at time 2.300000, when looking up transform from frame [pinky_02/base_footprint] to frame [map]
[planner_server-6] [INFO] [1786676977.459220886] [pinky_01.planner_server]: Activating plugin GridBased of type NavfnPlanner
[planner_server-6] [INFO] [1786676977.466372992] [pinky_01.planner_server]: Creating bond (planner_server) to lifecycle manager.
[lifecycle_manager-11] [INFO] [1786676977.577096748] [pinky_01.lifecycle_manager_navigation]: Server planner_server connected with bond.
[lifecycle_manager-11] [INFO] [1786676977.577152155] [pinky_01.lifecycle_manager_navigation]: [34m[1mActivating behavior_server[0m[0m
[behavior_server-7] [INFO] [1786676977.577889698] [pinky_01.behavior_server]: Activating
[behavior_server-7] [INFO] [1786676977.577931575] [pinky_01.behavior_server]: Activating spin
[behavior_server-7] [INFO] [1786676977.577947330] [pinky_01.behavior_server]: Activating backup
[behavior_server-7] [INFO] [1786676977.577958487] [pinky_01.behavior_server]: Activating drive_on_heading
[behavior_server-7] [INFO] [1786676977.577970260] [pinky_01.behavior_server]: Activating assisted_teleop
[behavior_server-7] [INFO] [1786676977.577981527] [pinky_01.behavior_server]: Activating wait
[behavior_server-7] [INFO] [1786676977.577995295] [pinky_01.behavior_server]: Creating bond (behavior_server) to lifecycle manager.
[planner_server-15] [INFO] [1786676977.610930584] [pinky_02.global_costmap.global_costmap]: Timed out waiting for transform from pinky_02/base_footprint to map to become available, tf error: Lookup would require extrapolation into the past.  Requested time 2.290000 but the earliest data is at time 2.300000, when looking up transform from frame [pinky_02/base_footprint] to frame [map]
[lifecycle_manager-11] [INFO] [1786676977.691562619] [pinky_01.lifecycle_manager_navigation]: Server behavior_server connected with bond.
[lifecycle_manager-11] [INFO] [1786676977.691603917] [pinky_01.lifecycle_manager_navigation]: [34m[1mActivating bt_navigator[0m[0m
[bt_navigator-8] [INFO] [1786676977.692150414] [pinky_01.bt_navigator]: Activating
[bt_navigator-8] [INFO] [1786676977.899268038] [pinky_01.bt_navigator]: Creating bond (bt_navigator) to lifecycle manager.
[lifecycle_manager-11] [INFO] [1786676978.012507180] [pinky_01.lifecycle_manager_navigation]: Server bt_navigator connected with bond.
[lifecycle_manager-11] [INFO] [1786676978.012574821] [pinky_01.lifecycle_manager_navigation]: [34m[1mActivating waypoint_follower[0m[0m
[waypoint_follower-9] [INFO] [1786676978.013478816] [pinky_01.waypoint_follower]: Activating
[waypoint_follower-9] [INFO] [1786676978.013543477] [pinky_01.waypoint_follower]: Creating bond (waypoint_follower) to lifecycle manager.
[planner_server-15] [INFO] [1786676978.111067094] [pinky_02.global_costmap.global_costmap]: start
[lifecycle_manager-11] [INFO] [1786676978.126094133] [pinky_01.lifecycle_manager_navigation]: Server waypoint_follower connected with bond.
[lifecycle_manager-11] [INFO] [1786676978.126134218] [pinky_01.lifecycle_manager_navigation]: [34m[1mActivating velocity_smoother[0m[0m
[velocity_smoother-10] [INFO] [1786676978.126967818] [pinky_01.velocity_smoother]: Activating
[velocity_smoother-10] [INFO] [1786676978.127043332] [pinky_01.velocity_smoother]: Creating bond (velocity_smoother) to lifecycle manager.
[lifecycle_manager-11] [INFO] [1786676978.239339159] [pinky_01.lifecycle_manager_navigation]: Server velocity_smoother connected with bond.
[lifecycle_manager-11] [INFO] [1786676978.239383946] [pinky_01.lifecycle_manager_navigation]: [34m[1mManaged nodes are active[0m[0m
[lifecycle_manager-11] [INFO] [1786676978.239398023] [pinky_01.lifecycle_manager_navigation]: [34m[1mCreating bond timer...[0m[0m
[planner_server-15] [INFO] [1786676979.164460698] [pinky_02.planner_server]: Activating plugin GridBased of type NavfnPlanner
[planner_server-15] [INFO] [1786676979.168687581] [pinky_02.planner_server]: Creating bond (planner_server) to lifecycle manager.
[lifecycle_manager-20] [INFO] [1786676979.282175157] [pinky_02.lifecycle_manager_navigation]: Server planner_server connected with bond.
[lifecycle_manager-20] [INFO] [1786676979.282224100] [pinky_02.lifecycle_manager_navigation]: [34m[1mActivating behavior_server[0m[0m
[behavior_server-16] [INFO] [1786676979.282912542] [pinky_02.behavior_server]: Activating
[behavior_server-16] [INFO] [1786676979.282948374] [pinky_02.behavior_server]: Activating spin
[behavior_server-16] [INFO] [1786676979.282962693] [pinky_02.behavior_server]: Activating backup
[behavior_server-16] [INFO] [1786676979.282973833] [pinky_02.behavior_server]: Activating drive_on_heading
[behavior_server-16] [INFO] [1786676979.282985463] [pinky_02.behavior_server]: Activating assisted_teleop
[behavior_server-16] [INFO] [1786676979.282996838] [pinky_02.behavior_server]: Activating wait
[behavior_server-16] [INFO] [1786676979.283010988] [pinky_02.behavior_server]: Creating bond (behavior_server) to lifecycle manager.
[lifecycle_manager-20] [INFO] [1786676979.397200567] [pinky_02.lifecycle_manager_navigation]: Server behavior_server connected with bond.
[lifecycle_manager-20] [INFO] [1786676979.397250349] [pinky_02.lifecycle_manager_navigation]: [34m[1mActivating bt_navigator[0m[0m
[bt_navigator-17] [INFO] [1786676979.397966319] [pinky_02.bt_navigator]: Activating
[bt_navigator-17] [INFO] [1786676979.611366488] [pinky_02.bt_navigator]: Creating bond (bt_navigator) to lifecycle manager.
[lifecycle_manager-20] [INFO] [1786676979.726882635] [pinky_02.lifecycle_manager_navigation]: Server bt_navigator connected with bond.
[lifecycle_manager-20] [INFO] [1786676979.726933957] [pinky_02.lifecycle_manager_navigation]: [34m[1mActivating waypoint_follower[0m[0m
[waypoint_follower-18] [INFO] [1786676979.727598825] [pinky_02.waypoint_follower]: Activating
[waypoint_follower-18] [INFO] [1786676979.727648545] [pinky_02.waypoint_follower]: Creating bond (waypoint_follower) to lifecycle manager.
[lifecycle_manager-20] [INFO] [1786676979.839455007] [pinky_02.lifecycle_manager_navigation]: Server waypoint_follower connected with bond.
[lifecycle_manager-20] [INFO] [1786676979.839511339] [pinky_02.lifecycle_manager_navigation]: [34m[1mActivating velocity_smoother[0m[0m
[velocity_smoother-19] [INFO] [1786676979.840175837] [pinky_02.velocity_smoother]: Activating
[velocity_smoother-19] [INFO] [1786676979.840246398] [pinky_02.velocity_smoother]: Creating bond (velocity_smoother) to lifecycle manager.
[lifecycle_manager-20] [INFO] [1786676979.954353504] [pinky_02.lifecycle_manager_navigation]: Server velocity_smoother connected with bond.
[lifecycle_manager-20] [INFO] [1786676979.954406228] [pinky_02.lifecycle_manager_navigation]: [34m[1mManaged nodes are active[0m[0m
[lifecycle_manager-20] [INFO] [1786676979.954420927] [pinky_02.lifecycle_manager_navigation]: [34m[1mCreating bond timer...[0m[0m
[schedule_visualizer_node-4] [INFO] [1786676984.921634200] [schedule_data_node]: Requesting new schedule update because update timed out
[schedule_visualizer_node-4] [INFO] [1786676984.921713336] [schedule_data_node]: [rmf_traffic_ros2::MirrorManager::request_update] Requesting changes for query ID [1] since version [6]
[schedule_visualizer_node-4] [INFO] [1786677004.921695385] [schedule_data_node]: Requesting new schedule update because update timed out
[schedule_visualizer_node-4] [INFO] [1786677004.921775738] [schedule_data_node]: [rmf_traffic_ros2::MirrorManager::request_update] Requesting changes for query ID [1] since beginning of recorded history
[rmf_traffic_schedule-1] [INFO] [1786677004.930848104] [rmf_traffic_schedule_primary]: [ScheduleNode::update_mirrors] Sending remedial update starting from the beginning going to 7 for query 1
[python3-21] Traceback (most recent call last):
[python3-21]   File "/home/gyi/robosapiens/rmf_maps/project1/project1_nav2_adapter.py", line 427, in <module>
[python3-21]     main(sys.argv)
[python3-21]   File "/home/gyi/robosapiens/rmf_maps/project1/project1_nav2_adapter.py", line 375, in main
[python3-21]     assert adapter, (
[python3-21]            ^^^^^^^
[python3-21] AssertionError: fleet adapter 를 만들지 못했습니다. rmf_traffic_schedule_primary 가 떠 있는지 확인하세요.
[python3-21] corrupted size vs. prev_size in fastbins
[ERROR] [python3-21]: process has died [pid 48996, exit code -6, cmd 'python3 /home/gyi/robosapiens/rmf_maps/project1/project1_nav2_adapter.py -c /home/gyi/robosapiens/rmf_maps/project1/project1_pinky_config.yaml -n /home/gyi/robosapiens/rmf_maps/project1/nav_graphs/0.yaml -s'].
[schedule_visualizer_node-4] [INFO] [1786677024.936836198] [schedule_data_node]: Requesting new schedule update because update timed out
[schedule_visualizer_node-4] [INFO] [1786677024.936896371] [schedule_data_node]: [rmf_traffic_ros2::MirrorManager::request_update] Requesting changes for query ID [1] since version [7]
[INFO] [python3-21]: process started with pid [50489]
[python3-21] [retreat_to_charger_interval] value is not provided, default to 10 seconds
[python3-21] Finishing request: nothing
[python3-21] Fleet is not configured to perform any finishing request
[python3-21] Maximum delay is not provided, default to 10.0
RMF↔Nav2 어댑터가 죽었다가 다시 떴습니다.
[python3-21] [INFO] [1786677027.224863289] [project1_pinky_fleet_adapter]: Parameter [discovery_timeout] set to: 60.000000
[rmf_traffic_schedule-1] [INFO] [1786677028.448338548] [rmf_traffic_schedule_primary]: A new mirror is tracking query ID [1]
[schedule_visualizer_node-4] [INFO] [1786677028.449786103] [schedule_data_node]: Mirror handling new sync of 1 queries from schedule node [fe7602a3-7947-43c3-bc42-082e2434d197]
[python3-21] [INFO] [1786677028.514039755] [project1_pinky_fleet_adapter]: Registering to query topic rmf_traffic/query_update_1
[python3-21] [INFO] [1786677028.594150439] [project1_pinky_fleet_adapter]: Mirror handling new sync of 1 queries from schedule node [fe7602a3-7947-43c3-bc42-082e2434d197]
[python3-21] [INFO] [1786677029.624301842] [project1_pinky_fleet_adapter]: Fleet [project1_pinky] is configured to perform delivery tasks
[python3-21] [INFO] [1786677029.624350692] [project1_pinky_fleet_adapter]: Fleet [project1_pinky] is configured to perform patrol tasks
[python3-21] [INFO] [1786677029.624377781] [project1_pinky_fleet_adapter]: Finished configuring Easy Full Control adapter for fleet [project1_pinky]
[python3-21] [INFO] [1786677029.692934080] [project1_pinky_nav2_adapter]: project1_pinky 를 Nav2 에 이었습니다. 로봇 2대, 0.10초마다 알립니다.
[schedule_visualizer_node-4] [INFO] [1786677044.936838823] [schedule_data_node]: Requesting new schedule update because update timed out
[schedule_visualizer_node-4] [INFO] [1786677044.936949464] [schedule_data_node]: [rmf_traffic_ros2::MirrorManager::request_update] Requesting changes for query ID [1] since beginning of recorded history
[rmf_traffic_schedule-1] [INFO] [1786677044.941003187] [rmf_traffic_schedule_primary]: [ScheduleNode::update_mirrors] Sending remedial update starting from the beginning going to 7 for query 1
[python3-21] [INFO] [1786677046.074420833] [project1_pinky_fleet_adapter]: Adding robot [pinky_02] to fleet [project1_pinky].
[python3-21] [INFO] [1786677046.075260955] [project1_pinky_nav2_adapter]: [pinky_02] RMF 에 붙었습니다.
[rmf_traffic_schedule-1] [INFO] [1786677046.075635408] [rmf_traffic_schedule_primary]: Registered participant [4] named [pinky_02] owned by [project1_pinky]
[python3-21] [INFO] [1786677046.079750534] [project1_pinky_fleet_adapter]: Added a robot named [pinky_02] with participant ID [4]
[python3-21] [INFO] [1786677046.080500421] [project1_pinky_fleet_adapter]: Successfully added robot [pinky_02] to the fleet [project1_pinky].
[python3-21] [INFO] [1786677046.080543938] [project1_pinky_fleet_adapter]: Charger waypoint for robot [project1_pinky/pinky_02] set to index [5]
[python3-21] [INFO] [1786677050.352418499] [project1_pinky_fleet_adapter]: Adding robot [pinky_01] to fleet [project1_pinky].
[python3-21] [INFO] [1786677050.353268305] [project1_pinky_nav2_adapter]: [pinky_01] RMF 에 붙었습니다.
[rmf_traffic_schedule-1] [INFO] [1786677050.353477664] [rmf_traffic_schedule_primary]: Registered participant [5] named [pinky_01] owned by [project1_pinky]
[python3-21] [INFO] [1786677050.357350862] [project1_pinky_fleet_adapter]: Added a robot named [pinky_01] with participant ID [5]
[python3-21] [INFO] [1786677050.358254096] [project1_pinky_fleet_adapter]: Successfully added robot [pinky_01] to the fleet [project1_pinky].
[python3-21] [INFO] [1786677050.358293050] [project1_pinky_fleet_adapter]: Charger waypoint for robot [project1_pinky/pinky_01] set to index [4]
[ERROR] [python3-21]: process has died [pid 50489, exit code -11, cmd 'python3 /home/gyi/robosapiens/rmf_maps/project1/project1_nav2_adapter.py -c /home/gyi/robosapiens/rmf_maps/project1/project1_pinky_config.yaml -n /home/gyi/robosapiens/rmf_maps/project1/nav_graphs/0.yaml -s'].
[INFO] [python3-21]: process started with pid [50990]
[python3-21] [retreat_to_charger_interval] value is not provided, default to 10 seconds
[python3-21] Finishing request: nothing
[python3-21] Fleet is not configured to perform any finishing request
[python3-21] Maximum delay is not provided, default to 10.0
RMF↔Nav2 어댑터가 죽었다가 다시 떴습니다.
[python3-21] [INFO] [1786677058.161757445] [project1_pinky_fleet_adapter]: Parameter [discovery_timeout] set to: 60.000000
[rmf_traffic_schedule-1] [INFO] [1786677060.337459984] [rmf_traffic_schedule_primary]: A new mirror is tracking query ID [1]
[schedule_visualizer_node-4] [INFO] [1786677060.338046448] [schedule_data_node]: Mirror handling new sync of 1 queries from schedule node [fe7602a3-7947-43c3-bc42-082e2434d197]
[python3-21] [INFO] [1786677060.401889809] [project1_pinky_fleet_adapter]: Registering to query topic rmf_traffic/query_update_1
[python3-21] [INFO] [1786677060.495719024] [project1_pinky_fleet_adapter]: Mirror handling new sync of 1 queries from schedule node [fe7602a3-7947-43c3-bc42-082e2434d197]
[python3-21] [INFO] [1786677061.528395939] [project1_pinky_fleet_adapter]: Fleet [project1_pinky] is configured to perform delivery tasks
[python3-21] [INFO] [1786677061.528476289] [project1_pinky_fleet_adapter]: Fleet [project1_pinky] is configured to perform patrol tasks
[python3-21] [INFO] [1786677061.528511598] [project1_pinky_fleet_adapter]: Finished configuring Easy Full Control adapter for fleet [project1_pinky]
[python3-21] [INFO] [1786677061.585864800] [project1_pinky_nav2_adapter]: project1_pinky 를 Nav2 에 이었습니다. 로봇 2대, 0.10초마다 알립니다.
[schedule_visualizer_node-4] [INFO] [1786677064.947164527] [schedule_data_node]: Requesting new schedule update because update timed out
[schedule_visualizer_node-4] [INFO] [1786677064.947234456] [schedule_data_node]: [rmf_traffic_ros2::MirrorManager::request_update] Requesting changes for query ID [1] since version [7]
[rviz2-14] [INFO] [1786677072.646387073] [rviz2]: Trying to create a map of size 800 x 615 using 1 swatches
[python3-21] [INFO] [1786677080.106578210] [project1_pinky_fleet_adapter]: Adding robot [pinky_02] to fleet [project1_pinky].
[python3-21] [INFO] [1786677080.107390173] [project1_pinky_nav2_adapter]: [pinky_02] RMF 에 붙었습니다.
[rmf_traffic_schedule-1] [INFO] [1786677080.107401041] [rmf_traffic_schedule_primary]: Registered participant [4] named [pinky_02] owned by [project1_pinky]
[python3-21] [INFO] [1786677080.112011750] [project1_pinky_fleet_adapter]: Added a robot named [pinky_02] with participant ID [4]
[python3-21] [INFO] [1786677080.113181607] [project1_pinky_fleet_adapter]: Successfully added robot [pinky_02] to the fleet [project1_pinky].
[python3-21] [INFO] [1786677080.113232789] [project1_pinky_fleet_adapter]: Charger waypoint for robot [project1_pinky/pinky_02] set to index [5]
[python3-21] [INFO] [1786677080.406729339] [project1_pinky_fleet_adapter]: Requesting new schedule update because update timed out
[python3-21] [INFO] [1786677080.406780946] [project1_pinky_fleet_adapter]: [rmf_traffic_ros2::MirrorManager::request_update] Requesting changes for query ID [1] since beginning of recorded history
[rmf_traffic_schedule-1] [INFO] [1786677080.420887451] [rmf_traffic_schedule_primary]: [ScheduleNode::update_mirrors] Sending remedial update starting from the beginning going to 8 for query 1
[python3-21] [INFO] [1786677083.114452304] [project1_pinky_fleet_adapter]: Adding robot [pinky_01] to fleet [project1_pinky].
[python3-21] [INFO] [1786677083.115914243] [project1_pinky_nav2_adapter]: [pinky_01] RMF 에 붙었습니다.
[rmf_traffic_schedule-1] [INFO] [1786677083.115824069] [rmf_traffic_schedule_primary]: Registered participant [5] named [pinky_01] owned by [project1_pinky]
[python3-21] [INFO] [1786677083.120370102] [project1_pinky_fleet_adapter]: Added a robot named [pinky_01] with participant ID [5]
[python3-21] [INFO] [1786677083.121308923] [project1_pinky_fleet_adapter]: Successfully added robot [pinky_01] to the fleet [project1_pinky].
[python3-21] [INFO] [1786677083.121366100] [project1_pinky_fleet_adapter]: Charger waypoint for robot [project1_pinky/pinky_01] set to index [4]
[ERROR] [python3-21]: process has died [pid 50990, exit code -11, cmd 'python3 /home/gyi/robosapiens/rmf_maps/project1/project1_nav2_adapter.py -c /home/gyi/robosapiens/rmf_maps/project1/project1_pinky_config.yaml -n /home/gyi/robosapiens/rmf_maps/project1/nav_graphs/0.yaml -s'].
[INFO] [python3-21]: process started with pid [51491]
[python3-21] [retreat_to_charger_interval] value is not provided, default to 10 seconds
[python3-21] Finishing request: nothing
[python3-21] Fleet is not configured to perform any finishing request
[python3-21] Maximum delay is not provided, default to 10.0
RMF↔Nav2 어댑터가 죽었다가 다시 떴습니다.
[python3-21] [INFO] [1786677091.675186567] [project1_pinky_fleet_adapter]: Parameter [discovery_timeout] set to: 60.000000
[rmf_traffic_schedule-1] [INFO] [1786677094.780682620] [rmf_traffic_schedule_primary]: A new mirror is tracking query ID [1]
[schedule_visualizer_node-4] [INFO] [1786677094.784503071] [schedule_data_node]: Mirror handling new sync of 1 queries from schedule node [fe7602a3-7947-43c3-bc42-082e2434d197]
[python3-21] [INFO] [1786677094.806354459] [project1_pinky_fleet_adapter]: Registering to query topic rmf_traffic/query_update_1
[python3-21] [INFO] [1786677095.303553266] [project1_pinky_fleet_adapter]: Mirror handling new sync of 1 queries from schedule node [fe7602a3-7947-43c3-bc42-082e2434d197]
[python3-21] [INFO] [1786677096.345410561] [project1_pinky_fleet_adapter]: Fleet [project1_pinky] is configured to perform delivery tasks
[python3-21] [INFO] [1786677096.345473337] [project1_pinky_fleet_adapter]: Fleet [project1_pinky] is configured to perform patrol tasks
[python3-21] [INFO] [1786677096.345562758] [project1_pinky_fleet_adapter]: Finished configuring Easy Full Control adapter for fleet [project1_pinky]
[python3-21] [INFO] [1786677096.440782708] [project1_pinky_nav2_adapter]: project1_pinky 를 Nav2 에 이었습니다. 로봇 2대, 0.10초마다 알립니다.
[schedule_visualizer_node-4] [INFO] [1786677100.421235602] [schedule_data_node]: Requesting new schedule update because update timed out
[schedule_visualizer_node-4] [INFO] [1786677100.421290806] [schedule_data_node]: [rmf_traffic_ros2::MirrorManager::request_update] Requesting changes for query ID [1] since version [8]
[python3-21] [INFO] [1786677114.817815017] [project1_pinky_fleet_adapter]: Requesting new schedule update because update timed out
[python3-21] [INFO] [1786677114.817879335] [project1_pinky_fleet_adapter]: [rmf_traffic_ros2::MirrorManager::request_update] Requesting changes for query ID [1] since beginning of recorded history
[rmf_traffic_schedule-1] [INFO] [1786677114.821010211] [rmf_traffic_schedule_primary]: [ScheduleNode::update_mirrors] Sending remedial update starting from the beginning going to 8 for query 1
[python3-21] [INFO] [1786677115.659494970] [project1_pinky_fleet_adapter]: Adding robot [pinky_02] to fleet [project1_pinky].
[rmf_traffic_schedule-1] [INFO] [1786677115.660947252] [rmf_traffic_schedule_primary]: Registered participant [4] named [pinky_02] owned by [project1_pinky]
[python3-21] [INFO] [1786677115.663101822] [project1_pinky_nav2_adapter]: [pinky_02] RMF 에 붙었습니다.
[python3-21] [INFO] [1786677115.667394762] [project1_pinky_fleet_adapter]: Added a robot named [pinky_02] with participant ID [4]
[python3-21] [INFO] [1786677115.668898905] [project1_pinky_fleet_adapter]: Successfully added robot [pinky_02] to the fleet [project1_pinky].
[python3-21] [INFO] [1786677115.668974430] [project1_pinky_fleet_adapter]: Charger waypoint for robot [project1_pinky/pinky_02] set to index [5]
[python3-21] [INFO] [1786677119.959579110] [project1_pinky_fleet_adapter]: Adding robot [pinky_01] to fleet [project1_pinky].
[python3-21] [INFO] [1786677119.960220541] [project1_pinky_nav2_adapter]: [pinky_01] RMF 에 붙었습니다.
[rmf_traffic_schedule-1] [INFO] [1786677119.960322440] [rmf_traffic_schedule_primary]: Registered participant [5] named [pinky_01] owned by [project1_pinky]
[python3-21] [INFO] [1786677119.966588626] [project1_pinky_fleet_adapter]: Added a robot named [pinky_01] with participant ID [5]
[python3-21] [INFO] [1786677119.968046181] [project1_pinky_fleet_adapter]: Successfully added robot [pinky_01] to the fleet [project1_pinky].
[python3-21] [INFO] [1786677119.968114342] [project1_pinky_fleet_adapter]: Charger waypoint for robot [project1_pinky/pinky_01] set to index [4]
[ERROR] [python3-21]: process has died [pid 51491, exit code -11, cmd 'python3 /home/gyi/robosapiens/rmf_maps/project1/project1_nav2_adapter.py -c /home/gyi/robosapiens/rmf_maps/project1/project1_pinky_config.yaml -n /home/gyi/robosapiens/rmf_maps/project1/nav_graphs/0.yaml -s'].
[rviz2-14] [INFO] [1786677124.541211256] [rviz2]: Message Filter dropping message: frame 'pinky_01/rplidar_link' at time 1.300 for reason 'the timestamp on the message is earlier than all the data in the transform cache'
[INFO] [python3-21]: process started with pid [52125]
[python3-21] [retreat_to_charger_interval] value is not provided, default to 10 seconds
[python3-21] Finishing request: nothing
[python3-21] Fleet is not configured to perform any finishing request
[python3-21] Maximum delay is not provided, default to 10.0
RMF↔Nav2 어댑터가 죽었다가 다시 떴습니다.
[python3-21] [INFO] [1786677127.989664420] [project1_pinky_fleet_adapter]: Parameter [discovery_timeout] set to: 60.000000
[rmf_traffic_schedule-1] [INFO] [1786677129.051663195] [rmf_traffic_schedule_primary]: A new mirror is tracking query ID [1]
[schedule_visualizer_node-4] [INFO] [1786677129.052849752] [schedule_data_node]: Mirror handling new sync of 1 queries from schedule node [fe7602a3-7947-43c3-bc42-082e2434d197]
[python3-21] [INFO] [1786677129.331461100] [project1_pinky_fleet_adapter]: Registering to query topic rmf_traffic/query_update_1
[python3-21] [INFO] [1786677129.545520371] [project1_pinky_fleet_adapter]: Mirror handling new sync of 1 queries from schedule node [fe7602a3-7947-43c3-bc42-082e2434d197]
[python3-21] [INFO] [1786677130.985599853] [project1_pinky_fleet_adapter]: Fleet [project1_pinky] is configured to perform delivery tasks
[python3-21] [INFO] [1786677130.985672410] [project1_pinky_fleet_adapter]: Fleet [project1_pinky] is configured to perform patrol tasks
[python3-21] [INFO] [1786677130.985712874] [project1_pinky_fleet_adapter]: Finished configuring Easy Full Control adapter for fleet [project1_pinky]
[python3-21] [INFO] [1786677131.151656073] [project1_pinky_nav2_adapter]: project1_pinky 를 Nav2 에 이었습니다. 로봇 2대, 0.10초마다 알립니다.
[schedule_visualizer_node-4] [INFO] [1786677134.821358001] [schedule_data_node]: Requesting new schedule update because update timed out
[schedule_visualizer_node-4] [INFO] [1786677134.821426893] [schedule_data_node]: [rmf_traffic_ros2::MirrorManager::request_update] Requesting changes for query ID [1] since version [8]
[python3-21] [INFO] [1786677149.351737941] [project1_pinky_fleet_adapter]: Requesting new schedule update because update timed out
[python3-21] [INFO] [1786677149.351829527] [project1_pinky_fleet_adapter]: [rmf_traffic_ros2::MirrorManager::request_update] Requesting changes for query ID [1] since beginning of recorded history
[rmf_traffic_schedule-1] [INFO] [1786677149.360869641] [rmf_traffic_schedule_primary]: [ScheduleNode::update_mirrors] Sending remedial update starting from the beginning going to 9 for query 1
[python3-21] [INFO] [1786677155.121289755] [project1_pinky_fleet_adapter]: Adding robot [pinky_02] to fleet [project1_pinky].
[python3-21] [INFO] [1786677155.122525119] [project1_pinky_nav2_adapter]: [pinky_02] RMF 에 붙었습니다.
[rmf_traffic_schedule-1] [INFO] [1786677155.122495573] [rmf_traffic_schedule_primary]: Registered participant [4] named [pinky_02] owned by [project1_pinky]
[python3-21] [INFO] [1786677155.129786773] [project1_pinky_fleet_adapter]: Added a robot named [pinky_02] with participant ID [4]
[python3-21] [INFO] [1786677155.131760489] [project1_pinky_fleet_adapter]: Successfully added robot [pinky_02] to the fleet [project1_pinky].
[python3-21] [INFO] [1786677155.131831520] [project1_pinky_fleet_adapter]: Charger waypoint for robot [project1_pinky/pinky_02] set to index [5]
[python3-21] [INFO] [1786677160.991329727] [project1_pinky_fleet_adapter]: Adding robot [pinky_01] to fleet [project1_pinky].
[rmf_traffic_schedule-1] [INFO] [1786677160.992258347] [rmf_traffic_schedule_primary]: Registered participant [5] named [pinky_01] owned by [project1_pinky]
[python3-21] [INFO] [1786677160.994371129] [project1_pinky_nav2_adapter]: [pinky_01] RMF 에 붙었습니다.
[python3-21] [INFO] [1786677160.999241046] [project1_pinky_fleet_adapter]: Added a robot named [pinky_01] with participant ID [5]
[python3-21] [INFO] [1786677161.002309081] [project1_pinky_fleet_adapter]: Successfully added robot [pinky_01] to the fleet [project1_pinky].
[python3-21] [INFO] [1786677161.002398745] [project1_pinky_fleet_adapter]: Charger waypoint for robot [project1_pinky/pinky_01] set to index [4]
[ERROR] [python3-21]: process has died [pid 52125, exit code -11, cmd 'python3 /home/gyi/robosapiens/rmf_maps/project1/project1_nav2_adapter.py -c /home/gyi/robosapiens/rmf_maps/project1/project1_pinky_config.yaml -n /home/gyi/robosapiens/rmf_maps/project1/nav_graphs/0.yaml -s'].
[INFO] [python3-21]: process started with pid [52902]
RMF↔Nav2 어댑터가 죽었다가 다시 떴습니다.
[schedule_visualizer_node-4] [INFO] [1786677169.361646421] [schedule_data_node]: Requesting new schedule update because update timed out
[schedule_visualizer_node-4] [INFO] [1786677169.361734749] [schedule_data_node]: [rmf_traffic_ros2::MirrorManager::request_update] Requesting changes for query ID [1] since version [9]
[python3-21] [retreat_to_charger_interval] value is not provided, default to 10 seconds
[python3-21] Finishing request: nothing
[python3-21] Fleet is not configured to perform any finishing request
[python3-21] Maximum delay is not provided, default to 10.0
[python3-21] [INFO] [1786677171.083732044] [project1_pinky_fleet_adapter]: Parameter [discovery_timeout] set to: 60.000000
[rmf_traffic_schedule-1] [INFO] [1786677172.965251033] [rmf_traffic_schedule_primary]: A new mirror is tracking query ID [1]
[schedule_visualizer_node-4] [INFO] [1786677172.968286494] [schedule_data_node]: Mirror handling new sync of 1 queries from schedule node [fe7602a3-7947-43c3-bc42-082e2434d197]
[python3-21] [INFO] [1786677173.109734978] [project1_pinky_fleet_adapter]: Registering to query topic rmf_traffic/query_update_1
[python3-21] [INFO] [1786677173.955199565] [project1_pinky_fleet_adapter]: Mirror handling new sync of 1 queries from schedule node [fe7602a3-7947-43c3-bc42-082e2434d197]
[python3-21] [INFO] [1786677175.034865074] [project1_pinky_fleet_adapter]: Fleet [project1_pinky] is configured to perform delivery tasks
[python3-21] [INFO] [1786677175.034941265] [project1_pinky_fleet_adapter]: Fleet [project1_pinky] is configured to perform patrol tasks
[python3-21] [INFO] [1786677175.034980684] [project1_pinky_fleet_adapter]: Finished configuring Easy Full Control adapter for fleet [project1_pinky]
[python3-21] [INFO] [1786677175.195760417] [project1_pinky_nav2_adapter]: project1_pinky 를 Nav2 에 이었습니다. 로봇 2대, 0.10초마다 알립니다.
[schedule_visualizer_node-4] [INFO] [1786677189.361285163] [schedule_data_node]: Requesting new schedule update because update timed out
[schedule_visualizer_node-4] [INFO] [1786677189.361358391] [schedule_data_node]: [rmf_traffic_ros2::MirrorManager::request_update] Requesting changes for query ID [1] since beginning of recorded history
[rmf_traffic_schedule-1] [INFO] [1786677189.370934781] [rmf_traffic_schedule_primary]: [ScheduleNode::update_mirrors] Sending remedial update starting from the beginning going to 10 for query 1
[python3-21] [INFO] [1786677209.373345425] [project1_pinky_fleet_adapter]: Requesting new schedule update because update timed out
[python3-21] [INFO] [1786677209.373455906] [project1_pinky_fleet_adapter]: [rmf_traffic_ros2::MirrorManager::request_update] Requesting changes for query ID [1] since version [10]
[schedule_visualizer_node-4] [INFO] [1786677209.374168450] [schedule_data_node]: Requesting new schedule update because update timed out
[schedule_visualizer_node-4] [INFO] [1786677209.374241026] [schedule_data_node]: [rmf_traffic_ros2::MirrorManager::request_update] Requesting changes for query ID [1] since version [10]
[python3-21] [INFO] [1786677212.139990766] [project1_pinky_fleet_adapter]: Adding robot [pinky_02] to fleet [project1_pinky].
[rmf_traffic_schedule-1] [INFO] [1786677212.141463464] [rmf_traffic_schedule_primary]: Registered participant [4] named [pinky_02] owned by [project1_pinky]
[python3-21] [INFO] [1786677212.141810466] [project1_pinky_nav2_adapter]: [pinky_02] RMF 에 붙었습니다.
[python3-21] [INFO] [1786677212.149576329] [project1_pinky_fleet_adapter]: Added a robot named [pinky_02] with participant ID [4]
[python3-21] [INFO] [1786677212.151067319] [project1_pinky_fleet_adapter]: Successfully added robot [pinky_02] to the fleet [project1_pinky].
[python3-21] [INFO] [1786677212.151130481] [project1_pinky_fleet_adapter]: Charger waypoint for robot [project1_pinky/pinky_02] set to index [5]
[python3-21] [INFO] [1786677218.862646053] [project1_pinky_fleet_adapter]: Adding robot [pinky_01] to fleet [project1_pinky].
[python3-21] [INFO] [1786677218.863999800] [project1_pinky_nav2_adapter]: [pinky_01] RMF 에 붙었습니다.
[rmf_traffic_schedule-1] [INFO] [1786677218.863772871] [rmf_traffic_schedule_primary]: Registered participant [5] named [pinky_01] owned by [project1_pinky]
[python3-21] [INFO] [1786677218.872145014] [project1_pinky_fleet_adapter]: Added a robot named [pinky_01] with participant ID [5]
[python3-21] [INFO] [1786677218.873618406] [project1_pinky_fleet_adapter]: Successfully added robot [pinky_01] to the fleet [project1_pinky].
[python3-21] [INFO] [1786677218.873710241] [project1_pinky_fleet_adapter]: Charger waypoint for robot [project1_pinky/pinky_01] set to index [4]
[ERROR] [python3-21]: process has died [pid 52902, exit code -11, cmd 'python3 /home/gyi/robosapiens/rmf_maps/project1/project1_nav2_adapter.py -c /home/gyi/robosapiens/rmf_maps/project1/project1_pinky_config.yaml -n /home/gyi/robosapiens/rmf_maps/project1/nav_graphs/0.yaml -s'].
[schedule_visualizer_node-4] [INFO] [1786677229.373497735] [schedule_data_node]: Requesting new schedule update because update timed out
[schedule_visualizer_node-4] [INFO] [1786677229.373568738] [schedule_data_node]: [rmf_traffic_ros2::MirrorManager::request_update] Requesting changes for query ID [1] since beginning of recorded history
[rmf_traffic_schedule-1] [INFO] [1786677229.381030295] [rmf_traffic_schedule_primary]: [ScheduleNode::update_mirrors] Sending remedial update starting from the beginning going to 10 for query 1
[schedule_visualizer_node-4] [INFO] [1786677249.385104444] [schedule_data_node]: Requesting new schedule update because update timed out
[schedule_visualizer_node-4] [INFO] [1786677249.385172128] [schedule_data_node]: [rmf_traffic_ros2::MirrorManager::request_update] Requesting changes for query ID [1] since version [10]

RMF↔Nav2 어댑터가 죽었고 다시 뜨지도 않았습니다.
이제 RMF 는 주문을 받지 못하고, RViz 에서는 경로와 로봇이 사라집니다 —
그 둘을 내는 /nav_graphs · /fleet_states 가 이 어댑터에서만 나옵니다.
Gazebo 와 Nav2 는 그대로 살아 있어 토픽은 계속 옵니다. 그래서 겉으로는
멀쩡해 보입니다.

가장 흔한 원인은 로봇 ID 입니다. RMF 가 ID 로 토픽을 만드는데
(rmf/dynamic_event/begin/<플릿>/<로봇>) 영문·숫자·밑줄만 쓸 수 있습니다.
하이픈이 들어간 ID 는 로봇을 플릿에 붙이는 순간 어댑터를 죽입니다.

무엇이 있었는지: /home/gyi/robosapiens/rmf_maps/project1/project1.log
오류만 모은 것: /home/gyi/robosapiens/rmf_maps/project1/project1.err.log
[schedule_visualizer_node-4] [INFO] [1786677269.384962662] [schedule_data_node]: Requesting new schedule update because update timed out
[schedule_visualizer_node-4] [INFO] [1786677269.385018347] [schedule_data_node]: [rmf_traffic_ros2::MirrorManager::request_update] Requesting changes for query ID [1] since beginning of recorded history
[rmf_traffic_schedule-1] [INFO] [1786677269.390814021] [rmf_traffic_schedule_primary]: [ScheduleNode::update_mirrors] Sending remedial update starting from the beginning going to 11 for query 1
[schedule_visualizer_node-4] [INFO] [1786677289.394894994] [schedule_data_node]: Requesting new schedule update because update timed out
[schedule_visualizer_node-4] [INFO] [1786677289.394956555] [schedule_data_node]: [rmf_traffic_ros2::MirrorManager::request_update] Requesting changes for query ID [1] since version [11]
[schedule_visualizer_node-4] [INFO] [1786677309.394890382] [schedule_data_node]: Requesting new schedule update because update timed out
[schedule_visualizer_node-4] [INFO] [1786677309.394955350] [schedule_data_node]: [rmf_traffic_ros2::MirrorManager::request_update] Requesting changes for query ID [1] since beginning of recorded history
[rmf_traffic_schedule-1] [INFO] [1786677309.400856275] [rmf_traffic_schedule_primary]: [ScheduleNode::update_mirrors] Sending remedial update starting from the beginning going to 12 for query 1
[schedule_visualizer_node-4] [INFO] [1786677329.403132336] [schedule_data_node]: Requesting new schedule update because update timed out
[schedule_visualizer_node-4] [INFO] [1786677329.403194924] [schedule_data_node]: [rmf_traffic_ros2::MirrorManager::request_update] Requesting changes for query ID [1] since version [12]
[schedule_visualizer_node-4] [INFO] [1786677349.403145117] [schedule_data_node]: Requesting new schedule update because update timed out
[schedule_visualizer_node-4] [INFO] [1786677349.403198884] [schedule_data_node]: [rmf_traffic_ros2::MirrorManager::request_update] Requesting changes for query ID [1] since beginning of recorded history
[rmf_traffic_schedule-1] [INFO] [1786677349.416924700] [rmf_traffic_schedule_primary]: [ScheduleNode::update_mirrors] Sending remedial update starting from the beginning going to 12 for query 1
[schedule_visualizer_node-4] [INFO] [1786677369.417970820] [schedule_data_node]: Requesting new schedule update because update timed out
[schedule_visualizer_node-4] [INFO] [1786677369.418051562] [schedule_data_node]: [rmf_traffic_ros2::MirrorManager::request_update] Requesting changes for query ID [1] since version [12]
[schedule_visualizer_node-4] [INFO] [1786677389.417958244] [schedule_data_node]: Requesting new schedule update because update timed out
[schedule_visualizer_node-4] [INFO] [1786677389.418036251] [schedule_data_node]: [rmf_traffic_ros2::MirrorManager::request_update] Requesting changes for query ID [1] since beginning of recorded history
[rmf_traffic_schedule-1] [INFO] [1786677389.420909043] [rmf_traffic_schedule_primary]: [ScheduleNode::update_mirrors] Sending remedial update starting from the beginning going to 13 for query 1
[schedule_visualizer_node-4] [INFO] [1786677409.434459658] [schedule_data_node]: Requesting new schedule update because update timed out
[schedule_visualizer_node-4] [INFO] [1786677409.434849361] [schedule_data_node]: [rmf_traffic_ros2::MirrorManager::request_update] Requesting changes for query ID [1] since version [13]
[schedule_visualizer_node-4] [INFO] [1786677429.435325072] [schedule_data_node]: Requesting new schedule update because update timed out
[schedule_visualizer_node-4] [INFO] [1786677429.435419610] [schedule_data_node]: [rmf_traffic_ros2::MirrorManager::request_update] Requesting changes for query ID [1] since beginning of recorded history
[rmf_traffic_schedule-1] [INFO] [1786677429.440971898] [rmf_traffic_schedule_primary]: [ScheduleNode::update_mirrors] Sending remedial update starting from the beginning going to 14 for query 1
[schedule_visualizer_node-4] [INFO] [1786677449.468064735] [schedule_data_node]: Requesting new schedule update because update timed out
[schedule_visualizer_node-4] [INFO] [1786677449.468127083] [schedule_data_node]: [rmf_traffic_ros2::MirrorManager::request_update] Requesting changes for query ID [1] since version [14]
[schedule_visualizer_node-4] [INFO] [1786677469.468005725] [schedule_data_node]: Requesting new schedule update because update timed out
[schedule_visualizer_node-4] [INFO] [1786677469.468065177] [schedule_data_node]: [rmf_traffic_ros2::MirrorManager::request_update] Requesting changes for query ID [1] since beginning of recorded history
[rmf_traffic_schedule-1] [INFO] [1786677469.471113280] [rmf_traffic_schedule_primary]: [ScheduleNode::update_mirrors] Sending remedial update starting from the beginning going to 14 for query 1
[schedule_visualizer_node-4] [INFO] [1786677489.478737951] [schedule_data_node]: Requesting new schedule update because update timed out
[schedule_visualizer_node-4] [INFO] [1786677489.478789751] [schedule_data_node]: [rmf_traffic_ros2::MirrorManager::request_update] Requesting changes for query ID [1] since version [14]
[schedule_visualizer_node-4] [INFO] [1786677509.478774554] [schedule_data_node]: Requesting new schedule update because update timed out
[schedule_visualizer_node-4] [INFO] [1786677509.478841226] [schedule_data_node]: [rmf_traffic_ros2::MirrorManager::request_update] Requesting changes for query ID [1] since beginning of recorded history
[rmf_traffic_schedule-1] [INFO] [1786677509.480770598] [rmf_traffic_schedule_primary]: [ScheduleNode::update_mirrors] Sending remedial update starting from the beginning going to 15 for query 1
[schedule_visualizer_node-4] [INFO] [1786677529.488119957] [schedule_data_node]: Requesting new schedule update because update timed out
[schedule_visualizer_node-4] [INFO] [1786677529.488175804] [schedule_data_node]: [rmf_traffic_ros2::MirrorManager::request_update] Requesting changes for query ID [1] since version [15]
[schedule_visualizer_node-4] [INFO] [1786677549.488087029] [schedule_data_node]: Requesting new schedule update because update timed out
[schedule_visualizer_node-4] [INFO] [1786677549.488145891] [schedule_data_node]: [rmf_traffic_ros2::MirrorManager::request_update] Requesting changes for query ID [1] since beginning of recorded history
[rmf_traffic_schedule-1] [INFO] [1786677549.491354102] [rmf_traffic_schedule_primary]: [ScheduleNode::update_mirrors] Sending remedial update starting from the beginning going to 16 for query 1
[schedule_visualizer_node-4] [INFO] [1786677569.498645868] [schedule_data_node]: Requesting new schedule update because update timed out
[schedule_visualizer_node-4] [INFO] [1786677569.498714564] [schedule_data_node]: [rmf_traffic_ros2::MirrorManager::request_update] Requesting changes for query ID [1] since version [16]
[schedule_visualizer_node-4] [INFO] [1786677589.497510059] [schedule_data_node]: Requesting new schedule update because update timed out
[schedule_visualizer_node-4] [INFO] [1786677589.497566529] [schedule_data_node]: [rmf_traffic_ros2::MirrorManager::request_update] Requesting changes for query ID [1] since beginning of recorded history
[rmf_traffic_schedule-1] [INFO] [1786677589.500880156] [rmf_traffic_schedule_primary]: [ScheduleNode::update_mirrors] Sending remedial update starting from the beginning going to 16 for query 1
[schedule_visualizer_node-4] [INFO] [1786677609.507823560] [schedule_data_node]: Requesting new schedule update because update timed out
[schedule_visualizer_node-4] [INFO] [1786677609.507951931] [schedule_data_node]: [rmf_traffic_ros2::MirrorManager::request_update] Requesting changes for query ID [1] since version [16]
[schedule_visualizer_node-4] [INFO] [1786677629.507697866] [schedule_data_node]: Requesting new schedule update because update timed out
[schedule_visualizer_node-4] [INFO] [1786677629.507758511] [schedule_data_node]: [rmf_traffic_ros2::MirrorManager::request_update] Requesting changes for query ID [1] since beginning of recorded history
[rmf_traffic_schedule-1] [INFO] [1786677629.512379970] [rmf_traffic_schedule_primary]: [ScheduleNode::update_mirrors] Sending remedial update starting from the beginning going to 17 for query 1
[schedule_visualizer_node-4] [INFO] [1786677649.521372544] [schedule_data_node]: Requesting new schedule update because update timed out
[schedule_visualizer_node-4] [INFO] [1786677649.521438847] [schedule_data_node]: [rmf_traffic_ros2::MirrorManager::request_update] Requesting changes for query ID [1] since version [17]
[schedule_visualizer_node-4] [INFO] [1786677669.521657800] [schedule_data_node]: Requesting new schedule update because update timed out
[schedule_visualizer_node-4] [INFO] [1786677669.521748574] [schedule_data_node]: [rmf_traffic_ros2::MirrorManager::request_update] Requesting changes for query ID [1] since beginning of recorded history
[rmf_traffic_schedule-1] [INFO] [1786677669.530930760] [rmf_traffic_schedule_primary]: [ScheduleNode::update_mirrors] Sending remedial update starting from the beginning going to 18 for query 1
[schedule_visualizer_node-4] [INFO] [1786677689.579101924] [schedule_data_node]: Requesting new schedule update because update timed out
[schedule_visualizer_node-4] [INFO] [1786677689.579963626] [schedule_data_node]: [rmf_traffic_ros2::MirrorManager::request_update] Requesting changes for query ID [1] since version [18]
[schedule_visualizer_node-4] [INFO] [1786677709.579086468] [schedule_data_node]: Requesting new schedule update because update timed out
[schedule_visualizer_node-4] [INFO] [1786677709.579158367] [schedule_data_node]: [rmf_traffic_ros2::MirrorManager::request_update] Requesting changes for query ID [1] since beginning of recorded history
[rmf_traffic_schedule-1] [INFO] [1786677709.583127359] [rmf_traffic_schedule_primary]: [ScheduleNode::update_mirrors] Sending remedial update starting from the beginning going to 18 for query 1
[schedule_visualizer_node-4] [INFO] [1786677729.601314932] [schedule_data_node]: Requesting new schedule update because update timed out
[schedule_visualizer_node-4] [INFO] [1786677729.601391186] [schedule_data_node]: [rmf_traffic_ros2::MirrorManager::request_update] Requesting changes for query ID [1] since version [18]
[schedule_visualizer_node-4] [INFO] [1786677749.601299984] [schedule_data_node]: Requesting new schedule update because update timed out
[schedule_visualizer_node-4] [INFO] [1786677749.601392307] [schedule_data_node]: [rmf_traffic_ros2::MirrorManager::request_update] Requesting changes for query ID [1] since beginning of recorded history
[rmf_traffic_schedule-1] [INFO] [1786677749.610815754] [rmf_traffic_schedule_primary]: [ScheduleNode::update_mirrors] Sending remedial update starting from the beginning going to 19 for query 1
[schedule_visualizer_node-4] [INFO] [1786677769.616645639] [schedule_data_node]: Requesting new schedule update because update timed out
[schedule_visualizer_node-4] [INFO] [1786677769.616725072] [schedule_data_node]: [rmf_traffic_ros2::MirrorManager::request_update] Requesting changes for query ID [1] since version [19]
[INFO] [rviz2-14]: process has finished cleanly [pid 48166]
[INFO] [gazebo-2]: process has finished cleanly [pid 47273]
[schedule_visualizer_node-4] [INFO] [1786677789.611263066] [schedule_data_node]: Requesting new schedule update because update timed out
[schedule_visualizer_node-4] [INFO] [1786677789.611347568] [schedule_data_node]: [rmf_traffic_ros2::MirrorManager::request_update] Requesting changes for query ID [1] since beginning of recorded history
[rmf_traffic_schedule-1] [INFO] [1786677789.621328217] [rmf_traffic_schedule_primary]: [ScheduleNode::update_mirrors] Sending remedial update starting from the beginning going to 20 for query 1
[schedule_visualizer_node-4] [INFO] [1786677809.653751177] [schedule_data_node]: Requesting new schedule update because update timed out
[schedule_visualizer_node-4] [INFO] [1786677809.653816329] [schedule_data_node]: [rmf_traffic_ros2::MirrorManager::request_update] Requesting changes for query ID [1] since version [20]
[schedule_visualizer_node-4] [INFO] [1786677829.653760429] [schedule_data_node]: Requesting new schedule update because update timed out
[schedule_visualizer_node-4] [INFO] [1786677829.653813520] [schedule_data_node]: [rmf_traffic_ros2::MirrorManager::request_update] Requesting changes for query ID [1] since beginning of recorded history
[rmf_traffic_schedule-1] [INFO] [1786677829.660980932] [rmf_traffic_schedule_primary]: [ScheduleNode::update_mirrors] Sending remedial update starting from the beginning going to 20 for query 1
[schedule_visualizer_node-4] [INFO] [1786677849.663034721] [schedule_data_node]: Requesting new schedule update because update timed out
[schedule_visualizer_node-4] [INFO] [1786677849.663081122] [schedule_data_node]: [rmf_traffic_ros2::MirrorManager::request_update] Requesting changes for query ID [1] since version [20]
[schedule_visualizer_node-4] [INFO] [1786677869.663066666] [schedule_data_node]: Requesting new schedule update because update timed out
[schedule_visualizer_node-4] [INFO] [1786677869.663108874] [schedule_data_node]: [rmf_traffic_ros2::MirrorManager::request_update] Requesting changes for query ID [1] since beginning of recorded history
[rmf_traffic_schedule-1] [INFO] [1786677869.670762779] [rmf_traffic_schedule_primary]: [ScheduleNode::update_mirrors] Sending remedial update starting from the beginning going to 21 for query 1
[schedule_visualizer_node-4] [INFO] [1786677889.671088712] [schedule_data_node]: Requesting new schedule update because update timed out
[schedule_visualizer_node-4] [INFO] [1786677889.671131638] [schedule_data_node]: [rmf_traffic_ros2::MirrorManager::request_update] Requesting changes for query ID [1] since version [21]
[schedule_visualizer_node-4] [INFO] [1786677909.671042406] [schedule_data_node]: Requesting new schedule update because update timed out
[schedule_visualizer_node-4] [INFO] [1786677909.671085784] [schedule_data_node]: [rmf_traffic_ros2::MirrorManager::request_update] Requesting changes for query ID [1] since beginning of recorded history
[rmf_traffic_schedule-1] [INFO] [1786677909.680770357] [rmf_traffic_schedule_primary]: [ScheduleNode::update_mirrors] Sending remedial update starting from the beginning going to 22 for query 1
[schedule_visualizer_node-4] [INFO] [1786677929.681002428] [schedule_data_node]: Requesting new schedule update because update timed out
[schedule_visualizer_node-4] [INFO] [1786677929.681043413] [schedule_data_node]: [rmf_traffic_ros2::MirrorManager::request_update] Requesting changes for query ID [1] since version [22]
[schedule_visualizer_node-4] [INFO] [1786677949.681002522] [schedule_data_node]: Requesting new schedule update because update timed out
[schedule_visualizer_node-4] [INFO] [1786677949.681046829] [schedule_data_node]: [rmf_traffic_ros2::MirrorManager::request_update] Requesting changes for query ID [1] since beginning of recorded history
[rmf_traffic_schedule-1] [INFO] [1786677949.690763757] [rmf_traffic_schedule_primary]: [ScheduleNode::update_mirrors] Sending remedial update starting from the beginning going to 22 for query 1
[schedule_visualizer_node-4] [INFO] [1786677969.691028858] [schedule_data_node]: Requesting new schedule update because update timed out
[schedule_visualizer_node-4] [INFO] [1786677969.691070695] [schedule_data_node]: [rmf_traffic_ros2::MirrorManager::request_update] Requesting changes for query ID [1] since version [22]
[schedule_visualizer_node-4] [INFO] [1786677989.691034017] [schedule_data_node]: Requesting new schedule update because update timed out
[schedule_visualizer_node-4] [INFO] [1786677989.691080003] [schedule_data_node]: [rmf_traffic_ros2::MirrorManager::request_update] Requesting changes for query ID [1] since beginning of recorded history
[rmf_traffic_schedule-1] [INFO] [1786677989.700764895] [rmf_traffic_schedule_primary]: [ScheduleNode::update_mirrors] Sending remedial update starting from the beginning going to 23 for query 1
[schedule_visualizer_node-4] [INFO] [1786678009.701032605] [schedule_data_node]: Requesting new schedule update because update timed out
[schedule_visualizer_node-4] [INFO] [1786678009.701074413] [schedule_data_node]: [rmf_traffic_ros2::MirrorManager::request_update] Requesting changes for query ID [1] since version [23]
[schedule_visualizer_node-4] [INFO] [1786678029.701056939] [schedule_data_node]: Requesting new schedule update because update timed out
[schedule_visualizer_node-4] [INFO] [1786678029.701102660] [schedule_data_node]: [rmf_traffic_ros2::MirrorManager::request_update] Requesting changes for query ID [1] since beginning of recorded history
[rmf_traffic_schedule-1] [INFO] [1786678029.710807099] [rmf_traffic_schedule_primary]: [ScheduleNode::update_mirrors] Sending remedial update starting from the beginning going to 24 for query 1
[schedule_visualizer_node-4] [INFO] [1786678049.711060752] [schedule_data_node]: Requesting new schedule update because update timed out
[schedule_visualizer_node-4] [INFO] [1786678049.711105774] [schedule_data_node]: [rmf_traffic_ros2::MirrorManager::request_update] Requesting changes for query ID [1] since version [24]
[schedule_visualizer_node-4] [INFO] [1786678069.711097704] [schedule_data_node]: Requesting new schedule update because update timed out
[schedule_visualizer_node-4] [INFO] [1786678069.711128147] [schedule_data_node]: [rmf_traffic_ros2::MirrorManager::request_update] Requesting changes for query ID [1] since beginning of recorded history
[rmf_traffic_schedule-1] [INFO] [1786678069.720757788] [rmf_traffic_schedule_primary]: [ScheduleNode::update_mirrors] Sending remedial update starting from the beginning going to 24 for query 1
[schedule_visualizer_node-4] [INFO] [1786678089.721015587] [schedule_data_node]: Requesting new schedule update because update timed out
[schedule_visualizer_node-4] [INFO] [1786678089.721058725] [schedule_data_node]: [rmf_traffic_ros2::MirrorManager::request_update] Requesting changes for query ID [1] since version [24]
[schedule_visualizer_node-4] [INFO] [1786678109.721000344] [schedule_data_node]: Requesting new schedule update because update timed out
[schedule_visualizer_node-4] [INFO] [1786678109.721046415] [schedule_data_node]: [rmf_traffic_ros2::MirrorManager::request_update] Requesting changes for query ID [1] since beginning of recorded history
[rmf_traffic_schedule-1] [INFO] [1786678109.730881921] [rmf_traffic_schedule_primary]: [ScheduleNode::update_mirrors] Sending remedial update starting from the beginning going to 25 for query 1
[schedule_visualizer_node-4] [INFO] [1786678129.731129609] [schedule_data_node]: Requesting new schedule update because update timed out
[schedule_visualizer_node-4] [INFO] [1786678129.731162541] [schedule_data_node]: [rmf_traffic_ros2::MirrorManager::request_update] Requesting changes for query ID [1] since version [25]
[schedule_visualizer_node-4] [INFO] [1786678149.731120603] [schedule_data_node]: Requesting new schedule update because update timed out
[schedule_visualizer_node-4] [INFO] [1786678149.731162719] [schedule_data_node]: [rmf_traffic_ros2::MirrorManager::request_update] Requesting changes for query ID [1] since beginning of recorded history
[rmf_traffic_schedule-1] [INFO] [1786678149.740755372] [rmf_traffic_schedule_primary]: [ScheduleNode::update_mirrors] Sending remedial update starting from the beginning going to 26 for query 1
[schedule_visualizer_node-4] [INFO] [1786678169.741007937] [schedule_data_node]: Requesting new schedule update because update timed out
[schedule_visualizer_node-4] [INFO] [1786678169.741053730] [schedule_data_node]: [rmf_traffic_ros2::MirrorManager::request_update] Requesting changes for query ID [1] since version [26]
[schedule_visualizer_node-4] [INFO] [1786678189.740996596] [schedule_data_node]: Requesting new schedule update because update timed out
[schedule_visualizer_node-4] [INFO] [1786678189.741038571] [schedule_data_node]: [rmf_traffic_ros2::MirrorManager::request_update] Requesting changes for query ID [1] since beginning of recorded history
[rmf_traffic_schedule-1] [INFO] [1786678189.750788572] [rmf_traffic_schedule_primary]: [ScheduleNode::update_mirrors] Sending remedial update starting from the beginning going to 26 for query 1
[schedule_visualizer_node-4] [INFO] [1786678209.751057788] [schedule_data_node]: Requesting new schedule update because update timed out
[schedule_visualizer_node-4] [INFO] [1786678209.751092460] [schedule_data_node]: [rmf_traffic_ros2::MirrorManager::request_update] Requesting changes for query ID [1] since version [26]
[schedule_visualizer_node-4] [INFO] [1786678229.751083868] [schedule_data_node]: Requesting new schedule update because update timed out
[schedule_visualizer_node-4] [INFO] [1786678229.751125997] [schedule_data_node]: [rmf_traffic_ros2::MirrorManager::request_update] Requesting changes for query ID [1] since beginning of recorded history
[rmf_traffic_schedule-1] [INFO] [1786678229.760753463] [rmf_traffic_schedule_primary]: [ScheduleNode::update_mirrors] Sending remedial update starting from the beginning going to 27 for query 1
[schedule_visualizer_node-4] [INFO] [1786678249.761035197] [schedule_data_node]: Requesting new schedule update because update timed out
[schedule_visualizer_node-4] [INFO] [1786678249.761078417] [schedule_data_node]: [rmf_traffic_ros2::MirrorManager::request_update] Requesting changes for query ID [1] since version [27]
[schedule_visualizer_node-4] [INFO] [1786678269.761052924] [schedule_data_node]: Requesting new schedule update because update timed out
[schedule_visualizer_node-4] [INFO] [1786678269.761097750] [schedule_data_node]: [rmf_traffic_ros2::MirrorManager::request_update] Requesting changes for query ID [1] since beginning of recorded history
[rmf_traffic_schedule-1] [INFO] [1786678269.770749587] [rmf_traffic_schedule_primary]: [ScheduleNode::update_mirrors] Sending remedial update starting from the beginning going to 28 for query 1
[schedule_visualizer_node-4] [INFO] [1786678289.770968157] [schedule_data_node]: Requesting new schedule update because update timed out
[schedule_visualizer_node-4] [INFO] [1786678289.771040277] [schedule_data_node]: [rmf_traffic_ros2::MirrorManager::request_update] Requesting changes for query ID [1] since version [28]
[schedule_visualizer_node-4] [INFO] [1786678309.771031539] [schedule_data_node]: Requesting new schedule update because update timed out
[schedule_visualizer_node-4] [INFO] [1786678309.771077880] [schedule_data_node]: [rmf_traffic_ros2::MirrorManager::request_update] Requesting changes for query ID [1] since beginning of recorded history
[rmf_traffic_schedule-1] [INFO] [1786678309.780744181] [rmf_traffic_schedule_primary]: [ScheduleNode::update_mirrors] Sending remedial update starting from the beginning going to 28 for query 1
[schedule_visualizer_node-4] [INFO] [1786678329.781029869] [schedule_data_node]: Requesting new schedule update because update timed out
[schedule_visualizer_node-4] [INFO] [1786678329.781073507] [schedule_data_node]: [rmf_traffic_ros2::MirrorManager::request_update] Requesting changes for query ID [1] since version [28]
[schedule_visualizer_node-4] [INFO] [1786678349.781010566] [schedule_data_node]: Requesting new schedule update because update timed out
[schedule_visualizer_node-4] [INFO] [1786678349.781051226] [schedule_data_node]: [rmf_traffic_ros2::MirrorManager::request_update] Requesting changes for query ID [1] since beginning of recorded history
[rmf_traffic_schedule-1] [INFO] [1786678349.790765916] [rmf_traffic_schedule_primary]: [ScheduleNode::update_mirrors] Sending remedial update starting from the beginning going to 29 for query 1
[schedule_visualizer_node-4] [INFO] [1786678369.791023378] [schedule_data_node]: Requesting new schedule update because update timed out
[schedule_visualizer_node-4] [INFO] [1786678369.791063102] [schedule_data_node]: [rmf_traffic_ros2::MirrorManager::request_update] Requesting changes for query ID [1] since version [29]
[schedule_visualizer_node-4] [INFO] [1786678389.790989297] [schedule_data_node]: Requesting new schedule update because update timed out
[schedule_visualizer_node-4] [INFO] [1786678389.791025121] [schedule_data_node]: [rmf_traffic_ros2::MirrorManager::request_update] Requesting changes for query ID [1] since beginning of recorded history
[rmf_traffic_schedule-1] [INFO] [1786678389.800773413] [rmf_traffic_schedule_primary]: [ScheduleNode::update_mirrors] Sending remedial update starting from the beginning going to 30 for query 1
[schedule_visualizer_node-4] [INFO] [1786678409.800984477] [schedule_data_node]: Requesting new schedule update because update timed out
[schedule_visualizer_node-4] [INFO] [1786678409.801016717] [schedule_data_node]: [rmf_traffic_ros2::MirrorManager::request_update] Requesting changes for query ID [1] since version [30]
[schedule_visualizer_node-4] [INFO] [1786678429.801041736] [schedule_data_node]: Requesting new schedule update because update timed out
[schedule_visualizer_node-4] [INFO] [1786678429.801076880] [schedule_data_node]: [rmf_traffic_ros2::MirrorManager::request_update] Requesting changes for query ID [1] since beginning of recorded history
[rmf_traffic_schedule-1] [INFO] [1786678429.810753170] [rmf_traffic_schedule_primary]: [ScheduleNode::update_mirrors] Sending remedial update starting from the beginning going to 30 for query 1
[schedule_visualizer_node-4] [INFO] [1786678449.811022034] [schedule_data_node]: Requesting new schedule update because update timed out
[schedule_visualizer_node-4] [INFO] [1786678449.811063560] [schedule_data_node]: [rmf_traffic_ros2::MirrorManager::request_update] Requesting changes for query ID [1] since version [30]
[schedule_visualizer_node-4] [INFO] [1786678469.811063066] [schedule_data_node]: Requesting new schedule update because update timed out
[schedule_visualizer_node-4] [INFO] [1786678469.811104816] [schedule_data_node]: [rmf_traffic_ros2::MirrorManager::request_update] Requesting changes for query ID [1] since beginning of recorded history
[rmf_traffic_schedule-1] [INFO] [1786678469.820762365] [rmf_traffic_schedule_primary]: [ScheduleNode::update_mirrors] Sending remedial update starting from the beginning going to 31 for query 1
[schedule_visualizer_node-4] [INFO] [1786678489.821044262] [schedule_data_node]: Requesting new schedule update because update timed out
[schedule_visualizer_node-4] [INFO] [1786678489.821085998] [schedule_data_node]: [rmf_traffic_ros2::MirrorManager::request_update] Requesting changes for query ID [1] since version [31]
[schedule_visualizer_node-4] [INFO] [1786678509.821023164] [schedule_data_node]: Requesting new schedule update because update timed out
[schedule_visualizer_node-4] [INFO] [1786678509.821063805] [schedule_data_node]: [rmf_traffic_ros2::MirrorManager::request_update] Requesting changes for query ID [1] since beginning of recorded history
[rmf_traffic_schedule-1] [INFO] [1786678509.830762292] [rmf_traffic_schedule_primary]: [ScheduleNode::update_mirrors] Sending remedial update starting from the beginning going to 32 for query 1
[schedule_visualizer_node-4] [INFO] [1786678529.830934996] [schedule_data_node]: Requesting new schedule update because update timed out
[schedule_visualizer_node-4] [INFO] [1786678529.830971881] [schedule_data_node]: [rmf_traffic_ros2::MirrorManager::request_update] Requesting changes for query ID [1] since version [32]
[schedule_visualizer_node-4] [INFO] [1786678549.830953494] [schedule_data_node]: Requesting new schedule update because update timed out
[schedule_visualizer_node-4] [INFO] [1786678549.831000134] [schedule_data_node]: [rmf_traffic_ros2::MirrorManager::request_update] Requesting changes for query ID [1] since beginning of recorded history
[rmf_traffic_schedule-1] [INFO] [1786678549.840771635] [rmf_traffic_schedule_primary]: [ScheduleNode::update_mirrors] Sending remedial update starting from the beginning going to 32 for query 1
[schedule_visualizer_node-4] [INFO] [1786678569.840993731] [schedule_data_node]: Requesting new schedule update because update timed out
[schedule_visualizer_node-4] [INFO] [1786678569.841030746] [schedule_data_node]: [rmf_traffic_ros2::MirrorManager::request_update] Requesting changes for query ID [1] since version [32]
[schedule_visualizer_node-4] [INFO] [1786678589.841006004] [schedule_data_node]: Requesting new schedule update because update timed out
[schedule_visualizer_node-4] [INFO] [1786678589.841046720] [schedule_data_node]: [rmf_traffic_ros2::MirrorManager::request_update] Requesting changes for query ID [1] since beginning of recorded history
[rmf_traffic_schedule-1] [INFO] [1786678589.850760395] [rmf_traffic_schedule_primary]: [ScheduleNode::update_mirrors] Sending remedial update starting from the beginning going to 33 for query 1
[schedule_visualizer_node-4] [INFO] [1786678609.851017655] [schedule_data_node]: Requesting new schedule update because update timed out
[schedule_visualizer_node-4] [INFO] [1786678609.851063909] [schedule_data_node]: [rmf_traffic_ros2::MirrorManager::request_update] Requesting changes for query ID [1] since version [33]
[schedule_visualizer_node-4] [INFO] [1786678629.851028055] [schedule_data_node]: Requesting new schedule update because update timed out
[schedule_visualizer_node-4] [INFO] [1786678629.851069681] [schedule_data_node]: [rmf_traffic_ros2::MirrorManager::request_update] Requesting changes for query ID [1] since beginning of recorded history
[rmf_traffic_schedule-1] [INFO] [1786678629.860759161] [rmf_traffic_schedule_primary]: [ScheduleNode::update_mirrors] Sending remedial update starting from the beginning going to 34 for query 1
[schedule_visualizer_node-4] [INFO] [1786678649.860985218] [schedule_data_node]: Requesting new schedule update because update timed out
[schedule_visualizer_node-4] [INFO] [1786678649.861026178] [schedule_data_node]: [rmf_traffic_ros2::MirrorManager::request_update] Requesting changes for query ID [1] since version [34]
[schedule_visualizer_node-4] [INFO] [1786678669.860985297] [schedule_data_node]: Requesting new schedule update because update timed out
[schedule_visualizer_node-4] [INFO] [1786678669.861026357] [schedule_data_node]: [rmf_traffic_ros2::MirrorManager::request_update] Requesting changes for query ID [1] since beginning of recorded history
[rmf_traffic_schedule-1] [INFO] [1786678669.870802448] [rmf_traffic_schedule_primary]: [ScheduleNode::update_mirrors] Sending remedial update starting from the beginning going to 34 for query 1
[schedule_visualizer_node-4] [INFO] [1786678689.871039319] [schedule_data_node]: Requesting new schedule update because update timed out
[schedule_visualizer_node-4] [INFO] [1786678689.871080338] [schedule_data_node]: [rmf_traffic_ros2::MirrorManager::request_update] Requesting changes for query ID [1] since version [34]
[schedule_visualizer_node-4] [INFO] [1786678709.871068873] [schedule_data_node]: Requesting new schedule update because update timed out
[schedule_visualizer_node-4] [INFO] [1786678709.871131465] [schedule_data_node]: [rmf_traffic_ros2::MirrorManager::request_update] Requesting changes for query ID [1] since beginning of recorded history
[rmf_traffic_schedule-1] [INFO] [1786678709.880816610] [rmf_traffic_schedule_primary]: [ScheduleNode::update_mirrors] Sending remedial update starting from the beginning going to 35 for query 1
[schedule_visualizer_node-4] [INFO] [1786678729.881082626] [schedule_data_node]: Requesting new schedule update because update timed out
[schedule_visualizer_node-4] [INFO] [1786678729.881127051] [schedule_data_node]: [rmf_traffic_ros2::MirrorManager::request_update] Requesting changes for query ID [1] since version [35]
[schedule_visualizer_node-4] [INFO] [1786678749.881107268] [schedule_data_node]: Requesting new schedule update because update timed out
[schedule_visualizer_node-4] [INFO] [1786678749.881147877] [schedule_data_node]: [rmf_traffic_ros2::MirrorManager::request_update] Requesting changes for query ID [1] since beginning of recorded history
[rmf_traffic_schedule-1] [INFO] [1786678749.890773376] [rmf_traffic_schedule_primary]: [ScheduleNode::update_mirrors] Sending remedial update starting from the beginning going to 36 for query 1
[schedule_visualizer_node-4] [INFO] [1786678769.891066233] [schedule_data_node]: Requesting new schedule update because update timed out
[schedule_visualizer_node-4] [INFO] [1786678769.891111882] [schedule_data_node]: [rmf_traffic_ros2::MirrorManager::request_update] Requesting changes for query ID [1] since version [36]
[schedule_visualizer_node-4] [INFO] [1786678789.891105106] [schedule_data_node]: Requesting new schedule update because update timed out
[schedule_visualizer_node-4] [INFO] [1786678789.891148872] [schedule_data_node]: [rmf_traffic_ros2::MirrorManager::request_update] Requesting changes for query ID [1] since beginning of recorded history
[rmf_traffic_schedule-1] [INFO] [1786678789.900775023] [rmf_traffic_schedule_primary]: [ScheduleNode::update_mirrors] Sending remedial update starting from the beginning going to 36 for query 1
[schedule_visualizer_node-4] [INFO] [1786678809.901050777] [schedule_data_node]: Requesting new schedule update because update timed out
[schedule_visualizer_node-4] [INFO] [1786678809.901103599] [schedule_data_node]: [rmf_traffic_ros2::MirrorManager::request_update] Requesting changes for query ID [1] since version [36]
[schedule_visualizer_node-4] [INFO] [1786678829.901063518] [schedule_data_node]: Requesting new schedule update because update timed out
[schedule_visualizer_node-4] [INFO] [1786678829.901109611] [schedule_data_node]: [rmf_traffic_ros2::MirrorManager::request_update] Requesting changes for query ID [1] since beginning of recorded history
[rmf_traffic_schedule-1] [INFO] [1786678829.910758187] [rmf_traffic_schedule_primary]: [ScheduleNode::update_mirrors] Sending remedial update starting from the beginning going to 37 for query 1
[schedule_visualizer_node-4] [INFO] [1786678849.911002712] [schedule_data_node]: Requesting new schedule update because update timed out
[schedule_visualizer_node-4] [INFO] [1786678849.911050384] [schedule_data_node]: [rmf_traffic_ros2::MirrorManager::request_update] Requesting changes for query ID [1] since version [37]
[schedule_visualizer_node-4] [INFO] [1786678869.910977905] [schedule_data_node]: Requesting new schedule update because update timed out
[schedule_visualizer_node-4] [INFO] [1786678869.911039647] [schedule_data_node]: [rmf_traffic_ros2::MirrorManager::request_update] Requesting changes for query ID [1] since beginning of recorded history
[rmf_traffic_schedule-1] [INFO] [1786678869.920730228] [rmf_traffic_schedule_primary]: [ScheduleNode::update_mirrors] Sending remedial update starting from the beginning going to 38 for query 1
[schedule_visualizer_node-4] [INFO] [1786678889.920977636] [schedule_data_node]: Requesting new schedule update because update timed out
[schedule_visualizer_node-4] [INFO] [1786678889.921024126] [schedule_data_node]: [rmf_traffic_ros2::MirrorManager::request_update] Requesting changes for query ID [1] since version [38]
[schedule_visualizer_node-4] [INFO] [1786678909.920978892] [schedule_data_node]: Requesting new schedule update because update timed out
[schedule_visualizer_node-4] [INFO] [1786678909.921026050] [schedule_data_node]: [rmf_traffic_ros2::MirrorManager::request_update] Requesting changes for query ID [1] since beginning of recorded history
[rmf_traffic_schedule-1] [INFO] [1786678909.930783595] [rmf_traffic_schedule_primary]: [ScheduleNode::update_mirrors] Sending remedial update starting from the beginning going to 38 for query 1
[schedule_visualizer_node-4] [INFO] [1786678929.931069890] [schedule_data_node]: Requesting new schedule update because update timed out
[schedule_visualizer_node-4] [INFO] [1786678929.931123246] [schedule_data_node]: [rmf_traffic_ros2::MirrorManager::request_update] Requesting changes for query ID [1] since version [38]
[schedule_visualizer_node-4] [INFO] [1786678949.931077698] [schedule_data_node]: Requesting new schedule update because update timed out
[schedule_visualizer_node-4] [INFO] [1786678949.931122756] [schedule_data_node]: [rmf_traffic_ros2::MirrorManager::request_update] Requesting changes for query ID [1] since beginning of recorded history
[rmf_traffic_schedule-1] [INFO] [1786678949.940727576] [rmf_traffic_schedule_primary]: [ScheduleNode::update_mirrors] Sending remedial update starting from the beginning going to 39 for query 1
[schedule_visualizer_node-4] [INFO] [1786678969.940973606] [schedule_data_node]: Requesting new schedule update because update timed out
[schedule_visualizer_node-4] [INFO] [1786678969.941021641] [schedule_data_node]: [rmf_traffic_ros2::MirrorManager::request_update] Requesting changes for query ID [1] since version [39]
[schedule_visualizer_node-4] [INFO] [1786678989.940971034] [schedule_data_node]: Requesting new schedule update because update timed out
[schedule_visualizer_node-4] [INFO] [1786678989.941015929] [schedule_data_node]: [rmf_traffic_ros2::MirrorManager::request_update] Requesting changes for query ID [1] since beginning of recorded history
[rmf_traffic_schedule-1] [INFO] [1786678989.950762483] [rmf_traffic_schedule_primary]: [ScheduleNode::update_mirrors] Sending remedial update starting from the beginning going to 40 for query 1
[schedule_visualizer_node-4] [INFO] [1786679009.951011130] [schedule_data_node]: Requesting new schedule update because update timed out
[schedule_visualizer_node-4] [INFO] [1786679009.951052665] [schedule_data_node]: [rmf_traffic_ros2::MirrorManager::request_update] Requesting changes for query ID [1] since version [40]
[schedule_visualizer_node-4] [INFO] [1786679029.951027051] [schedule_data_node]: Requesting new schedule update because update timed out
[schedule_visualizer_node-4] [INFO] [1786679029.951063775] [schedule_data_node]: [rmf_traffic_ros2::MirrorManager::request_update] Requesting changes for query ID [1] since beginning of recorded history
[rmf_traffic_schedule-1] [INFO] [1786679029.960766586] [rmf_traffic_schedule_primary]: [ScheduleNode::update_mirrors] Sending remedial update starting from the beginning going to 40 for query 1
[controller_server-4] [INFO] [1786679035.093761257] [pinky_01.local_costmap.local_costmap]: Message Filter dropping message: frame 'pinky_01/rplidar_link' at time 145.200 for reason 'the timestamp on the message is earlier than all the data in the transform cache'
[schedule_visualizer_node-4] [INFO] [1786679049.960946778] [schedule_data_node]: Requesting new schedule update because update timed out
[schedule_visualizer_node-4] [INFO] [1786679049.960984488] [schedule_data_node]: [rmf_traffic_ros2::MirrorManager::request_update] Requesting changes for query ID [1] since version [40]
[schedule_visualizer_node-4] [INFO] [1786679069.960949094] [schedule_data_node]: Requesting new schedule update because update timed out
[schedule_visualizer_node-4] [INFO] [1786679069.960983615] [schedule_data_node]: [rmf_traffic_ros2::MirrorManager::request_update] Requesting changes for query ID [1] since beginning of recorded history
[rmf_traffic_schedule-1] [INFO] [1786679069.970722967] [rmf_traffic_schedule_primary]: [ScheduleNode::update_mirrors] Sending remedial update starting from the beginning going to 41 for query 1
[schedule_visualizer_node-4] [INFO] [1786679089.970957688] [schedule_data_node]: Requesting new schedule update because update timed out
[schedule_visualizer_node-4] [INFO] [1786679089.970999361] [schedule_data_node]: [rmf_traffic_ros2::MirrorManager::request_update] Requesting changes for query ID [1] since version [41]
[schedule_visualizer_node-4] [INFO] [1786679109.970981033] [schedule_data_node]: Requesting new schedule update because update timed out
[schedule_visualizer_node-4] [INFO] [1786679109.971024703] [schedule_data_node]: [rmf_traffic_ros2::MirrorManager::request_update] Requesting changes for query ID [1] since beginning of recorded history
[rmf_traffic_schedule-1] [INFO] [1786679109.980764464] [rmf_traffic_schedule_primary]: [ScheduleNode::update_mirrors] Sending remedial update starting from the beginning going to 42 for query 1
[schedule_visualizer_node-4] [INFO] [1786679129.980999468] [schedule_data_node]: Requesting new schedule update because update timed out
[schedule_visualizer_node-4] [INFO] [1786679129.981041830] [schedule_data_node]: [rmf_traffic_ros2::MirrorManager::request_update] Requesting changes for query ID [1] since version [42]
[schedule_visualizer_node-4] [INFO] [1786679149.980989994] [schedule_data_node]: Requesting new schedule update because update timed out
[schedule_visualizer_node-4] [INFO] [1786679149.981028200] [schedule_data_node]: [rmf_traffic_ros2::MirrorManager::request_update] Requesting changes for query ID [1] since beginning of recorded history
[rmf_traffic_schedule-1] [INFO] [1786679149.990766368] [rmf_traffic_schedule_primary]: [ScheduleNode::update_mirrors] Sending remedial update starting from the beginning going to 42 for query 1
[schedule_visualizer_node-4] [INFO] [1786679169.990991556] [schedule_data_node]: Requesting new schedule update because update timed out
[schedule_visualizer_node-4] [INFO] [1786679169.991035824] [schedule_data_node]: [rmf_traffic_ros2::MirrorManager::request_update] Requesting changes for query ID [1] since version [42]
[schedule_visualizer_node-4] [INFO] [1786679189.991094450] [schedule_data_node]: Requesting new schedule update because update timed out
[schedule_visualizer_node-4] [INFO] [1786679189.991166366] [schedule_data_node]: [rmf_traffic_ros2::MirrorManager::request_update] Requesting changes for query ID [1] since beginning of recorded history
[rmf_traffic_schedule-1] [INFO] [1786679190.000757555] [rmf_traffic_schedule_primary]: [ScheduleNode::update_mirrors] Sending remedial update starting from the beginning going to 43 for query 1
[schedule_visualizer_node-4] [INFO] [1786679210.000970197] [schedule_data_node]: Requesting new schedule update because update timed out
[schedule_visualizer_node-4] [INFO] [1786679210.001010627] [schedule_data_node]: [rmf_traffic_ros2::MirrorManager::request_update] Requesting changes for query ID [1] since version [43]
[schedule_visualizer_node-4] [INFO] [1786679230.000978619] [schedule_data_node]: Requesting new schedule update because update timed out
[schedule_visualizer_node-4] [INFO] [1786679230.001024543] [schedule_data_node]: [rmf_traffic_ros2::MirrorManager::request_update] Requesting changes for query ID [1] since beginning of recorded history
[rmf_traffic_schedule-1] [INFO] [1786679230.010742533] [rmf_traffic_schedule_primary]: [ScheduleNode::update_mirrors] Sending remedial update starting from the beginning going to 44 for query 1
[schedule_visualizer_node-4] [INFO] [1786679250.010972771] [schedule_data_node]: Requesting new schedule update because update timed out
[schedule_visualizer_node-4] [INFO] [1786679250.011015640] [schedule_data_node]: [rmf_traffic_ros2::MirrorManager::request_update] Requesting changes for query ID [1] since version [44]
[schedule_visualizer_node-4] [INFO] [1786679270.011011712] [schedule_data_node]: Requesting new schedule update because update timed out
[schedule_visualizer_node-4] [INFO] [1786679270.011052243] [schedule_data_node]: [rmf_traffic_ros2::MirrorManager::request_update] Requesting changes for query ID [1] since beginning of recorded history
[rmf_traffic_schedule-1] [INFO] [1786679270.020742532] [rmf_traffic_schedule_primary]: [ScheduleNode::update_mirrors] Sending remedial update starting from the beginning going to 44 for query 1
[schedule_visualizer_node-4] [INFO] [1786679290.021066277] [schedule_data_node]: Requesting new schedule update because update timed out
[schedule_visualizer_node-4] [INFO] [1786679290.021109675] [schedule_data_node]: [rmf_traffic_ros2::MirrorManager::request_update] Requesting changes for query ID [1] since version [44]
[schedule_visualizer_node-4] [INFO] [1786679310.021022796] [schedule_data_node]: Requesting new schedule update because update timed out
[schedule_visualizer_node-4] [INFO] [1786679310.021071338] [schedule_data_node]: [rmf_traffic_ros2::MirrorManager::request_update] Requesting changes for query ID [1] since beginning of recorded history
[rmf_traffic_schedule-1] [INFO] [1786679310.030768927] [rmf_traffic_schedule_primary]: [ScheduleNode::update_mirrors] Sending remedial update starting from the beginning going to 45 for query 1
[lift_supervisor-11] [WARN] [1786679321.953783668] [rmf_lift_supervisor]: New subscription discovered on topic '/fire_alarm_trigger', requesting incompatible QoS. No messages will be sent to it. Last incompatible policy: DURABILITY_QOS_POLICY
[rmf_traffic_schedule-1] [INFO] [1786679323.576140553] [rmf_traffic_schedule_primary]: A new mirror is tracking query ID [1]
[schedule_visualizer_node-4] [INFO] [1786679323.580705566] [schedule_data_node]: Mirror handling new sync of 1 queries from schedule node [fe7602a3-7947-43c3-bc42-082e2434d197]
[schedule_visualizer_node-4] [INFO] [1786679330.031007067] [schedule_data_node]: Requesting new schedule update because update timed out
[schedule_visualizer_node-4] [INFO] [1786679330.031057204] [schedule_data_node]: [rmf_traffic_ros2::MirrorManager::request_update] Requesting changes for query ID [1] since version [45]
[rmf_traffic_schedule-1] [INFO] [1786679338.528992377] [rmf_traffic_schedule_primary]: Registered participant [4] named [pinky_02] owned by [project1_pinky]
[rmf_traffic_schedule-1] [INFO] [1786679342.037295126] [rmf_traffic_schedule_primary]: Registered participant [5] named [pinky_01] owned by [project1_pinky]
[rmf_traffic_schedule-1] [INFO] [1786679343.920796023] [rmf_traffic_schedule_primary]: [ScheduleNode::update_mirrors] Sending remedial update starting from the beginning going to 45 for query 1
[schedule_visualizer_node-4] [INFO] [1786679363.921068242] [schedule_data_node]: Requesting new schedule update because update timed out
[schedule_visualizer_node-4] [INFO] [1786679363.921116050] [schedule_data_node]: [rmf_traffic_ros2::MirrorManager::request_update] Requesting changes for query ID [1] since version [45]
[schedule_visualizer_node-4] [INFO] [1786679383.921076476] [schedule_data_node]: Requesting new schedule update because update timed out
[schedule_visualizer_node-4] [INFO] [1786679383.921123154] [schedule_data_node]: [rmf_traffic_ros2::MirrorManager::request_update] Requesting changes for query ID [1] since beginning of recorded history
[rmf_traffic_schedule-1] [INFO] [1786679383.930835648] [rmf_traffic_schedule_primary]: [ScheduleNode::update_mirrors] Sending remedial update starting from the beginning going to 46 for query 1
[schedule_visualizer_node-4] [INFO] [1786679403.931104512] [schedule_data_node]: Requesting new schedule update because update timed out
[schedule_visualizer_node-4] [INFO] [1786679403.931147997] [schedule_data_node]: [rmf_traffic_ros2::MirrorManager::request_update] Requesting changes for query ID [1] since version [46]
[schedule_visualizer_node-4] [INFO] [1786679423.931100963] [schedule_data_node]: Requesting new schedule update because update timed out
[schedule_visualizer_node-4] [INFO] [1786679423.931142043] [schedule_data_node]: [rmf_traffic_ros2::MirrorManager::request_update] Requesting changes for query ID [1] since beginning of recorded history
[rmf_traffic_schedule-1] [INFO] [1786679423.941009152] [rmf_traffic_schedule_primary]: [ScheduleNode::update_mirrors] Sending remedial update starting from the beginning going to 47 for query 1
[lift_supervisor-11] [WARN] [1786679440.118612571] [rmf_lift_supervisor]: New subscription discovered on topic '/fire_alarm_trigger', requesting incompatible QoS. No messages will be sent to it. Last incompatible policy: DURABILITY_QOS_POLICY
[rmf_traffic_schedule-1] [INFO] [1786679441.127957858] [rmf_traffic_schedule_primary]: A new mirror is tracking query ID [1]
[schedule_visualizer_node-4] [INFO] [1786679441.130052522] [schedule_data_node]: Mirror handling new sync of 1 queries from schedule node [fe7602a3-7947-43c3-bc42-082e2434d197]
[schedule_visualizer_node-4] [INFO] [1786679443.941260610] [schedule_data_node]: Requesting new schedule update because update timed out
[schedule_visualizer_node-4] [INFO] [1786679443.941305505] [schedule_data_node]: [rmf_traffic_ros2::MirrorManager::request_update] Requesting changes for query ID [1] since version [47]
[rmf_traffic_schedule-1] [INFO] [1786679456.431243056] [rmf_traffic_schedule_primary]: Registered participant [4] named [pinky_02] owned by [project1_pinky]
[rmf_traffic_schedule-1] [INFO] [1786679459.970431709] [rmf_traffic_schedule_primary]: Registered participant [5] named [pinky_01] owned by [project1_pinky]
[rmf_traffic_schedule-1] [INFO] [1786679461.210765162] [rmf_traffic_schedule_primary]: [ScheduleNode::update_mirrors] Sending remedial update starting from the beginning going to 47 for query 1
[schedule_visualizer_node-4] [INFO] [1786679481.211058668] [schedule_data_node]: Requesting new schedule update because update timed out
[schedule_visualizer_node-4] [INFO] [1786679481.211121198] [schedule_data_node]: [rmf_traffic_ros2::MirrorManager::request_update] Requesting changes for query ID [1] since version [47]
[lift_supervisor-11] [WARN] [1786679487.175444718] [rmf_lift_supervisor]: New subscription discovered on topic '/fire_alarm_trigger', requesting incompatible QoS. No messages will be sent to it. Last incompatible policy: DURABILITY_QOS_POLICY
[rmf_traffic_schedule-1] [INFO] [1786679487.256221132] [rmf_traffic_schedule_primary]: A new mirror is tracking query ID [1]
[schedule_visualizer_node-4] [INFO] [1786679487.257115233] [schedule_data_node]: Mirror handling new sync of 1 queries from schedule node [fe7602a3-7947-43c3-bc42-082e2434d197]
[schedule_visualizer_node-4] [INFO] [1786679501.211017312] [schedule_data_node]: Requesting new schedule update because update timed out
[schedule_visualizer_node-4] [INFO] [1786679501.211063682] [schedule_data_node]: [rmf_traffic_ros2::MirrorManager::request_update] Requesting changes for query ID [1] since beginning of recorded history
[rmf_traffic_schedule-1] [INFO] [1786679501.220772785] [rmf_traffic_schedule_primary]: [ScheduleNode::update_mirrors] Sending remedial update starting from the beginning going to 48 for query 1
[rmf_traffic_schedule-1] [INFO] [1786679502.666190259] [rmf_traffic_schedule_primary]: Registered participant [4] named [pinky_02] owned by [project1_pinky]
[rmf_traffic_schedule-1] [INFO] [1786679506.256552700] [rmf_traffic_schedule_primary]: Registered participant [5] named [pinky_01] owned by [project1_pinky]
[schedule_visualizer_node-4] [INFO] [1786679521.221052612] [schedule_data_node]: Requesting new schedule update because update timed out
[schedule_visualizer_node-4] [INFO] [1786679521.221108723] [schedule_data_node]: [rmf_traffic_ros2::MirrorManager::request_update] Requesting changes for query ID [1] since version [48]
[schedule_visualizer_node-4] [INFO] [1786679541.221040077] [schedule_data_node]: Requesting new schedule update because update timed out
[schedule_visualizer_node-4] [INFO] [1786679541.221085877] [schedule_data_node]: [rmf_traffic_ros2::MirrorManager::request_update] Requesting changes for query ID [1] since beginning of recorded history
[rmf_traffic_schedule-1] [INFO] [1786679541.230777696] [rmf_traffic_schedule_primary]: [ScheduleNode::update_mirrors] Sending remedial update starting from the beginning going to 49 for query 1
[schedule_visualizer_node-4] [INFO] [1786679561.231064601] [schedule_data_node]: Requesting new schedule update because update timed out
[schedule_visualizer_node-4] [INFO] [1786679561.231104576] [schedule_data_node]: [rmf_traffic_ros2::MirrorManager::request_update] Requesting changes for query ID [1] since version [49]
[schedule_visualizer_node-4] [INFO] [1786679581.231043613] [schedule_data_node]: Requesting new schedule update because update timed out
[schedule_visualizer_node-4] [INFO] [1786679581.231085615] [schedule_data_node]: [rmf_traffic_ros2::MirrorManager::request_update] Requesting changes for query ID [1] since beginning of recorded history
[rmf_traffic_schedule-1] [INFO] [1786679581.240867548] [rmf_traffic_schedule_primary]: [ScheduleNode::update_mirrors] Sending remedial update starting from the beginning going to 49 for query 1
[schedule_visualizer_node-4] [INFO] [1786679601.241923792] [schedule_data_node]: Requesting new schedule update because update timed out
[schedule_visualizer_node-4] [INFO] [1786679601.241968730] [schedule_data_node]: [rmf_traffic_ros2::MirrorManager::request_update] Requesting changes for query ID [1] since version [49]
[schedule_visualizer_node-4] [INFO] [1786679621.241955563] [schedule_data_node]: Requesting new schedule update because update timed out
[schedule_visualizer_node-4] [INFO] [1786679621.242000166] [schedule_data_node]: [rmf_traffic_ros2::MirrorManager::request_update] Requesting changes for query ID [1] since beginning of recorded history
[rmf_traffic_schedule-1] [INFO] [1786679621.250841232] [rmf_traffic_schedule_primary]: [ScheduleNode::update_mirrors] Sending remedial update starting from the beginning going to 50 for query 1
[schedule_visualizer_node-4] [INFO] [1786679641.251244135] [schedule_data_node]: Requesting new schedule update because update timed out
[schedule_visualizer_node-4] [INFO] [1786679641.251288866] [schedule_data_node]: [rmf_traffic_ros2::MirrorManager::request_update] Requesting changes for query ID [1] since version [50]
[schedule_visualizer_node-4] [INFO] [1786679661.251419359] [schedule_data_node]: Requesting new schedule update because update timed out
[schedule_visualizer_node-4] [INFO] [1786679661.251462474] [schedule_data_node]: [rmf_traffic_ros2::MirrorManager::request_update] Requesting changes for query ID [1] since beginning of recorded history
[rmf_traffic_schedule-1] [INFO] [1786679661.260847185] [rmf_traffic_schedule_primary]: [ScheduleNode::update_mirrors] Sending remedial update starting from the beginning going to 51 for query 1
[schedule_visualizer_node-4] [INFO] [1786679681.261371994] [schedule_data_node]: Requesting new schedule update because update timed out
[schedule_visualizer_node-4] [INFO] [1786679681.261415614] [schedule_data_node]: [rmf_traffic_ros2::MirrorManager::request_update] Requesting changes for query ID [1] since version [51]
[schedule_visualizer_node-4] [INFO] [1786679701.261365051] [schedule_data_node]: Requesting new schedule update because update timed out
[schedule_visualizer_node-4] [INFO] [1786679701.261406815] [schedule_data_node]: [rmf_traffic_ros2::MirrorManager::request_update] Requesting changes for query ID [1] since beginning of recorded history
[rmf_traffic_schedule-1] [INFO] [1786679701.270893055] [rmf_traffic_schedule_primary]: [ScheduleNode::update_mirrors] Sending remedial update starting from the beginning going to 51 for query 1
[schedule_visualizer_node-4] [INFO] [1786679721.271243570] [schedule_data_node]: Requesting new schedule update because update timed out
[schedule_visualizer_node-4] [INFO] [1786679721.271277784] [schedule_data_node]: [rmf_traffic_ros2::MirrorManager::request_update] Requesting changes for query ID [1] since version [51]
[schedule_visualizer_node-4] [INFO] [1786679741.271198034] [schedule_data_node]: Requesting new schedule update because update timed out
[schedule_visualizer_node-4] [INFO] [1786679741.271242823] [schedule_data_node]: [rmf_traffic_ros2::MirrorManager::request_update] Requesting changes for query ID [1] since beginning of recorded history
[rmf_traffic_schedule-1] [INFO] [1786679741.280791920] [rmf_traffic_schedule_primary]: [ScheduleNode::update_mirrors] Sending remedial update starting from the beginning going to 52 for query 1
[schedule_visualizer_node-4] [INFO] [1786679761.281368798] [schedule_data_node]: Requesting new schedule update because update timed out
[schedule_visualizer_node-4] [INFO] [1786679761.281416266] [schedule_data_node]: [rmf_traffic_ros2::MirrorManager::request_update] Requesting changes for query ID [1] since version [52]
[schedule_visualizer_node-4] [INFO] [1786679781.281354431] [schedule_data_node]: Requesting new schedule update because update timed out
[schedule_visualizer_node-4] [INFO] [1786679781.281400118] [schedule_data_node]: [rmf_traffic_ros2::MirrorManager::request_update] Requesting changes for query ID [1] since beginning of recorded history
[rmf_traffic_schedule-1] [INFO] [1786679781.290763245] [rmf_traffic_schedule_primary]: [ScheduleNode::update_mirrors] Sending remedial update starting from the beginning going to 53 for query 1
[schedule_visualizer_node-4] [INFO] [1786679801.291066306] [schedule_data_node]: Requesting new schedule update because update timed out
[schedule_visualizer_node-4] [INFO] [1786679801.291098337] [schedule_data_node]: [rmf_traffic_ros2::MirrorManager::request_update] Requesting changes for query ID [1] since version [53]
[schedule_visualizer_node-4] [INFO] [1786679821.291026539] [schedule_data_node]: Requesting new schedule update because update timed out
[schedule_visualizer_node-4] [INFO] [1786679821.291071597] [schedule_data_node]: [rmf_traffic_ros2::MirrorManager::request_update] Requesting changes for query ID [1] since beginning of recorded history
[rmf_traffic_schedule-1] [INFO] [1786679821.300835406] [rmf_traffic_schedule_primary]: [ScheduleNode::update_mirrors] Sending remedial update starting from the beginning going to 53 for query 1
[schedule_visualizer_node-4] [INFO] [1786679841.301347149] [schedule_data_node]: Requesting new schedule update because update timed out
[schedule_visualizer_node-4] [INFO] [1786679841.301398988] [schedule_data_node]: [rmf_traffic_ros2::MirrorManager::request_update] Requesting changes for query ID [1] since version [53]
[schedule_visualizer_node-4] [INFO] [1786679861.301317152] [schedule_data_node]: Requesting new schedule update because update timed out
[schedule_visualizer_node-4] [INFO] [1786679861.301358757] [schedule_data_node]: [rmf_traffic_ros2::MirrorManager::request_update] Requesting changes for query ID [1] since beginning of recorded history
[rmf_traffic_schedule-1] [INFO] [1786679861.310883323] [rmf_traffic_schedule_primary]: [ScheduleNode::update_mirrors] Sending remedial update starting from the beginning going to 54 for query 1
[schedule_visualizer_node-4] [INFO] [1786679881.311136430] [schedule_data_node]: Requesting new schedule update because update timed out
[schedule_visualizer_node-4] [INFO] [1786679881.311170615] [schedule_data_node]: [rmf_traffic_ros2::MirrorManager::request_update] Requesting changes for query ID [1] since version [54]
[schedule_visualizer_node-4] [INFO] [1786679901.311155462] [schedule_data_node]: Requesting new schedule update because update timed out
[schedule_visualizer_node-4] [INFO] [1786679901.311198251] [schedule_data_node]: [rmf_traffic_ros2::MirrorManager::request_update] Requesting changes for query ID [1] since beginning of recorded history
[rmf_traffic_schedule-1] [INFO] [1786679901.320916009] [rmf_traffic_schedule_primary]: [ScheduleNode::update_mirrors] Sending remedial update starting from the beginning going to 55 for query 1
[schedule_visualizer_node-4] [INFO] [1786679921.321197783] [schedule_data_node]: Requesting new schedule update because update timed out
[schedule_visualizer_node-4] [INFO] [1786679921.321244860] [schedule_data_node]: [rmf_traffic_ros2::MirrorManager::request_update] Requesting changes for query ID [1] since version [55]
[schedule_visualizer_node-4] [INFO] [1786679941.321206790] [schedule_data_node]: Requesting new schedule update because update timed out
[schedule_visualizer_node-4] [INFO] [1786679941.321248030] [schedule_data_node]: [rmf_traffic_ros2::MirrorManager::request_update] Requesting changes for query ID [1] since beginning of recorded history
[rmf_traffic_schedule-1] [INFO] [1786679941.330883305] [rmf_traffic_schedule_primary]: [ScheduleNode::update_mirrors] Sending remedial update starting from the beginning going to 55 for query 1
[schedule_visualizer_node-4] [INFO] [1786679961.333019739] [schedule_data_node]: Requesting new schedule update because update timed out
[schedule_visualizer_node-4] [INFO] [1786679961.333064204] [schedule_data_node]: [rmf_traffic_ros2::MirrorManager::request_update] Requesting changes for query ID [1] since version [55]
[schedule_visualizer_node-4] [INFO] [1786679981.333013219] [schedule_data_node]: Requesting new schedule update because update timed out
[schedule_visualizer_node-4] [INFO] [1786679981.333064265] [schedule_data_node]: [rmf_traffic_ros2::MirrorManager::request_update] Requesting changes for query ID [1] since beginning of recorded history
[rmf_traffic_schedule-1] [INFO] [1786679981.341838857] [rmf_traffic_schedule_primary]: [ScheduleNode::update_mirrors] Sending remedial update starting from the beginning going to 56 for query 1
[schedule_visualizer_node-4] [INFO] [1786680001.343597477] [schedule_data_node]: Requesting new schedule update because update timed out
[schedule_visualizer_node-4] [INFO] [1786680001.343640822] [schedule_data_node]: [rmf_traffic_ros2::MirrorManager::request_update] Requesting changes for query ID [1] since version [56]
[schedule_visualizer_node-4] [INFO] [1786680021.343616871] [schedule_data_node]: Requesting new schedule update because update timed out
[schedule_visualizer_node-4] [INFO] [1786680021.343661916] [schedule_data_node]: [rmf_traffic_ros2::MirrorManager::request_update] Requesting changes for query ID [1] since beginning of recorded history
[rmf_traffic_schedule-1] [INFO] [1786680021.351021907] [rmf_traffic_schedule_primary]: [ScheduleNode::update_mirrors] Sending remedial update starting from the beginning going to 57 for query 1
[schedule_visualizer_node-4] [INFO] [1786680041.352827009] [schedule_data_node]: Requesting new schedule update because update timed out
[schedule_visualizer_node-4] [INFO] [1786680041.352876189] [schedule_data_node]: [rmf_traffic_ros2::MirrorManager::request_update] Requesting changes for query ID [1] since version [57]
[schedule_visualizer_node-4] [INFO] [1786680061.352767413] [schedule_data_node]: Requesting new schedule update because update timed out
[schedule_visualizer_node-4] [INFO] [1786680061.352806009] [schedule_data_node]: [rmf_traffic_ros2::MirrorManager::request_update] Requesting changes for query ID [1] since beginning of recorded history
[rmf_traffic_schedule-1] [INFO] [1786680061.360806943] [rmf_traffic_schedule_primary]: [ScheduleNode::update_mirrors] Sending remedial update starting from the beginning going to 57 for query 1
=== 2026-08-14 13:02:04 project1 실행 ===
Gazebo 창: true · RViz: false · ROS_DOMAIN_ID: 22
월드에 센서 시스템이 이미 있습니다.
월드에 충돌 검출기가 이미 지정돼 있습니다.
[1/3] Gazebo bringup
[INFO] [launch]: All log files can be found below /home/gyi/.ros/log/2026-08-14-13-02-06-555490-gyi-15UD50T-GX5JK-102085
[INFO] [launch]: Default logging verbosity is set to INFO
[INFO] [gazebo-1]: process started with pid [102141]
[INFO] [gazebo-2]: process started with pid [102142]
[INFO] [robot_state_publisher-3]: process started with pid [102143]
[INFO] [joint_state_publisher-4]: process started with pid [102144]
[INFO] [create-5]: process started with pid [102147]
[INFO] [robot_state_publisher-6]: process started with pid [102148]
[INFO] [joint_state_publisher-7]: process started with pid [102149]
[INFO] [create-8]: process started with pid [102150]
[INFO] [robot_state_publisher-9]: process started with pid [102151]
[INFO] [create-10]: process started with pid [102152]
[INFO] [spawner-11]: process started with pid [102153]
[INFO] [spawner-12]: process started with pid [102154]
[INFO] [spawner-13]: process started with pid [102155]
[INFO] [robot_state_publisher-14]: process started with pid [102156]
[INFO] [create-15]: process started with pid [102157]
[INFO] [spawner-16]: process started with pid [102160]
[INFO] [spawner-17]: process started with pid [102161]
[INFO] [spawner-18]: process started with pid [102162]
[INFO] [robot_state_publisher-19]: process started with pid [102163]
[INFO] [create-20]: process started with pid [102164]
[INFO] [spawner-21]: process started with pid [102165]
[INFO] [spawner-22]: process started with pid [102166]
[INFO] [spawner-23]: process started with pid [102169]
[INFO] [parameter_bridge-24]: process started with pid [102170]
[create-20] [INFO] [1786680129.377587625] [omx_03.ros_gz_sim]: Requesting list of world names.
[robot_state_publisher-9] [INFO] [1786680129.428482375] [omx_01.robot_state_publisher]: Robot initialized
[robot_state_publisher-14] [INFO] [1786680129.457511989] [omx_02.robot_state_publisher]: Robot initialized
[create-10] [INFO] [1786680129.462693578] [omx_01.ros_gz_sim]: Requesting list of world names.
[create-15] [INFO] [1786680129.479620376] [omx_02.ros_gz_sim]: Requesting list of world names.
[create-8] [INFO] [1786680129.797667511] [pinky_02.ros_gz_sim]: Requesting list of world names.
[robot_state_publisher-19] [INFO] [1786680129.799730197] [omx_03.robot_state_publisher]: Robot initialized
[create-5] [INFO] [1786680129.813770095] [pinky_01.ros_gz_sim]: Requesting list of world names.
[robot_state_publisher-3] [INFO] [1786680129.816178058] [pinky_01.robot_state_publisher]: Robot initialized
[robot_state_publisher-6] [INFO] [1786680129.827280070] [pinky_02.robot_state_publisher]: Robot initialized
[joint_state_publisher-4] [INFO] [1786680129.976730854] [pinky_01.joint_state_publisher]: Waiting for robot_description to be published on the robot_description topic...
[gazebo-1] [1;33mWarning [Utils.cc:132][0m [/sdf/world[@name="sim_world"]/gui/window:/home/gyi/robosapiens/rmf_maps/project1/project1.world:L34]: XML Element[window], child of element[gui], not defined in SDF. Copying[window] as children of [gui].
[joint_state_publisher-7] [INFO] [1786680130.161488527] [pinky_02.joint_state_publisher]: Waiting for robot_description to be published on the robot_description topic...
[gazebo-2] [1;33m[GUI] [Wrn] [Application.cc:908] [0m[1;33m[QT] file:///usr/lib/x86_64-linux-gnu/qt5/qml/QtQuick/Dialogs/DefaultFileDialog.qml:413:17: QML ToolButton: Binding loop detected for property "implicitHeight"[0m[1;33m[0m
[gazebo-2] [1;33m[GUI] [Wrn] [Application.cc:908] [0m[1;33m[QT] file:///usr/lib/x86_64-linux-gnu/qt5/qml/QtQuick/Dialogs/DefaultFileDialog.qml:309:21: QML Button: Binding loop detected for property "implicitHeight"[0m[1;33m[0m
  ↑ 같은 줄 1번 더
[gazebo-2] [1;33m[GUI] [Wrn] [Application.cc:908] [0m[1;33m[QT] file:///usr/lib/x86_64-linux-gnu/qt5/qml/QtQuick/Dialogs/DefaultFileDialog.qml:413:17: QML ToolButton: Binding loop detected for property "implicitHeight"[0m[1;33m[0m
[gazebo-2] [1;33m[GUI] [Wrn] [Application.cc:908] [0m[1;33m[QT] file:///usr/lib/x86_64-linux-gnu/qt5/qml/QtQuick/Dialogs/DefaultFileDialog.qml:309:21: QML Button: Binding loop detected for property "implicitHeight"[0m[1;33m[0m
  ↑ 같은 줄 1번 더
[spawner-16] [INFO] [1786680130.349117081] [omx_02.spawner_joint_state_broadcaster]: waiting for service /omx_02/controller_manager/list_controllers to become available...
[gazebo-2] [1;33m[GUI] [Wrn] [Application.cc:908] [0m[1;33m[QT] file:///usr/lib/x86_64-linux-gnu/qt5/qml/QtQuick/Dialogs/DefaultFileDialog.qml:413:17: QML ToolButton: Binding loop detected for property "implicitHeight"[0m[1;33m[0m
[gazebo-2] [1;33m[GUI] [Wrn] [Application.cc:908] [0m[1;33m[QT] file:///usr/lib/x86_64-linux-gnu/qt5/qml/QtQuick/Dialogs/DefaultFileDialog.qml:309:21: QML Button: Binding loop detected for property "implicitHeight"[0m[1;33m[0m
  ↑ 같은 줄 1번 더
[parameter_bridge-24] [INFO] [1786680130.501901262] [gz_bridge]: Creating GZ->ROS Bridge: [/clock (gz.msgs.Clock) -> /clock (rosgraph_msgs/msg/Clock)] (Lazy 0)
[parameter_bridge-24] [INFO] [1786680130.507595806] [gz_bridge]: Creating GZ->ROS Bridge: [/tf (gz.msgs.Pose_V) -> /tf (tf2_msgs/msg/TFMessage)] (Lazy 0)
[parameter_bridge-24] [INFO] [1786680130.513879384] [gz_bridge]: Creating GZ->ROS Bridge: [/pinky_01/odom (gz.msgs.Odometry) -> /pinky_01/odom (nav_msgs/msg/Odometry)] (Lazy 0)
[parameter_bridge-24] [INFO] [1786680130.518515981] [gz_bridge]: Creating ROS->GZ Bridge: [/pinky_01/cmd_vel_smoothed (geometry_msgs/msg/Twist) -> /pinky_01/cmd_vel (gz.msgs.Twist)] (Lazy 0)
[parameter_bridge-24] [INFO] [1786680130.522053557] [gz_bridge]: Creating GZ->ROS Bridge: [/pinky_01/scan (gz.msgs.LaserScan) -> /pinky_01/scan (sensor_msgs/msg/LaserScan)] (Lazy 0)
[parameter_bridge-24] [INFO] [1786680130.526926672] [gz_bridge]: Creating GZ->ROS Bridge: [/pinky_01/joint_states (gz.msgs.Model) -> /pinky_01/joint_states (sensor_msgs/msg/JointState)] (Lazy 0)
[parameter_bridge-24] [INFO] [1786680130.528455676] [gz_bridge]: Creating GZ->ROS Bridge: [/pinky_01/imu_raw (gz.msgs.IMU) -> /pinky_01/imu_raw (sensor_msgs/msg/Imu)] (Lazy 0)
[parameter_bridge-24] [INFO] [1786680130.529655218] [gz_bridge]: Creating GZ->ROS Bridge: [/pinky_02/odom (gz.msgs.Odometry) -> /pinky_02/odom (nav_msgs/msg/Odometry)] (Lazy 0)
[parameter_bridge-24] [INFO] [1786680130.530524270] [gz_bridge]: Creating ROS->GZ Bridge: [/pinky_02/cmd_vel_smoothed (geometry_msgs/msg/Twist) -> /pinky_02/cmd_vel (gz.msgs.Twist)] (Lazy 0)
[parameter_bridge-24] [INFO] [1786680130.531593979] [gz_bridge]: Creating GZ->ROS Bridge: [/pinky_02/scan (gz.msgs.LaserScan) -> /pinky_02/scan (sensor_msgs/msg/LaserScan)] (Lazy 0)
[parameter_bridge-24] [INFO] [1786680130.532585978] [gz_bridge]: Creating GZ->ROS Bridge: [/pinky_02/joint_states (gz.msgs.Model) -> /pinky_02/joint_states (sensor_msgs/msg/JointState)] (Lazy 0)
[parameter_bridge-24] [INFO] [1786680130.533528562] [gz_bridge]: Creating GZ->ROS Bridge: [/pinky_02/imu_raw (gz.msgs.IMU) -> /pinky_02/imu_raw (sensor_msgs/msg/Imu)] (Lazy 0)
[joint_state_publisher-4] [INFO] [1786680130.633230429] [pinky_01.joint_state_publisher]: Got description, configuring robot
[gazebo-1] [INFO] [1786680130.658894711] [rmf_simulation_door_manager]: Loading DoorManager
[gazebo-1] [INFO] [1786680130.693051737] [rmf_simulation_lift_manager]: Starting LiftManager
[gazebo-1] [1;33m[Wrn] [SdfEntityCreator.cc:933] [0m[1;33mGazebo does not support Ogre material scripts. See [0m[1;33mhttps://gazebosim.org/api/sim/8/migrationsdf.html#:~:text=Materials [0m[1;33mfor details.[0m[1;33m[0m
[gazebo-1] [1;33m[Wrn] [SdfEntityCreator.cc:939] [0m[1;33mCustom material scripts are not supported.[0m[1;33m[0m
[gazebo-1] [1;33m[Wrn] [SdfEntityCreator.cc:933] [0m[1;33mGazebo does not support Ogre material scripts. See [0m[1;33mhttps://gazebosim.org/api/sim/8/migrationsdf.html#:~:text=Materials [0m[1;33mfor details.[0m[1;33m[0m
[gazebo-1] [1;33m[Wrn] [SdfEntityCreator.cc:939] [0m[1;33mCustom material scripts are not supported.[0m[1;33m[0m
[create-5] [INFO] [1786680130.806400528] [pinky_01.ros_gz_sim]: Waiting messages on topic [/pinky_01/robot_description].
[create-10] [INFO] [1786680130.906198397] [omx_01.ros_gz_sim]: Waiting messages on topic [robot_description].
[create-15] [INFO] [1786680131.107424919] [omx_02.ros_gz_sim]: Waiting messages on topic [robot_description].
[create-20] [INFO] [1786680131.207308812] [omx_03.ros_gz_sim]: Waiting messages on topic [robot_description].
[create-10] [INFO] [1786680131.306082649] [omx_01.ros_gz_sim]: Entity creation successful.
[create-5] [INFO] [1786680131.306152096] [pinky_01.ros_gz_sim]: Entity creation successful.
[create-20] [INFO] [1786680131.306227902] [omx_03.ros_gz_sim]: Entity creation successful.
[create-15] [INFO] [1786680131.307171026] [omx_02.ros_gz_sim]: Entity creation successful.
[create-8] [INFO] [1786680131.308942610] [pinky_02.ros_gz_sim]: Waiting messages on topic [/pinky_02/robot_description].
[create-8] [INFO] [1786680131.319868574] [pinky_02.ros_gz_sim]: Entity creation successful.
[INFO] [create-5]: process has finished cleanly [pid 102147]
[INFO] [create-20]: process has finished cleanly [pid 102164]
[INFO] [create-10]: process has finished cleanly [pid 102152]
[INFO] [create-15]: process has finished cleanly [pid 102157]
[INFO] [create-8]: process has finished cleanly [pid 102150]
[gazebo-2] [1;33m[GUI] [Wrn] [Application.cc:908] [0m[1;33m[QT] file:///usr/lib/x86_64-linux-gnu/qt5/qml/QtQuick/Dialogs/DefaultFileDialog.qml:413:17: QML ToolButton: Binding loop detected for property "implicitHeight"[0m[1;33m[0m
[gazebo-2] [1;33m[GUI] [Wrn] [Application.cc:908] [0m[1;33m[QT] file:///usr/lib/x86_64-linux-gnu/qt5/qml/QtQuick/Dialogs/DefaultFileDialog.qml:309:21: QML Button: Binding loop detected for property "implicitHeight"[0m[1;33m[0m
  ↑ 같은 줄 1번 더
[gazebo-2] [1;33m[GUI] [Wrn] [Application.cc:908] [0m[1;33m[QT] file::/ComponentInspector/ComponentInspector.qml:251:3: QML Dialog: Binding loop detected for property "implicitHeight"[0m[1;33m[0m
[gazebo-2] [1;33m[GUI] [Wrn] [Application.cc:908] [0m[1;33m[QT] file:///usr/lib/x86_64-linux-gnu/qt5/qml/QtQuick/Dialogs/DefaultFileDialog.qml:413:17: QML ToolButton: Binding loop detected for property "implicitHeight"[0m[1;33m[0m
[gazebo-2] [1;33m[GUI] [Wrn] [Application.cc:908] [0m[1;33m[QT] file:///usr/lib/x86_64-linux-gnu/qt5/qml/QtQuick/Dialogs/DefaultFileDialog.qml:309:21: QML Button: Binding loop detected for property "implicitHeight"[0m[1;33m[0m
  ↑ 같은 줄 1번 더
[gazebo-2] [1;33m[GUI] [Wrn] [Application.cc:908] [0m[1;33m[QT] file::/toggle_floors/toggle_floors.qml:40: ReferenceError: qfloors is not defined[0m[1;33m[0m
[gazebo-1] [1;33mWarning [Utils.cc:132][0m [/sdf/model[@name="pinky"]/link[@name="base_footprint"]/sensor[@name="pinky_01/camera"]/gz_frame_id:<urdf-string>:L0]: XML Element[gz_frame_id], child of element[sensor], not defined in SDF. Copying[gz_frame_id] as children of [sensor].
[gazebo-1] [1;33mWarning [Utils.cc:132][0m [/sdf/model[@name="pinky"]/link[@name="base_footprint"]/sensor[@name="pinky_01/imu"]/gz_frame_id:<urdf-string>:L0]: XML Element[gz_frame_id], child of element[sensor], not defined in SDF. Copying[gz_frame_id] as children of [sensor].
[gazebo-1] [1;33mWarning [Utils.cc:132][0m [/sdf/model[@name="pinky"]/link[@name="base_footprint"]/sensor[@name="pinky_01/gpu_lidar"]/gz_frame_id:<urdf-string>:L0]: XML Element[gz_frame_id], child of element[sensor], not defined in SDF. Copying[gz_frame_id] as children of [sensor].
[gazebo-2] [1;33m[GUI] [Wrn] [Application.cc:908] [0m[1;33m[QT] file::/WorldStats/WorldStats.qml:53:3: QML RowLayout: Binding loop detected for property "x"[0m[1;33m[0m
[gazebo-1] [INFO] [1786680132.040322145] [omx_01.gz_ros_control]: [gz_ros2_control] Fixed joint ['world_fixed'] (Entity='73') is skipped.
[gazebo-1] [INFO] [1786680132.046334258] [omx_01.gz_ros_control]: Loading controller_manager
[gazebo-1] [INFO] [1786680132.098448569] [omx_01.controller_manager]: Using ROS clock for triggering controller manager cycles.
[gazebo-1] [INFO] [1786680132.108443410] [omx_01.controller_manager]: Subscribing to '/omx_01/robot_description' topic for robot description.
[gazebo-1] [WARN] [1786680132.115198381] [omx_01.gz_ros_control]: Waiting RM to load and initialize hardware...
[gazebo-1] [INFO] [1786680132.118885354] [omx_01.controller_manager]: Received robot description from topic.
[gazebo-1] [INFO] [1786680132.118952607] [omx_01.controller_manager]: Enforcing command limits is disabled. Command limits from URDF will be ignored.
[gazebo-1] [INFO] [1786680132.123862093] [omx_01.gz_ros_control]: The position_proportional_gain has been set to: 0.1
[gazebo-1] [INFO] [1786680132.123918272] [omx_01.gz_ros_control]: Loading joint: joint1
[gazebo-1] [INFO] [1786680132.123923058] [omx_01.gz_ros_control]: 	State:
[gazebo-1] [INFO] [1786680132.123927951] [omx_01.gz_ros_control]: 		 position
[gazebo-1] [INFO] [1786680132.123930405] [omx_01.gz_ros_control]: 		 velocity
[gazebo-1] [INFO] [1786680132.123936679] [omx_01.gz_ros_control]: 		 effort
[gazebo-1] [INFO] [1786680132.123939582] [omx_01.gz_ros_control]: 	Command:
[gazebo-1] [INFO] [1786680132.123941543] [omx_01.gz_ros_control]: 		 position
[gazebo-1] [INFO] [1786680132.123949963] [omx_01.gz_ros_control]: Loading joint: joint2
[gazebo-1] [INFO] [1786680132.123952106] [omx_01.gz_ros_control]: 	State:
[gazebo-1] [INFO] [1786680132.123953914] [omx_01.gz_ros_control]: 		 position
[gazebo-1] [INFO] [1786680132.123955864] [omx_01.gz_ros_control]: 		 velocity
[gazebo-1] [INFO] [1786680132.123958325] [omx_01.gz_ros_control]: 		 effort
[gazebo-1] [INFO] [1786680132.123960304] [omx_01.gz_ros_control]: 	Command:
[gazebo-1] [INFO] [1786680132.123961986] [omx_01.gz_ros_control]: 		 position
[gazebo-1] [INFO] [1786680132.123968547] [omx_01.gz_ros_control]: Loading joint: joint3
[gazebo-1] [INFO] [1786680132.123970527] [omx_01.gz_ros_control]: 	State:
[gazebo-1] [INFO] [1786680132.123972283] [omx_01.gz_ros_control]: 		 position
[gazebo-1] [INFO] [1786680132.123974065] [omx_01.gz_ros_control]: 		 velocity
[gazebo-1] [INFO] [1786680132.123975875] [omx_01.gz_ros_control]: 		 effort
[gazebo-1] [INFO] [1786680132.123978343] [omx_01.gz_ros_control]: 	Command:
[gazebo-1] [INFO] [1786680132.123980112] [omx_01.gz_ros_control]: 		 position
[gazebo-1] [INFO] [1786680132.123985835] [omx_01.gz_ros_control]: Loading joint: joint4
[gazebo-1] [INFO] [1786680132.123987852] [omx_01.gz_ros_control]: 	State:
[gazebo-1] [INFO] [1786680132.123989625] [omx_01.gz_ros_control]: 		 position
[gazebo-1] [INFO] [1786680132.123991355] [omx_01.gz_ros_control]: 		 velocity
[gazebo-1] [INFO] [1786680132.123993036] [omx_01.gz_ros_control]: 		 effort
[gazebo-1] [INFO] [1786680132.123994715] [omx_01.gz_ros_control]: 	Command:
[gazebo-1] [INFO] [1786680132.123996564] [omx_01.gz_ros_control]: 		 position
[gazebo-1] [INFO] [1786680132.124002488] [omx_01.gz_ros_control]: Loading joint: gripper_left_joint
[gazebo-1] [INFO] [1786680132.124004829] [omx_01.gz_ros_control]: 	State:
[gazebo-1] [INFO] [1786680132.124006718] [omx_01.gz_ros_control]: 		 position
[gazebo-1] [INFO] [1786680132.124008653] [omx_01.gz_ros_control]: 		 velocity
[gazebo-1] [INFO] [1786680132.124010491] [omx_01.gz_ros_control]: 		 effort
[gazebo-1] [INFO] [1786680132.124012441] [omx_01.gz_ros_control]: 	Command:
[gazebo-1] [INFO] [1786680132.124014102] [omx_01.gz_ros_control]: 		 position
[gazebo-1] [INFO] [1786680132.124020648] [omx_01.gz_ros_control]: Loading joint: gripper_right_joint
[gazebo-1] [INFO] [1786680132.124023814] [omx_01.gz_ros_control]: Joint 'gripper_right_joint'is mimicking joint 'gripper_left_joint' with multiplier: 1 and offset: 0
[gazebo-1] [INFO] [1786680132.124026235] [omx_01.gz_ros_control]: 	State:
[gazebo-1] [INFO] [1786680132.124028025] [omx_01.gz_ros_control]: 		 position
[gazebo-1] [INFO] [1786680132.124032148] [omx_01.gz_ros_control]: 		 velocity
[gazebo-1] [INFO] [1786680132.124035085] [omx_01.gz_ros_control]: 		 effort
[gazebo-1] [INFO] [1786680132.124037146] [omx_01.gz_ros_control]: 	Command:
[gazebo-1] [INFO] [1786680132.124071009] [omx_01.gz_ros_control]: Loading sensor: pinky_01/imu
[gazebo-1] [INFO] [1786680132.124074779] [omx_01.gz_ros_control]: 	State:
[gazebo-1] [WARN] [1786680132.124091074] [omx_01.gz_ros_control]: IMU sensor 'pinky_01/imu' not found in hardware_info, skipping.
[gazebo-1] [INFO] [1786680132.124172103] [omx_01.controller_manager]: Initialize hardware 'OpenManipulatorXSystem' 
[gazebo-1] [WARN] [1786680132.124188984] [omx_01.controller_manager.hardware_component.system.OpenManipulatorXSystem]: Executor is not available during hardware component initialization for 'OpenManipulatorXSystem'. Skipping node creation!
[gazebo-1] [INFO] [1786680132.124249099] [omx_01.controller_manager]: Successful initialization of hardware 'OpenManipulatorXSystem'
[gazebo-1] [INFO] [1786680132.124369010] [omx_01.controller_manager]: Activating component 'OpenManipulatorXSystem'.
[gazebo-1] [INFO] [1786680132.124379584] [resource_manager]: 'configure' hardware 'OpenManipulatorXSystem' 
[gazebo-1] [INFO] [1786680132.124384342] [omx_01.gz_ros_control]: System Successfully configured!
[gazebo-1] [INFO] [1786680132.124388933] [resource_manager]: Successful 'configure' of hardware 'OpenManipulatorXSystem'
[gazebo-1] [INFO] [1786680132.124397328] [resource_manager]: 'activate' hardware 'OpenManipulatorXSystem' 
[gazebo-1] [INFO] [1786680132.124410402] [resource_manager]: Successful 'activate' of hardware 'OpenManipulatorXSystem'
[gazebo-1] [WARN] [1786680132.124480084] [omx_01.controller_manager]: Component 'OpenManipulatorXSystem' does not have read or write statistics initialized, skipping registration.
[gazebo-1] [INFO] [1786680132.124485619] [omx_01.controller_manager]: Resource Manager has been successfully initialized. Starting Controller Manager services...
[gazebo-2] [1;33m[GUI] [Wrn] [toggle_floors.cpp:221] [0m[1;33mNode for [0m[1;33mproject1_L1[0m[1;33mwas not found[0m[1;33m[0m
[joint_state_publisher-7] [INFO] [1786680133.618333029] [pinky_02.joint_state_publisher]: Got description, configuring robot
[gazebo-1] [INFO] [1786680134.178806025] [omx_02.gz_ros_control]: [gz_ros2_control] Fixed joint ['world_fixed'] (Entity='103') is skipped.
[gazebo-1] [INFO] [1786680134.187057087] [omx_02.gz_ros_control]: Loading controller_manager
[gazebo-1] [INFO] [1786680134.225453076] [omx_02.controller_manager]: Using ROS clock for triggering controller manager cycles.
[gazebo-1] [INFO] [1786680134.227095866] [omx_02.controller_manager]: Subscribing to '/omx_02/robot_description' topic for robot description.
[gazebo-1] [WARN] [1786680134.227845525] [omx_02.gz_ros_control]: Waiting RM to load and initialize hardware...
[gazebo-1] [INFO] [1786680134.237511863] [omx_02.controller_manager]: Received robot description from topic.
[gazebo-1] [INFO] [1786680134.237567273] [omx_02.controller_manager]: Enforcing command limits is disabled. Command limits from URDF will be ignored.
[gazebo-1] [INFO] [1786680134.241289930] [omx_02.gz_ros_control]: The position_proportional_gain has been set to: 0.1
[gazebo-1] [INFO] [1786680134.241400866] [omx_02.gz_ros_control]: Loading joint: joint1
[gazebo-1] [INFO] [1786680134.241408379] [omx_02.gz_ros_control]: 	State:
[gazebo-1] [INFO] [1786680134.241412192] [omx_02.gz_ros_control]: 		 position
[gazebo-1] [INFO] [1786680134.241415638] [omx_02.gz_ros_control]: 		 velocity
[gazebo-1] [INFO] [1786680134.241419615] [omx_02.gz_ros_control]: 		 effort
[gazebo-1] [INFO] [1786680134.241423076] [omx_02.gz_ros_control]: 	Command:
[gazebo-1] [INFO] [1786680134.241425410] [omx_02.gz_ros_control]: 		 position
[gazebo-1] [INFO] [1786680134.241440301] [omx_02.gz_ros_control]: Loading joint: joint2
[gazebo-1] [INFO] [1786680134.241442920] [omx_02.gz_ros_control]: 	State:
[gazebo-1] [INFO] [1786680134.241445406] [omx_02.gz_ros_control]: 		 position
[gazebo-1] [INFO] [1786680134.241448023] [omx_02.gz_ros_control]: 		 velocity
[gazebo-1] [INFO] [1786680134.241450605] [omx_02.gz_ros_control]: 		 effort
[gazebo-1] [INFO] [1786680134.241452433] [omx_02.gz_ros_control]: 	Command:
[gazebo-1] [INFO] [1786680134.241454223] [omx_02.gz_ros_control]: 		 position
[gazebo-1] [INFO] [1786680134.241462637] [omx_02.gz_ros_control]: Loading joint: joint3
[gazebo-1] [INFO] [1786680134.241465272] [omx_02.gz_ros_control]: 	State:
[gazebo-1] [INFO] [1786680134.241467301] [omx_02.gz_ros_control]: 		 position
[gazebo-1] [INFO] [1786680134.241469371] [omx_02.gz_ros_control]: 		 velocity
[gazebo-1] [INFO] [1786680134.241471252] [omx_02.gz_ros_control]: 		 effort
[gazebo-1] [INFO] [1786680134.241474492] [omx_02.gz_ros_control]: 	Command:
[gazebo-1] [INFO] [1786680134.241476887] [omx_02.gz_ros_control]: 		 position
[gazebo-1] [INFO] [1786680134.241485390] [omx_02.gz_ros_control]: Loading joint: joint4
[gazebo-1] [INFO] [1786680134.241487541] [omx_02.gz_ros_control]: 	State:
[gazebo-1] [INFO] [1786680134.241489841] [omx_02.gz_ros_control]: 		 position
[gazebo-1] [INFO] [1786680134.241491902] [omx_02.gz_ros_control]: 		 velocity
[gazebo-1] [INFO] [1786680134.241551631] [omx_02.gz_ros_control]: 		 effort
[gazebo-1] [INFO] [1786680134.241554717] [omx_02.gz_ros_control]: 	Command:
[gazebo-1] [INFO] [1786680134.241556948] [omx_02.gz_ros_control]: 		 position
[gazebo-1] [INFO] [1786680134.241566602] [omx_02.gz_ros_control]: Loading joint: gripper_left_joint
[gazebo-1] [INFO] [1786680134.241569240] [omx_02.gz_ros_control]: 	State:
[gazebo-1] [INFO] [1786680134.241571718] [omx_02.gz_ros_control]: 		 position
[gazebo-1] [INFO] [1786680134.241574679] [omx_02.gz_ros_control]: 		 velocity
[gazebo-1] [INFO] [1786680134.241577545] [omx_02.gz_ros_control]: 		 effort
[gazebo-1] [INFO] [1786680134.241579866] [omx_02.gz_ros_control]: 	Command:
[gazebo-1] [INFO] [1786680134.241581565] [omx_02.gz_ros_control]: 		 position
[gazebo-1] [INFO] [1786680134.241594105] [omx_02.gz_ros_control]: Loading joint: gripper_right_joint
[gazebo-1] [INFO] [1786680134.241599522] [omx_02.gz_ros_control]: Joint 'gripper_right_joint'is mimicking joint 'gripper_left_joint' with multiplier: 1 and offset: 0
[gazebo-1] [INFO] [1786680134.241602840] [omx_02.gz_ros_control]: 	State:
[gazebo-1] [INFO] [1786680134.241605445] [omx_02.gz_ros_control]: 		 position
[gazebo-1] [INFO] [1786680134.241617468] [omx_02.gz_ros_control]: 		 velocity
[gazebo-1] [INFO] [1786680134.241621300] [omx_02.gz_ros_control]: 		 effort
[gazebo-1] [INFO] [1786680134.241623403] [omx_02.gz_ros_control]: 	Command:
[gazebo-1] [INFO] [1786680134.241636890] [omx_02.gz_ros_control]: Loading sensor: pinky_01/imu
[gazebo-1] [INFO] [1786680134.241642774] [omx_02.gz_ros_control]: 	State:
[gazebo-1] [WARN] [1786680134.241646248] [omx_02.gz_ros_control]: IMU sensor 'pinky_01/imu' not found in hardware_info, skipping.
[gazebo-1] [INFO] [1786680134.241684068] [omx_02.controller_manager]: Initialize hardware 'OpenManipulatorXSystem' 
[gazebo-1] [WARN] [1786680134.241696477] [omx_02.controller_manager.hardware_component.system.OpenManipulatorXSystem]: Executor is not available during hardware component initialization for 'OpenManipulatorXSystem'. Skipping node creation!
[gazebo-1] [INFO] [1786680134.241736103] [omx_02.controller_manager]: Successful initialization of hardware 'OpenManipulatorXSystem'
[gazebo-1] [INFO] [1786680134.241819388] [omx_02.controller_manager]: Activating component 'OpenManipulatorXSystem'.
[gazebo-1] [INFO] [1786680134.241827014] [resource_manager]: 'configure' hardware 'OpenManipulatorXSystem' 
[gazebo-1] [INFO] [1786680134.241829634] [omx_02.gz_ros_control]: System Successfully configured!
[gazebo-1] [INFO] [1786680134.241833061] [resource_manager]: Successful 'configure' of hardware 'OpenManipulatorXSystem'
[gazebo-1] [INFO] [1786680134.241836754] [resource_manager]: 'activate' hardware 'OpenManipulatorXSystem' 
[gazebo-1] [INFO] [1786680134.241840443] [resource_manager]: Successful 'activate' of hardware 'OpenManipulatorXSystem'
[gazebo-1] [WARN] [1786680134.241866242] [omx_02.controller_manager]: Component 'OpenManipulatorXSystem' does not have read or write statistics initialized, skipping registration.
[gazebo-1] [INFO] [1786680134.241873378] [omx_02.controller_manager]: Resource Manager has been successfully initialized. Starting Controller Manager services...
[gazebo-1] [INFO] [1786680134.357232972] [omx_02.controller_manager]: Loading controller : 'joint_state_broadcaster' of type 'joint_state_broadcaster/JointStateBroadcaster'
[gazebo-1] [INFO] [1786680134.357282504] [omx_02.controller_manager]: Loading controller 'joint_state_broadcaster'
[gazebo-1] [INFO] [1786680134.368662645] [omx_02.controller_manager]: Controller 'joint_state_broadcaster' node arguments: --ros-args --params-file /home/gyi/robosapiens/robot_model/open_manipulator/install/open_manipulator_bringup/share/open_manipulator_bringup/config/open_manipulator_x/hardware_controller_manager.yaml -p use_sim_time:=true --param use_sim_time:=true 
[spawner-16] [INFO] [1786680134.388259392] [omx_02.spawner_joint_state_broadcaster]: Loaded joint_state_broadcaster
[gazebo-1] [INFO] [1786680134.389599531] [omx_02.controller_manager]: Configuring controller: 'joint_state_broadcaster'
[gazebo-1] [INFO] [1786680134.389898354] [omx_02.joint_state_broadcaster]: 'joints' or 'interfaces' parameter is empty. All available state interfaces will be published
[gazebo-1] [INFO] [1786680134.412709777] [omx_02.controller_manager]: Activating controllers: [ joint_state_broadcaster ]
[gazebo-1] [INFO] [1786680136.281063042] [omx_03.gz_ros_control]: [gz_ros2_control] Fixed joint ['world_fixed'] (Entity='133') is skipped.
[gazebo-1] [INFO] [1786680136.284738984] [omx_03.gz_ros_control]: Loading controller_manager
[gazebo-1] [INFO] [1786680136.312095944] [omx_03.controller_manager]: Using ROS clock for triggering controller manager cycles.
[gazebo-1] [INFO] [1786680136.313768651] [omx_03.controller_manager]: Subscribing to '/omx_03/robot_description' topic for robot description.
[gazebo-1] [WARN] [1786680136.315044527] [omx_03.gz_ros_control]: Waiting RM to load and initialize hardware...
[gazebo-1] [INFO] [1786680136.324089656] [omx_03.controller_manager]: Received robot description from topic.
[gazebo-1] [INFO] [1786680136.324147871] [omx_03.controller_manager]: Enforcing command limits is disabled. Command limits from URDF will be ignored.
[gazebo-1] [INFO] [1786680136.326503440] [omx_03.gz_ros_control]: The position_proportional_gain has been set to: 0.1
[gazebo-1] [INFO] [1786680136.326592060] [omx_03.gz_ros_control]: Loading joint: joint1
[gazebo-1] [INFO] [1786680136.326600238] [omx_03.gz_ros_control]: 	State:
[gazebo-1] [INFO] [1786680136.326604511] [omx_03.gz_ros_control]: 		 position
[gazebo-1] [INFO] [1786680136.326609098] [omx_03.gz_ros_control]: 		 velocity
[gazebo-1] [INFO] [1786680136.326613563] [omx_03.gz_ros_control]: 		 effort
[gazebo-1] [INFO] [1786680136.326616332] [omx_03.gz_ros_control]: 	Command:
[gazebo-1] [INFO] [1786680136.326618459] [omx_03.gz_ros_control]: 		 position
[gazebo-1] [INFO] [1786680136.326632061] [omx_03.gz_ros_control]: Loading joint: joint2
[gazebo-1] [INFO] [1786680136.326634164] [omx_03.gz_ros_control]: 	State:
[gazebo-1] [INFO] [1786680136.326636006] [omx_03.gz_ros_control]: 		 position
[gazebo-1] [INFO] [1786680136.326638023] [omx_03.gz_ros_control]: 		 velocity
[gazebo-1] [INFO] [1786680136.326640423] [omx_03.gz_ros_control]: 		 effort
[gazebo-1] [INFO] [1786680136.326642630] [omx_03.gz_ros_control]: 	Command:
[gazebo-1] [INFO] [1786680136.326644286] [omx_03.gz_ros_control]: 		 position
[gazebo-1] [INFO] [1786680136.326651806] [omx_03.gz_ros_control]: Loading joint: joint3
[gazebo-1] [INFO] [1786680136.326653873] [omx_03.gz_ros_control]: 	State:
[gazebo-1] [INFO] [1786680136.326655697] [omx_03.gz_ros_control]: 		 position
[gazebo-1] [INFO] [1786680136.326657613] [omx_03.gz_ros_control]: 		 velocity
[gazebo-1] [INFO] [1786680136.326659452] [omx_03.gz_ros_control]: 		 effort
[gazebo-1] [INFO] [1786680136.326662085] [omx_03.gz_ros_control]: 	Command:
[gazebo-1] [INFO] [1786680136.326663953] [omx_03.gz_ros_control]: 		 position
[gazebo-1] [INFO] [1786680136.326670796] [omx_03.gz_ros_control]: Loading joint: joint4
[gazebo-1] [INFO] [1786680136.326672698] [omx_03.gz_ros_control]: 	State:
[gazebo-1] [INFO] [1786680136.326674812] [omx_03.gz_ros_control]: 		 position
[gazebo-1] [INFO] [1786680136.326676757] [omx_03.gz_ros_control]: 		 velocity
[gazebo-1] [INFO] [1786680136.326678521] [omx_03.gz_ros_control]: 		 effort
[gazebo-1] [INFO] [1786680136.326680383] [omx_03.gz_ros_control]: 	Command:
[gazebo-1] [INFO] [1786680136.326682151] [omx_03.gz_ros_control]: 		 position
[gazebo-1] [INFO] [1786680136.326689852] [omx_03.gz_ros_control]: Loading joint: gripper_left_joint
[gazebo-1] [INFO] [1786680136.326692121] [omx_03.gz_ros_control]: 	State:
[gazebo-1] [INFO] [1786680136.326693978] [omx_03.gz_ros_control]: 		 position
[gazebo-1] [INFO] [1786680136.326695897] [omx_03.gz_ros_control]: 		 velocity
[gazebo-1] [INFO] [1786680136.326697763] [omx_03.gz_ros_control]: 		 effort
[gazebo-1] [INFO] [1786680136.326699526] [omx_03.gz_ros_control]: 	Command:
[gazebo-1] [INFO] [1786680136.326701275] [omx_03.gz_ros_control]: 		 position
[gazebo-1] [INFO] [1786680136.326707839] [omx_03.gz_ros_control]: Loading joint: gripper_right_joint
[gazebo-1] [INFO] [1786680136.326711046] [omx_03.gz_ros_control]: Joint 'gripper_right_joint'is mimicking joint 'gripper_left_joint' with multiplier: 1 and offset: 0
[gazebo-1] [INFO] [1786680136.326713932] [omx_03.gz_ros_control]: 	State:
[gazebo-1] [INFO] [1786680136.326715719] [omx_03.gz_ros_control]: 		 position
[gazebo-1] [INFO] [1786680136.326717575] [omx_03.gz_ros_control]: 		 velocity
[gazebo-1] [INFO] [1786680136.326720625] [omx_03.gz_ros_control]: 		 effort
[gazebo-1] [INFO] [1786680136.326728639] [omx_03.gz_ros_control]: 	Command:
[gazebo-1] [INFO] [1786680136.326732355] [omx_03.gz_ros_control]: Loading sensor: pinky_01/imu
[gazebo-1] [INFO] [1786680136.326737268] [omx_03.gz_ros_control]: 	State:
[gazebo-1] [WARN] [1786680136.326739712] [omx_03.gz_ros_control]: IMU sensor 'pinky_01/imu' not found in hardware_info, skipping.
[gazebo-1] [INFO] [1786680136.326799873] [omx_03.controller_manager]: Initialize hardware 'OpenManipulatorXSystem' 
[gazebo-1] [WARN] [1786680136.326811113] [omx_03.controller_manager.hardware_component.system.OpenManipulatorXSystem]: Executor is not available during hardware component initialization for 'OpenManipulatorXSystem'. Skipping node creation!
[gazebo-1] [INFO] [1786680136.326846830] [omx_03.controller_manager]: Successful initialization of hardware 'OpenManipulatorXSystem'
[gazebo-1] [INFO] [1786680136.326956398] [omx_03.controller_manager]: Activating component 'OpenManipulatorXSystem'.
[gazebo-1] [INFO] [1786680136.326963658] [resource_manager]: 'configure' hardware 'OpenManipulatorXSystem' 
[gazebo-1] [INFO] [1786680136.326965557] [omx_03.gz_ros_control]: System Successfully configured!
[gazebo-1] [INFO] [1786680136.326969233] [resource_manager]: Successful 'configure' of hardware 'OpenManipulatorXSystem'
[gazebo-1] [INFO] [1786680136.326972626] [resource_manager]: 'activate' hardware 'OpenManipulatorXSystem' 
[gazebo-1] [INFO] [1786680136.326975751] [resource_manager]: Successful 'activate' of hardware 'OpenManipulatorXSystem'
[gazebo-1] [WARN] [1786680136.326995733] [omx_03.controller_manager]: Component 'OpenManipulatorXSystem' does not have read or write statistics initialized, skipping registration.
[gazebo-1] [INFO] [1786680136.326999861] [omx_03.controller_manager]: Resource Manager has been successfully initialized. Starting Controller Manager services...
[gazebo-1] [1;33mWarning [Utils.cc:132][0m [/sdf/model[@name="pinky"]/link[@name="base_footprint"]/sensor[@name="pinky_02/camera"]/gz_frame_id:<urdf-string>:L0]: XML Element[gz_frame_id], child of element[sensor], not defined in SDF. Copying[gz_frame_id] as children of [sensor].
[gazebo-1] [1;33mWarning [Utils.cc:132][0m [/sdf/model[@name="pinky"]/link[@name="base_footprint"]/sensor[@name="pinky_02/imu"]/gz_frame_id:<urdf-string>:L0]: XML Element[gz_frame_id], child of element[sensor], not defined in SDF. Copying[gz_frame_id] as children of [sensor].
[gazebo-1] [1;33mWarning [Utils.cc:132][0m [/sdf/model[@name="pinky"]/link[@name="base_footprint"]/sensor[@name="pinky_02/gpu_lidar"]/gz_frame_id:<urdf-string>:L0]: XML Element[gz_frame_id], child of element[sensor], not defined in SDF. Copying[gz_frame_id] as children of [sensor].
[gazebo-1] [1;31m[Err] [Physics.cc:1808] [0m[1;31mAttempting to create a mimic constraint for joint [[0m[1;31mgripper_right_joint[0m[1;31m] but the chosen physics engine does not support [0m[1;31mmimic constraints, so no constraint will be [0m[1;31mcreated.[0m[1;31m[0m
[gazebo-1] [1;33m[Wrn] [Component.hh:144] [0m[1;33mTrying to serialize component with data type [[0m[1;33mN2gz3sim11ChargerDataE[0m[1;33m], which doesn't have [0m[1;33m`operator<<`. Component will not be serialized.[0m[1;33m[0m
[gazebo-2] [1;33mWarning [Utils.cc:132][0m [/sdf/model[@name="pinky"]/link[@name="base_footprint"]/sensor[@name="pinky_02/camera"]/gz_frame_id:<data-string>:L122]: XML Element[gz_frame_id], child of element[sensor], not defined in SDF. Copying[gz_frame_id] as children of [sensor].
[gazebo-2] [1;33mWarning [Utils.cc:132][0m [/sdf/model[@name="pinky"]/link[@name="base_footprint"]/sensor[@name="pinky_02/imu"]/gz_frame_id:<data-string>:L131]: XML Element[gz_frame_id], child of element[sensor], not defined in SDF. Copying[gz_frame_id] as children of [sensor].
[gazebo-2] [1;33mWarning [Utils.cc:132][0m [/sdf/model[@name="pinky"]/link[@name="base_footprint"]/sensor[@name="pinky_02/gpu_lidar"]/gz_frame_id:<data-string>:L165]: XML Element[gz_frame_id], child of element[sensor], not defined in SDF. Copying[gz_frame_id] as children of [sensor].
[gazebo-1] [INFO] [1786680138.782033364] [omx_02.controller_manager]: Successfully switched controllers!
[2/3] Open-RMF
[gazebo-2] [1;33m[GUI] [Wrn] [EntityComponentManager.cc:1930] [0m[1;33mComponent type [[0m[1;33m1728988591536574887[0m[1;33m] has not been [0m[1;33mregistered in this process, so it can't be deserialized.[0m[1;33m[0m
[gazebo-2] [1;33mWarning [Utils.cc:132][0m [/sdf/model[@name="pinky"]/link[@name="base_footprint"]/sensor[@name="pinky_01/camera"]/gz_frame_id:<data-string>:L122]: XML Element[gz_frame_id], child of element[sensor], not defined in SDF. Copying[gz_frame_id] as children of [sensor].
[gazebo-2] [1;33mWarning [Utils.cc:132][0m [/sdf/model[@name="pinky"]/link[@name="base_footprint"]/sensor[@name="pinky_01/imu"]/gz_frame_id:<data-string>:L131]: XML Element[gz_frame_id], child of element[sensor], not defined in SDF. Copying[gz_frame_id] as children of [sensor].
[gazebo-2] [1;33mWarning [Utils.cc:132][0m [/sdf/model[@name="pinky"]/link[@name="base_footprint"]/sensor[@name="pinky_01/gpu_lidar"]/gz_frame_id:<data-string>:L165]: XML Element[gz_frame_id], child of element[sensor], not defined in SDF. Copying[gz_frame_id] as children of [sensor].
[spawner-16] [INFO] [1786680139.727159301] [omx_02.spawner_joint_state_broadcaster]: Configured and activated joint_state_broadcaster
[INFO] [launch]: All log files can be found below /home/gyi/.ros/log/2026-08-14-13-02-19-822065-gyi-15UD50T-GX5JK-102927
[INFO] [launch]: Default logging verbosity is set to INFO
[spawner-12] [INFO] [1786680139.849658792] [omx_01.spawner_arm_controller]: waiting for service /omx_01/controller_manager/list_controllers to become available...
[INFO] [spawner-16]: process has finished cleanly [pid 102160]
[INFO] [rmf_traffic_schedule-1]: process started with pid [102967]
[INFO] [rmf_traffic_blockade-2]: process started with pid [102968]
[INFO] [building_map_server-3]: process started with pid [102969]
[INFO] [schedule_visualizer_node-4]: process started with pid [102970]
[INFO] [fleetstates_visualizer_node-5]: process started with pid [102971]
[INFO] [rmf_visualization_building_systems-6]: process started with pid [102972]
[INFO] [navgraph_visualizer_node-7]: process started with pid [102973]
[INFO] [floorplan_visualizer_node-8]: process started with pid [102974]
[INFO] [obstacle_visualizer_node-9]: process started with pid [102975]
[INFO] [door_supervisor-10]: process started with pid [102976]
[INFO] [lift_supervisor-11]: process started with pid [102977]
[INFO] [mutex_group_supervisor-12]: process started with pid [102978]
[INFO] [rmf_task_dispatcher-13]: process started with pid [102985]
[fleetstates_visualizer_node-5] [INFO] [1786680140.235790386] [fleet_states_visualizer]: Configuring fleet_states_visualizer...
[fleetstates_visualizer_node-5] [INFO] [1786680140.236047615] [fleet_states_visualizer]: Setting parameter initial_map_name to L1
[fleetstates_visualizer_node-5] [INFO] [1786680140.236077016] [fleet_states_visualizer]: Setting parameter fleet_state_nose_scale to 0.500000
[obstacle_visualizer_node-9] [INFO] [1786680140.239111756] [rmf_obstacle_visualizer]: Beginning RMF obstacle visualizer node
[rmf_task_dispatcher-13] ~Initializing Dispatcher Node~
[fleetstates_visualizer_node-5] [INFO] [1786680140.264971134] [fleet_states_visualizer]: Running fleet_states_visualizer...
[rmf_traffic_schedule-1] [INFO] [1786680140.266889250] [rmf_traffic_schedule_primary]: Successfully loaded logfile .rmf_schedule_node.yaml 
[rmf_traffic_schedule-1] [INFO] [1786680140.271165822] [rmf_traffic_schedule_primary]: Set up heartbeat on /rmf_traffic/heartbeat with liveliness lease duration of 10000 ms and deadline of 10000 ms
[navgraph_visualizer_node-7] [INFO] [1786680140.279467399] [navgraph_visualizer]: Setting parameter initial_map_name to L1
[navgraph_visualizer_node-7] [INFO] [1786680140.279662634] [navgraph_visualizer]: Setting parameter lane_width to 0.120000
[navgraph_visualizer_node-7] [INFO] [1786680140.279683323] [navgraph_visualizer]: Setting parameter lane_transparency to 0.600000
[navgraph_visualizer_node-7] [INFO] [1786680140.279694655] [navgraph_visualizer]: Setting parameter waypoint_scale to 1.000000
[navgraph_visualizer_node-7] [INFO] [1786680140.279704092] [navgraph_visualizer]: Setting parameter text_scale to 0.600000
[schedule_visualizer_node-4] [INFO] [1786680140.280699470] [schedule_visualizer_node]: Setting parameter rate to 10.000000
[schedule_visualizer_node-4] [INFO] [1786680140.280938369] [schedule_visualizer_node]: Setting parameter path_width to 0.200000
[schedule_visualizer_node-4] [INFO] [1786680140.280991099] [schedule_visualizer_node]: Setting parameter initial_map_name to L1
[schedule_visualizer_node-4] [INFO] [1786680140.281022359] [schedule_visualizer_node]: Setting parameter wait_secs to 10
[schedule_visualizer_node-4] [INFO] [1786680140.281046051] [schedule_visualizer_node]: Setting parameter port to 8006
[schedule_visualizer_node-4] [INFO] [1786680140.281068761] [schedule_visualizer_node]: Setting parameter retained_history_count to 50
[navgraph_visualizer_node-7] [INFO] [1786680140.293188013] [navgraph_visualizer]: NavGraph visualizer is running...
[floorplan_visualizer_node-8] [INFO] [1786680140.680656054] [floorplan_visualizer]: Configuring floorplan_visualizer...
[floorplan_visualizer_node-8] [INFO] [1786680140.681315122] [floorplan_visualizer]: Setting parameter initial_map_name to L1
[rmf_traffic_schedule-1] [INFO] [1786680140.682300323] [rmf_traffic_schedule_primary]: Beginning traffic schedule node
[floorplan_visualizer_node-8] [INFO] [1786680140.690757873] [floorplan_visualizer]: Running floorplan_visualizer...
[rmf_visualization_building_systems-6] [INFO] [1786680140.732686127] [building_systems_visualizer]: Building systems visualizer started...
[building_map_server-3] [INFO] [1786680140.945547977] [building_map_server]: loading map path: /home/gyi/robosapiens/rmf_maps/project1/project1.building.yaml
[building_map_server-3] [INFO] [1786680140.948813150] [building_map_server]: opening: /home/gyi/robosapiens/rmf_maps/project1/gwanghee.png
[building_map_server-3] [INFO] [1786680140.950331348] [building_map_server]: read 179943 byte image
[building_map_server-3] [INFO] [1786680140.950998093] [building_map_server]: unable to generate GeoJSON for this map.
[building_map_server-3] [INFO] [1786680140.956432570] [building_map_server]: publishing map...
[building_map_server-3] [INFO] [1786680140.957985599] [building_map_server]: ready to serve map: "project1"  Ctrl+C to exit...
[gazebo-1] [1;33m[Wrn] [Ogre2Camera.cc:423] [0m[1;33mOgre2Camera::SetVisibilityMask: Mask bits [0m[1;33mc0000000[0m[1;33m are set but will be ignored as they conflict with the [0m[1;33mreserved bits used internally by the ogre2 backend.[0m[1;33m[0m
  ↑ 같은 줄 1번 더
[rmf_task_dispatcher-13] [INFO] [1786680141.022067457] [rmf_dispatcher_node]:  Declared Time Window Param as: 2.000000 secs
[rmf_task_dispatcher-13] [INFO] [1786680141.022259816] [rmf_dispatcher_node]:  Declared Terminated Tasks Max Size Param as: 100
[rmf_task_dispatcher-13] [INFO] [1786680141.022288605] [rmf_dispatcher_node]:  Declared publish_active_tasks_period as: 2 secs
[rmf_task_dispatcher-13] [INFO] [1786680141.022307450] [rmf_dispatcher_node]:  Use timestamp with task_id: false
[rmf_task_dispatcher-13] [INFO] [1786680141.022325274] [rmf_dispatcher_node]:  Use unique hex string with task_id: true
[rmf_task_dispatcher-13] [INFO] [1786680141.046169606] [rmf_dispatcher_node]: Starting task dispatcher node
[rmf_traffic_blockade-2] [INFO] [1786680141.357583005] [rmf_traffic_blockade_node]: Beginning traffic blockade node
[gazebo-1] [INFO] [1786680141.892117955] [omx_01.controller_manager]: Loading controller : 'arm_controller' of type 'joint_trajectory_controller/JointTrajectoryController'
[gazebo-1] [INFO] [1786680141.892251395] [omx_01.controller_manager]: Loading controller 'arm_controller'
[gazebo-1] [INFO] [1786680141.901481769] [omx_01.controller_manager]: Controller 'arm_controller' node arguments: --ros-args --params-file /home/gyi/robosapiens/robot_model/open_manipulator/install/open_manipulator_bringup/share/open_manipulator_bringup/config/open_manipulator_x/hardware_controller_manager.yaml -p use_sim_time:=true --param use_sim_time:=true 
[spawner-12] [INFO] [1786680142.020522930] [omx_01.spawner_arm_controller]: Loaded arm_controller
[rmf_traffic_schedule-1] [INFO] [1786680142.111191736] [rmf_traffic_schedule_primary]: Registered new query [1]
[schedule_visualizer_node-4] [INFO] [1786680142.116043727] [schedule_data_node]: Registering to query topic rmf_traffic/query_update_1
[schedule_visualizer_node-4] [INFO] [1786680142.126123282] [schedule_data_node]: [rmf_traffic_ros2::MirrorManager::request_update] Requesting changes for query ID [1] since beginning of recorded history
[rmf_traffic_schedule-1] [INFO] [1786680142.132608661] [rmf_traffic_schedule_primary]: [ScheduleNode::update_mirrors] Sending remedial update starting from the beginning going to 6 for query 1
[schedule_visualizer_node-4] [INFO] [1786680142.146717330] [schedule_visualizer_node]: Successfully connected to rmf_traffic_schedule node.
[schedule_visualizer_node-4] [INFO] [1786680142.149951331] [schedule_data_node]: Mirror handling new sync of 1 queries from schedule node [a2c81026-e2a7-4c00-b029-944b17a4f572]
[gazebo-1] [INFO] [1786680142.198408521] [omx_01.controller_manager]: Configuring controller: 'arm_controller'
[gazebo-1] [INFO] [1786680142.199435396] [omx_01.arm_controller]: No specific joint names are used for command interfaces. Using 'joints' parameter.
[gazebo-1] [INFO] [1786680142.199494015] [omx_01.arm_controller]: Command interfaces are [position] and state interfaces are [position velocity].
[gazebo-1] [INFO] [1786680142.199533757] [omx_01.arm_controller]: Using 'splines' interpolation method.
[gazebo-1] [INFO] [1786680142.204363804] [omx_01.arm_controller]: Goals with partial set of joints are allowed
[gazebo-1] [INFO] [1786680142.204400475] [omx_01.arm_controller]: Action status changes will be monitored at 20.00 Hz.
[gazebo-1] [INFO] [1786680142.222181355] [omx_01.arm_controller]: Setting initial scaling factor to 1.000000
[gazebo-1] [INFO] [1786680142.222225213] [omx_01.arm_controller]: No scaling interface set. This controller will not read speed scaling from the hardware.
[gazebo-1] [INFO] [1786680142.228695803] [omx_01.controller_manager]: Activating controllers: [ arm_controller ]
[gazebo-1] [INFO] [1786680142.314701126] [omx_01.controller_manager]: Successfully switched controllers!
[spawner-12] [INFO] [1786680142.420229581] [omx_01.spawner_arm_controller]: Configured and activated arm_controller
[spawner-18] [INFO] [1786680142.764367291] [omx_02.spawner_gripper_controller]: waiting for service /omx_02/controller_manager/list_controllers to become available...
[INFO] [spawner-12]: process has finished cleanly [pid 102154]
[gazebo-1] [INFO] [1786680144.017115367] [omx_02.controller_manager]: Loading controller : 'gripper_controller' of type 'position_controllers/GripperActionController'
[gazebo-1] [INFO] [1786680144.017154163] [omx_02.controller_manager]: Loading controller 'gripper_controller'
[gazebo-1] [INFO] [1786680144.021381716] [omx_02.controller_manager]: Controller 'gripper_controller' node arguments: --ros-args --params-file /home/gyi/robosapiens/robot_model/open_manipulator/install/open_manipulator_bringup/share/open_manipulator_bringup/config/open_manipulator_x/hardware_controller_manager.yaml -p use_sim_time:=true --param use_sim_time:=true 
[gazebo-1] [WARN] [1786680144.053133045] [omx_02.gripper_controller]: [Deprecated]: the `position_controllers/GripperActionController` and `effort_controllers::GripperActionController` controllers are replaced by 'parallel_gripper_controllers/GripperActionController' controller
[spawner-18] [INFO] [1786680144.088822317] [omx_02.spawner_gripper_controller]: Loaded gripper_controller
[gazebo-1] [INFO] [1786680144.090978396] [omx_02.controller_manager]: Configuring controller: 'gripper_controller'
[gazebo-1] [INFO] [1786680144.091178519] [omx_02.gripper_controller]: Action status changes will be monitored at 20.000000 Hz.
[gazebo-1] [INFO] [1786680144.214803414] [omx_02.controller_manager]: Activating controllers: [ gripper_controller ]
[gazebo-1] [INFO] [1786680144.336100455] [omx_02.controller_manager]: Successfully switched controllers!
[spawner-18] [INFO] [1786680144.456996603] [omx_02.spawner_gripper_controller]: Configured and activated gripper_controller
[spawner-17] [INFO] [1786680144.557556218] [omx_02.spawner_arm_controller]: waiting for service /omx_02/controller_manager/list_controllers to become available...
[INFO] [spawner-18]: process has finished cleanly [pid 102162]
[gazebo-1] [INFO] [1786680146.561956030] [omx_02.controller_manager]: Loading controller : 'arm_controller' of type 'joint_trajectory_controller/JointTrajectoryController'
[gazebo-1] [INFO] [1786680146.561996732] [omx_02.controller_manager]: Loading controller 'arm_controller'
[gazebo-1] [INFO] [1786680146.563610096] [omx_02.controller_manager]: Controller 'arm_controller' node arguments: --ros-args --params-file /home/gyi/robosapiens/robot_model/open_manipulator/install/open_manipulator_bringup/share/open_manipulator_bringup/config/open_manipulator_x/hardware_controller_manager.yaml -p use_sim_time:=true --param use_sim_time:=true 
[spawner-17] [INFO] [1786680146.673396086] [omx_02.spawner_arm_controller]: Loaded arm_controller
[gazebo-1] [INFO] [1786680146.675008061] [omx_02.controller_manager]: Configuring controller: 'arm_controller'
[gazebo-1] [INFO] [1786680146.675210112] [omx_02.arm_controller]: No specific joint names are used for command interfaces. Using 'joints' parameter.
[gazebo-1] [INFO] [1786680146.675231985] [omx_02.arm_controller]: Command interfaces are [position] and state interfaces are [position velocity].
[gazebo-1] [INFO] [1786680146.675245434] [omx_02.arm_controller]: Using 'splines' interpolation method.
[gazebo-1] [INFO] [1786680146.678701347] [omx_02.arm_controller]: Goals with partial set of joints are allowed
[gazebo-1] [INFO] [1786680146.678738456] [omx_02.arm_controller]: Action status changes will be monitored at 20.00 Hz.
[gazebo-1] [INFO] [1786680146.690833289] [omx_02.arm_controller]: Setting initial scaling factor to 1.000000
[gazebo-1] [INFO] [1786680146.690875042] [omx_02.arm_controller]: No scaling interface set. This controller will not read speed scaling from the hardware.
[gazebo-1] [INFO] [1786680146.803274611] [omx_02.controller_manager]: Activating controllers: [ arm_controller ]
[gazebo-1] [INFO] [1786680146.922815082] [omx_02.controller_manager]: Successfully switched controllers!
[spawner-17] [INFO] [1786680147.049871043] [omx_02.spawner_arm_controller]: Configured and activated arm_controller
[spawner-13] [INFO] [1786680147.150520812] [omx_01.spawner_gripper_controller]: waiting for service /omx_01/controller_manager/list_controllers to become available...
[INFO] [spawner-17]: process has finished cleanly [pid 102161]
[gazebo-1] [INFO] [1786680147.403081087] [omx_01.controller_manager]: Loading controller : 'gripper_controller' of type 'position_controllers/GripperActionController'
[gazebo-1] [INFO] [1786680147.403140676] [omx_01.controller_manager]: Loading controller 'gripper_controller'
[gazebo-1] [INFO] [1786680147.404704397] [omx_01.controller_manager]: Controller 'gripper_controller' node arguments: --ros-args --params-file /home/gyi/robosapiens/robot_model/open_manipulator/install/open_manipulator_bringup/share/open_manipulator_bringup/config/open_manipulator_x/hardware_controller_manager.yaml -p use_sim_time:=true --param use_sim_time:=true 
[gazebo-1] [WARN] [1786680147.432786644] [omx_01.gripper_controller]: [Deprecated]: the `position_controllers/GripperActionController` and `effort_controllers::GripperActionController` controllers are replaced by 'parallel_gripper_controllers/GripperActionController' controller
[spawner-13] [INFO] [1786680147.454977257] [omx_01.spawner_gripper_controller]: Loaded gripper_controller
[gazebo-1] [INFO] [1786680147.456118776] [omx_01.controller_manager]: Configuring controller: 'gripper_controller'
[gazebo-1] [INFO] [1786680147.456190819] [omx_01.gripper_controller]: Action status changes will be monitored at 20.000000 Hz.
[gazebo-1] [INFO] [1786680147.579454326] [omx_01.controller_manager]: Activating controllers: [ gripper_controller ]
[gazebo-1] [INFO] [1786680147.721352092] [omx_01.controller_manager]: Successfully switched controllers!
[spawner-13] [INFO] [1786680148.062407653] [omx_01.spawner_gripper_controller]: Configured and activated gripper_controller
[spawner-23] [INFO] [1786680148.163531458] [omx_03.spawner_gripper_controller]: waiting for service /omx_03/controller_manager/list_controllers to become available...
[INFO] [spawner-13]: process has finished cleanly [pid 102155]
[spawner-22] [WARN] [1786680149.931311749] [ros2_control_controller_spawner_arm_controller]: Failed to acquire lock in 20 seconds. Attempt 1 of 5 failed. Retrying in 3 seconds...
[spawner-11] [WARN] [1786680149.993492760] [ros2_control_controller_spawner_joint_state_broadcaster]: Failed to acquire lock in 20 seconds. Attempt 1 of 5 failed. Retrying in 3 seconds...
[gazebo-1] [INFO] [1786680149.999602625] [omx_03.controller_manager]: Loading controller : 'gripper_controller' of type 'position_controllers/GripperActionController'
[gazebo-1] [INFO] [1786680149.999682044] [omx_03.controller_manager]: Loading controller 'gripper_controller'
[gazebo-1] [INFO] [1786680150.000972342] [omx_03.controller_manager]: Controller 'gripper_controller' node arguments: --ros-args --params-file /home/gyi/robosapiens/robot_model/open_manipulator/install/open_manipulator_bringup/share/open_manipulator_bringup/config/open_manipulator_x/hardware_controller_manager.yaml -p use_sim_time:=true --param use_sim_time:=true 
[gazebo-1] [WARN] [1786680150.034455511] [omx_03.gripper_controller]: [Deprecated]: the `position_controllers/GripperActionController` and `effort_controllers::GripperActionController` controllers are replaced by 'parallel_gripper_controllers/GripperActionController' controller
[spawner-23] [INFO] [1786680150.051363605] [omx_03.spawner_gripper_controller]: Loaded gripper_controller
[gazebo-1] [INFO] [1786680150.053429256] [omx_03.controller_manager]: Configuring controller: 'gripper_controller'
[gazebo-1] [INFO] [1786680150.053522078] [omx_03.gripper_controller]: Action status changes will be monitored at 20.000000 Hz.
[spawner-21] [WARN] [1786680150.134278638] [ros2_control_controller_spawner_joint_state_broadcaster]: Failed to acquire lock in 20 seconds. Attempt 1 of 5 failed. Retrying in 3 seconds...
[gazebo-1] [INFO] [1786680150.176229643] [omx_03.controller_manager]: Activating controllers: [ gripper_controller ]
[gazebo-1] [INFO] [1786680150.300679650] [omx_03.controller_manager]: Successfully switched controllers!
[spawner-23] [INFO] [1786680150.422751930] [omx_03.spawner_gripper_controller]: Configured and activated gripper_controller
[INFO] [spawner-23]: process has finished cleanly [pid 102169]
[3/3] Nav2 와 RMF 어댑터
[INFO] [launch]: All log files can be found below /home/gyi/.ros/log/2026-08-14-13-02-31-150568-gyi-15UD50T-GX5JK-103497
[INFO] [launch]: Default logging verbosity is set to INFO
[INFO] [map_server-1]: process started with pid [103503]
[INFO] [lifecycle_manager-2]: process started with pid [103504]
[INFO] [amcl-3]: process started with pid [103505]
[INFO] [controller_server-4]: process started with pid [103506]
[INFO] [smoother_server-5]: process started with pid [103507]
[INFO] [planner_server-6]: process started with pid [103508]
[INFO] [behavior_server-7]: process started with pid [103509]
[INFO] [bt_navigator-8]: process started with pid [103510]
[INFO] [waypoint_follower-9]: process started with pid [103511]
[INFO] [velocity_smoother-10]: process started with pid [103512]
[INFO] [lifecycle_manager-11]: process started with pid [103513]
[INFO] [amcl-12]: process started with pid [103514]
[INFO] [controller_server-13]: process started with pid [103515]
[INFO] [smoother_server-14]: process started with pid [103516]
[INFO] [planner_server-15]: process started with pid [103517]
[INFO] [behavior_server-16]: process started with pid [103518]
[INFO] [bt_navigator-17]: process started with pid [103519]
[INFO] [waypoint_follower-18]: process started with pid [103520]
[INFO] [velocity_smoother-19]: process started with pid [103521]
[INFO] [lifecycle_manager-20]: process started with pid [103522]
[INFO] [python3-21]: process started with pid [103523]
[INFO] [python3-22]: process started with pid [103524]
[INFO] [python3-23]: process started with pid [103525]
[planner_server-15] [INFO] [1786680151.572546210] [pinky_02.planner_server]: 
[planner_server-15] 	planner_server lifecycle node launched. 
[planner_server-15] 	Waiting on external lifecycle transitions to activate
[planner_server-15] 	See https://design.ros2.org/articles/node_lifecycle.html for more information.
[planner_server-15] [INFO] [1786680151.655983303] [pinky_02.planner_server]: Creating
[planner_server-15] [INFO] [1786680151.799019473] [pinky_02.global_costmap.global_costmap]: 
[planner_server-15] 	global_costmap lifecycle node launched. 
[planner_server-15] 	Waiting on external lifecycle transitions to activate
[planner_server-15] 	See https://design.ros2.org/articles/node_lifecycle.html for more information.
[lifecycle_manager-20] [INFO] [1786680151.802854744] [pinky_02.lifecycle_manager_navigation]: Creating
[planner_server-15] [INFO] [1786680151.811658566] [pinky_02.global_costmap.global_costmap]: Creating Costmap
[velocity_smoother-19] [INFO] [1786680151.828701154] [pinky_02.velocity_smoother]: 
[velocity_smoother-19] 	velocity_smoother lifecycle node launched. 
[velocity_smoother-19] 	Waiting on external lifecycle transitions to activate
[velocity_smoother-19] 	See https://design.ros2.org/articles/node_lifecycle.html for more information.
[lifecycle_manager-20] [INFO] [1786680151.868269485] [pinky_02.lifecycle_manager_navigation]: [34m[1mCreating and initializing lifecycle service clients[0m[0m
[lifecycle_manager-2] [INFO] [1786680152.035336073] [lifecycle_manager_map]: Creating
[lifecycle_manager-2] [INFO] [1786680152.040621164] [lifecycle_manager_map]: [34m[1mCreating and initializing lifecycle service clients[0m[0m
[behavior_server-7] [INFO] [1786680152.482269166] [pinky_01.behavior_server]: 
[behavior_server-7] 	behavior_server lifecycle node launched. 
[behavior_server-7] 	Waiting on external lifecycle transitions to activate
[behavior_server-7] 	See https://design.ros2.org/articles/node_lifecycle.html for more information.
[python3-21] [retreat_to_charger_interval] value is not provided, default to 10 seconds
[python3-21] Default fleet finishing task set to [nothing]
[python3-21] Maximum delay is not provided, default to 10.0
[python3-22] [INFO] [1786680152.503579923] [project1_workcell]: 워크셀 3대, 맡은 자리 3곳을 RMF 에 이었습니다.
[behavior_server-16] [INFO] [1786680152.512183025] [pinky_02.behavior_server]: 
[behavior_server-16] 	behavior_server lifecycle node launched. 
[behavior_server-16] 	Waiting on external lifecycle transitions to activate
[behavior_server-16] 	See https://design.ros2.org/articles/node_lifecycle.html for more information.
[controller_server-13] [INFO] [1786680152.785568845] [pinky_02.controller_server]: 
[controller_server-13] 	controller_server lifecycle node launched. 
[controller_server-13] 	Waiting on external lifecycle transitions to activate
[controller_server-13] 	See https://design.ros2.org/articles/node_lifecycle.html for more information.
[amcl-12] [INFO] [1786680152.798126221] [pinky_02.amcl]: 
[amcl-12] 	amcl lifecycle node launched. 
[amcl-12] 	Waiting on external lifecycle transitions to activate
[amcl-12] 	See https://design.ros2.org/articles/node_lifecycle.html for more information.
[amcl-12] [INFO] [1786680152.811615855] [pinky_02.amcl]: Creating
[bt_navigator-8] [INFO] [1786680152.822213556] [pinky_01.bt_navigator]: 
[bt_navigator-8] 	bt_navigator lifecycle node launched. 
[bt_navigator-8] 	Waiting on external lifecycle transitions to activate
[bt_navigator-8] 	See https://design.ros2.org/articles/node_lifecycle.html for more information.
[waypoint_follower-18] [INFO] [1786680152.825865909] [pinky_02.waypoint_follower]: 
[waypoint_follower-18] 	waypoint_follower lifecycle node launched. 
[waypoint_follower-18] 	Waiting on external lifecycle transitions to activate
[waypoint_follower-18] 	See https://design.ros2.org/articles/node_lifecycle.html for more information.
[smoother_server-5] [INFO] [1786680152.833277068] [pinky_01.smoother_server]: 
[smoother_server-5] 	smoother_server lifecycle node launched. 
[smoother_server-5] 	Waiting on external lifecycle transitions to activate
[smoother_server-5] 	See https://design.ros2.org/articles/node_lifecycle.html for more information.
[planner_server-6] [INFO] [1786680152.833685917] [pinky_01.planner_server]: 
[planner_server-6] 	planner_server lifecycle node launched. 
[planner_server-6] 	Waiting on external lifecycle transitions to activate
[planner_server-6] 	See https://design.ros2.org/articles/node_lifecycle.html for more information.
[bt_navigator-8] [INFO] [1786680152.834906717] [pinky_01.bt_navigator]: Creating
[waypoint_follower-18] [INFO] [1786680152.835550458] [pinky_02.waypoint_follower]: Creating
[controller_server-13] [INFO] [1786680152.850800724] [pinky_02.controller_server]: Creating controller server
[planner_server-6] [INFO] [1786680152.860444637] [pinky_01.planner_server]: Creating
[smoother_server-5] [INFO] [1786680152.898693390] [pinky_01.smoother_server]: Creating smoother server
[amcl-3] [INFO] [1786680152.905350245] [pinky_01.amcl]: 
[amcl-3] 	amcl lifecycle node launched. 
[amcl-3] 	Waiting on external lifecycle transitions to activate
[amcl-3] 	See https://design.ros2.org/articles/node_lifecycle.html for more information.
[amcl-3] [INFO] [1786680152.921093987] [pinky_01.amcl]: Creating
[lifecycle_manager-2] [INFO] [1786680152.929326697] [lifecycle_manager_map]: [34m[1mStarting managed nodes bringup...[0m[0m
[lifecycle_manager-2] [INFO] [1786680152.929374880] [lifecycle_manager_map]: [34m[1mConfiguring map_server[0m[0m
[spawner-22] [INFO] [1786680152.933678618] [ros2_control_controller_spawner_arm_controller]: Spawner lock acquired!
[bt_navigator-17] [INFO] [1786680152.939149111] [pinky_02.bt_navigator]: 
[bt_navigator-17] 	bt_navigator lifecycle node launched. 
[bt_navigator-17] 	Waiting on external lifecycle transitions to activate
[bt_navigator-17] 	See https://design.ros2.org/articles/node_lifecycle.html for more information.
[bt_navigator-17] [INFO] [1786680152.945123211] [pinky_02.bt_navigator]: Creating
[lifecycle_manager-11] [INFO] [1786680152.944336731] [pinky_01.lifecycle_manager_navigation]: Creating
[waypoint_follower-9] [INFO] [1786680152.966154973] [pinky_01.waypoint_follower]: 
[waypoint_follower-9] 	waypoint_follower lifecycle node launched. 
[waypoint_follower-9] 	Waiting on external lifecycle transitions to activate
[waypoint_follower-9] 	See https://design.ros2.org/articles/node_lifecycle.html for more information.
[waypoint_follower-9] [INFO] [1786680152.967955105] [pinky_01.waypoint_follower]: Creating
[map_server-1] [INFO] [1786680152.981614378] [map_server]: 
[map_server-1] 	map_server lifecycle node launched. 
[map_server-1] 	Waiting on external lifecycle transitions to activate
[map_server-1] 	See https://design.ros2.org/articles/node_lifecycle.html for more information.
[map_server-1] [INFO] [1786680152.981795818] [map_server]: Creating
[velocity_smoother-10] [INFO] [1786680152.984296355] [pinky_01.velocity_smoother]: 
[velocity_smoother-10] 	velocity_smoother lifecycle node launched. 
[velocity_smoother-10] 	Waiting on external lifecycle transitions to activate
[velocity_smoother-10] 	See https://design.ros2.org/articles/node_lifecycle.html for more information.
[python3-23] [INFO] [1786680153.020057971] [project1_sensor_relay]: [pinky_01] /pinky_01 를 봅니다.
[python3-23] [INFO] [1786680153.022269447] [project1_sensor_relay]: [pinky_02] /pinky_02 를 봅니다.
[smoother_server-14] [INFO] [1786680153.063579831] [pinky_02.smoother_server]: 
[smoother_server-14] 	smoother_server lifecycle node launched. 
[smoother_server-14] 	Waiting on external lifecycle transitions to activate
[smoother_server-14] 	See https://design.ros2.org/articles/node_lifecycle.html for more information.
RMF↔Nav2 어댑터가 떴습니다.
[lifecycle_manager-11] [INFO] [1786680153.076887515] [pinky_01.lifecycle_manager_navigation]: [34m[1mCreating and initializing lifecycle service clients[0m[0m
[smoother_server-14] [INFO] [1786680153.083086257] [pinky_02.smoother_server]: Creating smoother server
[controller_server-4] [INFO] [1786680153.103596783] [pinky_01.controller_server]: 
[controller_server-4] 	controller_server lifecycle node launched. 
[controller_server-4] 	Waiting on external lifecycle transitions to activate
[controller_server-4] 	See https://design.ros2.org/articles/node_lifecycle.html for more information.
[map_server-1] [INFO] [1786680153.144338987] [map_server]: Configuring
[map_server-1] [INFO] [1786680153.144432020] [map_io]: Loading yaml file: /home/gyi/robosapiens/rmf_maps/project1/nav2_map/project1.yaml
[map_server-1] [INFO] [1786680153.151872895] [map_io]: resolution: 0.005994
[map_server-1] [INFO] [1786680153.151904272] [map_io]: origin[0]: -1.23864
[map_server-1] [INFO] [1786680153.151911910] [map_io]: origin[1]: -3.24145
[map_server-1] [INFO] [1786680153.151917086] [map_io]: origin[2]: 0
[map_server-1] [INFO] [1786680153.151922383] [map_io]: free_thresh: 0.196
[map_server-1] [INFO] [1786680153.151927135] [map_io]: occupied_thresh: 0.65
[map_server-1] [INFO] [1786680153.151933147] [map_io]: mode: trinary
[map_server-1] [INFO] [1786680153.151941206] [map_io]: negate: 0
[controller_server-4] [INFO] [1786680153.154383527] [pinky_01.controller_server]: Creating controller server
[map_server-1] [INFO] [1786680153.162995603] [map_io]: Loading image_file: /home/gyi/robosapiens/rmf_maps/project1/nav2_map/project1.pgm
[map_server-1] [INFO] [1786680153.200324736] [map_io]: Read map /home/gyi/robosapiens/rmf_maps/project1/nav2_map/project1.pgm: 800 X 615 map @ 0.005994 m/cell
[planner_server-6] [INFO] [1786680153.211942343] [pinky_01.global_costmap.global_costmap]: 
[planner_server-6] 	global_costmap lifecycle node launched. 
[planner_server-6] 	Waiting on external lifecycle transitions to activate
[planner_server-6] 	See https://design.ros2.org/articles/node_lifecycle.html for more information.
[planner_server-6] [INFO] [1786680153.214236558] [pinky_01.global_costmap.global_costmap]: Creating Costmap
[controller_server-13] [INFO] [1786680153.269767024] [pinky_02.local_costmap.local_costmap]: 
[controller_server-13] 	local_costmap lifecycle node launched. 
[controller_server-13] 	Waiting on external lifecycle transitions to activate
[controller_server-13] 	See https://design.ros2.org/articles/node_lifecycle.html for more information.
[lifecycle_manager-2] [INFO] [1786680153.270307443] [lifecycle_manager_map]: [34m[1mActivating map_server[0m[0m
[map_server-1] [INFO] [1786680153.270707491] [map_server]: Activating
[map_server-1] [INFO] [1786680153.271934086] [map_server]: Creating bond (map_server) to lifecycle manager.
[controller_server-13] [INFO] [1786680153.276193160] [pinky_02.local_costmap.local_costmap]: Creating Costmap
[lifecycle_manager-2] [INFO] [1786680153.392813385] [lifecycle_manager_map]: Server map_server connected with bond.
[lifecycle_manager-2] [INFO] [1786680153.392941790] [lifecycle_manager_map]: [34m[1mManaged nodes are active[0m[0m
[lifecycle_manager-2] [INFO] [1786680153.393176468] [lifecycle_manager_map]: [34m[1mCreating bond timer...[0m[0m
[lifecycle_manager-20] [INFO] [1786680153.713641570] [pinky_02.lifecycle_manager_navigation]: [34m[1mStarting managed nodes bringup...[0m[0m
[lifecycle_manager-20] [INFO] [1786680153.713695473] [pinky_02.lifecycle_manager_navigation]: [34m[1mConfiguring amcl[0m[0m
[amcl-12] [INFO] [1786680153.716966519] [pinky_02.amcl]: Configuring
[amcl-12] [INFO] [1786680153.719024269] [pinky_02.amcl]: initTransforms
[amcl-12] [INFO] [1786680153.833301212] [pinky_02.amcl]: initPubSub
[controller_server-4] [INFO] [1786680153.861222415] [pinky_01.local_costmap.local_costmap]: 
[controller_server-4] 	local_costmap lifecycle node launched. 
[controller_server-4] 	Waiting on external lifecycle transitions to activate
[controller_server-4] 	See https://design.ros2.org/articles/node_lifecycle.html for more information.
[spawner-22] [INFO] [1786680153.864180694] [omx_03.spawner_arm_controller]: waiting for service /omx_03/controller_manager/list_controllers to become available...
[controller_server-4] [INFO] [1786680153.881674004] [pinky_01.local_costmap.local_costmap]: Creating Costmap
[amcl-12] [INFO] [1786680154.042235945] [pinky_02.amcl]: Subscribed to map topic.
[lifecycle_manager-11] [INFO] [1786680154.114617065] [pinky_01.lifecycle_manager_navigation]: [34m[1mStarting managed nodes bringup...[0m[0m
[lifecycle_manager-11] [INFO] [1786680154.114667203] [pinky_01.lifecycle_manager_navigation]: [34m[1mConfiguring amcl[0m[0m
[amcl-3] [INFO] [1786680154.115363702] [pinky_01.amcl]: Configuring
[amcl-3] [INFO] [1786680154.115469483] [pinky_01.amcl]: initTransforms
[python3-21] [INFO] [1786680154.122819726] [project1_pinky_fleet_adapter]: Parameter [discovery_timeout] set to: 60.000000
[amcl-12] [INFO] [1786680154.125504862] [pinky_02.amcl]: Received a 800 X 615 map @ 0.006 m/pix
[lifecycle_manager-20] [INFO] [1786680154.132875973] [pinky_02.lifecycle_manager_navigation]: [34m[1mConfiguring controller_server[0m[0m
[controller_server-13] [INFO] [1786680154.149101691] [pinky_02.controller_server]: Configuring controller interface
[controller_server-13] [INFO] [1786680154.149138200] [pinky_02.controller_server]: getting progress checker plugins..
[controller_server-13] [INFO] [1786680154.156118293] [pinky_02.controller_server]: getting goal checker plugins..
[controller_server-13] [INFO] [1786680154.156363431] [pinky_02.controller_server]: Controller frequency set to 20.0000Hz
[controller_server-13] [INFO] [1786680154.156422788] [pinky_02.local_costmap.local_costmap]: Configuring
[amcl-3] [INFO] [1786680154.165449180] [pinky_01.amcl]: initPubSub
[amcl-3] [INFO] [1786680154.217492229] [pinky_01.amcl]: Subscribed to map topic.
[amcl-3] [INFO] [1786680154.257019852] [pinky_01.amcl]: Received a 800 X 615 map @ 0.006 m/pix
[lifecycle_manager-11] [INFO] [1786680154.272183357] [pinky_01.lifecycle_manager_navigation]: [34m[1mConfiguring controller_server[0m[0m
[controller_server-4] [INFO] [1786680154.273360601] [pinky_01.controller_server]: Configuring controller interface
[controller_server-4] [INFO] [1786680154.273407367] [pinky_01.controller_server]: getting progress checker plugins..
[controller_server-4] [INFO] [1786680154.279385649] [pinky_01.controller_server]: getting goal checker plugins..
[controller_server-4] [INFO] [1786680154.285327758] [pinky_01.controller_server]: Controller frequency set to 20.0000Hz
[controller_server-4] [INFO] [1786680154.285420963] [pinky_01.local_costmap.local_costmap]: Configuring
[controller_server-13] [INFO] [1786680154.458242018] [pinky_02.local_costmap.local_costmap]: Using plugin "voxel_layer"
[controller_server-13] [INFO] [1786680154.484848513] [pinky_02.local_costmap.local_costmap]: Subscribed to Topics: scan
[controller_server-4] [INFO] [1786680154.485904419] [pinky_01.local_costmap.local_costmap]: Using plugin "voxel_layer"
[controller_server-4] [INFO] [1786680154.520185859] [pinky_01.local_costmap.local_costmap]: Subscribed to Topics: scan
[controller_server-13] [INFO] [1786680154.551287273] [pinky_02.local_costmap.local_costmap]: Initialized plugin "voxel_layer"
[controller_server-13] [INFO] [1786680154.551336071] [pinky_02.local_costmap.local_costmap]: Using plugin "inflation_layer"
[controller_server-13] [INFO] [1786680154.555395839] [pinky_02.local_costmap.local_costmap]: Initialized plugin "inflation_layer"
[rmf_traffic_schedule-1] [INFO] [1786680154.604889750] [rmf_traffic_schedule_primary]: A new mirror is tracking query ID [1]
[schedule_visualizer_node-4] [INFO] [1786680154.607457687] [schedule_data_node]: Mirror handling new sync of 1 queries from schedule node [a2c81026-e2a7-4c00-b029-944b17a4f572]
[controller_server-4] [INFO] [1786680154.614216170] [pinky_01.local_costmap.local_costmap]: Initialized plugin "voxel_layer"
[controller_server-4] [INFO] [1786680154.614257676] [pinky_01.local_costmap.local_costmap]: Using plugin "inflation_layer"
[controller_server-4] [INFO] [1786680154.618052160] [pinky_01.local_costmap.local_costmap]: Initialized plugin "inflation_layer"
[python3-21] [INFO] [1786680154.623374910] [project1_pinky_fleet_adapter]: Registering to query topic rmf_traffic/query_update_1
[controller_server-4] [INFO] [1786680154.784300231] [pinky_01.controller_server]: Created progress_checker : progress_checker of type nav2_controller::SimpleProgressChecker
[controller_server-4] [INFO] [1786680154.784830094] [pinky_01.controller_server]: Controller Server has progress_checker  progress checkers available.
[controller_server-4] [INFO] [1786680154.785854267] [pinky_01.controller_server]: Created goal checker : general_goal_checker of type nav2_controller::SimpleGoalChecker
[controller_server-4] [INFO] [1786680154.786820032] [pinky_01.controller_server]: Controller Server has general_goal_checker  goal checkers available.
[controller_server-4] [INFO] [1786680154.789882451] [pinky_01.controller_server]: Created controller : FollowPath of type nav2_regulated_pure_pursuit_controller::RegulatedPurePursuitController
[controller_server-4] [INFO] [1786680154.812049271] [pinky_01.controller_server]: Controller Server has FollowPath  controllers available.
[lifecycle_manager-11] [INFO] [1786680154.844132306] [pinky_01.lifecycle_manager_navigation]: [34m[1mConfiguring smoother_server[0m[0m
[smoother_server-5] [INFO] [1786680154.845246313] [pinky_01.smoother_server]: Configuring smoother server
[controller_server-13] [INFO] [1786680154.857430042] [pinky_02.controller_server]: Created progress_checker : progress_checker of type nav2_controller::SimpleProgressChecker
[controller_server-13] [INFO] [1786680154.859117703] [pinky_02.controller_server]: Controller Server has progress_checker  progress checkers available.
[controller_server-13] [INFO] [1786680154.860564757] [pinky_02.controller_server]: Created goal checker : general_goal_checker of type nav2_controller::SimpleGoalChecker
[controller_server-13] [INFO] [1786680154.861190904] [pinky_02.controller_server]: Controller Server has general_goal_checker  goal checkers available.
[controller_server-13] [INFO] [1786680154.864687624] [pinky_02.controller_server]: Created controller : FollowPath of type nav2_regulated_pure_pursuit_controller::RegulatedPurePursuitController
[smoother_server-5] [INFO] [1786680154.870131483] [pinky_01.smoother_server]: Created smoother : simple_smoother of type nav2_smoother::SimpleSmoother
[smoother_server-5] [INFO] [1786680154.871381998] [pinky_01.smoother_server]: Smoother Server has simple_smoother  smoothers available.
[lifecycle_manager-11] [INFO] [1786680154.894661772] [pinky_01.lifecycle_manager_navigation]: [34m[1mConfiguring planner_server[0m[0m
[planner_server-6] [INFO] [1786680154.896824814] [pinky_01.planner_server]: Configuring
[planner_server-6] [INFO] [1786680154.896875661] [pinky_01.global_costmap.global_costmap]: Configuring
[python3-21] [INFO] [1786680154.909302874] [project1_pinky_fleet_adapter]: Mirror handling new sync of 1 queries from schedule node [a2c81026-e2a7-4c00-b029-944b17a4f572]
[controller_server-13] [INFO] [1786680154.910814374] [pinky_02.controller_server]: Controller Server has FollowPath  controllers available.
[lifecycle_manager-20] [INFO] [1786680154.934359796] [pinky_02.lifecycle_manager_navigation]: [34m[1mConfiguring smoother_server[0m[0m
[smoother_server-14] [INFO] [1786680154.934738116] [pinky_02.smoother_server]: Configuring smoother server
[planner_server-6] [INFO] [1786680154.940382759] [pinky_01.global_costmap.global_costmap]: Using plugin "static_layer"
[planner_server-6] [INFO] [1786680154.947512202] [pinky_01.global_costmap.global_costmap]: Subscribing to the map topic (/nav2_map) with transient local durability
[planner_server-6] [INFO] [1786680154.950828879] [pinky_01.global_costmap.global_costmap]: Initialized plugin "static_layer"
[planner_server-6] [INFO] [1786680154.950863940] [pinky_01.global_costmap.global_costmap]: Using plugin "obstacle_layer"
[planner_server-6] [INFO] [1786680154.953570630] [pinky_01.global_costmap.global_costmap]: Subscribed to Topics: scan
[planner_server-6] [INFO] [1786680154.973037699] [pinky_01.global_costmap.global_costmap]: Initialized plugin "obstacle_layer"
[planner_server-6] [INFO] [1786680154.973096231] [pinky_01.global_costmap.global_costmap]: Using plugin "inflation_layer"
[smoother_server-14] [INFO] [1786680154.973747160] [pinky_02.smoother_server]: Created smoother : simple_smoother of type nav2_smoother::SimpleSmoother
[smoother_server-14] [INFO] [1786680154.977070658] [pinky_02.smoother_server]: Smoother Server has simple_smoother  smoothers available.
[planner_server-6] [INFO] [1786680154.981396899] [pinky_01.global_costmap.global_costmap]: Initialized plugin "inflation_layer"
[lifecycle_manager-20] [INFO] [1786680155.009767985] [pinky_02.lifecycle_manager_navigation]: [34m[1mConfiguring planner_server[0m[0m
[planner_server-15] [INFO] [1786680155.010654258] [pinky_02.planner_server]: Configuring
[planner_server-15] [INFO] [1786680155.011243089] [pinky_02.global_costmap.global_costmap]: Configuring
[planner_server-15] [INFO] [1786680155.040732076] [pinky_02.global_costmap.global_costmap]: Using plugin "static_layer"
[planner_server-6] [INFO] [1786680155.052506113] [pinky_01.global_costmap.global_costmap]: StaticLayer: Resizing costmap to 800 X 615 at 0.005994 m/pix
[planner_server-6] [INFO] [1786680155.054465203] [pinky_01.planner_server]: Created global planner plugin GridBased of type nav2_navfn_planner::NavfnPlanner
[planner_server-6] [INFO] [1786680155.054529581] [pinky_01.planner_server]: Configuring plugin GridBased of type NavfnPlanner
[planner_server-15] [INFO] [1786680155.058997668] [pinky_02.global_costmap.global_costmap]: Subscribing to the map topic (/nav2_map) with transient local durability
[planner_server-6] [INFO] [1786680155.059560278] [pinky_01.planner_server]: Planner Server has GridBased  planners available.
[planner_server-15] [INFO] [1786680155.064876472] [pinky_02.global_costmap.global_costmap]: Initialized plugin "static_layer"
[planner_server-15] [INFO] [1786680155.064943270] [pinky_02.global_costmap.global_costmap]: Using plugin "obstacle_layer"
[planner_server-15] [INFO] [1786680155.075154411] [pinky_02.global_costmap.global_costmap]: Subscribed to Topics: scan
[planner_server-15] [INFO] [1786680155.098829359] [pinky_02.global_costmap.global_costmap]: Initialized plugin "obstacle_layer"
[planner_server-15] [INFO] [1786680155.098941320] [pinky_02.global_costmap.global_costmap]: Using plugin "inflation_layer"
[planner_server-15] [INFO] [1786680155.106147472] [pinky_02.global_costmap.global_costmap]: Initialized plugin "inflation_layer"
[lifecycle_manager-11] [INFO] [1786680155.120724956] [pinky_01.lifecycle_manager_navigation]: [34m[1mConfiguring behavior_server[0m[0m
[behavior_server-7] [INFO] [1786680155.122280813] [pinky_01.behavior_server]: Configuring
[behavior_server-7] [INFO] [1786680155.139162477] [pinky_01.behavior_server]: Creating behavior plugin spin of type nav2_behaviors::Spin
[behavior_server-7] [INFO] [1786680155.147728090] [pinky_01.behavior_server]: Creating behavior plugin backup of type nav2_behaviors::BackUp
[behavior_server-7] [INFO] [1786680155.149297913] [pinky_01.behavior_server]: Creating behavior plugin drive_on_heading of type nav2_behaviors::DriveOnHeading
[behavior_server-7] [INFO] [1786680155.155873635] [pinky_01.behavior_server]: Creating behavior plugin assisted_teleop of type nav2_behaviors::AssistedTeleop
[behavior_server-7] [INFO] [1786680155.163298220] [pinky_01.behavior_server]: Creating behavior plugin wait of type nav2_behaviors::Wait
[behavior_server-7] [INFO] [1786680155.182609430] [pinky_01.behavior_server]: Configuring spin
[behavior_server-7] [INFO] [1786680155.239609286] [pinky_01.behavior_server]: Configuring backup
[planner_server-15] [INFO] [1786680155.262121462] [pinky_02.global_costmap.global_costmap]: StaticLayer: Resizing costmap to 800 X 615 at 0.005994 m/pix
[planner_server-15] [INFO] [1786680155.262495591] [pinky_02.planner_server]: Created global planner plugin GridBased of type nav2_navfn_planner::NavfnPlanner
[planner_server-15] [INFO] [1786680155.262543583] [pinky_02.planner_server]: Configuring plugin GridBased of type NavfnPlanner
[planner_server-15] [INFO] [1786680155.269609925] [pinky_02.planner_server]: Planner Server has GridBased  planners available.
[behavior_server-7] [INFO] [1786680155.280560255] [pinky_01.behavior_server]: Configuring drive_on_heading
[behavior_server-7] [INFO] [1786680155.316976546] [pinky_01.behavior_server]: Configuring assisted_teleop
[behavior_server-7] [INFO] [1786680155.360319758] [pinky_01.behavior_server]: Configuring wait
[lifecycle_manager-20] [INFO] [1786680155.382852231] [pinky_02.lifecycle_manager_navigation]: [34m[1mConfiguring behavior_server[0m[0m
[behavior_server-16] [INFO] [1786680155.384151549] [pinky_02.behavior_server]: Configuring
[behavior_server-16] [INFO] [1786680155.401577922] [pinky_02.behavior_server]: Creating behavior plugin spin of type nav2_behaviors::Spin
[behavior_server-16] [INFO] [1786680155.406677669] [pinky_02.behavior_server]: Creating behavior plugin backup of type nav2_behaviors::BackUp
[behavior_server-16] [INFO] [1786680155.409821028] [pinky_02.behavior_server]: Creating behavior plugin drive_on_heading of type nav2_behaviors::DriveOnHeading
[behavior_server-16] [INFO] [1786680155.414638231] [pinky_02.behavior_server]: Creating behavior plugin assisted_teleop of type nav2_behaviors::AssistedTeleop
[behavior_server-16] [INFO] [1786680155.417523610] [pinky_02.behavior_server]: Creating behavior plugin wait of type nav2_behaviors::Wait
[behavior_server-16] [INFO] [1786680155.430008264] [pinky_02.behavior_server]: Configuring spin
[behavior_server-16] [INFO] [1786680155.450364963] [pinky_02.behavior_server]: Configuring backup
[behavior_server-16] [INFO] [1786680155.468069607] [pinky_02.behavior_server]: Configuring drive_on_heading
[behavior_server-16] [INFO] [1786680155.491747157] [pinky_02.behavior_server]: Configuring assisted_teleop
[behavior_server-16] [INFO] [1786680155.516601560] [pinky_02.behavior_server]: Configuring wait
[lifecycle_manager-20] [INFO] [1786680155.536309421] [pinky_02.lifecycle_manager_navigation]: [34m[1mConfiguring bt_navigator[0m[0m
[bt_navigator-17] [INFO] [1786680155.537063491] [pinky_02.bt_navigator]: Configuring
[bt_navigator-17] [INFO] [1786680155.552481810] [pinky_02.bt_navigator]: Creating navigator id navigate_to_pose of type nav2_bt_navigator::NavigateToPoseNavigator
[lifecycle_manager-11] [INFO] [1786680155.557644344] [pinky_01.lifecycle_manager_navigation]: [34m[1mConfiguring bt_navigator[0m[0m
[bt_navigator-8] [INFO] [1786680155.558351942] [pinky_01.bt_navigator]: Configuring
[bt_navigator-8] [INFO] [1786680155.589829008] [pinky_01.bt_navigator]: Creating navigator id navigate_to_pose of type nav2_bt_navigator::NavigateToPoseNavigator
[bt_navigator-8] [INFO] [1786680155.898467680] [pinky_01.bt_navigator]: Creating navigator id navigate_through_poses of type nav2_bt_navigator::NavigateThroughPosesNavigator
[bt_navigator-17] [INFO] [1786680155.904068479] [pinky_02.bt_navigator]: Creating navigator id navigate_through_poses of type nav2_bt_navigator::NavigateThroughPosesNavigator
[lifecycle_manager-20] [INFO] [1786680156.034648319] [pinky_02.lifecycle_manager_navigation]: [34m[1mConfiguring waypoint_follower[0m[0m
[lifecycle_manager-11] [INFO] [1786680156.036457315] [pinky_01.lifecycle_manager_navigation]: [34m[1mConfiguring waypoint_follower[0m[0m
[waypoint_follower-18] [INFO] [1786680156.037053369] [pinky_02.waypoint_follower]: Configuring
[waypoint_follower-9] [INFO] [1786680156.037728108] [pinky_01.waypoint_follower]: Configuring
[python3-21] [WARN] [1786680156.100791927] [project1_pinky_fleet_adapter]: [FleetUpdateHandle::set_retreat_to_charger_interval] This parameter is no longer being used.
[python3-21] [INFO] [1786680156.100863280] [project1_pinky_fleet_adapter]: Fleet [project1_pinky] is configured to perform delivery tasks
[python3-21] [INFO] [1786680156.100873220] [project1_pinky_fleet_adapter]: Fleet [project1_pinky] is configured to perform patrol tasks
[python3-21] [INFO] [1786680156.100926919] [project1_pinky_fleet_adapter]: Finished configuring Easy Full Control adapter for fleet [project1_pinky]
[waypoint_follower-9] [INFO] [1786680156.152964712] [pinky_01.waypoint_follower]: Created waypoint_task_executor : wait_at_waypoint of type nav2_waypoint_follower::WaitAtWaypoint
[lifecycle_manager-11] [INFO] [1786680156.158403725] [pinky_01.lifecycle_manager_navigation]: [34m[1mConfiguring velocity_smoother[0m[0m
[velocity_smoother-10] [INFO] [1786680156.159913706] [pinky_01.velocity_smoother]: Configuring velocity smoother
[waypoint_follower-18] [INFO] [1786680156.172424159] [pinky_02.waypoint_follower]: Created waypoint_task_executor : wait_at_waypoint of type nav2_waypoint_follower::WaitAtWaypoint
[lifecycle_manager-20] [INFO] [1786680156.177649601] [pinky_02.lifecycle_manager_navigation]: [34m[1mConfiguring velocity_smoother[0m[0m
[velocity_smoother-19] [INFO] [1786680156.180783561] [pinky_02.velocity_smoother]: Configuring velocity smoother
[lifecycle_manager-11] [INFO] [1786680156.202141052] [pinky_01.lifecycle_manager_navigation]: [34m[1mActivating amcl[0m[0m
[amcl-3] [INFO] [1786680156.202491265] [pinky_01.amcl]: Activating
[amcl-3] [INFO] [1786680156.202551477] [pinky_01.amcl]: initialPoseReceived
[lifecycle_manager-20] [INFO] [1786680156.203209281] [pinky_02.lifecycle_manager_navigation]: [34m[1mActivating amcl[0m[0m
[amcl-3] [INFO] [1786680156.203951574] [pinky_01.amcl]: Setting pose (1.030000): 1.612 -0.717 0.000
[amcl-3] [INFO] [1786680156.204712257] [pinky_01.amcl]: Creating bond (amcl) to lifecycle manager.
[amcl-12] [INFO] [1786680156.204832985] [pinky_02.amcl]: Activating
[amcl-12] [INFO] [1786680156.204873575] [pinky_02.amcl]: initialPoseReceived
[amcl-12] [INFO] [1786680156.205059639] [pinky_02.amcl]: Setting pose (1.030000): 1.613 -1.088 0.000
[amcl-12] [INFO] [1786680156.205807745] [pinky_02.amcl]: Creating bond (amcl) to lifecycle manager.
[python3-21] [INFO] [1786680156.232777545] [project1_pinky_nav2_adapter]: project1_pinky 를 Nav2 에 이었습니다. 로봇 2대, 0.10초마다 알립니다.
[lifecycle_manager-11] [INFO] [1786680156.314592261] [pinky_01.lifecycle_manager_navigation]: Server amcl connected with bond.
[lifecycle_manager-11] [INFO] [1786680156.314637259] [pinky_01.lifecycle_manager_navigation]: [34m[1mActivating controller_server[0m[0m
[lifecycle_manager-20] [INFO] [1786680156.314675186] [pinky_02.lifecycle_manager_navigation]: Server amcl connected with bond.
[lifecycle_manager-20] [INFO] [1786680156.314708844] [pinky_02.lifecycle_manager_navigation]: [34m[1mActivating controller_server[0m[0m
[controller_server-4] [INFO] [1786680156.315212489] [pinky_01.controller_server]: Activating
[controller_server-4] [INFO] [1786680156.315253452] [pinky_01.local_costmap.local_costmap]: Activating
[controller_server-4] [INFO] [1786680156.315265773] [pinky_01.local_costmap.local_costmap]: Checking transform
[controller_server-13] [INFO] [1786680156.315269383] [pinky_02.controller_server]: Activating
[controller_server-13] [INFO] [1786680156.315306738] [pinky_02.local_costmap.local_costmap]: Activating
[controller_server-13] [INFO] [1786680156.315316953] [pinky_02.local_costmap.local_costmap]: Checking transform
[controller_server-13] [INFO] [1786680156.315437660] [pinky_02.local_costmap.local_costmap]: start
[controller_server-4] [INFO] [1786680156.315396460] [pinky_01.local_costmap.local_costmap]: start
[controller_server-4] [INFO] [1786680156.516964776] [pinky_01.controller_server]: Activating controller: FollowPath of type regulated_pure_pursuit_controller::RegulatedPurePursuitController
[controller_server-4] [INFO] [1786680156.517001123] [pinky_01.controller_server]: Creating bond (controller_server) to lifecycle manager.
[controller_server-13] [INFO] [1786680156.518154098] [pinky_02.controller_server]: Activating controller: FollowPath of type regulated_pure_pursuit_controller::RegulatedPurePursuitController
[controller_server-13] [INFO] [1786680156.518184004] [pinky_02.controller_server]: Creating bond (controller_server) to lifecycle manager.
[lifecycle_manager-20] [INFO] [1786680156.629558964] [pinky_02.lifecycle_manager_navigation]: Server controller_server connected with bond.
[lifecycle_manager-20] [INFO] [1786680156.629609472] [pinky_02.lifecycle_manager_navigation]: [34m[1mActivating smoother_server[0m[0m
[lifecycle_manager-11] [INFO] [1786680156.629768341] [pinky_01.lifecycle_manager_navigation]: Server controller_server connected with bond.
[lifecycle_manager-11] [INFO] [1786680156.629806445] [pinky_01.lifecycle_manager_navigation]: [34m[1mActivating smoother_server[0m[0m
[smoother_server-14] [INFO] [1786680156.630154498] [pinky_02.smoother_server]: Activating
[smoother_server-14] [INFO] [1786680156.630222299] [pinky_02.smoother_server]: Creating bond (smoother_server) to lifecycle manager.
[smoother_server-5] [INFO] [1786680156.630479432] [pinky_01.smoother_server]: Activating
[smoother_server-5] [INFO] [1786680156.630513794] [pinky_01.smoother_server]: Creating bond (smoother_server) to lifecycle manager.
[gazebo-1] [INFO] [1786680156.656305328] [omx_03.controller_manager]: Loading controller : 'arm_controller' of type 'joint_trajectory_controller/JointTrajectoryController'
[gazebo-1] [INFO] [1786680156.656347324] [omx_03.controller_manager]: Loading controller 'arm_controller'
[gazebo-1] [INFO] [1786680156.660004673] [omx_03.controller_manager]: Controller 'arm_controller' node arguments: --ros-args --params-file /home/gyi/robosapiens/robot_model/open_manipulator/install/open_manipulator_bringup/share/open_manipulator_bringup/config/open_manipulator_x/hardware_controller_manager.yaml -p use_sim_time:=true --param use_sim_time:=true 
[lifecycle_manager-11] [INFO] [1786680156.737415225] [pinky_01.lifecycle_manager_navigation]: Server smoother_server connected with bond.
[lifecycle_manager-11] [INFO] [1786680156.737451940] [pinky_01.lifecycle_manager_navigation]: [34m[1mActivating planner_server[0m[0m
[planner_server-6] [INFO] [1786680156.738998604] [pinky_01.planner_server]: Activating
[planner_server-6] [INFO] [1786680156.739048228] [pinky_01.global_costmap.global_costmap]: Activating
[planner_server-6] [INFO] [1786680156.739059672] [pinky_01.global_costmap.global_costmap]: Checking transform
[planner_server-6] [INFO] [1786680156.739102965] [pinky_01.global_costmap.global_costmap]: Timed out waiting for transform from pinky_01/base_footprint to map to become available, tf error: Invalid frame ID "map" passed to canTransform argument target_frame - frame does not exist
[lifecycle_manager-20] [INFO] [1786680156.745871546] [pinky_02.lifecycle_manager_navigation]: Server smoother_server connected with bond.
[lifecycle_manager-20] [INFO] [1786680156.745940978] [pinky_02.lifecycle_manager_navigation]: [34m[1mActivating planner_server[0m[0m
[planner_server-15] [INFO] [1786680156.746620310] [pinky_02.planner_server]: Activating
[planner_server-15] [INFO] [1786680156.746665479] [pinky_02.global_costmap.global_costmap]: Activating
[planner_server-15] [INFO] [1786680156.746677529] [pinky_02.global_costmap.global_costmap]: Checking transform
[planner_server-15] [INFO] [1786680156.746724068] [pinky_02.global_costmap.global_costmap]: Timed out waiting for transform from pinky_02/base_footprint to map to become available, tf error: Invalid frame ID "map" passed to canTransform argument target_frame - frame does not exist
[spawner-22] [INFO] [1786680156.815780990] [omx_03.spawner_arm_controller]: Loaded arm_controller
[gazebo-1] [INFO] [1786680156.989580696] [omx_03.controller_manager]: Configuring controller: 'arm_controller'
[gazebo-1] [INFO] [1786680156.990067354] [omx_03.arm_controller]: No specific joint names are used for command interfaces. Using 'joints' parameter.
[gazebo-1] [INFO] [1786680156.991621062] [omx_03.arm_controller]: Command interfaces are [position] and state interfaces are [position velocity].
[gazebo-1] [INFO] [1786680156.991758657] [omx_03.arm_controller]: Using 'splines' interpolation method.
[gazebo-1] [INFO] [1786680157.021497108] [omx_03.arm_controller]: Goals with partial set of joints are allowed
[gazebo-1] [INFO] [1786680157.021549623] [omx_03.arm_controller]: Action status changes will be monitored at 20.00 Hz.
[gazebo-1] [INFO] [1786680157.060162731] [omx_03.arm_controller]: Setting initial scaling factor to 1.000000
[gazebo-1] [INFO] [1786680157.060212814] [omx_03.arm_controller]: No scaling interface set. This controller will not read speed scaling from the hardware.
[gazebo-1] [INFO] [1786680157.074887070] [omx_03.controller_manager]: Activating controllers: [ arm_controller ]
[gazebo-1] [INFO] [1786680157.186433421] [omx_03.controller_manager]: Successfully switched controllers!
[planner_server-6] [INFO] [1786680157.239165018] [pinky_01.global_costmap.global_costmap]: Timed out waiting for transform from pinky_01/base_footprint to map to become available, tf error: Invalid frame ID "map" passed to canTransform argument target_frame - frame does not exist
[planner_server-15] [INFO] [1786680157.246790864] [pinky_02.global_costmap.global_costmap]: Timed out waiting for transform from pinky_02/base_footprint to map to become available, tf error: Invalid frame ID "map" passed to canTransform argument target_frame - frame does not exist
[spawner-22] [INFO] [1786680157.313037537] [omx_03.spawner_arm_controller]: Configured and activated arm_controller
[spawner-11] [INFO] [1786680157.361505520] [ros2_control_controller_spawner_joint_state_broadcaster]: Spawner lock acquired!
[spawner-11] [INFO] [1786680157.437251499] [omx_01.spawner_joint_state_broadcaster]: waiting for service /omx_01/controller_manager/list_controllers to become available...
[amcl-12] [INFO] [1786680157.459808291] [pinky_02.amcl]: createLaserObject
[amcl-3] [INFO] [1786680157.459829472] [pinky_01.amcl]: createLaserObject
[INFO] [spawner-22]: process has finished cleanly [pid 102166]
[planner_server-6] [INFO] [1786680157.739209161] [pinky_01.global_costmap.global_costmap]: Timed out waiting for transform from pinky_01/base_footprint to map to become available, tf error: Lookup would require extrapolation at time 1.110000, but only time 2.100000 is in the buffer, when looking up transform from frame [pinky_01/base_footprint] to frame [map]
[planner_server-15] [INFO] [1786680157.752466912] [pinky_02.global_costmap.global_costmap]: Timed out waiting for transform from pinky_02/base_footprint to map to become available, tf error: Lookup would require extrapolation at time 1.110000, but only time 2.100000 is in the buffer, when looking up transform from frame [pinky_02/base_footprint] to frame [map]
[gazebo-1] [INFO] [1786680158.195886145] [omx_01.controller_manager]: Loading controller : 'joint_state_broadcaster' of type 'joint_state_broadcaster/JointStateBroadcaster'
[gazebo-1] [INFO] [1786680158.195934947] [omx_01.controller_manager]: Loading controller 'joint_state_broadcaster'
[gazebo-1] [INFO] [1786680158.198931883] [omx_01.controller_manager]: Controller 'joint_state_broadcaster' node arguments: --ros-args --params-file /home/gyi/robosapiens/robot_model/open_manipulator/install/open_manipulator_bringup/share/open_manipulator_bringup/config/open_manipulator_x/hardware_controller_manager.yaml -p use_sim_time:=true --param use_sim_time:=true 
[planner_server-6] [INFO] [1786680158.239289222] [pinky_01.global_costmap.global_costmap]: Timed out waiting for transform from pinky_01/base_footprint to map to become available, tf error: Lookup would require extrapolation at time 1.150000, but only time 2.100000 is in the buffer, when looking up transform from frame [pinky_01/base_footprint] to frame [map]
[planner_server-15] [INFO] [1786680158.246789231] [pinky_02.global_costmap.global_costmap]: Timed out waiting for transform from pinky_02/base_footprint to map to become available, tf error: Lookup would require extrapolation at time 1.150000, but only time 2.100000 is in the buffer, when looking up transform from frame [pinky_02/base_footprint] to frame [map]
[spawner-11] [INFO] [1786680158.300615737] [omx_01.spawner_joint_state_broadcaster]: Loaded joint_state_broadcaster
[gazebo-1] [INFO] [1786680158.306967623] [omx_01.controller_manager]: Configuring controller: 'joint_state_broadcaster'
[gazebo-1] [INFO] [1786680158.307050990] [omx_01.joint_state_broadcaster]: 'joints' or 'interfaces' parameter is empty. All available state interfaces will be published
[gazebo-1] [INFO] [1786680158.445463820] [omx_01.controller_manager]: Activating controllers: [ joint_state_broadcaster ]
[gazebo-1] [INFO] [1786680158.564732062] [omx_01.controller_manager]: Successfully switched controllers!
[spawner-11] [INFO] [1786680158.687081597] [omx_01.spawner_joint_state_broadcaster]: Configured and activated joint_state_broadcaster
[planner_server-6] [INFO] [1786680158.739170931] [pinky_01.global_costmap.global_costmap]: Timed out waiting for transform from pinky_01/base_footprint to map to become available, tf error: Lookup would require extrapolation at time 1.190000, but only time 2.100000 is in the buffer, when looking up transform from frame [pinky_01/base_footprint] to frame [map]
[planner_server-15] [INFO] [1786680158.746793694] [pinky_02.global_costmap.global_costmap]: Timed out waiting for transform from pinky_02/base_footprint to map to become available, tf error: Lookup would require extrapolation at time 1.190000, but only time 2.100000 is in the buffer, when looking up transform from frame [pinky_02/base_footprint] to frame [map]
[spawner-21] [INFO] [1786680158.767505737] [ros2_control_controller_spawner_joint_state_broadcaster]: Spawner lock acquired!
[spawner-21] [INFO] [1786680158.843380035] [omx_03.spawner_joint_state_broadcaster]: waiting for service /omx_03/controller_manager/list_controllers to become available...
[INFO] [spawner-11]: process has finished cleanly [pid 102153]
[planner_server-6] [INFO] [1786680159.239214519] [pinky_01.global_costmap.global_costmap]: Timed out waiting for transform from pinky_01/base_footprint to map to become available, tf error: Lookup would require extrapolation into the past.  Requested time 1.210000 but the earliest data is at time 2.100000, when looking up transform from frame [pinky_01/base_footprint] to frame [map]
[planner_server-15] [INFO] [1786680159.246786256] [pinky_02.global_costmap.global_costmap]: Timed out waiting for transform from pinky_02/base_footprint to map to become available, tf error: Lookup would require extrapolation into the past.  Requested time 1.210000 but the earliest data is at time 2.100000, when looking up transform from frame [pinky_02/base_footprint] to frame [map]
[planner_server-6] [INFO] [1786680159.739160436] [pinky_01.global_costmap.global_costmap]: Timed out waiting for transform from pinky_01/base_footprint to map to become available, tf error: Lookup would require extrapolation into the past.  Requested time 1.270000 but the earliest data is at time 2.100000, when looking up transform from frame [pinky_01/base_footprint] to frame [map]
[planner_server-15] [INFO] [1786680159.746751162] [pinky_02.global_costmap.global_costmap]: Timed out waiting for transform from pinky_02/base_footprint to map to become available, tf error: Lookup would require extrapolation into the past.  Requested time 1.270000 but the earliest data is at time 2.100000, when looking up transform from frame [pinky_02/base_footprint] to frame [map]
[planner_server-6] [INFO] [1786680160.239162978] [pinky_01.global_costmap.global_costmap]: Timed out waiting for transform from pinky_01/base_footprint to map to become available, tf error: Lookup would require extrapolation into the past.  Requested time 1.290000 but the earliest data is at time 2.100000, when looking up transform from frame [pinky_01/base_footprint] to frame [map]
[planner_server-15] [INFO] [1786680160.246778437] [pinky_02.global_costmap.global_costmap]: Timed out waiting for transform from pinky_02/base_footprint to map to become available, tf error: Lookup would require extrapolation into the past.  Requested time 1.290000 but the earliest data is at time 2.100000, when looking up transform from frame [pinky_02/base_footprint] to frame [map]
[planner_server-6] [INFO] [1786680160.739160250] [pinky_01.global_costmap.global_costmap]: Timed out waiting for transform from pinky_01/base_footprint to map to become available, tf error: Lookup would require extrapolation into the past.  Requested time 1.330000 but the earliest data is at time 2.100000, when looking up transform from frame [pinky_01/base_footprint] to frame [map]
[planner_server-15] [INFO] [1786680160.746779931] [pinky_02.global_costmap.global_costmap]: Timed out waiting for transform from pinky_02/base_footprint to map to become available, tf error: Lookup would require extrapolation into the past.  Requested time 1.350000 but the earliest data is at time 2.100000, when looking up transform from frame [pinky_02/base_footprint] to frame [map]
[gazebo-1] [INFO] [1786680160.847628151] [omx_03.controller_manager]: Loading controller : 'joint_state_broadcaster' of type 'joint_state_broadcaster/JointStateBroadcaster'
[gazebo-1] [INFO] [1786680160.847668308] [omx_03.controller_manager]: Loading controller 'joint_state_broadcaster'
[gazebo-1] [INFO] [1786680160.850211274] [omx_03.controller_manager]: Controller 'joint_state_broadcaster' node arguments: --ros-args --params-file /home/gyi/robosapiens/robot_model/open_manipulator/install/open_manipulator_bringup/share/open_manipulator_bringup/config/open_manipulator_x/hardware_controller_manager.yaml -p use_sim_time:=true --param use_sim_time:=true 
[spawner-21] [INFO] [1786680161.058259131] [omx_03.spawner_joint_state_broadcaster]: Loaded joint_state_broadcaster
[gazebo-1] [INFO] [1786680161.064160093] [omx_03.controller_manager]: Configuring controller: 'joint_state_broadcaster'
[gazebo-1] [INFO] [1786680161.064252463] [omx_03.joint_state_broadcaster]: 'joints' or 'interfaces' parameter is empty. All available state interfaces will be published
[gazebo-1] [INFO] [1786680161.187429266] [omx_03.controller_manager]: Activating controllers: [ joint_state_broadcaster ]
[planner_server-6] [INFO] [1786680161.239217493] [pinky_01.global_costmap.global_costmap]: Timed out waiting for transform from pinky_01/base_footprint to map to become available, tf error: Lookup would require extrapolation into the past.  Requested time 1.370000 but the earliest data is at time 2.100000, when looking up transform from frame [pinky_01/base_footprint] to frame [map]
[planner_server-15] [INFO] [1786680161.246776672] [pinky_02.global_costmap.global_costmap]: Timed out waiting for transform from pinky_02/base_footprint to map to become available, tf error: Lookup would require extrapolation into the past.  Requested time 1.370000 but the earliest data is at time 2.100000, when looking up transform from frame [pinky_02/base_footprint] to frame [map]
[gazebo-1] [INFO] [1786680161.299370884] [omx_03.controller_manager]: Successfully switched controllers!
[spawner-21] [INFO] [1786680161.417874518] [omx_03.spawner_joint_state_broadcaster]: Configured and activated joint_state_broadcaster
[INFO] [spawner-21]: process has finished cleanly [pid 102165]
[planner_server-6] [INFO] [1786680161.739167849] [pinky_01.global_costmap.global_costmap]: Timed out waiting for transform from pinky_01/base_footprint to map to become available, tf error: Lookup would require extrapolation into the past.  Requested time 1.410000 but the earliest data is at time 2.100000, when looking up transform from frame [pinky_01/base_footprint] to frame [map]
[planner_server-15] [INFO] [1786680161.746776007] [pinky_02.global_costmap.global_costmap]: Timed out waiting for transform from pinky_02/base_footprint to map to become available, tf error: Lookup would require extrapolation into the past.  Requested time 1.410000 but the earliest data is at time 2.100000, when looking up transform from frame [pinky_02/base_footprint] to frame [map]
[schedule_visualizer_node-4] [INFO] [1786680162.147457084] [schedule_data_node]: Requesting new schedule update because update timed out
[schedule_visualizer_node-4] [INFO] [1786680162.147498300] [schedule_data_node]: [rmf_traffic_ros2::MirrorManager::request_update] Requesting changes for query ID [1] since beginning of recorded history
[rmf_traffic_schedule-1] [INFO] [1786680162.153325067] [rmf_traffic_schedule_primary]: [ScheduleNode::update_mirrors] Sending remedial update starting from the beginning going to 6 for query 1
[planner_server-6] [INFO] [1786680162.239162649] [pinky_01.global_costmap.global_costmap]: Timed out waiting for transform from pinky_01/base_footprint to map to become available, tf error: Lookup would require extrapolation into the past.  Requested time 1.450000 but the earliest data is at time 2.100000, when looking up transform from frame [pinky_01/base_footprint] to frame [map]
[planner_server-15] [INFO] [1786680162.246813856] [pinky_02.global_costmap.global_costmap]: Timed out waiting for transform from pinky_02/base_footprint to map to become available, tf error: Lookup would require extrapolation into the past.  Requested time 1.450000 but the earliest data is at time 2.100000, when looking up transform from frame [pinky_02/base_footprint] to frame [map]
[planner_server-6] [INFO] [1786680162.739165220] [pinky_01.global_costmap.global_costmap]: Timed out waiting for transform from pinky_01/base_footprint to map to become available, tf error: Lookup would require extrapolation into the past.  Requested time 1.510000 but the earliest data is at time 2.100000, when looking up transform from frame [pinky_01/base_footprint] to frame [map]
[planner_server-15] [INFO] [1786680162.746774483] [pinky_02.global_costmap.global_costmap]: Timed out waiting for transform from pinky_02/base_footprint to map to become available, tf error: Lookup would require extrapolation into the past.  Requested time 1.510000 but the earliest data is at time 2.100000, when looking up transform from frame [pinky_02/base_footprint] to frame [map]
[planner_server-6] [INFO] [1786680163.239168117] [pinky_01.global_costmap.global_costmap]: Timed out waiting for transform from pinky_01/base_footprint to map to become available, tf error: Lookup would require extrapolation into the past.  Requested time 1.550000 but the earliest data is at time 2.100000, when looking up transform from frame [pinky_01/base_footprint] to frame [map]
[planner_server-15] [INFO] [1786680163.246776694] [pinky_02.global_costmap.global_costmap]: Timed out waiting for transform from pinky_02/base_footprint to map to become available, tf error: Lookup would require extrapolation into the past.  Requested time 1.550000 but the earliest data is at time 2.100000, when looking up transform from frame [pinky_02/base_footprint] to frame [map]
[planner_server-6] [INFO] [1786680163.739164521] [pinky_01.global_costmap.global_costmap]: Timed out waiting for transform from pinky_01/base_footprint to map to become available, tf error: Lookup would require extrapolation into the past.  Requested time 1.590000 but the earliest data is at time 2.100000, when looking up transform from frame [pinky_01/base_footprint] to frame [map]
[planner_server-15] [INFO] [1786680163.746778466] [pinky_02.global_costmap.global_costmap]: Timed out waiting for transform from pinky_02/base_footprint to map to become available, tf error: Lookup would require extrapolation into the past.  Requested time 1.590000 but the earliest data is at time 2.100000, when looking up transform from frame [pinky_02/base_footprint] to frame [map]
[planner_server-6] [INFO] [1786680164.239163476] [pinky_01.global_costmap.global_costmap]: Timed out waiting for transform from pinky_01/base_footprint to map to become available, tf error: Lookup would require extrapolation into the past.  Requested time 1.630000 but the earliest data is at time 2.100000, when looking up transform from frame [pinky_01/base_footprint] to frame [map]
[planner_server-15] [INFO] [1786680164.246778763] [pinky_02.global_costmap.global_costmap]: Timed out waiting for transform from pinky_02/base_footprint to map to become available, tf error: Lookup would require extrapolation into the past.  Requested time 1.630000 but the earliest data is at time 2.100000, when looking up transform from frame [pinky_02/base_footprint] to frame [map]
[planner_server-6] [INFO] [1786680164.739160286] [pinky_01.global_costmap.global_costmap]: Timed out waiting for transform from pinky_01/base_footprint to map to become available, tf error: Lookup would require extrapolation into the past.  Requested time 1.670000 but the earliest data is at time 2.100000, when looking up transform from frame [pinky_01/base_footprint] to frame [map]
[planner_server-15] [INFO] [1786680164.746779845] [pinky_02.global_costmap.global_costmap]: Timed out waiting for transform from pinky_02/base_footprint to map to become available, tf error: Lookup would require extrapolation into the past.  Requested time 1.670000 but the earliest data is at time 2.100000, when looking up transform from frame [pinky_02/base_footprint] to frame [map]
[planner_server-6] [INFO] [1786680165.239165336] [pinky_01.global_costmap.global_costmap]: Timed out waiting for transform from pinky_01/base_footprint to map to become available, tf error: Lookup would require extrapolation into the past.  Requested time 1.710000 but the earliest data is at time 2.100000, when looking up transform from frame [pinky_01/base_footprint] to frame [map]
[planner_server-15] [INFO] [1786680165.246781427] [pinky_02.global_costmap.global_costmap]: Timed out waiting for transform from pinky_02/base_footprint to map to become available, tf error: Lookup would require extrapolation into the past.  Requested time 1.710000 but the earliest data is at time 2.100000, when looking up transform from frame [pinky_02/base_footprint] to frame [map]
[planner_server-6] [INFO] [1786680165.739160287] [pinky_01.global_costmap.global_costmap]: Timed out waiting for transform from pinky_01/base_footprint to map to become available, tf error: Lookup would require extrapolation into the past.  Requested time 1.770000 but the earliest data is at time 2.100000, when looking up transform from frame [pinky_01/base_footprint] to frame [map]
[planner_server-15] [INFO] [1786680165.746781943] [pinky_02.global_costmap.global_costmap]: Timed out waiting for transform from pinky_02/base_footprint to map to become available, tf error: Lookup would require extrapolation into the past.  Requested time 1.770000 but the earliest data is at time 2.100000, when looking up transform from frame [pinky_02/base_footprint] to frame [map]
[planner_server-6] [INFO] [1786680166.239156535] [pinky_01.global_costmap.global_costmap]: Timed out waiting for transform from pinky_01/base_footprint to map to become available, tf error: Lookup would require extrapolation into the past.  Requested time 1.810000 but the earliest data is at time 2.100000, when looking up transform from frame [pinky_01/base_footprint] to frame [map]
[planner_server-15] [INFO] [1786680166.246778411] [pinky_02.global_costmap.global_costmap]: Timed out waiting for transform from pinky_02/base_footprint to map to become available, tf error: Lookup would require extrapolation into the past.  Requested time 1.810000 but the earliest data is at time 2.100000, when looking up transform from frame [pinky_02/base_footprint] to frame [map]
[planner_server-6] [INFO] [1786680166.739162277] [pinky_01.global_costmap.global_costmap]: Timed out waiting for transform from pinky_01/base_footprint to map to become available, tf error: Lookup would require extrapolation into the past.  Requested time 1.850000 but the earliest data is at time 2.100000, when looking up transform from frame [pinky_01/base_footprint] to frame [map]
[planner_server-15] [INFO] [1786680166.746778005] [pinky_02.global_costmap.global_costmap]: Timed out waiting for transform from pinky_02/base_footprint to map to become available, tf error: Lookup would require extrapolation into the past.  Requested time 1.850000 but the earliest data is at time 2.100000, when looking up transform from frame [pinky_02/base_footprint] to frame [map]
[planner_server-6] [INFO] [1786680167.239216174] [pinky_01.global_costmap.global_costmap]: Timed out waiting for transform from pinky_01/base_footprint to map to become available, tf error: Lookup would require extrapolation into the past.  Requested time 1.890000 but the earliest data is at time 2.100000, when looking up transform from frame [pinky_01/base_footprint] to frame [map]
[planner_server-15] [INFO] [1786680167.246779016] [pinky_02.global_costmap.global_costmap]: Timed out waiting for transform from pinky_02/base_footprint to map to become available, tf error: Lookup would require extrapolation into the past.  Requested time 1.890000 but the earliest data is at time 2.100000, when looking up transform from frame [pinky_02/base_footprint] to frame [map]
[planner_server-6] [INFO] [1786680167.739160807] [pinky_01.global_costmap.global_costmap]: Timed out waiting for transform from pinky_01/base_footprint to map to become available, tf error: Lookup would require extrapolation into the past.  Requested time 1.930000 but the earliest data is at time 2.100000, when looking up transform from frame [pinky_01/base_footprint] to frame [map]
[planner_server-15] [INFO] [1786680167.746781419] [pinky_02.global_costmap.global_costmap]: Timed out waiting for transform from pinky_02/base_footprint to map to become available, tf error: Lookup would require extrapolation into the past.  Requested time 1.930000 but the earliest data is at time 2.100000, when looking up transform from frame [pinky_02/base_footprint] to frame [map]
[planner_server-6] [INFO] [1786680168.239164798] [pinky_01.global_costmap.global_costmap]: Timed out waiting for transform from pinky_01/base_footprint to map to become available, tf error: Lookup would require extrapolation into the past.  Requested time 1.970000 but the earliest data is at time 2.100000, when looking up transform from frame [pinky_01/base_footprint] to frame [map]
[planner_server-15] [INFO] [1786680168.246781069] [pinky_02.global_costmap.global_costmap]: Timed out waiting for transform from pinky_02/base_footprint to map to become available, tf error: Lookup would require extrapolation into the past.  Requested time 1.970000 but the earliest data is at time 2.100000, when looking up transform from frame [pinky_02/base_footprint] to frame [map]
[planner_server-6] [INFO] [1786680168.739169068] [pinky_01.global_costmap.global_costmap]: Timed out waiting for transform from pinky_01/base_footprint to map to become available, tf error: Lookup would require extrapolation into the past.  Requested time 2.010000 but the earliest data is at time 2.100000, when looking up transform from frame [pinky_01/base_footprint] to frame [map]
[planner_server-15] [INFO] [1786680168.746774472] [pinky_02.global_costmap.global_costmap]: Timed out waiting for transform from pinky_02/base_footprint to map to become available, tf error: Lookup would require extrapolation into the past.  Requested time 2.010000 but the earliest data is at time 2.100000, when looking up transform from frame [pinky_02/base_footprint] to frame [map]
[planner_server-6] [INFO] [1786680169.239168184] [pinky_01.global_costmap.global_costmap]: Timed out waiting for transform from pinky_01/base_footprint to map to become available, tf error: Lookup would require extrapolation into the past.  Requested time 2.050000 but the earliest data is at time 2.100000, when looking up transform from frame [pinky_01/base_footprint] to frame [map]
[planner_server-15] [INFO] [1786680169.246776531] [pinky_02.global_costmap.global_costmap]: Timed out waiting for transform from pinky_02/base_footprint to map to become available, tf error: Lookup would require extrapolation into the past.  Requested time 2.050000 but the earliest data is at time 2.100000, when looking up transform from frame [pinky_02/base_footprint] to frame [map]
[planner_server-6] [INFO] [1786680169.739164454] [pinky_01.global_costmap.global_costmap]: Timed out waiting for transform from pinky_01/base_footprint to map to become available, tf error: Lookup would require extrapolation into the past.  Requested time 2.090000 but the earliest data is at time 2.100000, when looking up transform from frame [pinky_01/base_footprint] to frame [map]
[planner_server-15] [INFO] [1786680169.746790705] [pinky_02.global_costmap.global_costmap]: Timed out waiting for transform from pinky_02/base_footprint to map to become available, tf error: Lookup would require extrapolation into the past.  Requested time 2.090000 but the earliest data is at time 2.100000, when looking up transform from frame [pinky_02/base_footprint] to frame [map]
[planner_server-6] [INFO] [1786680170.239244417] [pinky_01.global_costmap.global_costmap]: start
[planner_server-15] [INFO] [1786680170.246888148] [pinky_02.global_costmap.global_costmap]: start
[python3-21] [INFO] [1786680170.942673281] [project1_pinky_fleet_adapter]: Adding robot [pinky_02] to fleet [project1_pinky].
[python3-21] [INFO] [1786680170.944344911] [project1_pinky_nav2_adapter]: [pinky_02] RMF 에 붙었습니다.
[rmf_traffic_schedule-1] [INFO] [1786680170.944665271] [rmf_traffic_schedule_primary]: Registered participant [4] named [pinky_02] owned by [project1_pinky]
[python3-21] [INFO] [1786680170.984521102] [project1_pinky_fleet_adapter]: Added a robot named [pinky_02] with participant ID [4]
[python3-21] [INFO] [1786680170.992779431] [project1_pinky_fleet_adapter]: Successfully added robot [pinky_02] to the fleet [project1_pinky].
[python3-21] [INFO] [1786680170.992897906] [project1_pinky_fleet_adapter]: Charger waypoint for robot [project1_pinky/pinky_02] set to index [5]
[planner_server-6] [INFO] [1786680171.291184799] [pinky_01.planner_server]: Activating plugin GridBased of type NavfnPlanner
[planner_server-6] [INFO] [1786680171.294576562] [pinky_01.planner_server]: Creating bond (planner_server) to lifecycle manager.
[planner_server-15] [INFO] [1786680171.299252850] [pinky_02.planner_server]: Activating plugin GridBased of type NavfnPlanner
[planner_server-15] [INFO] [1786680171.305566260] [pinky_02.planner_server]: Creating bond (planner_server) to lifecycle manager.
[lifecycle_manager-11] [INFO] [1786680171.404406052] [pinky_01.lifecycle_manager_navigation]: Server planner_server connected with bond.
[lifecycle_manager-11] [INFO] [1786680171.404452370] [pinky_01.lifecycle_manager_navigation]: [34m[1mActivating behavior_server[0m[0m
[behavior_server-7] [INFO] [1786680171.405138142] [pinky_01.behavior_server]: Activating
[behavior_server-7] [INFO] [1786680171.405178259] [pinky_01.behavior_server]: Activating spin
[behavior_server-7] [INFO] [1786680171.405193844] [pinky_01.behavior_server]: Activating backup
[behavior_server-7] [INFO] [1786680171.405203976] [pinky_01.behavior_server]: Activating drive_on_heading
[behavior_server-7] [INFO] [1786680171.405215970] [pinky_01.behavior_server]: Activating assisted_teleop
[behavior_server-7] [INFO] [1786680171.405226271] [pinky_01.behavior_server]: Activating wait
[behavior_server-7] [INFO] [1786680171.405240496] [pinky_01.behavior_server]: Creating bond (behavior_server) to lifecycle manager.
[lifecycle_manager-20] [INFO] [1786680171.416334425] [pinky_02.lifecycle_manager_navigation]: Server planner_server connected with bond.
[lifecycle_manager-20] [INFO] [1786680171.416384750] [pinky_02.lifecycle_manager_navigation]: [34m[1mActivating behavior_server[0m[0m
[behavior_server-16] [INFO] [1786680171.416948267] [pinky_02.behavior_server]: Activating
[behavior_server-16] [INFO] [1786680171.416969796] [pinky_02.behavior_server]: Activating spin
[behavior_server-16] [INFO] [1786680171.416976703] [pinky_02.behavior_server]: Activating backup
[behavior_server-16] [INFO] [1786680171.416981118] [pinky_02.behavior_server]: Activating drive_on_heading
[behavior_server-16] [INFO] [1786680171.416986509] [pinky_02.behavior_server]: Activating assisted_teleop
[behavior_server-16] [INFO] [1786680171.416992126] [pinky_02.behavior_server]: Activating wait
[behavior_server-16] [INFO] [1786680171.416999983] [pinky_02.behavior_server]: Creating bond (behavior_server) to lifecycle manager.
[lifecycle_manager-11] [INFO] [1786680171.515549121] [pinky_01.lifecycle_manager_navigation]: Server behavior_server connected with bond.
[lifecycle_manager-11] [INFO] [1786680171.515586819] [pinky_01.lifecycle_manager_navigation]: [34m[1mActivating bt_navigator[0m[0m
[bt_navigator-8] [INFO] [1786680171.516115144] [pinky_01.bt_navigator]: Activating
[lifecycle_manager-20] [INFO] [1786680171.526812596] [pinky_02.lifecycle_manager_navigation]: Server behavior_server connected with bond.
[lifecycle_manager-20] [INFO] [1786680171.527128084] [pinky_02.lifecycle_manager_navigation]: [34m[1mActivating bt_navigator[0m[0m
[bt_navigator-17] [INFO] [1786680171.527756725] [pinky_02.bt_navigator]: Activating
[bt_navigator-17] [INFO] [1786680171.752138351] [pinky_02.bt_navigator]: Creating bond (bt_navigator) to lifecycle manager.
[bt_navigator-8] [INFO] [1786680171.752588592] [pinky_01.bt_navigator]: Creating bond (bt_navigator) to lifecycle manager.
[lifecycle_manager-20] [INFO] [1786680171.865478609] [pinky_02.lifecycle_manager_navigation]: Server bt_navigator connected with bond.
[lifecycle_manager-20] [INFO] [1786680171.865544961] [pinky_02.lifecycle_manager_navigation]: [34m[1mActivating waypoint_follower[0m[0m
[lifecycle_manager-11] [INFO] [1786680171.866036025] [pinky_01.lifecycle_manager_navigation]: Server bt_navigator connected with bond.
[lifecycle_manager-11] [INFO] [1786680171.866074284] [pinky_01.lifecycle_manager_navigation]: [34m[1mActivating waypoint_follower[0m[0m
[waypoint_follower-18] [INFO] [1786680171.866369728] [pinky_02.waypoint_follower]: Activating
[waypoint_follower-18] [INFO] [1786680171.866398609] [pinky_02.waypoint_follower]: Creating bond (waypoint_follower) to lifecycle manager.
[waypoint_follower-9] [INFO] [1786680171.866724806] [pinky_01.waypoint_follower]: Activating
[waypoint_follower-9] [INFO] [1786680171.866760835] [pinky_01.waypoint_follower]: Creating bond (waypoint_follower) to lifecycle manager.
[lifecycle_manager-11] [INFO] [1786680171.978113186] [pinky_01.lifecycle_manager_navigation]: Server waypoint_follower connected with bond.
[lifecycle_manager-11] [INFO] [1786680171.978164580] [pinky_01.lifecycle_manager_navigation]: [34m[1mActivating velocity_smoother[0m[0m
[lifecycle_manager-20] [INFO] [1786680171.978122465] [pinky_02.lifecycle_manager_navigation]: Server waypoint_follower connected with bond.
[lifecycle_manager-20] [INFO] [1786680171.978164546] [pinky_02.lifecycle_manager_navigation]: [34m[1mActivating velocity_smoother[0m[0m
[velocity_smoother-19] [INFO] [1786680171.978923413] [pinky_02.velocity_smoother]: Activating
[velocity_smoother-10] [INFO] [1786680171.978975021] [pinky_01.velocity_smoother]: Activating
[velocity_smoother-10] [INFO] [1786680171.979029564] [pinky_01.velocity_smoother]: Creating bond (velocity_smoother) to lifecycle manager.
[velocity_smoother-19] [INFO] [1786680171.978989013] [pinky_02.velocity_smoother]: Creating bond (velocity_smoother) to lifecycle manager.
[lifecycle_manager-20] [INFO] [1786680172.093660829] [pinky_02.lifecycle_manager_navigation]: Server velocity_smoother connected with bond.
[lifecycle_manager-20] [INFO] [1786680172.093711922] [pinky_02.lifecycle_manager_navigation]: [34m[1mManaged nodes are active[0m[0m
[lifecycle_manager-20] [INFO] [1786680172.093719009] [pinky_02.lifecycle_manager_navigation]: [34m[1mCreating bond timer...[0m[0m
[lifecycle_manager-11] [INFO] [1786680172.093659741] [pinky_01.lifecycle_manager_navigation]: Server velocity_smoother connected with bond.
[lifecycle_manager-11] [INFO] [1786680172.093712103] [pinky_01.lifecycle_manager_navigation]: [34m[1mManaged nodes are active[0m[0m
[lifecycle_manager-11] [INFO] [1786680172.093724201] [pinky_01.lifecycle_manager_navigation]: [34m[1mCreating bond timer...[0m[0m
[python3-21] [INFO] [1786680174.781268078] [project1_pinky_fleet_adapter]: Adding robot [pinky_01] to fleet [project1_pinky].
[python3-21] [INFO] [1786680174.782158069] [project1_pinky_nav2_adapter]: [pinky_01] RMF 에 붙었습니다.
[rmf_traffic_schedule-1] [INFO] [1786680174.782107545] [rmf_traffic_schedule_primary]: Registered participant [5] named [pinky_01] owned by [project1_pinky]
[python3-21] [INFO] [1786680174.802556368] [project1_pinky_fleet_adapter]: Added a robot named [pinky_01] with participant ID [5]
[python3-21] [INFO] [1786680174.810797493] [project1_pinky_fleet_adapter]: Successfully added robot [pinky_01] to the fleet [project1_pinky].
[python3-21] [INFO] [1786680174.810887387] [project1_pinky_fleet_adapter]: Charger waypoint for robot [project1_pinky/pinky_01] set to index [4]
[python3-21] [INFO] [1786680182.154022210] [project1_pinky_fleet_adapter]: Requesting new schedule update because update timed out
[python3-21] [INFO] [1786680182.154071452] [project1_pinky_fleet_adapter]: [rmf_traffic_ros2::MirrorManager::request_update] Requesting changes for query ID [1] since version [6]
[schedule_visualizer_node-4] [INFO] [1786680182.154638619] [schedule_data_node]: Requesting new schedule update because update timed out
[schedule_visualizer_node-4] [INFO] [1786680182.154681438] [schedule_data_node]: [rmf_traffic_ros2::MirrorManager::request_update] Requesting changes for query ID [1] since version [6]
[python3-21] [INFO] [1786680202.154021170] [project1_pinky_fleet_adapter]: Requesting new schedule update because update timed out
[python3-21] [INFO] [1786680202.154078330] [project1_pinky_fleet_adapter]: [rmf_traffic_ros2::MirrorManager::request_update] Requesting changes for query ID [1] since beginning of recorded history
[schedule_visualizer_node-4] [INFO] [1786680202.154582288] [schedule_data_node]: Requesting new schedule update because update timed out
[schedule_visualizer_node-4] [INFO] [1786680202.154615465] [schedule_data_node]: [rmf_traffic_ros2::MirrorManager::request_update] Requesting changes for query ID [1] since beginning of recorded history
[rmf_traffic_schedule-1] [INFO] [1786680202.162429270] [rmf_traffic_schedule_primary]: [ScheduleNode::update_mirrors] Sending remedial update starting from the beginning going to 7 for query 1
[python3-21] [INFO] [1786680202.194525872] [project1_pinky_fleet_adapter]: Direct request [rmf_control_ui-5c93c9a1] successfully queued for robot [pinky_02]
[python3-21] [INFO] [1786680202.195341559] [project1_pinky_fleet_adapter]: Beginning next task [rmf_control_ui-5c93c9a1] for robot [project1_pinky/pinky_02]
[python3-21] [INFO] [1786680202.196117332] [project1_pinky_fleet_adapter]: Selecting a new go_to_place location from [1] choices for robot [project1_pinky/pinky_02]
[python3-21] [INFO] [1786680202.196149322] [project1_pinky_fleet_adapter]: Got distance from [11] as 1.595546
[python3-21] [INFO] [1786680202.196234406] [project1_pinky_fleet_adapter]: Planning for [project1_pinky/pinky_02] to [픽업3] from one of these locations:
[python3-21]  -- L1 < 1.61328 -1.08775> [충전2] | on waypoint | orientation -1.11121e-11
[python3-21] [INFO] [1786680202.196767134] [project1_pinky_fleet_adapter]: Beginning new task [rmf_control_ui-5c93c9a1] for [project1_pinky/pinky_02]. Remaining queue size: 0
[python3-21] [INFO] [1786680202.198069519] [project1_pinky_fleet_adapter]: Executing final go_to_place [픽업3] for robot [project1_pinky/pinky_02]
[python3-21] [INFO] [1786680202.198836689] [project1_pinky_fleet_adapter]: [project1_pinky/pinky_02] Moving to [place:픽업3] via
[python3-21]  -- t=0 #5 <     1.61328     -1.08775 -1.93943e-13> yaw=-1.11121e-11 approach lanes:
[python3-21]  -- t=2.55731 #5 < 1.61328 -1.08775 -3.13284> yaw=-179.499 approach lanes:
[python3-21]  -- t=3.41211 #6 < 1.18545  -1.0915 -3.13284> yaw=-179.499 approach lanes: 12
[python3-21]  -- t=4.92606 #6 < 1.18545  -1.0915 -1.56504> yaw=-89.67 approach lanes:
[python3-21]  -- t=6.3068 #11 < 1.18659 -1.94009 -1.56504> yaw=-89.67 approach lanes: 14 23
[python3-21] [INFO] [1786680202.201453316] [project1_pinky_nav2_adapter]: [pinky_02] -> (1.185, -1.091, -90도) 지도 [L1]
[bt_navigator-17] [INFO] [1786680202.205104034] [pinky_02.bt_navigator]: Begin navigating from current location (1.61, -1.09) to (1.19, -1.09)
[controller_server-13] [INFO] [1786680202.226316487] [pinky_02.controller_server]: Received a goal, begin computing control effort.
[controller_server-13] [WARN] [1786680202.226362287] [pinky_02.controller_server]: No goal checker was specified in parameter 'current_goal_checker'. Server will use only plugin loaded general_goal_checker . This warning will appear once.
[controller_server-13] [WARN] [1786680202.226379621] [pinky_02.controller_server]: No progress checker was specified in parameter 'current_progress_checker'. Server will use only plugin loaded progress_checker . This warning will appear once.
[parameter_bridge-24] [INFO] [1786680202.230125747] [gz_bridge]: Passing message from ROS geometry_msgs/msg/Twist to Gazebo gz.msgs.Twist (showing msg only once per type)
[controller_server-13] [INFO] [1786680203.276493500] [pinky_02.controller_server]: Passing new path to controller.
  ↑ 같은 줄 12번 더
[controller_server-13] [WARN] [1786680216.341132106] [pinky_02.controller_server]: Control loop missed its desired rate of 20.0000 Hz. Current loop rate is inf Hz.
[controller_server-13] [WARN] [1786680216.692010673] [pinky_02.controller_server]: Control loop missed its desired rate of 20.0000 Hz. Current loop rate is 100.0000 Hz.
[controller_server-13] [INFO] [1786680216.842975467] [pinky_02.controller_server]: Passing new path to controller.
  ↑ 같은 줄 7번 더
[controller_server-13] [WARN] [1786680224.597888620] [pinky_02.controller_server]: Control loop missed its desired rate of 20.0000 Hz. Current loop rate is inf Hz.
[controller_server-13] [INFO] [1786680225.048264316] [pinky_02.controller_server]: Passing new path to controller.
  ↑ 같은 줄 18번 더
[controller_server-13] [WARN] [1786680244.547378272] [pinky_02.controller_server]: Control loop missed its desired rate of 20.0000 Hz. Current loop rate is inf Hz.
[controller_server-13] [INFO] [1786680244.847509281] [pinky_02.controller_server]: Passing new path to controller.
  ↑ 같은 줄 49번 더
[controller_server-13] [INFO] [1786680295.497912783] [pinky_02.controller_server]: Reached the goal!
[bt_navigator-17] [INFO] [1786680295.527777368] [pinky_02.bt_navigator]: Goal succeeded
[python3-21] [INFO] [1786680295.528862340] [project1_pinky_nav2_adapter]: [pinky_02] 도착했습니다.
[python3-21] [INFO] [1786680295.532075375] [project1_pinky_nav2_adapter]: [pinky_02] -> (1.187, -1.940, -90도) 지도 [L1]
[bt_navigator-17] [INFO] [1786680295.534389329] [pinky_02.bt_navigator]: Begin navigating from current location (1.27, -1.10) to (1.19, -1.94)
[controller_server-13] [INFO] [1786680295.555698336] [pinky_02.controller_server]: Received a goal, begin computing control effort.
[controller_server-13] [INFO] [1786680296.609393772] [pinky_02.controller_server]: Passing new path to controller.
  ↑ 같은 줄 45번 더
[controller_server-13] [INFO] [1786680342.856252503] [pinky_02.controller_server]: Reached the goal!
[bt_navigator-17] [INFO] [1786680342.878170916] [pinky_02.bt_navigator]: Goal succeeded
[python3-21] [INFO] [1786680342.878924279] [project1_pinky_nav2_adapter]: [pinky_02] 도착했습니다.
[python3-21] [INFO] [1786680342.881556691] [project1_pinky_nav2_adapter]: [pinky_02] 동작 [armLoad] → 워크셀 [픽업3] 요청 (pinky_02-5086dd7a-0a26-4a52-9aa6-a938cd9a0d15)
[python3-22] [INFO] [1786680342.883192489] [project1_workcell]: [omx_03] 픽업3 요청 받음 (pinky_02-5086dd7a-0a26-4a52-9aa6-a938cd9a0d15)
[python3-22] [INFO] [1786680342.883953274] [project1_workcell]: [omx_03] 물품 [policy_1] 가상 policy 실행
[python3-21] [INFO] [1786680342.884359231] [project1_pinky_nav2_adapter]: [pinky_02] 워크셀 [픽업3]이 요청을 받았습니다.
[python3-22] [INFO] [1786680346.885070690] [project1_workcell]: [omx_03] 픽업3 끝.
[python3-21] [INFO] [1786680346.886272711] [project1_pinky_nav2_adapter]: [pinky_02] 워크셀 [픽업3] 동작 완료.
[python3-21] [INFO] [1786680346.887315701] [project1_pinky_fleet_adapter]: Selecting a new go_to_place location from [1] choices for robot [project1_pinky/pinky_02]
[python3-21] [INFO] [1786680346.887425789] [project1_pinky_fleet_adapter]: Got distance from [10] as 1.866277
[python3-21] [INFO] [1786680346.887747862] [project1_pinky_fleet_adapter]: Planning for [project1_pinky/pinky_02] to [드랍오프2] from one of these locations:
[python3-21]  -- L1 < 1.18465 -1.60222> [대기4] | location < 1.22147 -1.84791> | orientation -102.923
[python3-21]  -- lane 22: { L1 < 1.18659 -1.94009> [픽업3] } -> { L1 < 1.18465 -1.60222> [대기4] } | location < 1.22147 -1.84791> | orientation -102.923
[python3-21]  -- lane 23: { L1 < 1.18465 -1.60222> [대기4] } -> { L1 < 1.18659 -1.94009> [픽업3] } | location < 1.22147 -1.84791> | orientation -102.923
[python3-21] [INFO] [1786680346.889668593] [project1_pinky_fleet_adapter]: Executing final go_to_place [드랍오프2] for robot [project1_pinky/pinky_02]
[python3-21] [INFO] [1786680346.890190199] [project1_pinky_fleet_adapter]: [project1_pinky/pinky_02] Moving to [place:드랍오프2] via
[python3-21]  -- t=0 < 1.22147 -1.84791 -1.79634> yaw=-102.923 approach lanes:
[python3-21]  -- t=2.31359 < 1.22147 -1.84791  1.71959> yaw=98.5252 approach lanes:
[python3-21]  -- t=2.94406 #7 < 1.18465 -1.60222  1.71959> yaw=98.5252 approach lanes:
[python3-21]  -- t=3.3776 #7 < 1.18465 -1.60222  1.56922> yaw=89.9097 approach lanes:
[python3-21]  -- t=4.33601 #6 <1.18545 -1.0915 1.56922> yaw=89.9097 approach lanes: 15
[python3-21]  -- t=5.84507 #6 <   1.18545    -1.0915 0.00875283> yaw=0.5015 approach lanes:
[python3-21]  -- t=6.69987 #5 <   1.61328   -1.08775 0.00875283> yaw=0.5015 approach lanes: 13
[python3-21]  -- t=6.907 #5 <  1.61328  -1.08775 -0.025569> yaw=-1.465 approach lanes:
[python3-21]  -- t=7.60953 #10 <   1.9192  -1.09558 -0.025569> yaw=-1.465 approach lanes: 21
[python3-21] [INFO] [1786680346.891418010] [project1_pinky_nav2_adapter]: [pinky_02] -> (1.185, -1.091, 1도) 지도 [L1]
[bt_navigator-17] [INFO] [1786680346.892836491] [pinky_02.bt_navigator]: Begin navigating from current location (1.22, -1.85) to (1.19, -1.09)
[controller_server-13] [INFO] [1786680346.913746116] [pinky_02.controller_server]: Received a goal, begin computing control effort.
[controller_server-13] [INFO] [1786680347.963937117] [pinky_02.controller_server]: Passing new path to controller.
  ↑ 같은 줄 2번 더
[controller_server-13] [WARN] [1786680350.717071278] [pinky_02.controller_server]: RegulatedPurePursuitController detected collision ahead!
[controller_server-13] [INFO] [1786680351.063897738] [pinky_02.controller_server]: Passing new path to controller.
  ↑ 같은 줄 1번 더
[controller_server-13] [WARN] [1786680352.215179476] [pinky_02.controller_server]: RegulatedPurePursuitController detected collision ahead!
  ↑ 같은 줄 17번 더
[controller_server-13] [INFO] [1786680353.113902284] [pinky_02.controller_server]: Passing new path to controller.
[controller_server-13] [WARN] [1786680353.114816661] [pinky_02.controller_server]: RegulatedPurePursuitController detected collision ahead!
  ↑ 같은 줄 19번 더
[controller_server-13] [INFO] [1786680354.113908518] [pinky_02.controller_server]: Passing new path to controller.
[controller_server-13] [WARN] [1786680354.115391951] [pinky_02.controller_server]: RegulatedPurePursuitController detected collision ahead!
  ↑ 같은 줄 20번 더
[controller_server-13] [INFO] [1786680355.163902185] [pinky_02.controller_server]: Passing new path to controller.
[controller_server-13] [WARN] [1786680355.165382382] [pinky_02.controller_server]: RegulatedPurePursuitController detected collision ahead!
  ↑ 같은 줄 19번 더
[controller_server-13] [INFO] [1786680356.163912694] [pinky_02.controller_server]: Passing new path to controller.
[controller_server-13] [WARN] [1786680356.165394602] [pinky_02.controller_server]: RegulatedPurePursuitController detected collision ahead!
  ↑ 같은 줄 20번 더
[controller_server-13] [INFO] [1786680357.213903400] [pinky_02.controller_server]: Passing new path to controller.
[controller_server-13] [WARN] [1786680357.215367897] [pinky_02.controller_server]: RegulatedPurePursuitController detected collision ahead!
  ↑ 같은 줄 4번 더
[controller_server-13] [INFO] [1786680358.213912654] [pinky_02.controller_server]: Passing new path to controller.
  ↑ 같은 줄 2번 더
[controller_server-13] [WARN] [1786680360.565087402] [pinky_02.controller_server]: RegulatedPurePursuitController detected collision ahead!
  ↑ 같은 줄 14번 더
[controller_server-13] [INFO] [1786680361.313906710] [pinky_02.controller_server]: Passing new path to controller.
[controller_server-13] [WARN] [1786680361.315305494] [pinky_02.controller_server]: RegulatedPurePursuitController detected collision ahead!
  ↑ 같은 줄 19번 더
[controller_server-13] [INFO] [1786680362.313913865] [pinky_02.controller_server]: Passing new path to controller.
[controller_server-13] [WARN] [1786680362.314879890] [pinky_02.controller_server]: RegulatedPurePursuitController detected collision ahead!
  ↑ 같은 줄 20번 더
[controller_server-13] [INFO] [1786680363.363920758] [pinky_02.controller_server]: Passing new path to controller.
  ↑ 같은 줄 3번 더
[controller_server-13] [WARN] [1786680366.918095222] [pinky_02.controller_server]: RegulatedPurePursuitController detected collision ahead!
  ↑ 같은 줄 10번 더
[controller_server-13] [INFO] [1786680367.463918913] [pinky_02.controller_server]: Passing new path to controller.
[controller_server-13] [WARN] [1786680367.465642475] [pinky_02.controller_server]: RegulatedPurePursuitController detected collision ahead!
  ↑ 같은 줄 19번 더
[controller_server-13] [INFO] [1786680368.463957681] [pinky_02.controller_server]: Passing new path to controller.
[controller_server-13] [WARN] [1786680368.465621464] [pinky_02.controller_server]: RegulatedPurePursuitController detected collision ahead!
  ↑ 같은 줄 20번 더
[controller_server-13] [INFO] [1786680369.513932549] [pinky_02.controller_server]: Passing new path to controller.
[controller_server-13] [WARN] [1786680369.515547754] [pinky_02.controller_server]: RegulatedPurePursuitController detected collision ahead!
  ↑ 같은 줄 8번 더
[controller_server-13] [INFO] [1786680370.513930205] [pinky_02.controller_server]: Passing new path to controller.
  ↑ 같은 줄 2번 더
[controller_server-13] [WARN] [1786680372.915367360] [pinky_02.controller_server]: RegulatedPurePursuitController detected collision ahead!
  ↑ 같은 줄 13번 더
[controller_server-13] [INFO] [1786680373.613995196] [pinky_02.controller_server]: Passing new path to controller.
[controller_server-13] [WARN] [1786680373.615998671] [pinky_02.controller_server]: RegulatedPurePursuitController detected collision ahead!
  ↑ 같은 줄 19번 더
[controller_server-13] [INFO] [1786680374.613956936] [pinky_02.controller_server]: Passing new path to controller.
[controller_server-13] [WARN] [1786680374.616028673] [pinky_02.controller_server]: RegulatedPurePursuitController detected collision ahead!
  ↑ 같은 줄 20번 더
[controller_server-13] [INFO] [1786680375.663933336] [pinky_02.controller_server]: Passing new path to controller.
[controller_server-13] [WARN] [1786680375.665623647] [pinky_02.controller_server]: RegulatedPurePursuitController detected collision ahead!
  ↑ 같은 줄 19번 더
[controller_server-13] [INFO] [1786680376.663914964] [pinky_02.controller_server]: Passing new path to controller.
[controller_server-13] [WARN] [1786680376.665343352] [pinky_02.controller_server]: RegulatedPurePursuitController detected collision ahead!
  ↑ 같은 줄 3번 더
[controller_server-13] [INFO] [1786680377.713931825] [pinky_02.controller_server]: Passing new path to controller.
  ↑ 같은 줄 2번 더
[controller_server-13] [WARN] [1786680379.864999060] [pinky_02.controller_server]: RegulatedPurePursuitController detected collision ahead!
  ↑ 같은 줄 17번 더
[controller_server-13] [INFO] [1786680380.763912230] [pinky_02.controller_server]: Passing new path to controller.
[controller_server-13] [WARN] [1786680380.765307070] [pinky_02.controller_server]: RegulatedPurePursuitController detected collision ahead!
  ↑ 같은 줄 20번 더
[controller_server-13] [INFO] [1786680381.813910994] [pinky_02.controller_server]: Passing new path to controller.
[controller_server-13] [WARN] [1786680381.815293374] [pinky_02.controller_server]: RegulatedPurePursuitController detected collision ahead!
  ↑ 같은 줄 19번 더
[controller_server-13] [INFO] [1786680382.813927027] [pinky_02.controller_server]: Passing new path to controller.
[controller_server-13] [WARN] [1786680382.815586621] [pinky_02.controller_server]: RegulatedPurePursuitController detected collision ahead!
  ↑ 같은 줄 1번 더
[controller_server-13] [INFO] [1786680383.863910602] [pinky_02.controller_server]: Passing new path to controller.
  ↑ 같은 줄 7번 더
[controller_server-13] [WARN] [1786680391.765037868] [pinky_02.controller_server]: RegulatedPurePursuitController detected collision ahead!
  ↑ 같은 줄 5번 더
[controller_server-13] [INFO] [1786680392.063908471] [pinky_02.controller_server]: Passing new path to controller.
[controller_server-13] [WARN] [1786680392.065330939] [pinky_02.controller_server]: RegulatedPurePursuitController detected collision ahead!
  ↑ 같은 줄 19번 더
[controller_server-13] [INFO] [1786680393.063924238] [pinky_02.controller_server]: Passing new path to controller.
[controller_server-13] [WARN] [1786680393.065454111] [pinky_02.controller_server]: RegulatedPurePursuitController detected collision ahead!
  ↑ 같은 줄 1번 더
[controller_server-13] [INFO] [1786680394.113920364] [pinky_02.controller_server]: Passing new path to controller.
  ↑ 같은 줄 7번 더
[controller_server-13] [WARN] [1786680401.515157026] [pinky_02.controller_server]: RegulatedPurePursuitController detected collision ahead!
  ↑ 같은 줄 16번 더
[controller_server-13] [INFO] [1786680402.363924769] [pinky_02.controller_server]: Passing new path to controller.
[controller_server-13] [WARN] [1786680402.365267241] [pinky_02.controller_server]: RegulatedPurePursuitController detected collision ahead!
  ↑ 같은 줄 19번 더
[controller_server-13] [INFO] [1786680403.363908955] [pinky_02.controller_server]: Passing new path to controller.
[controller_server-13] [WARN] [1786680403.365161602] [pinky_02.controller_server]: RegulatedPurePursuitController detected collision ahead!
  ↑ 같은 줄 20번 더
[controller_server-13] [INFO] [1786680404.413914343] [pinky_02.controller_server]: Passing new path to controller.
[controller_server-13] [WARN] [1786680404.415519973] [pinky_02.controller_server]: RegulatedPurePursuitController detected collision ahead!
  ↑ 같은 줄 10번 더
[controller_server-13] [INFO] [1786680405.413911230] [pinky_02.controller_server]: Passing new path to controller.
  ↑ 같은 줄 2번 더
[controller_server-13] [WARN] [1786680407.565838963] [pinky_02.controller_server]: RegulatedPurePursuitController detected collision ahead!
  ↑ 같은 줄 19번 더
[bt_navigator-17] [WARN] [1786680408.547257935] [pinky_02.bt_navigator_navigate_to_pose_rclcpp_node]: Timed out while waiting for action server to acknowledge goal request for compute_path_to_pose
[controller_server-13] [INFO] [1786680408.564116926] [pinky_02.controller_server]: Cancellation was successful. Stopping the robot.
[controller_server-13] [INFO] [1786680408.564190471] [pinky_02.controller_server]: [follow_path] [ActionServer] Client requested to cancel the goal. Cancelling.
[bt_navigator-17] [WARN] [1786680408.564689177] [pinky_02.bt_navigator]: [navigate_to_pose] [ActionServer] Aborting handle.
[bt_navigator-17] [ERROR] [1786680408.565194419] [pinky_02.bt_navigator]: Goal failed
[python3-21] [ERROR] [1786680408.566290056] [project1_pinky_nav2_adapter]: [pinky_02] 목적지에 닿지 못했습니다 (Nav2 status 6). 도착 반경이 코스트맵 한 칸보다 촘촘하면 영영 못 맞춥니다.
[python3-21] [INFO] [1786680408.569230709] [project1_pinky_nav2_adapter]: [pinky_02] -> (1.613, -1.088, -1도) 지도 [L1]
[bt_navigator-17] [INFO] [1786680408.571375709] [pinky_02.bt_navigator]: Begin navigating from current location (1.28, -1.88) to (1.61, -1.09)
[controller_server-13] [INFO] [1786680408.592636619] [pinky_02.controller_server]: Received a goal, begin computing control effort.
[controller_server-13] [WARN] [1786680408.594353343] [pinky_02.controller_server]: RegulatedPurePursuitController detected collision ahead!
  ↑ 같은 줄 20번 더
[controller_server-13] [INFO] [1786680409.642799974] [pinky_02.controller_server]: Passing new path to controller.
[controller_server-13] [WARN] [1786680409.644701735] [pinky_02.controller_server]: RegulatedPurePursuitController detected collision ahead!
  ↑ 같은 줄 1번 더
[controller_server-13] [INFO] [1786680410.692876820] [pinky_02.controller_server]: Passing new path to controller.
  ↑ 같은 줄 1번 더
[controller_server-13] [WARN] [1786680411.744152032] [pinky_02.controller_server]: RegulatedPurePursuitController detected collision ahead!
  ↑ 같은 줄 18번 더
[controller_server-13] [INFO] [1786680412.692801574] [pinky_02.controller_server]: Passing new path to controller.
[controller_server-13] [WARN] [1786680412.694656756] [pinky_02.controller_server]: RegulatedPurePursuitController detected collision ahead!
  ↑ 같은 줄 20번 더
[controller_server-13] [INFO] [1786680413.742804751] [pinky_02.controller_server]: Passing new path to controller.
[controller_server-13] [WARN] [1786680413.744818414] [pinky_02.controller_server]: RegulatedPurePursuitController detected collision ahead!
  ↑ 같은 줄 3번 더
[controller_server-13] [INFO] [1786680414.792794202] [pinky_02.controller_server]: Passing new path to controller.
  ↑ 같은 줄 1번 더
[controller_server-13] [WARN] [1786680416.194302623] [pinky_02.controller_server]: RegulatedPurePursuitController detected collision ahead!
  ↑ 같은 줄 12번 더
[controller_server-13] [INFO] [1786680416.842795324] [pinky_02.controller_server]: Passing new path to controller.
[controller_server-13] [WARN] [1786680416.844639538] [pinky_02.controller_server]: RegulatedPurePursuitController detected collision ahead!
  ↑ 같은 줄 19번 더
[controller_server-13] [INFO] [1786680417.842791716] [pinky_02.controller_server]: Passing new path to controller.
[controller_server-13] [WARN] [1786680417.844326611] [pinky_02.controller_server]: RegulatedPurePursuitController detected collision ahead!
  ↑ 같은 줄 20번 더
[controller_server-13] [INFO] [1786680418.892878404] [pinky_02.controller_server]: Passing new path to controller.
[controller_server-13] [WARN] [1786680418.893781050] [pinky_02.controller_server]: RegulatedPurePursuitController detected collision ahead!
  ↑ 같은 줄 19번 더
[controller_server-13] [INFO] [1786680419.892798949] [pinky_02.controller_server]: Passing new path to controller.
[controller_server-13] [WARN] [1786680419.894314235] [pinky_02.controller_server]: RegulatedPurePursuitController detected collision ahead!
  ↑ 같은 줄 20번 더
[controller_server-13] [INFO] [1786680420.942793632] [pinky_02.controller_server]: Passing new path to controller.
[controller_server-13] [WARN] [1786680420.944484456] [pinky_02.controller_server]: RegulatedPurePursuitController detected collision ahead!
  ↑ 같은 줄 19번 더
[controller_server-13] [INFO] [1786680421.942928437] [pinky_02.controller_server]: Passing new path to controller.
[controller_server-13] [WARN] [1786680421.944508373] [pinky_02.controller_server]: RegulatedPurePursuitController detected collision ahead!
  ↑ 같은 줄 10번 더
[controller_server-13] [INFO] [1786680422.992794269] [pinky_02.controller_server]: Passing new path to controller.
  ↑ 같은 줄 2번 더
[controller_server-13] [WARN] [1786680425.543581004] [pinky_02.controller_server]: RegulatedPurePursuitController detected collision ahead!
  ↑ 같은 줄 9번 더
[controller_server-13] [INFO] [1786680426.042808611] [pinky_02.controller_server]: Passing new path to controller.
[controller_server-13] [WARN] [1786680426.044843401] [pinky_02.controller_server]: RegulatedPurePursuitController detected collision ahead!
  ↑ 같은 줄 20번 더
[controller_server-13] [INFO] [1786680427.092811775] [pinky_02.controller_server]: Passing new path to controller.
[controller_server-13] [WARN] [1786680427.094746652] [pinky_02.controller_server]: RegulatedPurePursuitController detected collision ahead!
  ↑ 같은 줄 12번 더
[controller_server-13] [INFO] [1786680428.092802421] [pinky_02.controller_server]: Passing new path to controller.
  ↑ 같은 줄 1번 더
[controller_server-13] [WARN] [1786680429.544302859] [pinky_02.controller_server]: RegulatedPurePursuitController detected collision ahead!
  ↑ 같은 줄 11번 더
[controller_server-13] [INFO] [1786680430.142796439] [pinky_02.controller_server]: Passing new path to controller.
[controller_server-13] [WARN] [1786680430.144454913] [pinky_02.controller_server]: RegulatedPurePursuitController detected collision ahead!
  ↑ 같은 줄 20번 더
[controller_server-13] [INFO] [1786680431.192808427] [pinky_02.controller_server]: Passing new path to controller.
[controller_server-13] [WARN] [1786680431.194561632] [pinky_02.controller_server]: RegulatedPurePursuitController detected collision ahead!
  ↑ 같은 줄 12번 더
[controller_server-13] [INFO] [1786680432.192810298] [pinky_02.controller_server]: Passing new path to controller.
  ↑ 같은 줄 2번 더
[controller_server-13] [WARN] [1786680434.394231863] [pinky_02.controller_server]: RegulatedPurePursuitController detected collision ahead!
  ↑ 같은 줄 17번 더
[controller_server-13] [INFO] [1786680435.292796420] [pinky_02.controller_server]: Passing new path to controller.
[controller_server-13] [WARN] [1786680435.295233633] [pinky_02.controller_server]: RegulatedPurePursuitController detected collision ahead!
  ↑ 같은 줄 19번 더
[controller_server-13] [INFO] [1786680436.292828013] [pinky_02.controller_server]: Passing new path to controller.
[controller_server-13] [WARN] [1786680436.294778910] [pinky_02.controller_server]: RegulatedPurePursuitController detected collision ahead!
  ↑ 같은 줄 16번 더
[controller_server-13] [INFO] [1786680437.342841521] [pinky_02.controller_server]: Passing new path to controller.
  ↑ 같은 줄 2번 더
[controller_server-13] [WARN] [1786680439.443549053] [pinky_02.controller_server]: RegulatedPurePursuitController detected collision ahead!
  ↑ 같은 줄 18번 더
[controller_server-13] [INFO] [1786680440.392841865] [pinky_02.controller_server]: Passing new path to controller.
[controller_server-13] [WARN] [1786680440.394711309] [pinky_02.controller_server]: RegulatedPurePursuitController detected collision ahead!
  ↑ 같은 줄 9번 더
[controller_server-13] [WARN] [1786680441.162123007] [pinky_02.controller_server]: Control loop missed its desired rate of 20.0000 Hz. Current loop rate is inf Hz.
[controller_server-13] [WARN] [1786680441.163501197] [pinky_02.controller_server]: RegulatedPurePursuitController detected collision ahead!
[controller_server-13] [INFO] [1786680441.412248897] [pinky_02.controller_server]: Passing new path to controller.
  ↑ 같은 줄 1번 더
[controller_server-13] [WARN] [1786680443.063932761] [pinky_02.controller_server]: RegulatedPurePursuitController detected collision ahead!
  ↑ 같은 줄 1번 더
[controller_server-13] [INFO] [1786680443.462242065] [pinky_02.controller_server]: Passing new path to controller.
  ↑ 같은 줄 4번 더
[controller_server-13] [WARN] [1786680448.563780098] [pinky_02.controller_server]: RegulatedPurePursuitController detected collision ahead!
[controller_server-13] [INFO] [1786680448.612241492] [pinky_02.controller_server]: Passing new path to controller.
[controller_server-13] [WARN] [1786680448.614002433] [pinky_02.controller_server]: RegulatedPurePursuitController detected collision ahead!
  ↑ 같은 줄 2번 더
[controller_server-13] [INFO] [1786680449.612242502] [pinky_02.controller_server]: Passing new path to controller.
  ↑ 같은 줄 5번 더
[controller_server-13] [WARN] [1786680454.963394648] [pinky_02.controller_server]: RegulatedPurePursuitController detected collision ahead!
  ↑ 같은 줄 4번 더
[controller_server-13] [INFO] [1786680455.762239634] [pinky_02.controller_server]: Passing new path to controller.
[python3-21] [INFO] [1786680456.101234222] [project1_pinky_fleet_adapter]: Cache sizes:
[python3-21]  - DifferentialDrive: 99
[python3-21]  - ShortestPath: 30
[python3-21]  - Euclidean: 0
[controller_server-13] [INFO] [1786680456.812262732] [pinky_02.controller_server]: Passing new path to controller.
  ↑ 같은 줄 37번 더
[controller_server-13] [WARN] [1786680494.763234226] [pinky_02.controller_server]: RegulatedPurePursuitController detected collision ahead!
  ↑ 같은 줄 19번 더
[controller_server-13] [INFO] [1786680495.762248235] [pinky_02.controller_server]: Passing new path to controller.
  ↑ 같은 줄 2번 더
[controller_server-13] [WARN] [1786680498.562864372] [pinky_02.controller_server]: RegulatedPurePursuitController detected collision ahead!
  ↑ 같은 줄 5번 더
[controller_server-13] [INFO] [1786680498.862246096] [pinky_02.controller_server]: Passing new path to controller.
[controller_server-13] [WARN] [1786680498.863044630] [pinky_02.controller_server]: RegulatedPurePursuitController detected collision ahead!
  ↑ 같은 줄 19번 더
[controller_server-13] [INFO] [1786680499.862242357] [pinky_02.controller_server]: Passing new path to controller.
[controller_server-13] [WARN] [1786680499.863039748] [pinky_02.controller_server]: RegulatedPurePursuitController detected collision ahead!
  ↑ 같은 줄 20번 더
[controller_server-13] [INFO] [1786680500.912238415] [pinky_02.controller_server]: Passing new path to controller.
[controller_server-13] [WARN] [1786680500.913086958] [pinky_02.controller_server]: RegulatedPurePursuitController detected collision ahead!
  ↑ 같은 줄 19번 더
[controller_server-13] [INFO] [1786680501.912239891] [pinky_02.controller_server]: Passing new path to controller.
[controller_server-13] [WARN] [1786680501.913116673] [pinky_02.controller_server]: RegulatedPurePursuitController detected collision ahead!
  ↑ 같은 줄 20번 더
[controller_server-13] [INFO] [1786680502.962248902] [pinky_02.controller_server]: Passing new path to controller.
[controller_server-13] [WARN] [1786680502.963189354] [pinky_02.controller_server]: RegulatedPurePursuitController detected collision ahead!
  ↑ 같은 줄 19번 더
[controller_server-13] [INFO] [1786680503.962591456] [pinky_02.controller_server]: Passing new path to controller.
[controller_server-13] [WARN] [1786680503.973344082] [pinky_02.controller_server]: RegulatedPurePursuitController detected collision ahead!
  ↑ 같은 줄 16번 더
[controller_server-13] [ERROR] [1786680504.763042693] [pinky_02.controller_server]: Controller patience exceeded
[controller_server-13] [WARN] [1786680504.763190245] [pinky_02.controller_server]: [follow_path] [ActionServer] Aborting handle.
[controller_server-13] [INFO] [1786680504.781990598] [pinky_02.local_costmap.local_costmap]: Received request to clear entirely the local_costmap
[controller_server-13] [INFO] [1786680504.782494173] [pinky_02.controller_server]: Received a goal, begin computing control effort.
[controller_server-13] [WARN] [1786680504.923589610] [pinky_02.controller_server]: Control loop missed its desired rate of 20.0000 Hz. Current loop rate is 100.0000 Hz.
[controller_server-13] [INFO] [1786680505.023739663] [pinky_02.controller_server]: Passing new path to controller.
  ↑ 같은 줄 4번 더
[controller_server-13] [WARN] [1786680509.974332293] [pinky_02.controller_server]: RegulatedPurePursuitController detected collision ahead!
  ↑ 같은 줄 2번 더
[controller_server-13] [INFO] [1786680510.123730540] [pinky_02.controller_server]: Passing new path to controller.
  ↑ 같은 줄 8번 더
[controller_server-13] [WARN] [1786680518.324508181] [pinky_02.controller_server]: RegulatedPurePursuitController detected collision ahead!
  ↑ 같은 줄 20번 더
[controller_server-13] [INFO] [1786680519.373729950] [pinky_02.controller_server]: Passing new path to controller.
[controller_server-13] [WARN] [1786680519.374445366] [pinky_02.controller_server]: RegulatedPurePursuitController detected collision ahead!
  ↑ 같은 줄 19번 더
[controller_server-13] [INFO] [1786680520.373723298] [pinky_02.controller_server]: Passing new path to controller.
[controller_server-13] [WARN] [1786680520.374375732] [pinky_02.controller_server]: RegulatedPurePursuitController detected collision ahead!
  ↑ 같은 줄 20번 더
[controller_server-13] [INFO] [1786680521.423721588] [pinky_02.controller_server]: Passing new path to controller.
[controller_server-13] [WARN] [1786680521.424469805] [pinky_02.controller_server]: RegulatedPurePursuitController detected collision ahead!
  ↑ 같은 줄 19번 더
[controller_server-13] [INFO] [1786680522.423751032] [pinky_02.controller_server]: Passing new path to controller.
[controller_server-13] [WARN] [1786680522.424681795] [pinky_02.controller_server]: RegulatedPurePursuitController detected collision ahead!
  ↑ 같은 줄 20번 더
[controller_server-13] [INFO] [1786680523.473733376] [pinky_02.controller_server]: Passing new path to controller.
[controller_server-13] [WARN] [1786680523.474588270] [pinky_02.controller_server]: RegulatedPurePursuitController detected collision ahead!
  ↑ 같은 줄 19번 더
[controller_server-13] [INFO] [1786680524.473735725] [pinky_02.controller_server]: Passing new path to controller.
[controller_server-13] [WARN] [1786680524.475674354] [pinky_02.controller_server]: RegulatedPurePursuitController detected collision ahead!
[controller_server-13] [ERROR] [1786680524.475732933] [pinky_02.controller_server]: Controller patience exceeded
[controller_server-13] [WARN] [1786680524.475841976] [pinky_02.controller_server]: [follow_path] [ActionServer] Aborting handle.
[controller_server-13] [INFO] [1786680524.500841185] [pinky_02.local_costmap.local_costmap]: Received request to clear entirely the local_costmap
[planner_server-15] [INFO] [1786680524.501209651] [pinky_02.global_costmap.global_costmap]: Received request to clear entirely the global_costmap
[controller_server-13] [INFO] [1786680525.300801295] [pinky_02.controller_server]: Received a goal, begin computing control effort.
[controller_server-13] [WARN] [1786680525.301843981] [pinky_02.controller_server]: RegulatedPurePursuitController detected collision ahead!
  ↑ 같은 줄 20번 더
[controller_server-13] [INFO] [1786680526.351487167] [pinky_02.controller_server]: Passing new path to controller.
[controller_server-13] [WARN] [1786680526.352160431] [pinky_02.controller_server]: RegulatedPurePursuitController detected collision ahead!
  ↑ 같은 줄 19번 더
[controller_server-13] [INFO] [1786680527.351543306] [pinky_02.controller_server]: Passing new path to controller.
[controller_server-13] [WARN] [1786680527.352255305] [pinky_02.controller_server]: RegulatedPurePursuitController detected collision ahead!
  ↑ 같은 줄 20번 더
[controller_server-13] [INFO] [1786680528.401499280] [pinky_02.controller_server]: Passing new path to controller.
[controller_server-13] [WARN] [1786680528.402215522] [pinky_02.controller_server]: RegulatedPurePursuitController detected collision ahead!
  ↑ 같은 줄 19번 더
[controller_server-13] [INFO] [1786680529.401524139] [pinky_02.controller_server]: Passing new path to controller.
[controller_server-13] [WARN] [1786680529.401952649] [pinky_02.controller_server]: RegulatedPurePursuitController detected collision ahead!
  ↑ 같은 줄 20번 더
[controller_server-13] [INFO] [1786680530.451502777] [pinky_02.controller_server]: Passing new path to controller.
[controller_server-13] [WARN] [1786680530.451978327] [pinky_02.controller_server]: RegulatedPurePursuitController detected collision ahead!
  ↑ 같은 줄 18번 더
[controller_server-13] [ERROR] [1786680531.352059216] [pinky_02.controller_server]: Controller patience exceeded
[controller_server-13] [WARN] [1786680531.352176962] [pinky_02.controller_server]: [follow_path] [ActionServer] Aborting handle.
[controller_server-13] [INFO] [1786680531.369726550] [pinky_02.local_costmap.local_costmap]: Received request to clear entirely the local_costmap
[controller_server-13] [INFO] [1786680531.370161725] [pinky_02.controller_server]: Received a goal, begin computing control effort.
[controller_server-13] [INFO] [1786680531.520263459] [pinky_02.controller_server]: Passing new path to controller.
[controller_server-13] [WARN] [1786680531.520932719] [pinky_02.controller_server]: RegulatedPurePursuitController detected collision ahead!
[controller_server-13] [WARN] [1786680531.521043687] [pinky_02.controller_server]: Control loop missed its desired rate of 20.0000 Hz. Current loop rate is inf Hz.
[controller_server-13] [WARN] [1786680531.521497332] [pinky_02.controller_server]: RegulatedPurePursuitController detected collision ahead!
  ↑ 같은 줄 18번 더
[controller_server-13] [INFO] [1786680532.471143018] [pinky_02.controller_server]: Passing new path to controller.
[controller_server-13] [WARN] [1786680532.471887230] [pinky_02.controller_server]: RegulatedPurePursuitController detected collision ahead!
  ↑ 같은 줄 20번 더
[controller_server-13] [INFO] [1786680533.521126771] [pinky_02.controller_server]: Passing new path to controller.
[controller_server-13] [WARN] [1786680533.521938919] [pinky_02.controller_server]: RegulatedPurePursuitController detected collision ahead!
  ↑ 같은 줄 22번 더
[controller_server-13] [INFO] [1786680534.671153653] [pinky_02.controller_server]: Passing new path to controller.
[controller_server-13] [WARN] [1786680534.673594582] [pinky_02.controller_server]: RegulatedPurePursuitController detected collision ahead!
  ↑ 같은 줄 20번 더
[controller_server-13] [INFO] [1786680535.721147279] [pinky_02.controller_server]: Passing new path to controller.
[controller_server-13] [WARN] [1786680535.722000594] [pinky_02.controller_server]: RegulatedPurePursuitController detected collision ahead!
  ↑ 같은 줄 20번 더
[controller_server-13] [INFO] [1786680536.771158039] [pinky_02.controller_server]: Passing new path to controller.
[controller_server-13] [WARN] [1786680536.772050686] [pinky_02.controller_server]: RegulatedPurePursuitController detected collision ahead!
  ↑ 같은 줄 19번 더
[controller_server-13] [INFO] [1786680537.771144556] [pinky_02.controller_server]: Passing new path to controller.
[controller_server-13] [WARN] [1786680537.771837168] [pinky_02.controller_server]: RegulatedPurePursuitController detected collision ahead!
  ↑ 같은 줄 3번 더
[controller_server-13] [ERROR] [1786680537.921716412] [pinky_02.controller_server]: Controller patience exceeded
[controller_server-13] [WARN] [1786680537.921842703] [pinky_02.controller_server]: [follow_path] [ActionServer] Aborting handle.
[behavior_server-16] [INFO] [1786680537.933033583] [pinky_02.behavior_server]: Running spin
[behavior_server-16] [INFO] [1786680537.933200263] [pinky_02.behavior_server]: Turning 1.57 for spin behavior.
[behavior_server-16] [WARN] [1786680544.929018968] [pinky_02.behavior_server]: Collision Ahead - Exiting Spin
[behavior_server-16] [WARN] [1786680544.929062427] [pinky_02.behavior_server]: spin failed
[behavior_server-16] [WARN] [1786680544.929078187] [pinky_02.behavior_server]: [spin] [ActionServer] Aborting handle.
[behavior_server-16] [INFO] [1786680544.941413119] [pinky_02.behavior_server]: Running wait
[behavior_server-16] [INFO] [1786680650.378761116] [pinky_02.behavior_server]: wait completed successfully
[controller_server-13] [INFO] [1786680650.418694627] [pinky_02.controller_server]: Received a goal, begin computing control effort.
[controller_server-13] [INFO] [1786680651.468841601] [pinky_02.controller_server]: Passing new path to controller.
  ↑ 같은 줄 27번 더
[planner_server-15] [ERROR] [1786680680.206105280] [pinky_02.planner_server]: Failed to create a plan from potential when a legal potential was found. This shouldn't happen.
[planner_server-15] [WARN] [1786680680.206275455] [pinky_02.planner_server]: GridBased plugin failed to plan from (1.52, -1.17) to (1.61, -1.09): "Failed to create plan with tolerance of: 0.500000"
[planner_server-15] [WARN] [1786680680.206300299] [pinky_02.planner_server]: [compute_path_to_pose] [ActionServer] Aborting handle.
[planner_server-15] [INFO] [1786680680.223942513] [pinky_02.global_costmap.global_costmap]: Received request to clear entirely the global_costmap
[controller_server-13] [INFO] [1786680680.318866270] [pinky_02.controller_server]: Passing new path to controller.
  ↑ 같은 줄 5번 더
[planner_server-15] [ERROR] [1786680686.406320494] [pinky_02.planner_server]: Failed to create a plan from potential when a legal potential was found. This shouldn't happen.
[planner_server-15] [WARN] [1786680686.406431556] [pinky_02.planner_server]: GridBased plugin failed to plan from (1.53, -1.16) to (1.61, -1.09): "Failed to create plan with tolerance of: 0.500000"
[planner_server-15] [WARN] [1786680686.406448122] [pinky_02.planner_server]: [compute_path_to_pose] [ActionServer] Aborting handle.
[planner_server-15] [INFO] [1786680686.423905712] [pinky_02.global_costmap.global_costmap]: Received request to clear entirely the global_costmap
[controller_server-13] [INFO] [1786680687.318840214] [pinky_02.controller_server]: Passing new path to controller.
  ↑ 같은 줄 45번 더
[controller_server-13] [WARN] [1786680734.312856172] [pinky_02.controller_server]: Control loop missed its desired rate of 20.0000 Hz. Current loop rate is inf Hz.
[controller_server-13] [INFO] [1786680734.468982160] [pinky_02.controller_server]: Passing new path to controller.
  ↑ 같은 줄 21번 더
[python3-21] [INFO] [1786680756.105070883] [project1_pinky_fleet_adapter]: Cache sizes:
[python3-21]  - DifferentialDrive: 99
[python3-21]  - ShortestPath: 30
[python3-21]  - Euclidean: 0
[controller_server-13] [INFO] [1786680757.013029103] [pinky_02.controller_server]: Passing new path to controller.
  ↑ 같은 줄 6번 더
[controller_server-13] [INFO] [1786680763.363599525] [pinky_02.controller_server]: Reached the goal!
[bt_navigator-17] [INFO] [1786680763.392015992] [pinky_02.bt_navigator]: Goal succeeded
[python3-21] [INFO] [1786680763.393332317] [project1_pinky_nav2_adapter]: [pinky_02] 도착했습니다.
[python3-21] [INFO] [1786680763.394453470] [project1_pinky_nav2_adapter]: [pinky_02] -> (1.919, -1.096, -1도) 지도 [L1]
[bt_navigator-17] [INFO] [1786680763.395671019] [pinky_02.bt_navigator]: Begin navigating from current location (1.55, -1.15) to (1.92, -1.10)
[controller_server-13] [INFO] [1786680763.416681856] [pinky_02.controller_server]: Received a goal, begin computing control effort.
[controller_server-13] [INFO] [1786680764.469578742] [pinky_02.controller_server]: Passing new path to controller.
  ↑ 같은 줄 26번 더
[controller_server-13] [INFO] [1786680791.117273719] [pinky_02.controller_server]: Reached the goal!
[bt_navigator-17] [INFO] [1786680791.151913349] [pinky_02.bt_navigator]: Goal succeeded
[python3-21] [INFO] [1786680791.153056843] [project1_pinky_nav2_adapter]: [pinky_02] 도착했습니다.
[python3-21] [INFO] [1786680791.154955673] [project1_pinky_fleet_adapter]: Selecting a new go_to_place location from [1] choices for robot [project1_pinky/pinky_02]
[python3-21] [INFO] [1786680791.154997538] [project1_pinky_fleet_adapter]: Got distance from [5] as 0.255542
[python3-21] [INFO] [1786680791.155143412] [project1_pinky_fleet_adapter]: Planning for [project1_pinky/pinky_02] to [충전2] from one of these locations:
[python3-21]  -- lane 21: { L1 < 1.61328 -1.08775> [충전2] } -> { L1 <  1.9192 -1.09558> [드랍오프2] } | location < 1.81516 -1.11993> | orientation 7.96027
[python3-21]  -- lane 20: { L1 <  1.9192 -1.09558> [드랍오프2] } -> { L1 < 1.61328 -1.08775> [충전2] } | location < 1.81516 -1.11993> | orientation 7.96027
[python3-21] [INFO] [1786680791.156867031] [project1_pinky_fleet_adapter]: Executing final go_to_place [충전2] for robot [project1_pinky/pinky_02]
[python3-21] [INFO] [1786680791.157521961] [project1_pinky_fleet_adapter]: [project1_pinky/pinky_02] Moving to [place:충전2] via
[python3-21]  -- t=0 < 1.81516 -1.11993 0.138933> yaw=7.96027 approach lanes:
[python3-21]  -- t=2.36515 < 1.81516 -1.11993  2.98353> yaw=170.944 approach lanes:
[python3-21]  -- t=2.93707 #5 < 1.61328 -1.08775  2.98353> yaw=170.944 approach lanes: 20
[python3-21] [INFO] [1786680791.160152376] [project1_pinky_nav2_adapter]: [pinky_02] -> (1.613, -1.088, 171도) 지도 [L1]
[bt_navigator-17] [INFO] [1786680791.161835127] [pinky_02.bt_navigator]: Begin navigating from current location (1.82, -1.12) to (1.61, -1.09)
[controller_server-13] [INFO] [1786680791.182636809] [pinky_02.controller_server]: Received a goal, begin computing control effort.
[controller_server-13] [INFO] [1786680792.232778890] [pinky_02.controller_server]: Passing new path to controller.
  ↑ 같은 줄 68번 더
[controller_server-13] [INFO] [1786680862.833163764] [pinky_02.controller_server]: Reached the goal!
[bt_navigator-17] [INFO] [1786680862.858751209] [pinky_02.bt_navigator]: Goal succeeded
[python3-21] [INFO] [1786680862.860055515] [project1_pinky_nav2_adapter]: [pinky_02] 도착했습니다.
[schedule_visualizer_node-4] [INFO] [1786680882.862845677] [schedule_data_node]: Requesting new schedule update because update timed out
[schedule_visualizer_node-4] [INFO] [1786680882.862903364] [schedule_data_node]: [rmf_traffic_ros2::MirrorManager::request_update] Requesting changes for query ID [1] since version [222]
[python3-21] [INFO] [1786680882.864469621] [project1_pinky_fleet_adapter]: Requesting new schedule update because update timed out
[python3-21] [INFO] [1786680882.864542921] [project1_pinky_fleet_adapter]: [rmf_traffic_ros2::MirrorManager::request_update] Requesting changes for query ID [1] since version [222]
[schedule_visualizer_node-4] [INFO] [1786680902.862895345] [schedule_data_node]: Requesting new schedule update because update timed out
[schedule_visualizer_node-4] [INFO] [1786680902.862989781] [schedule_data_node]: [rmf_traffic_ros2::MirrorManager::request_update] Requesting changes for query ID [1] since beginning of recorded history
[python3-21] [INFO] [1786680902.864849943] [project1_pinky_fleet_adapter]: Requesting new schedule update because update timed out
[python3-21] [INFO] [1786680902.864940302] [project1_pinky_fleet_adapter]: [rmf_traffic_ros2::MirrorManager::request_update] Requesting changes for query ID [1] since beginning of recorded history
[rmf_traffic_schedule-1] [INFO] [1786680902.872710715] [rmf_traffic_schedule_primary]: [ScheduleNode::update_mirrors] Sending remedial update starting from the beginning going to 222 for query 1
[schedule_visualizer_node-4] [INFO] [1786680940.683129392] [schedule_data_node]: Requesting new schedule update because update timed out
[schedule_visualizer_node-4] [INFO] [1786680940.683198049] [schedule_data_node]: [rmf_traffic_ros2::MirrorManager::request_update] Requesting changes for query ID [1] since version [223]
[python3-21] [INFO] [1786680940.684717302] [project1_pinky_fleet_adapter]: Requesting new schedule update because update timed out
[python3-21] [INFO] [1786680940.684840785] [project1_pinky_fleet_adapter]: [rmf_traffic_ros2::MirrorManager::request_update] Requesting changes for query ID [1] since version [223]
[schedule_visualizer_node-4] [INFO] [1786680960.683128507] [schedule_data_node]: Requesting new schedule update because update timed out
[schedule_visualizer_node-4] [INFO] [1786680960.683195224] [schedule_data_node]: [rmf_traffic_ros2::MirrorManager::request_update] Requesting changes for query ID [1] since beginning of recorded history
[python3-21] [INFO] [1786680960.684615301] [project1_pinky_fleet_adapter]: Requesting new schedule update because update timed out
[python3-21] [INFO] [1786680960.684664603] [project1_pinky_fleet_adapter]: [rmf_traffic_ros2::MirrorManager::request_update] Requesting changes for query ID [1] since beginning of recorded history
[rmf_traffic_schedule-1] [INFO] [1786680960.692574859] [rmf_traffic_schedule_primary]: [ScheduleNode::update_mirrors] Sending remedial update starting from the beginning going to 223 for query 1
[schedule_visualizer_node-4] [INFO] [1786681000.682883029] [schedule_data_node]: Requesting new schedule update because update timed out
[python3-21] [INFO] [1786681000.683744762] [project1_pinky_fleet_adapter]: Requesting new schedule update because update timed out
[python3-21] [INFO] [1786681000.683797643] [project1_pinky_fleet_adapter]: [rmf_traffic_ros2::MirrorManager::request_update] Requesting changes for query ID [1] since version [224]
[schedule_visualizer_node-4] [INFO] [1786681000.682953219] [schedule_data_node]: [rmf_traffic_ros2::MirrorManager::request_update] Requesting changes for query ID [1] since version [224]
[schedule_visualizer_node-4] [INFO] [1786681020.682923520] [schedule_data_node]: Requesting new schedule update because update timed out
[schedule_visualizer_node-4] [INFO] [1786681020.682979492] [schedule_data_node]: [rmf_traffic_ros2::MirrorManager::request_update] Requesting changes for query ID [1] since beginning of recorded history
[python3-21] [INFO] [1786681020.683751095] [project1_pinky_fleet_adapter]: Requesting new schedule update because update timed out
[python3-21] [INFO] [1786681020.683800195] [project1_pinky_fleet_adapter]: [rmf_traffic_ros2::MirrorManager::request_update] Requesting changes for query ID [1] since beginning of recorded history
[rmf_traffic_schedule-1] [INFO] [1786681020.692593271] [rmf_traffic_schedule_primary]: [ScheduleNode::update_mirrors] Sending remedial update starting from the beginning going to 224 for query 1
[python3-21] [INFO] [1786681056.101436366] [project1_pinky_fleet_adapter]: Cache sizes:
[python3-21]  - DifferentialDrive: 99
[python3-21]  - ShortestPath: 30
[python3-21]  - Euclidean: 0
[schedule_visualizer_node-4] [INFO] [1786681060.682906697] [schedule_data_node]: Requesting new schedule update because update timed out
[schedule_visualizer_node-4] [INFO] [1786681060.683054227] [schedule_data_node]: [rmf_traffic_ros2::MirrorManager::request_update] Requesting changes for query ID [1] since version [225]
[python3-21] [INFO] [1786681060.683840084] [project1_pinky_fleet_adapter]: Requesting new schedule update because update timed out
[python3-21] [INFO] [1786681060.683885487] [project1_pinky_fleet_adapter]: [rmf_traffic_ros2::MirrorManager::request_update] Requesting changes for query ID [1] since version [225]
[schedule_visualizer_node-4] [INFO] [1786681080.682918487] [schedule_data_node]: Requesting new schedule update because update timed out
[schedule_visualizer_node-4] [INFO] [1786681080.682975511] [schedule_data_node]: [rmf_traffic_ros2::MirrorManager::request_update] Requesting changes for query ID [1] since beginning of recorded history
[python3-21] [INFO] [1786681080.683846870] [project1_pinky_fleet_adapter]: Requesting new schedule update because update timed out
[python3-21] [INFO] [1786681080.683905069] [project1_pinky_fleet_adapter]: [rmf_traffic_ros2::MirrorManager::request_update] Requesting changes for query ID [1] since beginning of recorded history
[rmf_traffic_schedule-1] [INFO] [1786681080.692646992] [rmf_traffic_schedule_primary]: [ScheduleNode::update_mirrors] Sending remedial update starting from the beginning going to 225 for query 1
[schedule_visualizer_node-4] [INFO] [1786681120.682918232] [schedule_data_node]: Requesting new schedule update because update timed out
[schedule_visualizer_node-4] [INFO] [1786681120.682968620] [schedule_data_node]: [rmf_traffic_ros2::MirrorManager::request_update] Requesting changes for query ID [1] since version [226]
[python3-21] [INFO] [1786681120.684036808] [project1_pinky_fleet_adapter]: Requesting new schedule update because update timed out
[python3-21] [INFO] [1786681120.684088037] [project1_pinky_fleet_adapter]: [rmf_traffic_ros2::MirrorManager::request_update] Requesting changes for query ID [1] since version [226]
[schedule_visualizer_node-4] [INFO] [1786681140.683081924] [schedule_data_node]: Requesting new schedule update because update timed out
[schedule_visualizer_node-4] [INFO] [1786681140.683172640] [schedule_data_node]: [rmf_traffic_ros2::MirrorManager::request_update] Requesting changes for query ID [1] since beginning of recorded history
[python3-21] [INFO] [1786681140.684195488] [project1_pinky_fleet_adapter]: Requesting new schedule update because update timed out
[python3-21] [INFO] [1786681140.684266118] [project1_pinky_fleet_adapter]: [rmf_traffic_ros2::MirrorManager::request_update] Requesting changes for query ID [1] since beginning of recorded history
[rmf_traffic_schedule-1] [INFO] [1786681140.693505856] [rmf_traffic_schedule_primary]: [ScheduleNode::update_mirrors] Sending remedial update starting from the beginning going to 226 for query 1
[schedule_visualizer_node-4] [INFO] [1786681180.682880184] [schedule_data_node]: Requesting new schedule update because update timed out
[schedule_visualizer_node-4] [INFO] [1786681180.682938295] [schedule_data_node]: [rmf_traffic_ros2::MirrorManager::request_update] Requesting changes for query ID [1] since version [227]
[python3-21] [INFO] [1786681180.683776278] [project1_pinky_fleet_adapter]: Requesting new schedule update because update timed out
[python3-21] [INFO] [1786681180.683826380] [project1_pinky_fleet_adapter]: [rmf_traffic_ros2::MirrorManager::request_update] Requesting changes for query ID [1] since version [227]
[schedule_visualizer_node-4] [INFO] [1786681200.682884650] [schedule_data_node]: Requesting new schedule update because update timed out
[schedule_visualizer_node-4] [INFO] [1786681200.682927801] [schedule_data_node]: [rmf_traffic_ros2::MirrorManager::request_update] Requesting changes for query ID [1] since beginning of recorded history
[python3-21] [INFO] [1786681200.683622411] [project1_pinky_fleet_adapter]: Requesting new schedule update because update timed out
[python3-21] [INFO] [1786681200.683666238] [project1_pinky_fleet_adapter]: [rmf_traffic_ros2::MirrorManager::request_update] Requesting changes for query ID [1] since beginning of recorded history
[rmf_traffic_schedule-1] [INFO] [1786681200.692807068] [rmf_traffic_schedule_primary]: [ScheduleNode::update_mirrors] Sending remedial update starting from the beginning going to 227 for query 1
[schedule_visualizer_node-4] [INFO] [1786681240.682919093] [schedule_data_node]: Requesting new schedule update because update timed out
[schedule_visualizer_node-4] [INFO] [1786681240.682976485] [schedule_data_node]: [rmf_traffic_ros2::MirrorManager::request_update] Requesting changes for query ID [1] since version [228]
[python3-21] [INFO] [1786681240.683823513] [project1_pinky_fleet_adapter]: Requesting new schedule update because update timed out
[python3-21] [INFO] [1786681240.683869534] [project1_pinky_fleet_adapter]: [rmf_traffic_ros2::MirrorManager::request_update] Requesting changes for query ID [1] since version [228]
[schedule_visualizer_node-4] [INFO] [1786681260.682886992] [schedule_data_node]: Requesting new schedule update because update timed out
[schedule_visualizer_node-4] [INFO] [1786681260.682928134] [schedule_data_node]: [rmf_traffic_ros2::MirrorManager::request_update] Requesting changes for query ID [1] since beginning of recorded history
[python3-21] [INFO] [1786681260.683719561] [project1_pinky_fleet_adapter]: Requesting new schedule update because update timed out
[python3-21] [INFO] [1786681260.683756225] [project1_pinky_fleet_adapter]: [rmf_traffic_ros2::MirrorManager::request_update] Requesting changes for query ID [1] since beginning of recorded history
[rmf_traffic_schedule-1] [INFO] [1786681260.692712098] [rmf_traffic_schedule_primary]: [ScheduleNode::update_mirrors] Sending remedial update starting from the beginning going to 228 for query 1
[schedule_visualizer_node-4] [INFO] [1786681300.682807776] [schedule_data_node]: Requesting new schedule update because update timed out
[schedule_visualizer_node-4] [INFO] [1786681300.682859074] [schedule_data_node]: [rmf_traffic_ros2::MirrorManager::request_update] Requesting changes for query ID [1] since version [229]
[python3-21] [INFO] [1786681300.683601954] [project1_pinky_fleet_adapter]: Requesting new schedule update because update timed out
[python3-21] [INFO] [1786681300.683650183] [project1_pinky_fleet_adapter]: [rmf_traffic_ros2::MirrorManager::request_update] Requesting changes for query ID [1] since version [229]
[schedule_visualizer_node-4] [INFO] [1786681320.682821697] [schedule_data_node]: Requesting new schedule update because update timed out
[schedule_visualizer_node-4] [INFO] [1786681320.682866056] [schedule_data_node]: [rmf_traffic_ros2::MirrorManager::request_update] Requesting changes for query ID [1] since beginning of recorded history
[python3-21] [INFO] [1786681320.683600223] [project1_pinky_fleet_adapter]: Requesting new schedule update because update timed out
[python3-21] [INFO] [1786681320.683642379] [project1_pinky_fleet_adapter]: [rmf_traffic_ros2::MirrorManager::request_update] Requesting changes for query ID [1] since beginning of recorded history
[rmf_traffic_schedule-1] [INFO] [1786681320.692588334] [rmf_traffic_schedule_primary]: [ScheduleNode::update_mirrors] Sending remedial update starting from the beginning going to 229 for query 1
[python3-21] [INFO] [1786681356.103308666] [project1_pinky_fleet_adapter]: Cache sizes:
[python3-21]  - DifferentialDrive: 99
[python3-21]  - ShortestPath: 30
[python3-21]  - Euclidean: 0
[schedule_visualizer_node-4] [INFO] [1786681360.692726197] [schedule_data_node]: Requesting new schedule update because update timed out
[schedule_visualizer_node-4] [INFO] [1786681360.692770568] [schedule_data_node]: [rmf_traffic_ros2::MirrorManager::request_update] Requesting changes for query ID [1] since version [230]
[python3-21] [INFO] [1786681360.693179202] [project1_pinky_fleet_adapter]: Requesting new schedule update because update timed out
[python3-21] [INFO] [1786681360.693218979] [project1_pinky_fleet_adapter]: [rmf_traffic_ros2::MirrorManager::request_update] Requesting changes for query ID [1] since version [230]
[schedule_visualizer_node-4] [INFO] [1786681380.692771405] [schedule_data_node]: Requesting new schedule update because update timed out
[schedule_visualizer_node-4] [INFO] [1786681380.692850359] [schedule_data_node]: [rmf_traffic_ros2::MirrorManager::request_update] Requesting changes for query ID [1] since beginning of recorded history
[python3-21] [INFO] [1786681380.693486905] [project1_pinky_fleet_adapter]: Requesting new schedule update because update timed out
[python3-21] [INFO] [1786681380.693842333] [project1_pinky_fleet_adapter]: [rmf_traffic_ros2::MirrorManager::request_update] Requesting changes for query ID [1] since beginning of recorded history
[rmf_traffic_schedule-1] [INFO] [1786681380.702567611] [rmf_traffic_schedule_primary]: [ScheduleNode::update_mirrors] Sending remedial update starting from the beginning going to 230 for query 1
[schedule_visualizer_node-4] [INFO] [1786681420.692712211] [schedule_data_node]: Requesting new schedule update because update timed out
[schedule_visualizer_node-4] [INFO] [1786681420.692749874] [schedule_data_node]: [rmf_traffic_ros2::MirrorManager::request_update] Requesting changes for query ID [1] since version [231]
[python3-21] [INFO] [1786681420.693357994] [project1_pinky_fleet_adapter]: Requesting new schedule update because update timed out
[python3-21] [INFO] [1786681420.693398343] [project1_pinky_fleet_adapter]: [rmf_traffic_ros2::MirrorManager::request_update] Requesting changes for query ID [1] since version [231]
[schedule_visualizer_node-4] [INFO] [1786681440.692714853] [schedule_data_node]: Requesting new schedule update because update timed out
[schedule_visualizer_node-4] [INFO] [1786681440.692761143] [schedule_data_node]: [rmf_traffic_ros2::MirrorManager::request_update] Requesting changes for query ID [1] since beginning of recorded history
[python3-21] [INFO] [1786681440.693262249] [project1_pinky_fleet_adapter]: Requesting new schedule update because update timed out
[python3-21] [INFO] [1786681440.693307182] [project1_pinky_fleet_adapter]: [rmf_traffic_ros2::MirrorManager::request_update] Requesting changes for query ID [1] since beginning of recorded history
[rmf_traffic_schedule-1] [INFO] [1786681440.702789119] [rmf_traffic_schedule_primary]: [ScheduleNode::update_mirrors] Sending remedial update starting from the beginning going to 231 for query 1
[schedule_visualizer_node-4] [INFO] [1786681480.682950439] [schedule_data_node]: Requesting new schedule update because update timed out
[schedule_visualizer_node-4] [INFO] [1786681480.683015227] [schedule_data_node]: [rmf_traffic_ros2::MirrorManager::request_update] Requesting changes for query ID [1] since version [232]
[python3-21] [INFO] [1786681480.683992036] [project1_pinky_fleet_adapter]: Requesting new schedule update because update timed out
[python3-21] [INFO] [1786681480.684083835] [project1_pinky_fleet_adapter]: [rmf_traffic_ros2::MirrorManager::request_update] Requesting changes for query ID [1] since version [232]
[schedule_visualizer_node-4] [INFO] [1786681500.682943783] [schedule_data_node]: Requesting new schedule update because update timed out
[schedule_visualizer_node-4] [INFO] [1786681500.682999642] [schedule_data_node]: [rmf_traffic_ros2::MirrorManager::request_update] Requesting changes for query ID [1] since beginning of recorded history
[python3-21] [INFO] [1786681500.683746385] [project1_pinky_fleet_adapter]: Requesting new schedule update because update timed out
[python3-21] [INFO] [1786681500.683794057] [project1_pinky_fleet_adapter]: [rmf_traffic_ros2::MirrorManager::request_update] Requesting changes for query ID [1] since beginning of recorded history
[rmf_traffic_schedule-1] [INFO] [1786681500.692492384] [rmf_traffic_schedule_primary]: [ScheduleNode::update_mirrors] Sending remedial update starting from the beginning going to 232 for query 1
[schedule_visualizer_node-4] [INFO] [1786681540.692599794] [schedule_data_node]: Requesting new schedule update because update timed out
[schedule_visualizer_node-4] [INFO] [1786681540.692641884] [schedule_data_node]: [rmf_traffic_ros2::MirrorManager::request_update] Requesting changes for query ID [1] since version [233]
[python3-21] [INFO] [1786681540.693217584] [project1_pinky_fleet_adapter]: Requesting new schedule update because update timed out
[python3-21] [INFO] [1786681540.693249940] [project1_pinky_fleet_adapter]: [rmf_traffic_ros2::MirrorManager::request_update] Requesting changes for query ID [1] since version [233]
[schedule_visualizer_node-4] [INFO] [1786681560.692655738] [schedule_data_node]: Requesting new schedule update because update timed out
[schedule_visualizer_node-4] [INFO] [1786681560.692696690] [schedule_data_node]: [rmf_traffic_ros2::MirrorManager::request_update] Requesting changes for query ID [1] since beginning of recorded history
[python3-21] [INFO] [1786681560.693197265] [project1_pinky_fleet_adapter]: Requesting new schedule update because update timed out
[python3-21] [INFO] [1786681560.693237693] [project1_pinky_fleet_adapter]: [rmf_traffic_ros2::MirrorManager::request_update] Requesting changes for query ID [1] since beginning of recorded history
[rmf_traffic_schedule-1] [INFO] [1786681560.702608598] [rmf_traffic_schedule_primary]: [ScheduleNode::update_mirrors] Sending remedial update starting from the beginning going to 233 for query 1
[schedule_visualizer_node-4] [INFO] [1786681600.692704386] [schedule_data_node]: Requesting new schedule update because update timed out
[schedule_visualizer_node-4] [INFO] [1786681600.692753542] [schedule_data_node]: [rmf_traffic_ros2::MirrorManager::request_update] Requesting changes for query ID [1] since version [234]
[python3-21] [INFO] [1786681600.693234004] [project1_pinky_fleet_adapter]: Requesting new schedule update because update timed out
[python3-21] [INFO] [1786681600.693274866] [project1_pinky_fleet_adapter]: [rmf_traffic_ros2::MirrorManager::request_update] Requesting changes for query ID [1] since version [234]
[schedule_visualizer_node-4] [INFO] [1786681620.692710439] [schedule_data_node]: Requesting new schedule update because update timed out
[schedule_visualizer_node-4] [INFO] [1786681620.692756457] [schedule_data_node]: [rmf_traffic_ros2::MirrorManager::request_update] Requesting changes for query ID [1] since beginning of recorded history
[python3-21] [INFO] [1786681620.693321924] [project1_pinky_fleet_adapter]: Requesting new schedule update because update timed out
[python3-21] [INFO] [1786681620.693365359] [project1_pinky_fleet_adapter]: [rmf_traffic_ros2::MirrorManager::request_update] Requesting changes for query ID [1] since beginning of recorded history
[rmf_traffic_schedule-1] [INFO] [1786681620.702595633] [rmf_traffic_schedule_primary]: [ScheduleNode::update_mirrors] Sending remedial update starting from the beginning going to 234 for query 1
[python3-21] [INFO] [1786681656.101057546] [project1_pinky_fleet_adapter]: Cache sizes:
[python3-21]  - DifferentialDrive: 99
[python3-21]  - ShortestPath: 30
[python3-21]  - Euclidean: 0
[schedule_visualizer_node-4] [INFO] [1786681660.682710800] [schedule_data_node]: Requesting new schedule update because update timed out
[schedule_visualizer_node-4] [INFO] [1786681660.682747881] [schedule_data_node]: [rmf_traffic_ros2::MirrorManager::request_update] Requesting changes for query ID [1] since version [235]
[python3-21] [INFO] [1786681660.683417176] [project1_pinky_fleet_adapter]: Requesting new schedule update because update timed out
[python3-21] [INFO] [1786681660.683454391] [project1_pinky_fleet_adapter]: [rmf_traffic_ros2::MirrorManager::request_update] Requesting changes for query ID [1] since version [235]
[schedule_visualizer_node-4] [INFO] [1786681680.682751361] [schedule_data_node]: Requesting new schedule update because update timed out
[schedule_visualizer_node-4] [INFO] [1786681680.682805235] [schedule_data_node]: [rmf_traffic_ros2::MirrorManager::request_update] Requesting changes for query ID [1] since beginning of recorded history
[python3-21] [INFO] [1786681680.683556966] [project1_pinky_fleet_adapter]: Requesting new schedule update because update timed out
[python3-21] [INFO] [1786681680.683599203] [project1_pinky_fleet_adapter]: [rmf_traffic_ros2::MirrorManager::request_update] Requesting changes for query ID [1] since beginning of recorded history
[rmf_traffic_schedule-1] [INFO] [1786681680.692543587] [rmf_traffic_schedule_primary]: [ScheduleNode::update_mirrors] Sending remedial update starting from the beginning going to 235 for query 1
[schedule_visualizer_node-4] [INFO] [1786681720.682727650] [schedule_data_node]: Requesting new schedule update because update timed out
[schedule_visualizer_node-4] [INFO] [1786681720.682783845] [schedule_data_node]: [rmf_traffic_ros2::MirrorManager::request_update] Requesting changes for query ID [1] since version [236]
[python3-21] [INFO] [1786681720.683453835] [project1_pinky_fleet_adapter]: Requesting new schedule update because update timed out
[python3-21] [INFO] [1786681720.683500426] [project1_pinky_fleet_adapter]: [rmf_traffic_ros2::MirrorManager::request_update] Requesting changes for query ID [1] since version [236]
[schedule_visualizer_node-4] [INFO] [1786681740.682729886] [schedule_data_node]: Requesting new schedule update because update timed out
[schedule_visualizer_node-4] [INFO] [1786681740.682772750] [schedule_data_node]: [rmf_traffic_ros2::MirrorManager::request_update] Requesting changes for query ID [1] since beginning of recorded history
[python3-21] [INFO] [1786681740.683510166] [project1_pinky_fleet_adapter]: Requesting new schedule update because update timed out
[python3-21] [INFO] [1786681740.683562670] [project1_pinky_fleet_adapter]: [rmf_traffic_ros2::MirrorManager::request_update] Requesting changes for query ID [1] since beginning of recorded history
[rmf_traffic_schedule-1] [INFO] [1786681740.692486565] [rmf_traffic_schedule_primary]: [ScheduleNode::update_mirrors] Sending remedial update starting from the beginning going to 236 for query 1
[schedule_visualizer_node-4] [INFO] [1786681780.692694523] [schedule_data_node]: Requesting new schedule update because update timed out
[schedule_visualizer_node-4] [INFO] [1786681780.692741707] [schedule_data_node]: [rmf_traffic_ros2::MirrorManager::request_update] Requesting changes for query ID [1] since version [237]
[python3-21] [INFO] [1786681780.693226393] [project1_pinky_fleet_adapter]: Requesting new schedule update because update timed out
[python3-21] [INFO] [1786681780.693264252] [project1_pinky_fleet_adapter]: [rmf_traffic_ros2::MirrorManager::request_update] Requesting changes for query ID [1] since version [237]
[schedule_visualizer_node-4] [INFO] [1786681800.692679528] [schedule_data_node]: Requesting new schedule update because update timed out
[schedule_visualizer_node-4] [INFO] [1786681800.692718734] [schedule_data_node]: [rmf_traffic_ros2::MirrorManager::request_update] Requesting changes for query ID [1] since beginning of recorded history
[python3-21] [INFO] [1786681800.693254362] [project1_pinky_fleet_adapter]: Requesting new schedule update because update timed out
[python3-21] [INFO] [1786681800.693290979] [project1_pinky_fleet_adapter]: [rmf_traffic_ros2::MirrorManager::request_update] Requesting changes for query ID [1] since beginning of recorded history
[rmf_traffic_schedule-1] [INFO] [1786681800.702473102] [rmf_traffic_schedule_primary]: [ScheduleNode::update_mirrors] Sending remedial update starting from the beginning going to 237 for query 1
[schedule_visualizer_node-4] [INFO] [1786681840.682862308] [schedule_data_node]: Requesting new schedule update because update timed out
[schedule_visualizer_node-4] [INFO] [1786681840.682928166] [schedule_data_node]: [rmf_traffic_ros2::MirrorManager::request_update] Requesting changes for query ID [1] since version [238]
[python3-21] [INFO] [1786681840.683688043] [project1_pinky_fleet_adapter]: Requesting new schedule update because update timed out
[python3-21] [INFO] [1786681840.683733470] [project1_pinky_fleet_adapter]: [rmf_traffic_ros2::MirrorManager::request_update] Requesting changes for query ID [1] since version [238]
[schedule_visualizer_node-4] [INFO] [1786681860.682842677] [schedule_data_node]: Requesting new schedule update because update timed out
[schedule_visualizer_node-4] [INFO] [1786681860.682879847] [schedule_data_node]: [rmf_traffic_ros2::MirrorManager::request_update] Requesting changes for query ID [1] since beginning of recorded history
[python3-21] [INFO] [1786681860.683581541] [project1_pinky_fleet_adapter]: Requesting new schedule update because update timed out
[python3-21] [INFO] [1786681860.683618995] [project1_pinky_fleet_adapter]: [rmf_traffic_ros2::MirrorManager::request_update] Requesting changes for query ID [1] since beginning of recorded history
[rmf_traffic_schedule-1] [INFO] [1786681860.692513410] [rmf_traffic_schedule_primary]: [ScheduleNode::update_mirrors] Sending remedial update starting from the beginning going to 238 for query 1
[schedule_visualizer_node-4] [INFO] [1786681900.692757569] [schedule_data_node]: Requesting new schedule update because update timed out
[schedule_visualizer_node-4] [INFO] [1786681900.692800437] [schedule_data_node]: [rmf_traffic_ros2::MirrorManager::request_update] Requesting changes for query ID [1] since version [239]
[python3-21] [INFO] [1786681900.693401470] [project1_pinky_fleet_adapter]: Requesting new schedule update because update timed out
[python3-21] [INFO] [1786681900.693440580] [project1_pinky_fleet_adapter]: [rmf_traffic_ros2::MirrorManager::request_update] Requesting changes for query ID [1] since version [239]
[schedule_visualizer_node-4] [INFO] [1786681920.692786758] [schedule_data_node]: Requesting new schedule update because update timed out
[schedule_visualizer_node-4] [INFO] [1786681920.692829427] [schedule_data_node]: [rmf_traffic_ros2::MirrorManager::request_update] Requesting changes for query ID [1] since beginning of recorded history
[python3-21] [INFO] [1786681920.693340798] [project1_pinky_fleet_adapter]: Requesting new schedule update because update timed out
[python3-21] [INFO] [1786681920.693382888] [project1_pinky_fleet_adapter]: [rmf_traffic_ros2::MirrorManager::request_update] Requesting changes for query ID [1] since beginning of recorded history
[rmf_traffic_schedule-1] [INFO] [1786681920.702602673] [rmf_traffic_schedule_primary]: [ScheduleNode::update_mirrors] Sending remedial update starting from the beginning going to 239 for query 1
[python3-21] [INFO] [1786681956.101095098] [project1_pinky_fleet_adapter]: Cache sizes:
[python3-21]  - DifferentialDrive: 99
[python3-21]  - ShortestPath: 30
[python3-21]  - Euclidean: 0
[schedule_visualizer_node-4] [INFO] [1786681960.692678071] [schedule_data_node]: Requesting new schedule update because update timed out
[schedule_visualizer_node-4] [INFO] [1786681960.692734549] [schedule_data_node]: [rmf_traffic_ros2::MirrorManager::request_update] Requesting changes for query ID [1] since version [240]
[python3-21] [INFO] [1786681960.693187269] [project1_pinky_fleet_adapter]: Requesting new schedule update because update timed out
[python3-21] [INFO] [1786681960.693230018] [project1_pinky_fleet_adapter]: [rmf_traffic_ros2::MirrorManager::request_update] Requesting changes for query ID [1] since version [240]
[schedule_visualizer_node-4] [INFO] [1786681980.692662872] [schedule_data_node]: Requesting new schedule update because update timed out
[schedule_visualizer_node-4] [INFO] [1786681980.692705294] [schedule_data_node]: [rmf_traffic_ros2::MirrorManager::request_update] Requesting changes for query ID [1] since beginning of recorded history
[python3-21] [INFO] [1786681980.693289244] [project1_pinky_fleet_adapter]: Requesting new schedule update because update timed out
[python3-21] [INFO] [1786681980.693332146] [project1_pinky_fleet_adapter]: [rmf_traffic_ros2::MirrorManager::request_update] Requesting changes for query ID [1] since beginning of recorded history
[rmf_traffic_schedule-1] [INFO] [1786681980.702665990] [rmf_traffic_schedule_primary]: [ScheduleNode::update_mirrors] Sending remedial update starting from the beginning going to 240 for query 1
[schedule_visualizer_node-4] [INFO] [1786682020.692606959] [schedule_data_node]: Requesting new schedule update because update timed out
[schedule_visualizer_node-4] [INFO] [1786682020.692654877] [schedule_data_node]: [rmf_traffic_ros2::MirrorManager::request_update] Requesting changes for query ID [1] since version [241]
[python3-21] [INFO] [1786682020.693192676] [project1_pinky_fleet_adapter]: Requesting new schedule update because update timed out
[python3-21] [INFO] [1786682020.693227343] [project1_pinky_fleet_adapter]: [rmf_traffic_ros2::MirrorManager::request_update] Requesting changes for query ID [1] since version [241]
[schedule_visualizer_node-4] [INFO] [1786682040.692604400] [schedule_data_node]: Requesting new schedule update because update timed out
[schedule_visualizer_node-4] [INFO] [1786682040.692652945] [schedule_data_node]: [rmf_traffic_ros2::MirrorManager::request_update] Requesting changes for query ID [1] since beginning of recorded history
[python3-21] [INFO] [1786682040.693312013] [project1_pinky_fleet_adapter]: Requesting new schedule update because update timed out
[python3-21] [INFO] [1786682040.693353872] [project1_pinky_fleet_adapter]: [rmf_traffic_ros2::MirrorManager::request_update] Requesting changes for query ID [1] since beginning of recorded history
[rmf_traffic_schedule-1] [INFO] [1786682040.702889275] [rmf_traffic_schedule_primary]: [ScheduleNode::update_mirrors] Sending remedial update starting from the beginning going to 241 for query 1
[schedule_visualizer_node-4] [INFO] [1786682080.692643232] [schedule_data_node]: Requesting new schedule update because update timed out
[schedule_visualizer_node-4] [INFO] [1786682080.692685659] [schedule_data_node]: [rmf_traffic_ros2::MirrorManager::request_update] Requesting changes for query ID [1] since version [242]
[python3-21] [INFO] [1786682080.693288585] [project1_pinky_fleet_adapter]: Requesting new schedule update because update timed out
[python3-21] [INFO] [1786682080.693329549] [project1_pinky_fleet_adapter]: [rmf_traffic_ros2::MirrorManager::request_update] Requesting changes for query ID [1] since version [242]
[schedule_visualizer_node-4] [INFO] [1786682100.692658331] [schedule_data_node]: Requesting new schedule update because update timed out
[schedule_visualizer_node-4] [INFO] [1786682100.692704911] [schedule_data_node]: [rmf_traffic_ros2::MirrorManager::request_update] Requesting changes for query ID [1] since beginning of recorded history
[python3-21] [INFO] [1786682100.693383485] [project1_pinky_fleet_adapter]: Requesting new schedule update because update timed out
[python3-21] [INFO] [1786682100.693431602] [project1_pinky_fleet_adapter]: [rmf_traffic_ros2::MirrorManager::request_update] Requesting changes for query ID [1] since beginning of recorded history
[rmf_traffic_schedule-1] [INFO] [1786682100.703028390] [rmf_traffic_schedule_primary]: [ScheduleNode::update_mirrors] Sending remedial update starting from the beginning going to 242 for query 1
[INFO] [gazebo-2]: process has finished cleanly [pid 102142]
[schedule_visualizer_node-4] [INFO] [1786682140.692729478] [schedule_data_node]: Requesting new schedule update because update timed out
[schedule_visualizer_node-4] [INFO] [1786682140.692769770] [schedule_data_node]: [rmf_traffic_ros2::MirrorManager::request_update] Requesting changes for query ID [1] since version [243]
[python3-21] [INFO] [1786682140.693338240] [project1_pinky_fleet_adapter]: Requesting new schedule update because update timed out
[python3-21] [INFO] [1786682140.693369889] [project1_pinky_fleet_adapter]: [rmf_traffic_ros2::MirrorManager::request_update] Requesting changes for query ID [1] since version [243]
[schedule_visualizer_node-4] [INFO] [1786682160.692743458] [schedule_data_node]: Requesting new schedule update because update timed out
[schedule_visualizer_node-4] [INFO] [1786682160.692784521] [schedule_data_node]: [rmf_traffic_ros2::MirrorManager::request_update] Requesting changes for query ID [1] since beginning of recorded history
[python3-21] [INFO] [1786682160.693412830] [project1_pinky_fleet_adapter]: Requesting new schedule update because update timed out
[python3-21] [INFO] [1786682160.693451231] [project1_pinky_fleet_adapter]: [rmf_traffic_ros2::MirrorManager::request_update] Requesting changes for query ID [1] since beginning of recorded history
[rmf_traffic_schedule-1] [INFO] [1786682160.702414317] [rmf_traffic_schedule_primary]: [ScheduleNode::update_mirrors] Sending remedial update starting from the beginning going to 243 for query 1
[schedule_visualizer_node-4] [INFO] [1786682200.682727272] [schedule_data_node]: Requesting new schedule update because update timed out
[schedule_visualizer_node-4] [INFO] [1786682200.682770956] [schedule_data_node]: [rmf_traffic_ros2::MirrorManager::request_update] Requesting changes for query ID [1] since version [244]
[python3-21] [INFO] [1786682200.683473291] [project1_pinky_fleet_adapter]: Requesting new schedule update because update timed out
[python3-21] [INFO] [1786682200.683514148] [project1_pinky_fleet_adapter]: [rmf_traffic_ros2::MirrorManager::request_update] Requesting changes for query ID [1] since version [244]
[schedule_visualizer_node-4] [INFO] [1786682220.682710751] [schedule_data_node]: Requesting new schedule update because update timed out
[schedule_visualizer_node-4] [INFO] [1786682220.682746587] [schedule_data_node]: [rmf_traffic_ros2::MirrorManager::request_update] Requesting changes for query ID [1] since beginning of recorded history
[python3-21] [INFO] [1786682220.683436924] [project1_pinky_fleet_adapter]: Requesting new schedule update because update timed out
[python3-21] [INFO] [1786682220.683470486] [project1_pinky_fleet_adapter]: [rmf_traffic_ros2::MirrorManager::request_update] Requesting changes for query ID [1] since beginning of recorded history
[rmf_traffic_schedule-1] [INFO] [1786682220.692462814] [rmf_traffic_schedule_primary]: [ScheduleNode::update_mirrors] Sending remedial update starting from the beginning going to 244 for query 1
[python3-21] [INFO] [1786682256.101104290] [project1_pinky_fleet_adapter]: Cache sizes:
[python3-21]  - DifferentialDrive: 99
[python3-21]  - ShortestPath: 30
[python3-21]  - Euclidean: 0
[schedule_visualizer_node-4] [INFO] [1786682260.682700205] [schedule_data_node]: Requesting new schedule update because update timed out
[schedule_visualizer_node-4] [INFO] [1786682260.682744411] [schedule_data_node]: [rmf_traffic_ros2::MirrorManager::request_update] Requesting changes for query ID [1] since version [245]
[python3-21] [INFO] [1786682260.683415937] [project1_pinky_fleet_adapter]: Requesting new schedule update because update timed out
[python3-21] [INFO] [1786682260.683454963] [project1_pinky_fleet_adapter]: [rmf_traffic_ros2::MirrorManager::request_update] Requesting changes for query ID [1] since version [245]
[schedule_visualizer_node-4] [INFO] [1786682280.682708005] [schedule_data_node]: Requesting new schedule update because update timed out
[schedule_visualizer_node-4] [INFO] [1786682280.682746262] [schedule_data_node]: [rmf_traffic_ros2::MirrorManager::request_update] Requesting changes for query ID [1] since beginning of recorded history
[python3-21] [INFO] [1786682280.683435716] [project1_pinky_fleet_adapter]: Requesting new schedule update because update timed out
[python3-21] [INFO] [1786682280.683476325] [project1_pinky_fleet_adapter]: [rmf_traffic_ros2::MirrorManager::request_update] Requesting changes for query ID [1] since beginning of recorded history
[rmf_traffic_schedule-1] [INFO] [1786682280.692449532] [rmf_traffic_schedule_primary]: [ScheduleNode::update_mirrors] Sending remedial update starting from the beginning going to 245 for query 1
[schedule_visualizer_node-4] [INFO] [1786682320.682683754] [schedule_data_node]: Requesting new schedule update because update timed out
[schedule_visualizer_node-4] [INFO] [1786682320.682720642] [schedule_data_node]: [rmf_traffic_ros2::MirrorManager::request_update] Requesting changes for query ID [1] since version [246]
[python3-21] [INFO] [1786682320.683362559] [project1_pinky_fleet_adapter]: Requesting new schedule update because update timed out
[python3-21] [INFO] [1786682320.683403903] [project1_pinky_fleet_adapter]: [rmf_traffic_ros2::MirrorManager::request_update] Requesting changes for query ID [1] since version [246]
[schedule_visualizer_node-4] [INFO] [1786682340.682711428] [schedule_data_node]: Requesting new schedule update because update timed out
[schedule_visualizer_node-4] [INFO] [1786682340.682753369] [schedule_data_node]: [rmf_traffic_ros2::MirrorManager::request_update] Requesting changes for query ID [1] since beginning of recorded history
[python3-21] [INFO] [1786682340.683352312] [project1_pinky_fleet_adapter]: Requesting new schedule update because update timed out
[python3-21] [INFO] [1786682340.683386074] [project1_pinky_fleet_adapter]: [rmf_traffic_ros2::MirrorManager::request_update] Requesting changes for query ID [1] since beginning of recorded history
[rmf_traffic_schedule-1] [INFO] [1786682340.692647801] [rmf_traffic_schedule_primary]: [ScheduleNode::update_mirrors] Sending remedial update starting from the beginning going to 246 for query 1
[schedule_visualizer_node-4] [INFO] [1786682380.682682629] [schedule_data_node]: Requesting new schedule update because update timed out
[schedule_visualizer_node-4] [INFO] [1786682380.682734988] [schedule_data_node]: [rmf_traffic_ros2::MirrorManager::request_update] Requesting changes for query ID [1] since version [247]
[python3-21] [INFO] [1786682380.683502507] [project1_pinky_fleet_adapter]: Requesting new schedule update because update timed out
[python3-21] [INFO] [1786682380.683555325] [project1_pinky_fleet_adapter]: [rmf_traffic_ros2::MirrorManager::request_update] Requesting changes for query ID [1] since version [247]
[schedule_visualizer_node-4] [INFO] [1786682400.682678612] [schedule_data_node]: Requesting new schedule update because update timed out
[schedule_visualizer_node-4] [INFO] [1786682400.682714657] [schedule_data_node]: [rmf_traffic_ros2::MirrorManager::request_update] Requesting changes for query ID [1] since beginning of recorded history
[python3-21] [INFO] [1786682400.683356904] [project1_pinky_fleet_adapter]: Requesting new schedule update because update timed out
[python3-21] [INFO] [1786682400.683402519] [project1_pinky_fleet_adapter]: [rmf_traffic_ros2::MirrorManager::request_update] Requesting changes for query ID [1] since beginning of recorded history
[rmf_traffic_schedule-1] [INFO] [1786682400.692473772] [rmf_traffic_schedule_primary]: [ScheduleNode::update_mirrors] Sending remedial update starting from the beginning going to 247 for query 1
[schedule_visualizer_node-4] [INFO] [1786682440.692582752] [schedule_data_node]: Requesting new schedule update because update timed out
[schedule_visualizer_node-4] [INFO] [1786682440.692618282] [schedule_data_node]: [rmf_traffic_ros2::MirrorManager::request_update] Requesting changes for query ID [1] since version [248]
[python3-21] [INFO] [1786682440.693306083] [project1_pinky_fleet_adapter]: Requesting new schedule update because update timed out
[python3-21] [INFO] [1786682440.693344144] [project1_pinky_fleet_adapter]: [rmf_traffic_ros2::MirrorManager::request_update] Requesting changes for query ID [1] since version [248]
[schedule_visualizer_node-4] [INFO] [1786682460.692598789] [schedule_data_node]: Requesting new schedule update because update timed out
[schedule_visualizer_node-4] [INFO] [1786682460.692638102] [schedule_data_node]: [rmf_traffic_ros2::MirrorManager::request_update] Requesting changes for query ID [1] since beginning of recorded history
[python3-21] [INFO] [1786682460.693235062] [project1_pinky_fleet_adapter]: Requesting new schedule update because update timed out
[python3-21] [INFO] [1786682460.693269964] [project1_pinky_fleet_adapter]: [rmf_traffic_ros2::MirrorManager::request_update] Requesting changes for query ID [1] since beginning of recorded history
[rmf_traffic_schedule-1] [INFO] [1786682460.702513664] [rmf_traffic_schedule_primary]: [ScheduleNode::update_mirrors] Sending remedial update starting from the beginning going to 248 for query 1
[schedule_visualizer_node-4] [INFO] [1786682500.692668026] [schedule_data_node]: Requesting new schedule update because update timed out
[schedule_visualizer_node-4] [INFO] [1786682500.692709724] [schedule_data_node]: [rmf_traffic_ros2::MirrorManager::request_update] Requesting changes for query ID [1] since version [249]
[python3-21] [INFO] [1786682500.693318326] [project1_pinky_fleet_adapter]: Requesting new schedule update because update timed out
[python3-21] [INFO] [1786682500.693359994] [project1_pinky_fleet_adapter]: [rmf_traffic_ros2::MirrorManager::request_update] Requesting changes for query ID [1] since version [249]
[schedule_visualizer_node-4] [INFO] [1786682520.692669293] [schedule_data_node]: Requesting new schedule update because update timed out
[schedule_visualizer_node-4] [INFO] [1786682520.692705459] [schedule_data_node]: [rmf_traffic_ros2::MirrorManager::request_update] Requesting changes for query ID [1] since beginning of recorded history
[python3-21] [INFO] [1786682520.693329338] [project1_pinky_fleet_adapter]: Requesting new schedule update because update timed out
[python3-21] [INFO] [1786682520.693366024] [project1_pinky_fleet_adapter]: [rmf_traffic_ros2::MirrorManager::request_update] Requesting changes for query ID [1] since beginning of recorded history
[rmf_traffic_schedule-1] [INFO] [1786682520.702479702] [rmf_traffic_schedule_primary]: [ScheduleNode::update_mirrors] Sending remedial update starting from the beginning going to 249 for query 1
[python3-21] [INFO] [1786682556.101038576] [project1_pinky_fleet_adapter]: Cache sizes:
[python3-21]  - DifferentialDrive: 99
[python3-21]  - ShortestPath: 30
[python3-21]  - Euclidean: 0
[schedule_visualizer_node-4] [INFO] [1786682560.692938824] [schedule_data_node]: Requesting new schedule update because update timed out
[schedule_visualizer_node-4] [INFO] [1786682560.692984151] [schedule_data_node]: [rmf_traffic_ros2::MirrorManager::request_update] Requesting changes for query ID [1] since version [250]
[python3-21] [INFO] [1786682560.693211755] [project1_pinky_fleet_adapter]: Requesting new schedule update because update timed out
[python3-21] [INFO] [1786682560.693250447] [project1_pinky_fleet_adapter]: [rmf_traffic_ros2::MirrorManager::request_update] Requesting changes for query ID [1] since version [250]
[schedule_visualizer_node-4] [INFO] [1786682580.692743893] [schedule_data_node]: Requesting new schedule update because update timed out
[schedule_visualizer_node-4] [INFO] [1786682580.692785162] [schedule_data_node]: [rmf_traffic_ros2::MirrorManager::request_update] Requesting changes for query ID [1] since beginning of recorded history
[python3-21] [INFO] [1786682580.693216486] [project1_pinky_fleet_adapter]: Requesting new schedule update because update timed out
[python3-21] [INFO] [1786682580.693252151] [project1_pinky_fleet_adapter]: [rmf_traffic_ros2::MirrorManager::request_update] Requesting changes for query ID [1] since beginning of recorded history
[rmf_traffic_schedule-1] [INFO] [1786682580.702796169] [rmf_traffic_schedule_primary]: [ScheduleNode::update_mirrors] Sending remedial update starting from the beginning going to 250 for query 1
[schedule_visualizer_node-4] [INFO] [1786682620.682689761] [schedule_data_node]: Requesting new schedule update because update timed out
[schedule_visualizer_node-4] [INFO] [1786682620.682751095] [schedule_data_node]: [rmf_traffic_ros2::MirrorManager::request_update] Requesting changes for query ID [1] since version [251]
[python3-21] [INFO] [1786682620.683414152] [project1_pinky_fleet_adapter]: Requesting new schedule update because update timed out
[python3-21] [INFO] [1786682620.683444626] [project1_pinky_fleet_adapter]: [rmf_traffic_ros2::MirrorManager::request_update] Requesting changes for query ID [1] since version [251]
[schedule_visualizer_node-4] [INFO] [1786682640.682696037] [schedule_data_node]: Requesting new schedule update because update timed out
[schedule_visualizer_node-4] [INFO] [1786682640.682735747] [schedule_data_node]: [rmf_traffic_ros2::MirrorManager::request_update] Requesting changes for query ID [1] since beginning of recorded history
[python3-21] [INFO] [1786682640.683442004] [project1_pinky_fleet_adapter]: Requesting new schedule update because update timed out
[python3-21] [INFO] [1786682640.683478131] [project1_pinky_fleet_adapter]: [rmf_traffic_ros2::MirrorManager::request_update] Requesting changes for query ID [1] since beginning of recorded history
[rmf_traffic_schedule-1] [INFO] [1786682640.692492040] [rmf_traffic_schedule_primary]: [ScheduleNode::update_mirrors] Sending remedial update starting from the beginning going to 251 for query 1
[schedule_visualizer_node-4] [INFO] [1786682680.692691015] [schedule_data_node]: Requesting new schedule update because update timed out
[schedule_visualizer_node-4] [INFO] [1786682680.692733030] [schedule_data_node]: [rmf_traffic_ros2::MirrorManager::request_update] Requesting changes for query ID [1] since version [252]
[python3-21] [INFO] [1786682680.693141513] [project1_pinky_fleet_adapter]: Requesting new schedule update because update timed out
[python3-21] [INFO] [1786682680.693190090] [project1_pinky_fleet_adapter]: [rmf_traffic_ros2::MirrorManager::request_update] Requesting changes for query ID [1] since version [252]
[schedule_visualizer_node-4] [INFO] [1786682700.692699617] [schedule_data_node]: Requesting new schedule update because update timed out
[schedule_visualizer_node-4] [INFO] [1786682700.692746295] [schedule_data_node]: [rmf_traffic_ros2::MirrorManager::request_update] Requesting changes for query ID [1] since beginning of recorded history
[python3-21] [INFO] [1786682700.693095141] [project1_pinky_fleet_adapter]: Requesting new schedule update because update timed out
[python3-21] [INFO] [1786682700.693126835] [project1_pinky_fleet_adapter]: [rmf_traffic_ros2::MirrorManager::request_update] Requesting changes for query ID [1] since beginning of recorded history
[rmf_traffic_schedule-1] [INFO] [1786682700.702454584] [rmf_traffic_schedule_primary]: [ScheduleNode::update_mirrors] Sending remedial update starting from the beginning going to 252 for query 1
[schedule_visualizer_node-4] [INFO] [1786682740.692596916] [schedule_data_node]: Requesting new schedule update because update timed out
[schedule_visualizer_node-4] [INFO] [1786682740.692638685] [schedule_data_node]: [rmf_traffic_ros2::MirrorManager::request_update] Requesting changes for query ID [1] since version [253]
[python3-21] [INFO] [1786682740.693320807] [project1_pinky_fleet_adapter]: Requesting new schedule update because update timed out
[python3-21] [INFO] [1786682740.693359204] [project1_pinky_fleet_adapter]: [rmf_traffic_ros2::MirrorManager::request_update] Requesting changes for query ID [1] since version [253]
[schedule_visualizer_node-4] [INFO] [1786682760.692666342] [schedule_data_node]: Requesting new schedule update because update timed out
[schedule_visualizer_node-4] [INFO] [1786682760.692707594] [schedule_data_node]: [rmf_traffic_ros2::MirrorManager::request_update] Requesting changes for query ID [1] since beginning of recorded history
[python3-21] [INFO] [1786682760.693326173] [project1_pinky_fleet_adapter]: Requesting new schedule update because update timed out
[python3-21] [INFO] [1786682760.693365940] [project1_pinky_fleet_adapter]: [rmf_traffic_ros2::MirrorManager::request_update] Requesting changes for query ID [1] since beginning of recorded history
[rmf_traffic_schedule-1] [INFO] [1786682760.702411718] [rmf_traffic_schedule_primary]: [ScheduleNode::update_mirrors] Sending remedial update starting from the beginning going to 253 for query 1
[schedule_visualizer_node-4] [INFO] [1786682800.682758985] [schedule_data_node]: Requesting new schedule update because update timed out
[schedule_visualizer_node-4] [INFO] [1786682800.682804914] [schedule_data_node]: [rmf_traffic_ros2::MirrorManager::request_update] Requesting changes for query ID [1] since version [254]
[python3-21] [INFO] [1786682800.683450557] [project1_pinky_fleet_adapter]: Requesting new schedule update because update timed out
[python3-21] [INFO] [1786682800.683495964] [project1_pinky_fleet_adapter]: [rmf_traffic_ros2::MirrorManager::request_update] Requesting changes for query ID [1] since version [254]
[schedule_visualizer_node-4] [INFO] [1786682820.682714193] [schedule_data_node]: Requesting new schedule update because update timed out
[schedule_visualizer_node-4] [INFO] [1786682820.682754683] [schedule_data_node]: [rmf_traffic_ros2::MirrorManager::request_update] Requesting changes for query ID [1] since beginning of recorded history
[python3-21] [INFO] [1786682820.683333811] [project1_pinky_fleet_adapter]: Requesting new schedule update because update timed out
[python3-21] [INFO] [1786682820.683366710] [project1_pinky_fleet_adapter]: [rmf_traffic_ros2::MirrorManager::request_update] Requesting changes for query ID [1] since beginning of recorded history
[rmf_traffic_schedule-1] [INFO] [1786682820.692529208] [rmf_traffic_schedule_primary]: [ScheduleNode::update_mirrors] Sending remedial update starting from the beginning going to 254 for query 1
[python3-21] [INFO] [1786682856.101018544] [project1_pinky_fleet_adapter]: Cache sizes:
[python3-21]  - DifferentialDrive: 99
[python3-21]  - ShortestPath: 30
[python3-21]  - Euclidean: 0
[schedule_visualizer_node-4] [INFO] [1786682860.692764556] [schedule_data_node]: Requesting new schedule update because update timed out
[schedule_visualizer_node-4] [INFO] [1786682860.692804963] [schedule_data_node]: [rmf_traffic_ros2::MirrorManager::request_update] Requesting changes for query ID [1] since version [255]
[python3-21] [INFO] [1786682860.693466449] [project1_pinky_fleet_adapter]: Requesting new schedule update because update timed out
[python3-21] [INFO] [1786682860.693503786] [project1_pinky_fleet_adapter]: [rmf_traffic_ros2::MirrorManager::request_update] Requesting changes for query ID [1] since version [255]
[schedule_visualizer_node-4] [INFO] [1786682880.692856845] [schedule_data_node]: Requesting new schedule update because update timed out
[schedule_visualizer_node-4] [INFO] [1786682880.692892787] [schedule_data_node]: [rmf_traffic_ros2::MirrorManager::request_update] Requesting changes for query ID [1] since beginning of recorded history
[python3-21] [INFO] [1786682880.693409542] [project1_pinky_fleet_adapter]: Requesting new schedule update because update timed out
[python3-21] [INFO] [1786682880.693456959] [project1_pinky_fleet_adapter]: [rmf_traffic_ros2::MirrorManager::request_update] Requesting changes for query ID [1] since beginning of recorded history
[rmf_traffic_schedule-1] [INFO] [1786682880.702428827] [rmf_traffic_schedule_primary]: [ScheduleNode::update_mirrors] Sending remedial update starting from the beginning going to 255 for query 1
[schedule_visualizer_node-4] [INFO] [1786682920.682673677] [schedule_data_node]: Requesting new schedule update because update timed out
[schedule_visualizer_node-4] [INFO] [1786682920.682717188] [schedule_data_node]: [rmf_traffic_ros2::MirrorManager::request_update] Requesting changes for query ID [1] since version [256]
[python3-21] [INFO] [1786682920.683380590] [project1_pinky_fleet_adapter]: Requesting new schedule update because update timed out
[python3-21] [INFO] [1786682920.683419229] [project1_pinky_fleet_adapter]: [rmf_traffic_ros2::MirrorManager::request_update] Requesting changes for query ID [1] since version [256]
[schedule_visualizer_node-4] [INFO] [1786682940.682700903] [schedule_data_node]: Requesting new schedule update because update timed out
[schedule_visualizer_node-4] [INFO] [1786682940.682744017] [schedule_data_node]: [rmf_traffic_ros2::MirrorManager::request_update] Requesting changes for query ID [1] since beginning of recorded history
[python3-21] [INFO] [1786682940.683412896] [project1_pinky_fleet_adapter]: Requesting new schedule update because update timed out
[python3-21] [INFO] [1786682940.683454049] [project1_pinky_fleet_adapter]: [rmf_traffic_ros2::MirrorManager::request_update] Requesting changes for query ID [1] since beginning of recorded history
[rmf_traffic_schedule-1] [INFO] [1786682940.692789271] [rmf_traffic_schedule_primary]: [ScheduleNode::update_mirrors] Sending remedial update starting from the beginning going to 256 for query 1
[schedule_visualizer_node-4] [INFO] [1786682980.692692508] [schedule_data_node]: Requesting new schedule update because update timed out
[schedule_visualizer_node-4] [INFO] [1786682980.692739620] [schedule_data_node]: [rmf_traffic_ros2::MirrorManager::request_update] Requesting changes for query ID [1] since version [257]
[python3-21] [INFO] [1786682980.693325552] [project1_pinky_fleet_adapter]: Requesting new schedule update because update timed out
[python3-21] [INFO] [1786682980.693367159] [project1_pinky_fleet_adapter]: [rmf_traffic_ros2::MirrorManager::request_update] Requesting changes for query ID [1] since version [257]
[schedule_visualizer_node-4] [INFO] [1786683000.692691593] [schedule_data_node]: Requesting new schedule update because update timed out
[schedule_visualizer_node-4] [INFO] [1786683000.692736685] [schedule_data_node]: [rmf_traffic_ros2::MirrorManager::request_update] Requesting changes for query ID [1] since beginning of recorded history
[python3-21] [INFO] [1786683000.693324159] [project1_pinky_fleet_adapter]: Requesting new schedule update because update timed out
[python3-21] [INFO] [1786683000.693363267] [project1_pinky_fleet_adapter]: [rmf_traffic_ros2::MirrorManager::request_update] Requesting changes for query ID [1] since beginning of recorded history
[rmf_traffic_schedule-1] [INFO] [1786683000.702435204] [rmf_traffic_schedule_primary]: [ScheduleNode::update_mirrors] Sending remedial update starting from the beginning going to 257 for query 1
[schedule_visualizer_node-4] [INFO] [1786683040.682739608] [schedule_data_node]: Requesting new schedule update because update timed out
[schedule_visualizer_node-4] [INFO] [1786683040.682779052] [schedule_data_node]: [rmf_traffic_ros2::MirrorManager::request_update] Requesting changes for query ID [1] since version [258]
[python3-21] [INFO] [1786683040.683373320] [project1_pinky_fleet_adapter]: Requesting new schedule update because update timed out
[python3-21] [INFO] [1786683040.683409324] [project1_pinky_fleet_adapter]: [rmf_traffic_ros2::MirrorManager::request_update] Requesting changes for query ID [1] since version [258]
[schedule_visualizer_node-4] [INFO] [1786683060.682735520] [schedule_data_node]: Requesting new schedule update because update timed out
[schedule_visualizer_node-4] [INFO] [1786683060.682769769] [schedule_data_node]: [rmf_traffic_ros2::MirrorManager::request_update] Requesting changes for query ID [1] since beginning of recorded history
[python3-21] [INFO] [1786683060.683390013] [project1_pinky_fleet_adapter]: Requesting new schedule update because update timed out
[python3-21] [INFO] [1786683060.683429090] [project1_pinky_fleet_adapter]: [rmf_traffic_ros2::MirrorManager::request_update] Requesting changes for query ID [1] since beginning of recorded history
[rmf_traffic_schedule-1] [INFO] [1786683060.692475118] [rmf_traffic_schedule_primary]: [ScheduleNode::update_mirrors] Sending remedial update starting from the beginning going to 258 for query 1
[schedule_visualizer_node-4] [INFO] [1786683100.692591584] [schedule_data_node]: Requesting new schedule update because update timed out
[schedule_visualizer_node-4] [INFO] [1786683100.692632819] [schedule_data_node]: [rmf_traffic_ros2::MirrorManager::request_update] Requesting changes for query ID [1] since version [259]
[python3-21] [INFO] [1786683100.693340649] [project1_pinky_fleet_adapter]: Requesting new schedule update because update timed out
[python3-21] [INFO] [1786683100.693440466] [project1_pinky_fleet_adapter]: [rmf_traffic_ros2::MirrorManager::request_update] Requesting changes for query ID [1] since version [259]
[schedule_visualizer_node-4] [INFO] [1786683120.692645024] [schedule_data_node]: Requesting new schedule update because update timed out
[schedule_visualizer_node-4] [INFO] [1786683120.692679677] [schedule_data_node]: [rmf_traffic_ros2::MirrorManager::request_update] Requesting changes for query ID [1] since beginning of recorded history
[python3-21] [INFO] [1786683120.693200450] [project1_pinky_fleet_adapter]: Requesting new schedule update because update timed out
[python3-21] [INFO] [1786683120.693251421] [project1_pinky_fleet_adapter]: [rmf_traffic_ros2::MirrorManager::request_update] Requesting changes for query ID [1] since beginning of recorded history
[rmf_traffic_schedule-1] [INFO] [1786683120.702811664] [rmf_traffic_schedule_primary]: [ScheduleNode::update_mirrors] Sending remedial update starting from the beginning going to 259 for query 1
[python3-21] [INFO] [1786683156.101023755] [project1_pinky_fleet_adapter]: Cache sizes:
[python3-21]  - DifferentialDrive: 99
[python3-21]  - ShortestPath: 30
[python3-21]  - Euclidean: 0
[schedule_visualizer_node-4] [INFO] [1786683160.692673758] [schedule_data_node]: Requesting new schedule update because update timed out
[schedule_visualizer_node-4] [INFO] [1786683160.692716967] [schedule_data_node]: [rmf_traffic_ros2::MirrorManager::request_update] Requesting changes for query ID [1] since version [260]
[python3-21] [INFO] [1786683160.693281978] [project1_pinky_fleet_adapter]: Requesting new schedule update because update timed out
[python3-21] [INFO] [1786683160.693318782] [project1_pinky_fleet_adapter]: [rmf_traffic_ros2::MirrorManager::request_update] Requesting changes for query ID [1] since version [260]
[schedule_visualizer_node-4] [INFO] [1786683180.692666955] [schedule_data_node]: Requesting new schedule update because update timed out
[schedule_visualizer_node-4] [INFO] [1786683180.692701686] [schedule_data_node]: [rmf_traffic_ros2::MirrorManager::request_update] Requesting changes for query ID [1] since beginning of recorded history
[python3-21] [INFO] [1786683180.693187691] [project1_pinky_fleet_adapter]: Requesting new schedule update because update timed out
[python3-21] [INFO] [1786683180.693216648] [project1_pinky_fleet_adapter]: [rmf_traffic_ros2::MirrorManager::request_update] Requesting changes for query ID [1] since beginning of recorded history
[rmf_traffic_schedule-1] [INFO] [1786683180.702450020] [rmf_traffic_schedule_primary]: [ScheduleNode::update_mirrors] Sending remedial update starting from the beginning going to 260 for query 1
[schedule_visualizer_node-4] [INFO] [1786683220.692727035] [schedule_data_node]: Requesting new schedule update because update timed out
[schedule_visualizer_node-4] [INFO] [1786683220.692769178] [schedule_data_node]: [rmf_traffic_ros2::MirrorManager::request_update] Requesting changes for query ID [1] since version [261]
[python3-21] [INFO] [1786683220.693274427] [project1_pinky_fleet_adapter]: Requesting new schedule update because update timed out
[python3-21] [INFO] [1786683220.693318898] [project1_pinky_fleet_adapter]: [rmf_traffic_ros2::MirrorManager::request_update] Requesting changes for query ID [1] since version [261]
[schedule_visualizer_node-4] [INFO] [1786683240.692734445] [schedule_data_node]: Requesting new schedule update because update timed out
[schedule_visualizer_node-4] [INFO] [1786683240.692775250] [schedule_data_node]: [rmf_traffic_ros2::MirrorManager::request_update] Requesting changes for query ID [1] since beginning of recorded history
[python3-21] [INFO] [1786683240.693259641] [project1_pinky_fleet_adapter]: Requesting new schedule update because update timed out
[python3-21] [INFO] [1786683240.693299955] [project1_pinky_fleet_adapter]: [rmf_traffic_ros2::MirrorManager::request_update] Requesting changes for query ID [1] since beginning of recorded history
[rmf_traffic_schedule-1] [INFO] [1786683240.702455384] [rmf_traffic_schedule_primary]: [ScheduleNode::update_mirrors] Sending remedial update starting from the beginning going to 261 for query 1
[schedule_visualizer_node-4] [INFO] [1786683280.682698943] [schedule_data_node]: Requesting new schedule update because update timed out
[schedule_visualizer_node-4] [INFO] [1786683280.682741581] [schedule_data_node]: [rmf_traffic_ros2::MirrorManager::request_update] Requesting changes for query ID [1] since version [262]
[python3-21] [INFO] [1786683280.683400859] [project1_pinky_fleet_adapter]: Requesting new schedule update because update timed out
[python3-21] [INFO] [1786683280.683437199] [project1_pinky_fleet_adapter]: [rmf_traffic_ros2::MirrorManager::request_update] Requesting changes for query ID [1] since version [262]
[schedule_visualizer_node-4] [INFO] [1786683300.682710759] [schedule_data_node]: Requesting new schedule update because update timed out
[schedule_visualizer_node-4] [INFO] [1786683300.682754091] [schedule_data_node]: [rmf_traffic_ros2::MirrorManager::request_update] Requesting changes for query ID [1] since beginning of recorded history
[python3-21] [INFO] [1786683300.683396251] [project1_pinky_fleet_adapter]: Requesting new schedule update because update timed out
[python3-21] [INFO] [1786683300.683439183] [project1_pinky_fleet_adapter]: [rmf_traffic_ros2::MirrorManager::request_update] Requesting changes for query ID [1] since beginning of recorded history
[rmf_traffic_schedule-1] [INFO] [1786683300.692478333] [rmf_traffic_schedule_primary]: [ScheduleNode::update_mirrors] Sending remedial update starting from the beginning going to 262 for query 1
[schedule_visualizer_node-4] [INFO] [1786683340.692654323] [schedule_data_node]: Requesting new schedule update because update timed out
[schedule_visualizer_node-4] [INFO] [1786683340.692696763] [schedule_data_node]: [rmf_traffic_ros2::MirrorManager::request_update] Requesting changes for query ID [1] since version [263]
[python3-21] [INFO] [1786683340.693285467] [project1_pinky_fleet_adapter]: Requesting new schedule update because update timed out
[python3-21] [INFO] [1786683340.693327377] [project1_pinky_fleet_adapter]: [rmf_traffic_ros2::MirrorManager::request_update] Requesting changes for query ID [1] since version [263]
[schedule_visualizer_node-4] [INFO] [1786683360.692661794] [schedule_data_node]: Requesting new schedule update because update timed out
[schedule_visualizer_node-4] [INFO] [1786683360.692704428] [schedule_data_node]: [rmf_traffic_ros2::MirrorManager::request_update] Requesting changes for query ID [1] since beginning of recorded history
[python3-21] [INFO] [1786683360.693364400] [project1_pinky_fleet_adapter]: Requesting new schedule update because update timed out
[python3-21] [INFO] [1786683360.693394384] [project1_pinky_fleet_adapter]: [rmf_traffic_ros2::MirrorManager::request_update] Requesting changes for query ID [1] since beginning of recorded history
[rmf_traffic_schedule-1] [INFO] [1786683360.702392614] [rmf_traffic_schedule_primary]: [ScheduleNode::update_mirrors] Sending remedial update starting from the beginning going to 263 for query 1
[schedule_visualizer_node-4] [INFO] [1786683400.682713479] [schedule_data_node]: Requesting new schedule update because update timed out
[schedule_visualizer_node-4] [INFO] [1786683400.682756939] [schedule_data_node]: [rmf_traffic_ros2::MirrorManager::request_update] Requesting changes for query ID [1] since version [264]
[python3-21] [INFO] [1786683400.683455641] [project1_pinky_fleet_adapter]: Requesting new schedule update because update timed out
[python3-21] [INFO] [1786683400.683492902] [project1_pinky_fleet_adapter]: [rmf_traffic_ros2::MirrorManager::request_update] Requesting changes for query ID [1] since version [264]
[schedule_visualizer_node-4] [INFO] [1786683420.682728796] [schedule_data_node]: Requesting new schedule update because update timed out
[schedule_visualizer_node-4] [INFO] [1786683420.682771757] [schedule_data_node]: [rmf_traffic_ros2::MirrorManager::request_update] Requesting changes for query ID [1] since beginning of recorded history
[python3-21] [INFO] [1786683420.683401901] [project1_pinky_fleet_adapter]: Requesting new schedule update because update timed out
[python3-21] [INFO] [1786683420.683448391] [project1_pinky_fleet_adapter]: [rmf_traffic_ros2::MirrorManager::request_update] Requesting changes for query ID [1] since beginning of recorded history
[rmf_traffic_schedule-1] [INFO] [1786683420.693710588] [rmf_traffic_schedule_primary]: [ScheduleNode::update_mirrors] Sending remedial update starting from the beginning going to 264 for query 1
[python3-21] [INFO] [1786683456.101104201] [project1_pinky_fleet_adapter]: Cache sizes:
[python3-21]  - DifferentialDrive: 99
[python3-21]  - ShortestPath: 30
[python3-21]  - Euclidean: 0
[schedule_visualizer_node-4] [INFO] [1786683460.692689973] [schedule_data_node]: Requesting new schedule update because update timed out
[schedule_visualizer_node-4] [INFO] [1786683460.692726296] [schedule_data_node]: [rmf_traffic_ros2::MirrorManager::request_update] Requesting changes for query ID [1] since version [265]
[python3-21] [INFO] [1786683460.693324087] [project1_pinky_fleet_adapter]: Requesting new schedule update because update timed out
[python3-21] [INFO] [1786683460.693359261] [project1_pinky_fleet_adapter]: [rmf_traffic_ros2::MirrorManager::request_update] Requesting changes for query ID [1] since version [265]
[schedule_visualizer_node-4] [INFO] [1786683480.692678610] [schedule_data_node]: Requesting new schedule update because update timed out
[schedule_visualizer_node-4] [INFO] [1786683480.692714490] [schedule_data_node]: [rmf_traffic_ros2::MirrorManager::request_update] Requesting changes for query ID [1] since beginning of recorded history
[python3-21] [INFO] [1786683480.693202894] [project1_pinky_fleet_adapter]: Requesting new schedule update because update timed out
[python3-21] [INFO] [1786683480.693232446] [project1_pinky_fleet_adapter]: [rmf_traffic_ros2::MirrorManager::request_update] Requesting changes for query ID [1] since beginning of recorded history
[rmf_traffic_schedule-1] [INFO] [1786683480.702473805] [rmf_traffic_schedule_primary]: [ScheduleNode::update_mirrors] Sending remedial update starting from the beginning going to 265 for query 1
[schedule_visualizer_node-4] [INFO] [1786683520.682697423] [schedule_data_node]: Requesting new schedule update because update timed out
[schedule_visualizer_node-4] [INFO] [1786683520.682741972] [schedule_data_node]: [rmf_traffic_ros2::MirrorManager::request_update] Requesting changes for query ID [1] since version [266]
[python3-21] [INFO] [1786683520.683423623] [project1_pinky_fleet_adapter]: Requesting new schedule update because update timed out
[python3-21] [INFO] [1786683520.683466177] [project1_pinky_fleet_adapter]: [rmf_traffic_ros2::MirrorManager::request_update] Requesting changes for query ID [1] since version [266]
[schedule_visualizer_node-4] [INFO] [1786683540.682711397] [schedule_data_node]: Requesting new schedule update because update timed out
[schedule_visualizer_node-4] [INFO] [1786683540.682753914] [schedule_data_node]: [rmf_traffic_ros2::MirrorManager::request_update] Requesting changes for query ID [1] since beginning of recorded history
[python3-21] [INFO] [1786683540.683447449] [project1_pinky_fleet_adapter]: Requesting new schedule update because update timed out
[python3-21] [INFO] [1786683540.683486899] [project1_pinky_fleet_adapter]: [rmf_traffic_ros2::MirrorManager::request_update] Requesting changes for query ID [1] since beginning of recorded history
[rmf_traffic_schedule-1] [INFO] [1786683540.692631109] [rmf_traffic_schedule_primary]: [ScheduleNode::update_mirrors] Sending remedial update starting from the beginning going to 266 for query 1
[schedule_visualizer_node-4] [INFO] [1786683580.682708204] [schedule_data_node]: Requesting new schedule update because update timed out
[schedule_visualizer_node-4] [INFO] [1786683580.682752820] [schedule_data_node]: [rmf_traffic_ros2::MirrorManager::request_update] Requesting changes for query ID [1] since version [267]
[python3-21] [INFO] [1786683580.683396869] [project1_pinky_fleet_adapter]: Requesting new schedule update because update timed out
[python3-21] [INFO] [1786683580.683434960] [project1_pinky_fleet_adapter]: [rmf_traffic_ros2::MirrorManager::request_update] Requesting changes for query ID [1] since version [267]
[schedule_visualizer_node-4] [INFO] [1786683600.682808314] [schedule_data_node]: Requesting new schedule update because update timed out
[schedule_visualizer_node-4] [INFO] [1786683600.682844973] [schedule_data_node]: [rmf_traffic_ros2::MirrorManager::request_update] Requesting changes for query ID [1] since beginning of recorded history
[python3-21] [INFO] [1786683600.683468383] [project1_pinky_fleet_adapter]: Requesting new schedule update because update timed out
[python3-21] [INFO] [1786683600.683506978] [project1_pinky_fleet_adapter]: [rmf_traffic_ros2::MirrorManager::request_update] Requesting changes for query ID [1] since beginning of recorded history
[rmf_traffic_schedule-1] [INFO] [1786683600.692503283] [rmf_traffic_schedule_primary]: [ScheduleNode::update_mirrors] Sending remedial update starting from the beginning going to 267 for query 1
[schedule_visualizer_node-4] [INFO] [1786683640.682741356] [schedule_data_node]: Requesting new schedule update because update timed out
[schedule_visualizer_node-4] [INFO] [1786683640.682785095] [schedule_data_node]: [rmf_traffic_ros2::MirrorManager::request_update] Requesting changes for query ID [1] since version [268]
[python3-21] [INFO] [1786683640.683437456] [project1_pinky_fleet_adapter]: Requesting new schedule update because update timed out
[python3-21] [INFO] [1786683640.683469649] [project1_pinky_fleet_adapter]: [rmf_traffic_ros2::MirrorManager::request_update] Requesting changes for query ID [1] since version [268]
[schedule_visualizer_node-4] [INFO] [1786683660.682769697] [schedule_data_node]: Requesting new schedule update because update timed out
[schedule_visualizer_node-4] [INFO] [1786683660.682807486] [schedule_data_node]: [rmf_traffic_ros2::MirrorManager::request_update] Requesting changes for query ID [1] since beginning of recorded history
[python3-21] [INFO] [1786683660.683379337] [project1_pinky_fleet_adapter]: Requesting new schedule update because update timed out
[python3-21] [INFO] [1786683660.683417765] [project1_pinky_fleet_adapter]: [rmf_traffic_ros2::MirrorManager::request_update] Requesting changes for query ID [1] since beginning of recorded history
[rmf_traffic_schedule-1] [INFO] [1786683660.692402499] [rmf_traffic_schedule_primary]: [ScheduleNode::update_mirrors] Sending remedial update starting from the beginning going to 268 for query 1
[schedule_visualizer_node-4] [INFO] [1786683700.692604235] [schedule_data_node]: Requesting new schedule update because update timed out
[schedule_visualizer_node-4] [INFO] [1786683700.692648580] [schedule_data_node]: [rmf_traffic_ros2::MirrorManager::request_update] Requesting changes for query ID [1] since version [269]
[python3-21] [INFO] [1786683700.693268154] [project1_pinky_fleet_adapter]: Requesting new schedule update because update timed out
[python3-21] [INFO] [1786683700.693313698] [project1_pinky_fleet_adapter]: [rmf_traffic_ros2::MirrorManager::request_update] Requesting changes for query ID [1] since version [269]
[schedule_visualizer_node-4] [INFO] [1786683720.692603048] [schedule_data_node]: Requesting new schedule update because update timed out
[schedule_visualizer_node-4] [INFO] [1786683720.692643017] [schedule_data_node]: [rmf_traffic_ros2::MirrorManager::request_update] Requesting changes for query ID [1] since beginning of recorded history
[python3-21] [INFO] [1786683720.693145536] [project1_pinky_fleet_adapter]: Requesting new schedule update because update timed out
[python3-21] [INFO] [1786683720.693185286] [project1_pinky_fleet_adapter]: [rmf_traffic_ros2::MirrorManager::request_update] Requesting changes for query ID [1] since beginning of recorded history
[rmf_traffic_schedule-1] [INFO] [1786683720.702464308] [rmf_traffic_schedule_primary]: [ScheduleNode::update_mirrors] Sending remedial update starting from the beginning going to 269 for query 1
[python3-21] [INFO] [1786683756.101186268] [project1_pinky_fleet_adapter]: Cache sizes:
[python3-21]  - DifferentialDrive: 99
[python3-21]  - ShortestPath: 30
[python3-21]  - Euclidean: 0
[schedule_visualizer_node-4] [INFO] [1786683760.682742296] [schedule_data_node]: Requesting new schedule update because update timed out
[schedule_visualizer_node-4] [INFO] [1786683760.682784410] [schedule_data_node]: [rmf_traffic_ros2::MirrorManager::request_update] Requesting changes for query ID [1] since version [270]
[python3-21] [INFO] [1786683760.683439874] [project1_pinky_fleet_adapter]: Requesting new schedule update because update timed out
[python3-21] [INFO] [1786683760.683469228] [project1_pinky_fleet_adapter]: [rmf_traffic_ros2::MirrorManager::request_update] Requesting changes for query ID [1] since version [270]
[schedule_visualizer_node-4] [INFO] [1786683780.682750871] [schedule_data_node]: Requesting new schedule update because update timed out
[schedule_visualizer_node-4] [INFO] [1786683780.682794184] [schedule_data_node]: [rmf_traffic_ros2::MirrorManager::request_update] Requesting changes for query ID [1] since beginning of recorded history
[python3-21] [INFO] [1786683780.683382820] [project1_pinky_fleet_adapter]: Requesting new schedule update because update timed out
[python3-21] [INFO] [1786683780.683429841] [project1_pinky_fleet_adapter]: [rmf_traffic_ros2::MirrorManager::request_update] Requesting changes for query ID [1] since beginning of recorded history
[rmf_traffic_schedule-1] [INFO] [1786683780.692580652] [rmf_traffic_schedule_primary]: [ScheduleNode::update_mirrors] Sending remedial update starting from the beginning going to 270 for query 1
[schedule_visualizer_node-4] [INFO] [1786683820.692616375] [schedule_data_node]: Requesting new schedule update because update timed out
[schedule_visualizer_node-4] [INFO] [1786683820.692657761] [schedule_data_node]: [rmf_traffic_ros2::MirrorManager::request_update] Requesting changes for query ID [1] since version [271]
[python3-21] [INFO] [1786683820.693166268] [project1_pinky_fleet_adapter]: Requesting new schedule update because update timed out
[python3-21] [INFO] [1786683820.693207293] [project1_pinky_fleet_adapter]: [rmf_traffic_ros2::MirrorManager::request_update] Requesting changes for query ID [1] since version [271]
[schedule_visualizer_node-4] [INFO] [1786683840.692599864] [schedule_data_node]: Requesting new schedule update because update timed out
[schedule_visualizer_node-4] [INFO] [1786683840.692641059] [schedule_data_node]: [rmf_traffic_ros2::MirrorManager::request_update] Requesting changes for query ID [1] since beginning of recorded history
[python3-21] [INFO] [1786683840.693251341] [project1_pinky_fleet_adapter]: Requesting new schedule update because update timed out
[python3-21] [INFO] [1786683840.693303032] [project1_pinky_fleet_adapter]: [rmf_traffic_ros2::MirrorManager::request_update] Requesting changes for query ID [1] since beginning of recorded history
[rmf_traffic_schedule-1] [INFO] [1786683840.702460727] [rmf_traffic_schedule_primary]: [ScheduleNode::update_mirrors] Sending remedial update starting from the beginning going to 271 for query 1
[schedule_visualizer_node-4] [INFO] [1786683880.682676566] [schedule_data_node]: Requesting new schedule update because update timed out
[schedule_visualizer_node-4] [INFO] [1786683880.682718563] [schedule_data_node]: [rmf_traffic_ros2::MirrorManager::request_update] Requesting changes for query ID [1] since version [272]
[python3-21] [INFO] [1786683880.683343597] [project1_pinky_fleet_adapter]: Requesting new schedule update because update timed out
[python3-21] [INFO] [1786683880.683383892] [project1_pinky_fleet_adapter]: [rmf_traffic_ros2::MirrorManager::request_update] Requesting changes for query ID [1] since version [272]
[schedule_visualizer_node-4] [INFO] [1786683900.682693880] [schedule_data_node]: Requesting new schedule update because update timed out
[schedule_visualizer_node-4] [INFO] [1786683900.682738131] [schedule_data_node]: [rmf_traffic_ros2::MirrorManager::request_update] Requesting changes for query ID [1] since beginning of recorded history
[python3-21] [INFO] [1786683900.683428877] [project1_pinky_fleet_adapter]: Requesting new schedule update because update timed out
[python3-21] [INFO] [1786683900.683469979] [project1_pinky_fleet_adapter]: [rmf_traffic_ros2::MirrorManager::request_update] Requesting changes for query ID [1] since beginning of recorded history
[rmf_traffic_schedule-1] [INFO] [1786683900.692498405] [rmf_traffic_schedule_primary]: [ScheduleNode::update_mirrors] Sending remedial update starting from the beginning going to 272 for query 1
[schedule_visualizer_node-4] [INFO] [1786683940.692755719] [schedule_data_node]: Requesting new schedule update because update timed out
[schedule_visualizer_node-4] [INFO] [1786683940.692793677] [schedule_data_node]: [rmf_traffic_ros2::MirrorManager::request_update] Requesting changes for query ID [1] since version [273]
[python3-21] [INFO] [1786683940.693418659] [project1_pinky_fleet_adapter]: Requesting new schedule update because update timed out
[python3-21] [INFO] [1786683940.693457281] [project1_pinky_fleet_adapter]: [rmf_traffic_ros2::MirrorManager::request_update] Requesting changes for query ID [1] since version [273]
[schedule_visualizer_node-4] [INFO] [1786683960.692657747] [schedule_data_node]: Requesting new schedule update because update timed out
[schedule_visualizer_node-4] [INFO] [1786683960.692700543] [schedule_data_node]: [rmf_traffic_ros2::MirrorManager::request_update] Requesting changes for query ID [1] since beginning of recorded history
[python3-21] [INFO] [1786683960.693349884] [project1_pinky_fleet_adapter]: Requesting new schedule update because update timed out
[python3-21] [INFO] [1786683960.693390945] [project1_pinky_fleet_adapter]: [rmf_traffic_ros2::MirrorManager::request_update] Requesting changes for query ID [1] since beginning of recorded history
[rmf_traffic_schedule-1] [INFO] [1786683960.702467526] [rmf_traffic_schedule_primary]: [ScheduleNode::update_mirrors] Sending remedial update starting from the beginning going to 273 for query 1
[schedule_visualizer_node-4] [INFO] [1786684000.682691271] [schedule_data_node]: Requesting new schedule update because update timed out
[schedule_visualizer_node-4] [INFO] [1786684000.682727669] [schedule_data_node]: [rmf_traffic_ros2::MirrorManager::request_update] Requesting changes for query ID [1] since version [274]
[python3-21] [INFO] [1786684000.683003812] [project1_pinky_fleet_adapter]: Requesting new schedule update because update timed out
[python3-21] [INFO] [1786684000.683047446] [project1_pinky_fleet_adapter]: [rmf_traffic_ros2::MirrorManager::request_update] Requesting changes for query ID [1] since version [274]
[schedule_visualizer_node-4] [INFO] [1786684020.682691900] [schedule_data_node]: Requesting new schedule update because update timed out
[schedule_visualizer_node-4] [INFO] [1786684020.682726351] [schedule_data_node]: [rmf_traffic_ros2::MirrorManager::request_update] Requesting changes for query ID [1] since beginning of recorded history
[python3-21] [INFO] [1786684020.683316509] [project1_pinky_fleet_adapter]: Requesting new schedule update because update timed out
[python3-21] [INFO] [1786684020.683352979] [project1_pinky_fleet_adapter]: [rmf_traffic_ros2::MirrorManager::request_update] Requesting changes for query ID [1] since beginning of recorded history
[rmf_traffic_schedule-1] [INFO] [1786684020.692702589] [rmf_traffic_schedule_primary]: [ScheduleNode::update_mirrors] Sending remedial update starting from the beginning going to 274 for query 1
[python3-21] [INFO] [1786684056.101032141] [project1_pinky_fleet_adapter]: Cache sizes:
[python3-21]  - DifferentialDrive: 99
[python3-21]  - ShortestPath: 30
[python3-21]  - Euclidean: 0
[schedule_visualizer_node-4] [INFO] [1786684060.692693870] [schedule_data_node]: Requesting new schedule update because update timed out
[schedule_visualizer_node-4] [INFO] [1786684060.692737758] [schedule_data_node]: [rmf_traffic_ros2::MirrorManager::request_update] Requesting changes for query ID [1] since version [275]
[python3-21] [INFO] [1786684060.693283721] [project1_pinky_fleet_adapter]: Requesting new schedule update because update timed out
[python3-21] [INFO] [1786684060.693326514] [project1_pinky_fleet_adapter]: [rmf_traffic_ros2::MirrorManager::request_update] Requesting changes for query ID [1] since version [275]
[schedule_visualizer_node-4] [INFO] [1786684080.692702417] [schedule_data_node]: Requesting new schedule update because update timed out
[schedule_visualizer_node-4] [INFO] [1786684080.692743982] [schedule_data_node]: [rmf_traffic_ros2::MirrorManager::request_update] Requesting changes for query ID [1] since beginning of recorded history
[python3-21] [INFO] [1786684080.693260078] [project1_pinky_fleet_adapter]: Requesting new schedule update because update timed out
[python3-21] [INFO] [1786684080.693300687] [project1_pinky_fleet_adapter]: [rmf_traffic_ros2::MirrorManager::request_update] Requesting changes for query ID [1] since beginning of recorded history
[rmf_traffic_schedule-1] [INFO] [1786684080.702476698] [rmf_traffic_schedule_primary]: [ScheduleNode::update_mirrors] Sending remedial update starting from the beginning going to 275 for query 1
[schedule_visualizer_node-4] [INFO] [1786684120.692689853] [schedule_data_node]: Requesting new schedule update because update timed out
[schedule_visualizer_node-4] [INFO] [1786684120.692746171] [schedule_data_node]: [rmf_traffic_ros2::MirrorManager::request_update] Requesting changes for query ID [1] since version [276]
[python3-21] [INFO] [1786684120.693423874] [project1_pinky_fleet_adapter]: Requesting new schedule update because update timed out
[python3-21] [INFO] [1786684120.693471373] [project1_pinky_fleet_adapter]: [rmf_traffic_ros2::MirrorManager::request_update] Requesting changes for query ID [1] since version [276]
[schedule_visualizer_node-4] [INFO] [1786684140.692695950] [schedule_data_node]: Requesting new schedule update because update timed out
[schedule_visualizer_node-4] [INFO] [1786684140.692741325] [schedule_data_node]: [rmf_traffic_ros2::MirrorManager::request_update] Requesting changes for query ID [1] since beginning of recorded history
[python3-21] [INFO] [1786684140.693243217] [project1_pinky_fleet_adapter]: Requesting new schedule update because update timed out
[python3-21] [INFO] [1786684140.693286483] [project1_pinky_fleet_adapter]: [rmf_traffic_ros2::MirrorManager::request_update] Requesting changes for query ID [1] since beginning of recorded history
[rmf_traffic_schedule-1] [INFO] [1786684140.702474600] [rmf_traffic_schedule_primary]: [ScheduleNode::update_mirrors] Sending remedial update starting from the beginning going to 276 for query 1
[schedule_visualizer_node-4] [INFO] [1786684180.692656849] [schedule_data_node]: Requesting new schedule update because update timed out
[schedule_visualizer_node-4] [INFO] [1786684180.692696019] [schedule_data_node]: [rmf_traffic_ros2::MirrorManager::request_update] Requesting changes for query ID [1] since version [277]
[python3-21] [INFO] [1786684180.693353824] [project1_pinky_fleet_adapter]: Requesting new schedule update because update timed out
[python3-21] [INFO] [1786684180.693393497] [project1_pinky_fleet_adapter]: [rmf_traffic_ros2::MirrorManager::request_update] Requesting changes for query ID [1] since version [277]
[schedule_visualizer_node-4] [INFO] [1786684200.692674234] [schedule_data_node]: Requesting new schedule update because update timed out
[schedule_visualizer_node-4] [INFO] [1786684200.692730608] [schedule_data_node]: [rmf_traffic_ros2::MirrorManager::request_update] Requesting changes for query ID [1] since beginning of recorded history
[python3-21] [INFO] [1786684200.693458977] [project1_pinky_fleet_adapter]: Requesting new schedule update because update timed out
[python3-21] [INFO] [1786684200.693502221] [project1_pinky_fleet_adapter]: [rmf_traffic_ros2::MirrorManager::request_update] Requesting changes for query ID [1] since beginning of recorded history
[rmf_traffic_schedule-1] [INFO] [1786684200.702568677] [rmf_traffic_schedule_primary]: [ScheduleNode::update_mirrors] Sending remedial update starting from the beginning going to 277 for query 1
[schedule_visualizer_node-4] [INFO] [1786684240.682742490] [schedule_data_node]: Requesting new schedule update because update timed out
[schedule_visualizer_node-4] [INFO] [1786684240.682788205] [schedule_data_node]: [rmf_traffic_ros2::MirrorManager::request_update] Requesting changes for query ID [1] since version [278]
[python3-21] [INFO] [1786684240.683478233] [project1_pinky_fleet_adapter]: Requesting new schedule update because update timed out
[python3-21] [INFO] [1786684240.683524454] [project1_pinky_fleet_adapter]: [rmf_traffic_ros2::MirrorManager::request_update] Requesting changes for query ID [1] since version [278]
[schedule_visualizer_node-4] [INFO] [1786684260.682750341] [schedule_data_node]: Requesting new schedule update because update timed out
[schedule_visualizer_node-4] [INFO] [1786684260.682796405] [schedule_data_node]: [rmf_traffic_ros2::MirrorManager::request_update] Requesting changes for query ID [1] since beginning of recorded history
[python3-21] [INFO] [1786684260.683377063] [project1_pinky_fleet_adapter]: Requesting new schedule update because update timed out
[python3-21] [INFO] [1786684260.683410554] [project1_pinky_fleet_adapter]: [rmf_traffic_ros2::MirrorManager::request_update] Requesting changes for query ID [1] since beginning of recorded history
[rmf_traffic_schedule-1] [INFO] [1786684260.692439707] [rmf_traffic_schedule_primary]: [ScheduleNode::update_mirrors] Sending remedial update starting from the beginning going to 278 for query 1
[schedule_visualizer_node-4] [INFO] [1786684300.682720541] [schedule_data_node]: Requesting new schedule update because update timed out
[schedule_visualizer_node-4] [INFO] [1786684300.682765230] [schedule_data_node]: [rmf_traffic_ros2::MirrorManager::request_update] Requesting changes for query ID [1] since version [279]
[python3-21] [INFO] [1786684300.683428653] [project1_pinky_fleet_adapter]: Requesting new schedule update because update timed out
[python3-21] [INFO] [1786684300.683470653] [project1_pinky_fleet_adapter]: [rmf_traffic_ros2::MirrorManager::request_update] Requesting changes for query ID [1] since version [279]
[schedule_visualizer_node-4] [INFO] [1786684320.682692690] [schedule_data_node]: Requesting new schedule update because update timed out
[schedule_visualizer_node-4] [INFO] [1786684320.682757397] [schedule_data_node]: [rmf_traffic_ros2::MirrorManager::request_update] Requesting changes for query ID [1] since beginning of recorded history
[python3-21] [INFO] [1786684320.683466132] [project1_pinky_fleet_adapter]: Requesting new schedule update because update timed out
[python3-21] [INFO] [1786684320.683507949] [project1_pinky_fleet_adapter]: [rmf_traffic_ros2::MirrorManager::request_update] Requesting changes for query ID [1] since beginning of recorded history
[rmf_traffic_schedule-1] [INFO] [1786684320.692618087] [rmf_traffic_schedule_primary]: [ScheduleNode::update_mirrors] Sending remedial update starting from the beginning going to 279 for query 1
[python3-21] [INFO] [1786684356.101030875] [project1_pinky_fleet_adapter]: Cache sizes:
[python3-21]  - DifferentialDrive: 99
[python3-21]  - ShortestPath: 30
[python3-21]  - Euclidean: 0
[schedule_visualizer_node-4] [INFO] [1786684360.692699674] [schedule_data_node]: Requesting new schedule update because update timed out
[schedule_visualizer_node-4] [INFO] [1786684360.692743842] [schedule_data_node]: [rmf_traffic_ros2::MirrorManager::request_update] Requesting changes for query ID [1] since version [280]
[python3-21] [INFO] [1786684360.693247805] [project1_pinky_fleet_adapter]: Requesting new schedule update because update timed out
[python3-21] [INFO] [1786684360.693289656] [project1_pinky_fleet_adapter]: [rmf_traffic_ros2::MirrorManager::request_update] Requesting changes for query ID [1] since version [280]
[schedule_visualizer_node-4] [INFO] [1786684380.692711587] [schedule_data_node]: Requesting new schedule update because update timed out
[schedule_visualizer_node-4] [INFO] [1786684380.692756329] [schedule_data_node]: [rmf_traffic_ros2::MirrorManager::request_update] Requesting changes for query ID [1] since beginning of recorded history
[python3-21] [INFO] [1786684380.693365774] [project1_pinky_fleet_adapter]: Requesting new schedule update because update timed out
[python3-21] [INFO] [1786684380.693405300] [project1_pinky_fleet_adapter]: [rmf_traffic_ros2::MirrorManager::request_update] Requesting changes for query ID [1] since beginning of recorded history
[rmf_traffic_schedule-1] [INFO] [1786684380.702581427] [rmf_traffic_schedule_primary]: [ScheduleNode::update_mirrors] Sending remedial update starting from the beginning going to 280 for query 1
[schedule_visualizer_node-4] [INFO] [1786684420.692646960] [schedule_data_node]: Requesting new schedule update because update timed out
[schedule_visualizer_node-4] [INFO] [1786684420.692689289] [schedule_data_node]: [rmf_traffic_ros2::MirrorManager::request_update] Requesting changes for query ID [1] since version [281]
[python3-21] [INFO] [1786684420.693290283] [project1_pinky_fleet_adapter]: Requesting new schedule update because update timed out
[python3-21] [INFO] [1786684420.693333214] [project1_pinky_fleet_adapter]: [rmf_traffic_ros2::MirrorManager::request_update] Requesting changes for query ID [1] since version [281]
[schedule_visualizer_node-4] [INFO] [1786684440.692684882] [schedule_data_node]: Requesting new schedule update because update timed out
[schedule_visualizer_node-4] [INFO] [1786684440.692726591] [schedule_data_node]: [rmf_traffic_ros2::MirrorManager::request_update] Requesting changes for query ID [1] since beginning of recorded history
[python3-21] [INFO] [1786684440.693307063] [project1_pinky_fleet_adapter]: Requesting new schedule update because update timed out
[python3-21] [INFO] [1786684440.693349494] [project1_pinky_fleet_adapter]: [rmf_traffic_ros2::MirrorManager::request_update] Requesting changes for query ID [1] since beginning of recorded history
[rmf_traffic_schedule-1] [INFO] [1786684440.702475918] [rmf_traffic_schedule_primary]: [ScheduleNode::update_mirrors] Sending remedial update starting from the beginning going to 281 for query 1
[schedule_visualizer_node-4] [INFO] [1786684480.682670492] [schedule_data_node]: Requesting new schedule update because update timed out
[schedule_visualizer_node-4] [INFO] [1786684480.682716631] [schedule_data_node]: [rmf_traffic_ros2::MirrorManager::request_update] Requesting changes for query ID [1] since version [282]
[python3-21] [INFO] [1786684480.683398448] [project1_pinky_fleet_adapter]: Requesting new schedule update because update timed out
[python3-21] [INFO] [1786684480.683448995] [project1_pinky_fleet_adapter]: [rmf_traffic_ros2::MirrorManager::request_update] Requesting changes for query ID [1] since version [282]
[schedule_visualizer_node-4] [INFO] [1786684500.682703974] [schedule_data_node]: Requesting new schedule update because update timed out
[schedule_visualizer_node-4] [INFO] [1786684500.682746847] [schedule_data_node]: [rmf_traffic_ros2::MirrorManager::request_update] Requesting changes for query ID [1] since beginning of recorded history
[python3-21] [INFO] [1786684500.683409131] [project1_pinky_fleet_adapter]: Requesting new schedule update because update timed out
[python3-21] [INFO] [1786684500.683452167] [project1_pinky_fleet_adapter]: [rmf_traffic_ros2::MirrorManager::request_update] Requesting changes for query ID [1] since beginning of recorded history
[rmf_traffic_schedule-1] [INFO] [1786684500.692597855] [rmf_traffic_schedule_primary]: [ScheduleNode::update_mirrors] Sending remedial update starting from the beginning going to 282 for query 1
[schedule_visualizer_node-4] [INFO] [1786684540.682740408] [schedule_data_node]: Requesting new schedule update because update timed out
[schedule_visualizer_node-4] [INFO] [1786684540.682780889] [schedule_data_node]: [rmf_traffic_ros2::MirrorManager::request_update] Requesting changes for query ID [1] since version [283]
[python3-21] [INFO] [1786684540.683421499] [project1_pinky_fleet_adapter]: Requesting new schedule update because update timed out
[python3-21] [INFO] [1786684540.683461930] [project1_pinky_fleet_adapter]: [rmf_traffic_ros2::MirrorManager::request_update] Requesting changes for query ID [1] since version [283]
[schedule_visualizer_node-4] [INFO] [1786684560.682750892] [schedule_data_node]: Requesting new schedule update because update timed out
[schedule_visualizer_node-4] [INFO] [1786684560.682791568] [schedule_data_node]: [rmf_traffic_ros2::MirrorManager::request_update] Requesting changes for query ID [1] since beginning of recorded history
[python3-21] [INFO] [1786684560.683445723] [project1_pinky_fleet_adapter]: Requesting new schedule update because update timed out
[python3-21] [INFO] [1786684560.683485087] [project1_pinky_fleet_adapter]: [rmf_traffic_ros2::MirrorManager::request_update] Requesting changes for query ID [1] since beginning of recorded history
[rmf_traffic_schedule-1] [INFO] [1786684560.692460503] [rmf_traffic_schedule_primary]: [ScheduleNode::update_mirrors] Sending remedial update starting from the beginning going to 283 for query 1
[schedule_visualizer_node-4] [INFO] [1786684600.682646663] [schedule_data_node]: Requesting new schedule update because update timed out
[schedule_visualizer_node-4] [INFO] [1786684600.682690839] [schedule_data_node]: [rmf_traffic_ros2::MirrorManager::request_update] Requesting changes for query ID [1] since version [284]
[python3-21] [INFO] [1786684600.683209723] [project1_pinky_fleet_adapter]: Requesting new schedule update because update timed out
[python3-21] [INFO] [1786684600.683254081] [project1_pinky_fleet_adapter]: [rmf_traffic_ros2::MirrorManager::request_update] Requesting changes for query ID [1] since version [284]
[schedule_visualizer_node-4] [INFO] [1786684620.682667413] [schedule_data_node]: Requesting new schedule update because update timed out
[schedule_visualizer_node-4] [INFO] [1786684620.682710359] [schedule_data_node]: [rmf_traffic_ros2::MirrorManager::request_update] Requesting changes for query ID [1] since beginning of recorded history
[python3-21] [INFO] [1786684620.683272924] [project1_pinky_fleet_adapter]: Requesting new schedule update because update timed out
[python3-21] [INFO] [1786684620.683314196] [project1_pinky_fleet_adapter]: [rmf_traffic_ros2::MirrorManager::request_update] Requesting changes for query ID [1] since beginning of recorded history
[rmf_traffic_schedule-1] [INFO] [1786684620.692607452] [rmf_traffic_schedule_primary]: [ScheduleNode::update_mirrors] Sending remedial update starting from the beginning going to 284 for query 1
[python3-21] [INFO] [1786684656.101067966] [project1_pinky_fleet_adapter]: Cache sizes:
[python3-21]  - DifferentialDrive: 99
[python3-21]  - ShortestPath: 30
[python3-21]  - Euclidean: 0
[schedule_visualizer_node-4] [INFO] [1786684660.692688802] [schedule_data_node]: Requesting new schedule update because update timed out
[schedule_visualizer_node-4] [INFO] [1786684660.692730569] [schedule_data_node]: [rmf_traffic_ros2::MirrorManager::request_update] Requesting changes for query ID [1] since version [285]
[python3-21] [INFO] [1786684660.693234626] [project1_pinky_fleet_adapter]: Requesting new schedule update because update timed out
[python3-21] [INFO] [1786684660.693275941] [project1_pinky_fleet_adapter]: [rmf_traffic_ros2::MirrorManager::request_update] Requesting changes for query ID [1] since version [285]
[schedule_visualizer_node-4] [INFO] [1786684680.692700745] [schedule_data_node]: Requesting new schedule update because update timed out
[schedule_visualizer_node-4] [INFO] [1786684680.692742760] [schedule_data_node]: [rmf_traffic_ros2::MirrorManager::request_update] Requesting changes for query ID [1] since beginning of recorded history
[python3-21] [INFO] [1786684680.693243444] [project1_pinky_fleet_adapter]: Requesting new schedule update because update timed out
[python3-21] [INFO] [1786684680.693285185] [project1_pinky_fleet_adapter]: [rmf_traffic_ros2::MirrorManager::request_update] Requesting changes for query ID [1] since beginning of recorded history
[rmf_traffic_schedule-1] [INFO] [1786684680.702431285] [rmf_traffic_schedule_primary]: [ScheduleNode::update_mirrors] Sending remedial update starting from the beginning going to 285 for query 1
[schedule_visualizer_node-4] [INFO] [1786684720.692662243] [schedule_data_node]: Requesting new schedule update because update timed out
[schedule_visualizer_node-4] [INFO] [1786684720.692705687] [schedule_data_node]: [rmf_traffic_ros2::MirrorManager::request_update] Requesting changes for query ID [1] since version [286]
[python3-21] [INFO] [1786684720.693306484] [project1_pinky_fleet_adapter]: Requesting new schedule update because update timed out
[python3-21] [INFO] [1786684720.693348019] [project1_pinky_fleet_adapter]: [rmf_traffic_ros2::MirrorManager::request_update] Requesting changes for query ID [1] since version [286]
[schedule_visualizer_node-4] [INFO] [1786684740.692668866] [schedule_data_node]: Requesting new schedule update because update timed out
[schedule_visualizer_node-4] [INFO] [1786684740.692712791] [schedule_data_node]: [rmf_traffic_ros2::MirrorManager::request_update] Requesting changes for query ID [1] since beginning of recorded history
[python3-21] [INFO] [1786684740.693160256] [project1_pinky_fleet_adapter]: Requesting new schedule update because update timed out
[python3-21] [INFO] [1786684740.693203056] [project1_pinky_fleet_adapter]: [rmf_traffic_ros2::MirrorManager::request_update] Requesting changes for query ID [1] since beginning of recorded history
[rmf_traffic_schedule-1] [INFO] [1786684740.702552936] [rmf_traffic_schedule_primary]: [ScheduleNode::update_mirrors] Sending remedial update starting from the beginning going to 286 for query 1
[schedule_visualizer_node-4] [INFO] [1786684780.682724403] [schedule_data_node]: Requesting new schedule update because update timed out
[schedule_visualizer_node-4] [INFO] [1786684780.682760433] [schedule_data_node]: [rmf_traffic_ros2::MirrorManager::request_update] Requesting changes for query ID [1] since version [287]
[python3-21] [INFO] [1786684780.683440628] [project1_pinky_fleet_adapter]: Requesting new schedule update because update timed out
[python3-21] [INFO] [1786684780.683481757] [project1_pinky_fleet_adapter]: [rmf_traffic_ros2::MirrorManager::request_update] Requesting changes for query ID [1] since version [287]
[schedule_visualizer_node-4] [INFO] [1786684800.682726161] [schedule_data_node]: Requesting new schedule update because update timed out
[schedule_visualizer_node-4] [INFO] [1786684800.682768281] [schedule_data_node]: [rmf_traffic_ros2::MirrorManager::request_update] Requesting changes for query ID [1] since beginning of recorded history
[python3-21] [INFO] [1786684800.683468074] [project1_pinky_fleet_adapter]: Requesting new schedule update because update timed out
[python3-21] [INFO] [1786684800.683504676] [project1_pinky_fleet_adapter]: [rmf_traffic_ros2::MirrorManager::request_update] Requesting changes for query ID [1] since beginning of recorded history
[rmf_traffic_schedule-1] [INFO] [1786684800.692595948] [rmf_traffic_schedule_primary]: [ScheduleNode::update_mirrors] Sending remedial update starting from the beginning going to 287 for query 1
[schedule_visualizer_node-4] [INFO] [1786684840.692701802] [schedule_data_node]: Requesting new schedule update because update timed out
[schedule_visualizer_node-4] [INFO] [1786684840.692740435] [schedule_data_node]: [rmf_traffic_ros2::MirrorManager::request_update] Requesting changes for query ID [1] since version [288]
[python3-21] [INFO] [1786684840.693350820] [project1_pinky_fleet_adapter]: Requesting new schedule update because update timed out
[python3-21] [INFO] [1786684840.693388577] [project1_pinky_fleet_adapter]: [rmf_traffic_ros2::MirrorManager::request_update] Requesting changes for query ID [1] since version [288]
[schedule_visualizer_node-4] [INFO] [1786684860.692699653] [schedule_data_node]: Requesting new schedule update because update timed out
[schedule_visualizer_node-4] [INFO] [1786684860.692733284] [schedule_data_node]: [rmf_traffic_ros2::MirrorManager::request_update] Requesting changes for query ID [1] since beginning of recorded history
[python3-21] [INFO] [1786684860.693349647] [project1_pinky_fleet_adapter]: Requesting new schedule update because update timed out
[python3-21] [INFO] [1786684860.693389706] [project1_pinky_fleet_adapter]: [rmf_traffic_ros2::MirrorManager::request_update] Requesting changes for query ID [1] since beginning of recorded history
[rmf_traffic_schedule-1] [INFO] [1786684860.702487910] [rmf_traffic_schedule_primary]: [ScheduleNode::update_mirrors] Sending remedial update starting from the beginning going to 288 for query 1
[schedule_visualizer_node-4] [INFO] [1786684900.692754642] [schedule_data_node]: Requesting new schedule update because update timed out
[schedule_visualizer_node-4] [INFO] [1786684900.692800167] [schedule_data_node]: [rmf_traffic_ros2::MirrorManager::request_update] Requesting changes for query ID [1] since version [289]
[python3-21] [INFO] [1786684900.693255629] [project1_pinky_fleet_adapter]: Requesting new schedule update because update timed out
[python3-21] [INFO] [1786684900.693299266] [project1_pinky_fleet_adapter]: [rmf_traffic_ros2::MirrorManager::request_update] Requesting changes for query ID [1] since version [289]
[schedule_visualizer_node-4] [INFO] [1786684920.692727747] [schedule_data_node]: Requesting new schedule update because update timed out
[schedule_visualizer_node-4] [INFO] [1786684920.692773133] [schedule_data_node]: [rmf_traffic_ros2::MirrorManager::request_update] Requesting changes for query ID [1] since beginning of recorded history
[python3-21] [INFO] [1786684920.693176376] [project1_pinky_fleet_adapter]: Requesting new schedule update because update timed out
[python3-21] [INFO] [1786684920.693222244] [project1_pinky_fleet_adapter]: [rmf_traffic_ros2::MirrorManager::request_update] Requesting changes for query ID [1] since beginning of recorded history
[rmf_traffic_schedule-1] [INFO] [1786684920.702548008] [rmf_traffic_schedule_primary]: [ScheduleNode::update_mirrors] Sending remedial update starting from the beginning going to 289 for query 1
[python3-21] [INFO] [1786684956.100837614] [project1_pinky_fleet_adapter]: Cache sizes:
[python3-21]  - DifferentialDrive: 99
[python3-21]  - ShortestPath: 30
[python3-21]  - Euclidean: 0
[schedule_visualizer_node-4] [INFO] [1786684960.692760231] [schedule_data_node]: Requesting new schedule update because update timed out
[schedule_visualizer_node-4] [INFO] [1786684960.692801069] [schedule_data_node]: [rmf_traffic_ros2::MirrorManager::request_update] Requesting changes for query ID [1] since version [290]
[python3-21] [INFO] [1786684960.693188881] [project1_pinky_fleet_adapter]: Requesting new schedule update because update timed out
[python3-21] [INFO] [1786684960.693229339] [project1_pinky_fleet_adapter]: [rmf_traffic_ros2::MirrorManager::request_update] Requesting changes for query ID [1] since version [290]
[schedule_visualizer_node-4] [INFO] [1786684980.692768654] [schedule_data_node]: Requesting new schedule update because update timed out
[schedule_visualizer_node-4] [INFO] [1786684980.692809082] [schedule_data_node]: [rmf_traffic_ros2::MirrorManager::request_update] Requesting changes for query ID [1] since beginning of recorded history
[python3-21] [INFO] [1786684980.693243766] [project1_pinky_fleet_adapter]: Requesting new schedule update because update timed out
[python3-21] [INFO] [1786684980.693287921] [project1_pinky_fleet_adapter]: [rmf_traffic_ros2::MirrorManager::request_update] Requesting changes for query ID [1] since beginning of recorded history
[rmf_traffic_schedule-1] [INFO] [1786684980.702444269] [rmf_traffic_schedule_primary]: [ScheduleNode::update_mirrors] Sending remedial update starting from the beginning going to 290 for query 1
[schedule_visualizer_node-4] [INFO] [1786685020.692711202] [schedule_data_node]: Requesting new schedule update because update timed out
[schedule_visualizer_node-4] [INFO] [1786685020.692752533] [schedule_data_node]: [rmf_traffic_ros2::MirrorManager::request_update] Requesting changes for query ID [1] since version [291]
[python3-21] [INFO] [1786685020.693343146] [project1_pinky_fleet_adapter]: Requesting new schedule update because update timed out
[python3-21] [INFO] [1786685020.693376265] [project1_pinky_fleet_adapter]: [rmf_traffic_ros2::MirrorManager::request_update] Requesting changes for query ID [1] since version [291]
[schedule_visualizer_node-4] [INFO] [1786685040.692716717] [schedule_data_node]: Requesting new schedule update because update timed out
[schedule_visualizer_node-4] [INFO] [1786685040.692762555] [schedule_data_node]: [rmf_traffic_ros2::MirrorManager::request_update] Requesting changes for query ID [1] since beginning of recorded history
[python3-21] [INFO] [1786685040.693464361] [project1_pinky_fleet_adapter]: Requesting new schedule update because update timed out
[python3-21] [INFO] [1786685040.693505447] [project1_pinky_fleet_adapter]: [rmf_traffic_ros2::MirrorManager::request_update] Requesting changes for query ID [1] since beginning of recorded history
[rmf_traffic_schedule-1] [INFO] [1786685040.702601151] [rmf_traffic_schedule_primary]: [ScheduleNode::update_mirrors] Sending remedial update starting from the beginning going to 291 for query 1
[schedule_visualizer_node-4] [INFO] [1786685080.682698773] [schedule_data_node]: Requesting new schedule update because update timed out
[schedule_visualizer_node-4] [INFO] [1786685080.682741153] [schedule_data_node]: [rmf_traffic_ros2::MirrorManager::request_update] Requesting changes for query ID [1] since version [292]
[python3-21] [INFO] [1786685080.683423485] [project1_pinky_fleet_adapter]: Requesting new schedule update because update timed out
[python3-21] [INFO] [1786685080.683466490] [project1_pinky_fleet_adapter]: [rmf_traffic_ros2::MirrorManager::request_update] Requesting changes for query ID [1] since version [292]
[schedule_visualizer_node-4] [INFO] [1786685100.682711502] [schedule_data_node]: Requesting new schedule update because update timed out
[schedule_visualizer_node-4] [INFO] [1786685100.682754189] [schedule_data_node]: [rmf_traffic_ros2::MirrorManager::request_update] Requesting changes for query ID [1] since beginning of recorded history
[python3-21] [INFO] [1786685100.683451957] [project1_pinky_fleet_adapter]: Requesting new schedule update because update timed out
[python3-21] [INFO] [1786685100.683493745] [project1_pinky_fleet_adapter]: [rmf_traffic_ros2::MirrorManager::request_update] Requesting changes for query ID [1] since beginning of recorded history
[rmf_traffic_schedule-1] [INFO] [1786685100.692501006] [rmf_traffic_schedule_primary]: [ScheduleNode::update_mirrors] Sending remedial update starting from the beginning going to 292 for query 1
[schedule_visualizer_node-4] [INFO] [1786685140.682765900] [schedule_data_node]: Requesting new schedule update because update timed out
[schedule_visualizer_node-4] [INFO] [1786685140.682809149] [schedule_data_node]: [rmf_traffic_ros2::MirrorManager::request_update] Requesting changes for query ID [1] since version [293]
[python3-21] [INFO] [1786685140.683443755] [project1_pinky_fleet_adapter]: Requesting new schedule update because update timed out
[python3-21] [INFO] [1786685140.683482414] [project1_pinky_fleet_adapter]: [rmf_traffic_ros2::MirrorManager::request_update] Requesting changes for query ID [1] since version [293]
[schedule_visualizer_node-4] [INFO] [1786685160.682774728] [schedule_data_node]: Requesting new schedule update because update timed out
[schedule_visualizer_node-4] [INFO] [1786685160.682822154] [schedule_data_node]: [rmf_traffic_ros2::MirrorManager::request_update] Requesting changes for query ID [1] since beginning of recorded history
[python3-21] [INFO] [1786685160.683470017] [project1_pinky_fleet_adapter]: Requesting new schedule update because update timed out
[python3-21] [INFO] [1786685160.683506671] [project1_pinky_fleet_adapter]: [rmf_traffic_ros2::MirrorManager::request_update] Requesting changes for query ID [1] since beginning of recorded history
[rmf_traffic_schedule-1] [INFO] [1786685160.692461482] [rmf_traffic_schedule_primary]: [ScheduleNode::update_mirrors] Sending remedial update starting from the beginning going to 293 for query 1
[schedule_visualizer_node-4] [INFO] [1786685200.682753106] [schedule_data_node]: Requesting new schedule update because update timed out
[schedule_visualizer_node-4] [INFO] [1786685200.682801574] [schedule_data_node]: [rmf_traffic_ros2::MirrorManager::request_update] Requesting changes for query ID [1] since version [294]
[python3-21] [INFO] [1786685200.683546564] [project1_pinky_fleet_adapter]: Requesting new schedule update because update timed out
[python3-21] [INFO] [1786685200.683590267] [project1_pinky_fleet_adapter]: [rmf_traffic_ros2::MirrorManager::request_update] Requesting changes for query ID [1] since version [294]
[schedule_visualizer_node-4] [INFO] [1786685220.682763939] [schedule_data_node]: Requesting new schedule update because update timed out
[schedule_visualizer_node-4] [INFO] [1786685220.682828271] [schedule_data_node]: [rmf_traffic_ros2::MirrorManager::request_update] Requesting changes for query ID [1] since beginning of recorded history
[python3-21] [INFO] [1786685220.683667611] [project1_pinky_fleet_adapter]: Requesting new schedule update because update timed out
[python3-21] [INFO] [1786685220.683730606] [project1_pinky_fleet_adapter]: [rmf_traffic_ros2::MirrorManager::request_update] Requesting changes for query ID [1] since beginning of recorded history
[rmf_traffic_schedule-1] [INFO] [1786685220.692566758] [rmf_traffic_schedule_primary]: [ScheduleNode::update_mirrors] Sending remedial update starting from the beginning going to 294 for query 1
[python3-21] [INFO] [1786685256.101192408] [project1_pinky_fleet_adapter]: Cache sizes:
[python3-21]  - DifferentialDrive: 99
[python3-21]  - ShortestPath: 30
[python3-21]  - Euclidean: 0
[schedule_visualizer_node-4] [INFO] [1786685260.682912647] [schedule_data_node]: Requesting new schedule update because update timed out
[schedule_visualizer_node-4] [INFO] [1786685260.682979947] [schedule_data_node]: [rmf_traffic_ros2::MirrorManager::request_update] Requesting changes for query ID [1] since version [295]
[python3-21] [INFO] [1786685260.683813319] [project1_pinky_fleet_adapter]: Requesting new schedule update because update timed out
[python3-21] [INFO] [1786685260.683892485] [project1_pinky_fleet_adapter]: [rmf_traffic_ros2::MirrorManager::request_update] Requesting changes for query ID [1] since version [295]
[schedule_visualizer_node-4] [INFO] [1786685280.682882892] [schedule_data_node]: Requesting new schedule update because update timed out
[schedule_visualizer_node-4] [INFO] [1786685280.682949463] [schedule_data_node]: [rmf_traffic_ros2::MirrorManager::request_update] Requesting changes for query ID [1] since beginning of recorded history
[python3-21] [INFO] [1786685280.683953809] [project1_pinky_fleet_adapter]: Requesting new schedule update because update timed out
[python3-21] [INFO] [1786685280.684007935] [project1_pinky_fleet_adapter]: [rmf_traffic_ros2::MirrorManager::request_update] Requesting changes for query ID [1] since beginning of recorded history
[rmf_traffic_schedule-1] [INFO] [1786685280.692776852] [rmf_traffic_schedule_primary]: [ScheduleNode::update_mirrors] Sending remedial update starting from the beginning going to 295 for query 1
[schedule_visualizer_node-4] [INFO] [1786685320.682845134] [schedule_data_node]: Requesting new schedule update because update timed out
[schedule_visualizer_node-4] [INFO] [1786685320.682890740] [schedule_data_node]: [rmf_traffic_ros2::MirrorManager::request_update] Requesting changes for query ID [1] since version [296]
[python3-21] [INFO] [1786685320.683621348] [project1_pinky_fleet_adapter]: Requesting new schedule update because update timed out
[python3-21] [INFO] [1786685320.683672987] [project1_pinky_fleet_adapter]: [rmf_traffic_ros2::MirrorManager::request_update] Requesting changes for query ID [1] since version [296]
[schedule_visualizer_node-4] [INFO] [1786685340.682851994] [schedule_data_node]: Requesting new schedule update because update timed out
[schedule_visualizer_node-4] [INFO] [1786685340.682898698] [schedule_data_node]: [rmf_traffic_ros2::MirrorManager::request_update] Requesting changes for query ID [1] since beginning of recorded history
[python3-21] [INFO] [1786685340.683478394] [project1_pinky_fleet_adapter]: Requesting new schedule update because update timed out
[python3-21] [INFO] [1786685340.683510322] [project1_pinky_fleet_adapter]: [rmf_traffic_ros2::MirrorManager::request_update] Requesting changes for query ID [1] since beginning of recorded history
[rmf_traffic_schedule-1] [INFO] [1786685340.692471258] [rmf_traffic_schedule_primary]: [ScheduleNode::update_mirrors] Sending remedial update starting from the beginning going to 296 for query 1
[schedule_visualizer_node-4] [INFO] [1786685380.682762874] [schedule_data_node]: Requesting new schedule update because update timed out
[schedule_visualizer_node-4] [INFO] [1786685380.682810269] [schedule_data_node]: [rmf_traffic_ros2::MirrorManager::request_update] Requesting changes for query ID [1] since version [297]
[python3-21] [INFO] [1786685380.683587137] [project1_pinky_fleet_adapter]: Requesting new schedule update because update timed out
[python3-21] [INFO] [1786685380.683635819] [project1_pinky_fleet_adapter]: [rmf_traffic_ros2::MirrorManager::request_update] Requesting changes for query ID [1] since version [297]
[schedule_visualizer_node-4] [INFO] [1786685400.682802950] [schedule_data_node]: Requesting new schedule update because update timed out
[schedule_visualizer_node-4] [INFO] [1786685400.682847331] [schedule_data_node]: [rmf_traffic_ros2::MirrorManager::request_update] Requesting changes for query ID [1] since beginning of recorded history
[python3-21] [INFO] [1786685400.683557343] [project1_pinky_fleet_adapter]: Requesting new schedule update because update timed out
[python3-21] [INFO] [1786685400.683600810] [project1_pinky_fleet_adapter]: [rmf_traffic_ros2::MirrorManager::request_update] Requesting changes for query ID [1] since beginning of recorded history
[rmf_traffic_schedule-1] [INFO] [1786685400.692555944] [rmf_traffic_schedule_primary]: [ScheduleNode::update_mirrors] Sending remedial update starting from the beginning going to 297 for query 1
[schedule_visualizer_node-4] [INFO] [1786685440.692698989] [schedule_data_node]: Requesting new schedule update because update timed out
[schedule_visualizer_node-4] [INFO] [1786685440.692773345] [schedule_data_node]: [rmf_traffic_ros2::MirrorManager::request_update] Requesting changes for query ID [1] since version [298]
[python3-21] [INFO] [1786685440.694167529] [project1_pinky_fleet_adapter]: Requesting new schedule update because update timed out
[python3-21] [INFO] [1786685440.694235637] [project1_pinky_fleet_adapter]: [rmf_traffic_ros2::MirrorManager::request_update] Requesting changes for query ID [1] since version [298]
[schedule_visualizer_node-4] [INFO] [1786685460.693626078] [schedule_data_node]: Requesting new schedule update because update timed out
[schedule_visualizer_node-4] [INFO] [1786685460.693689351] [schedule_data_node]: [rmf_traffic_ros2::MirrorManager::request_update] Requesting changes for query ID [1] since beginning of recorded history
[python3-21] [INFO] [1786685460.693771968] [project1_pinky_fleet_adapter]: Requesting new schedule update because update timed out
[python3-21] [INFO] [1786685460.693837532] [project1_pinky_fleet_adapter]: [rmf_traffic_ros2::MirrorManager::request_update] Requesting changes for query ID [1] since beginning of recorded history
[rmf_traffic_schedule-1] [INFO] [1786685460.702872083] [rmf_traffic_schedule_primary]: [ScheduleNode::update_mirrors] Sending remedial update starting from the beginning going to 298 for query 1
  ↑ 같은 줄 1번 더
[schedule_visualizer_node-4] [INFO] [1786685500.682806059] [schedule_data_node]: Requesting new schedule update because update timed out
[schedule_visualizer_node-4] [INFO] [1786685500.682849702] [schedule_data_node]: [rmf_traffic_ros2::MirrorManager::request_update] Requesting changes for query ID [1] since version [299]
[python3-21] [INFO] [1786685500.683457878] [project1_pinky_fleet_adapter]: Requesting new schedule update because update timed out
[python3-21] [INFO] [1786685500.683491097] [project1_pinky_fleet_adapter]: [rmf_traffic_ros2::MirrorManager::request_update] Requesting changes for query ID [1] since version [299]
[schedule_visualizer_node-4] [INFO] [1786685520.682789656] [schedule_data_node]: Requesting new schedule update because update timed out
[schedule_visualizer_node-4] [INFO] [1786685520.682823442] [schedule_data_node]: [rmf_traffic_ros2::MirrorManager::request_update] Requesting changes for query ID [1] since beginning of recorded history
[python3-21] [INFO] [1786685520.683447236] [project1_pinky_fleet_adapter]: Requesting new schedule update because update timed out
[python3-21] [INFO] [1786685520.683485837] [project1_pinky_fleet_adapter]: [rmf_traffic_ros2::MirrorManager::request_update] Requesting changes for query ID [1] since beginning of recorded history
[rmf_traffic_schedule-1] [INFO] [1786685520.692542777] [rmf_traffic_schedule_primary]: [ScheduleNode::update_mirrors] Sending remedial update starting from the beginning going to 299 for query 1
[python3-21] [INFO] [1786685556.100969749] [project1_pinky_fleet_adapter]: Cache sizes:
[python3-21]  - DifferentialDrive: 99
[python3-21]  - ShortestPath: 30
[python3-21]  - Euclidean: 0
[schedule_visualizer_node-4] [INFO] [1786685560.682707418] [schedule_data_node]: Requesting new schedule update because update timed out
[schedule_visualizer_node-4] [INFO] [1786685560.682760835] [schedule_data_node]: [rmf_traffic_ros2::MirrorManager::request_update] Requesting changes for query ID [1] since version [300]
[python3-21] [INFO] [1786685560.683415543] [project1_pinky_fleet_adapter]: Requesting new schedule update because update timed out
[python3-21] [INFO] [1786685560.683448939] [project1_pinky_fleet_adapter]: [rmf_traffic_ros2::MirrorManager::request_update] Requesting changes for query ID [1] since version [300]
[schedule_visualizer_node-4] [INFO] [1786685580.682718135] [schedule_data_node]: Requesting new schedule update because update timed out
[schedule_visualizer_node-4] [INFO] [1786685580.682763414] [schedule_data_node]: [rmf_traffic_ros2::MirrorManager::request_update] Requesting changes for query ID [1] since beginning of recorded history
[python3-21] [INFO] [1786685580.683239984] [project1_pinky_fleet_adapter]: Requesting new schedule update because update timed out
[python3-21] [INFO] [1786685580.683285283] [project1_pinky_fleet_adapter]: [rmf_traffic_ros2::MirrorManager::request_update] Requesting changes for query ID [1] since beginning of recorded history
[rmf_traffic_schedule-1] [INFO] [1786685580.692407297] [rmf_traffic_schedule_primary]: [ScheduleNode::update_mirrors] Sending remedial update starting from the beginning going to 300 for query 1
[schedule_visualizer_node-4] [INFO] [1786685620.682696561] [schedule_data_node]: Requesting new schedule update because update timed out
[schedule_visualizer_node-4] [INFO] [1786685620.682732276] [schedule_data_node]: [rmf_traffic_ros2::MirrorManager::request_update] Requesting changes for query ID [1] since version [301]
[python3-21] [INFO] [1786685620.683377950] [project1_pinky_fleet_adapter]: Requesting new schedule update because update timed out
[python3-21] [INFO] [1786685620.683418419] [project1_pinky_fleet_adapter]: [rmf_traffic_ros2::MirrorManager::request_update] Requesting changes for query ID [1] since version [301]
[schedule_visualizer_node-4] [INFO] [1786685640.682735778] [schedule_data_node]: Requesting new schedule update because update timed out
[schedule_visualizer_node-4] [INFO] [1786685640.682782537] [schedule_data_node]: [rmf_traffic_ros2::MirrorManager::request_update] Requesting changes for query ID [1] since beginning of recorded history
[python3-21] [INFO] [1786685640.683520570] [project1_pinky_fleet_adapter]: Requesting new schedule update because update timed out
[python3-21] [INFO] [1786685640.683570861] [project1_pinky_fleet_adapter]: [rmf_traffic_ros2::MirrorManager::request_update] Requesting changes for query ID [1] since beginning of recorded history
[rmf_traffic_schedule-1] [INFO] [1786685640.692524136] [rmf_traffic_schedule_primary]: [ScheduleNode::update_mirrors] Sending remedial update starting from the beginning going to 301 for query 1
[schedule_visualizer_node-4] [INFO] [1786685680.692758573] [schedule_data_node]: Requesting new schedule update because update timed out
[schedule_visualizer_node-4] [INFO] [1786685680.692808537] [schedule_data_node]: [rmf_traffic_ros2::MirrorManager::request_update] Requesting changes for query ID [1] since version [302]
[python3-21] [INFO] [1786685680.693284864] [project1_pinky_fleet_adapter]: Requesting new schedule update because update timed out
[python3-21] [INFO] [1786685680.693321752] [project1_pinky_fleet_adapter]: [rmf_traffic_ros2::MirrorManager::request_update] Requesting changes for query ID [1] since version [302]
[schedule_visualizer_node-4] [INFO] [1786685700.692768979] [schedule_data_node]: Requesting new schedule update because update timed out
[schedule_visualizer_node-4] [INFO] [1786685700.692818576] [schedule_data_node]: [rmf_traffic_ros2::MirrorManager::request_update] Requesting changes for query ID [1] since beginning of recorded history
[python3-21] [INFO] [1786685700.693255391] [project1_pinky_fleet_adapter]: Requesting new schedule update because update timed out
[python3-21] [INFO] [1786685700.693303087] [project1_pinky_fleet_adapter]: [rmf_traffic_ros2::MirrorManager::request_update] Requesting changes for query ID [1] since beginning of recorded history
[rmf_traffic_schedule-1] [INFO] [1786685700.702459436] [rmf_traffic_schedule_primary]: [ScheduleNode::update_mirrors] Sending remedial update starting from the beginning going to 302 for query 1
[schedule_visualizer_node-4] [INFO] [1786685740.682769187] [schedule_data_node]: Requesting new schedule update because update timed out
[schedule_visualizer_node-4] [INFO] [1786685740.682817665] [schedule_data_node]: [rmf_traffic_ros2::MirrorManager::request_update] Requesting changes for query ID [1] since version [303]
[python3-21] [INFO] [1786685740.683566685] [project1_pinky_fleet_adapter]: Requesting new schedule update because update timed out
[python3-21] [INFO] [1786685740.683607849] [project1_pinky_fleet_adapter]: [rmf_traffic_ros2::MirrorManager::request_update] Requesting changes for query ID [1] since version [303]
[schedule_visualizer_node-4] [INFO] [1786685760.682764136] [schedule_data_node]: Requesting new schedule update because update timed out
[schedule_visualizer_node-4] [INFO] [1786685760.682807220] [schedule_data_node]: [rmf_traffic_ros2::MirrorManager::request_update] Requesting changes for query ID [1] since beginning of recorded history
[python3-21] [INFO] [1786685760.683405174] [project1_pinky_fleet_adapter]: Requesting new schedule update because update timed out
[python3-21] [INFO] [1786685760.683438457] [project1_pinky_fleet_adapter]: [rmf_traffic_ros2::MirrorManager::request_update] Requesting changes for query ID [1] since beginning of recorded history
[rmf_traffic_schedule-1] [INFO] [1786685760.692483223] [rmf_traffic_schedule_primary]: [ScheduleNode::update_mirrors] Sending remedial update starting from the beginning going to 303 for query 1
[schedule_visualizer_node-4] [INFO] [1786685800.692710000] [schedule_data_node]: Requesting new schedule update because update timed out
[schedule_visualizer_node-4] [INFO] [1786685800.692751887] [schedule_data_node]: [rmf_traffic_ros2::MirrorManager::request_update] Requesting changes for query ID [1] since version [304]
[python3-21] [INFO] [1786685800.693294941] [project1_pinky_fleet_adapter]: Requesting new schedule update because update timed out
[python3-21] [INFO] [1786685800.693337590] [project1_pinky_fleet_adapter]: [rmf_traffic_ros2::MirrorManager::request_update] Requesting changes for query ID [1] since version [304]
[python3-21] [INFO] [1786685820.693261457] [project1_pinky_fleet_adapter]: Requesting new schedule update because update timed out
[python3-21] [INFO] [1786685820.693308989] [project1_pinky_fleet_adapter]: [rmf_traffic_ros2::MirrorManager::request_update] Requesting changes for query ID [1] since beginning of recorded history
[schedule_visualizer_node-4] [INFO] [1786685820.693503004] [schedule_data_node]: Requesting new schedule update because update timed out
[schedule_visualizer_node-4] [INFO] [1786685820.693732982] [schedule_data_node]: [rmf_traffic_ros2::MirrorManager::request_update] Requesting changes for query ID [1] since beginning of recorded history
[rmf_traffic_schedule-1] [INFO] [1786685820.702461351] [rmf_traffic_schedule_primary]: [ScheduleNode::update_mirrors] Sending remedial update starting from the beginning going to 304 for query 1
[python3-21] [INFO] [1786685856.101148167] [project1_pinky_fleet_adapter]: Cache sizes:
[python3-21]  - DifferentialDrive: 99
[python3-21]  - ShortestPath: 30
[python3-21]  - Euclidean: 0
[schedule_visualizer_node-4] [INFO] [1786685860.692735418] [schedule_data_node]: Requesting new schedule update because update timed out
[schedule_visualizer_node-4] [INFO] [1786685860.692784011] [schedule_data_node]: [rmf_traffic_ros2::MirrorManager::request_update] Requesting changes for query ID [1] since version [305]
[python3-21] [INFO] [1786685860.693327535] [project1_pinky_fleet_adapter]: Requesting new schedule update because update timed out
[python3-21] [INFO] [1786685860.693367608] [project1_pinky_fleet_adapter]: [rmf_traffic_ros2::MirrorManager::request_update] Requesting changes for query ID [1] since version [305]
[python3-21] [INFO] [1786685880.693298714] [project1_pinky_fleet_adapter]: Requesting new schedule update because update timed out
[python3-21] [INFO] [1786685880.693352232] [project1_pinky_fleet_adapter]: [rmf_traffic_ros2::MirrorManager::request_update] Requesting changes for query ID [1] since beginning of recorded history
[schedule_visualizer_node-4] [INFO] [1786685880.693598552] [schedule_data_node]: Requesting new schedule update because update timed out
[schedule_visualizer_node-4] [INFO] [1786685880.693645955] [schedule_data_node]: [rmf_traffic_ros2::MirrorManager::request_update] Requesting changes for query ID [1] since beginning of recorded history
[rmf_traffic_schedule-1] [INFO] [1786685880.702498565] [rmf_traffic_schedule_primary]: [ScheduleNode::update_mirrors] Sending remedial update starting from the beginning going to 305 for query 1
[schedule_visualizer_node-4] [INFO] [1786685920.692670652] [schedule_data_node]: Requesting new schedule update because update timed out
[schedule_visualizer_node-4] [INFO] [1786685920.692724827] [schedule_data_node]: [rmf_traffic_ros2::MirrorManager::request_update] Requesting changes for query ID [1] since version [306]
[python3-21] [INFO] [1786685920.693404481] [project1_pinky_fleet_adapter]: Requesting new schedule update because update timed out
[python3-21] [INFO] [1786685920.693445679] [project1_pinky_fleet_adapter]: [rmf_traffic_ros2::MirrorManager::request_update] Requesting changes for query ID [1] since version [306]
[schedule_visualizer_node-4] [INFO] [1786685940.692627853] [schedule_data_node]: Requesting new schedule update because update timed out
[schedule_visualizer_node-4] [INFO] [1786685940.692671613] [schedule_data_node]: [rmf_traffic_ros2::MirrorManager::request_update] Requesting changes for query ID [1] since beginning of recorded history
[python3-21] [INFO] [1786685940.693334951] [project1_pinky_fleet_adapter]: Requesting new schedule update because update timed out
[python3-21] [INFO] [1786685940.693372497] [project1_pinky_fleet_adapter]: [rmf_traffic_ros2::MirrorManager::request_update] Requesting changes for query ID [1] since beginning of recorded history
[rmf_traffic_schedule-1] [INFO] [1786685940.702472683] [rmf_traffic_schedule_primary]: [ScheduleNode::update_mirrors] Sending remedial update starting from the beginning going to 306 for query 1
[schedule_visualizer_node-4] [INFO] [1786685980.692765932] [schedule_data_node]: Requesting new schedule update because update timed out
[schedule_visualizer_node-4] [INFO] [1786685980.692825180] [schedule_data_node]: [rmf_traffic_ros2::MirrorManager::request_update] Requesting changes for query ID [1] since version [307]
[python3-21] [INFO] [1786685980.693109501] [project1_pinky_fleet_adapter]: Requesting new schedule update because update timed out
[python3-21] [INFO] [1786685980.693150859] [project1_pinky_fleet_adapter]: [rmf_traffic_ros2::MirrorManager::request_update] Requesting changes for query ID [1] since version [307]
[python3-21] [INFO] [1786686000.693173952] [project1_pinky_fleet_adapter]: Requesting new schedule update because update timed out
[python3-21] [INFO] [1786686000.693218850] [project1_pinky_fleet_adapter]: [rmf_traffic_ros2::MirrorManager::request_update] Requesting changes for query ID [1] since beginning of recorded history
[schedule_visualizer_node-4] [INFO] [1786686000.693436635] [schedule_data_node]: Requesting new schedule update because update timed out
[schedule_visualizer_node-4] [INFO] [1786686000.693473447] [schedule_data_node]: [rmf_traffic_ros2::MirrorManager::request_update] Requesting changes for query ID [1] since beginning of recorded history
[rmf_traffic_schedule-1] [INFO] [1786686000.702486832] [rmf_traffic_schedule_primary]: [ScheduleNode::update_mirrors] Sending remedial update starting from the beginning going to 307 for query 1
[schedule_visualizer_node-4] [INFO] [1786686040.692657604] [schedule_data_node]: Requesting new schedule update because update timed out
[schedule_visualizer_node-4] [INFO] [1786686040.692702294] [schedule_data_node]: [rmf_traffic_ros2::MirrorManager::request_update] Requesting changes for query ID [1] since version [308]
[python3-21] [INFO] [1786686040.693186693] [project1_pinky_fleet_adapter]: Requesting new schedule update because update timed out
[python3-21] [INFO] [1786686040.693227110] [project1_pinky_fleet_adapter]: [rmf_traffic_ros2::MirrorManager::request_update] Requesting changes for query ID [1] since version [308]
[schedule_visualizer_node-4] [INFO] [1786686060.692659724] [schedule_data_node]: Requesting new schedule update because update timed out
[schedule_visualizer_node-4] [INFO] [1786686060.692711546] [schedule_data_node]: [rmf_traffic_ros2::MirrorManager::request_update] Requesting changes for query ID [1] since beginning of recorded history
[python3-21] [INFO] [1786686060.693330086] [project1_pinky_fleet_adapter]: Requesting new schedule update because update timed out
[python3-21] [INFO] [1786686060.693367168] [project1_pinky_fleet_adapter]: [rmf_traffic_ros2::MirrorManager::request_update] Requesting changes for query ID [1] since beginning of recorded history
[rmf_traffic_schedule-1] [INFO] [1786686060.702465866] [rmf_traffic_schedule_primary]: [ScheduleNode::update_mirrors] Sending remedial update starting from the beginning going to 308 for query 1
[schedule_visualizer_node-4] [INFO] [1786686100.682804910] [schedule_data_node]: Requesting new schedule update because update timed out
[schedule_visualizer_node-4] [INFO] [1786686100.682853199] [schedule_data_node]: [rmf_traffic_ros2::MirrorManager::request_update] Requesting changes for query ID [1] since version [309]
[python3-21] [INFO] [1786686100.683604898] [project1_pinky_fleet_adapter]: Requesting new schedule update because update timed out
[python3-21] [INFO] [1786686100.683652178] [project1_pinky_fleet_adapter]: [rmf_traffic_ros2::MirrorManager::request_update] Requesting changes for query ID [1] since version [309]
[schedule_visualizer_node-4] [INFO] [1786686120.682795924] [schedule_data_node]: Requesting new schedule update because update timed out
[schedule_visualizer_node-4] [INFO] [1786686120.682833015] [schedule_data_node]: [rmf_traffic_ros2::MirrorManager::request_update] Requesting changes for query ID [1] since beginning of recorded history
[python3-21] [INFO] [1786686120.683500445] [project1_pinky_fleet_adapter]: Requesting new schedule update because update timed out
[python3-21] [INFO] [1786686120.683545456] [project1_pinky_fleet_adapter]: [rmf_traffic_ros2::MirrorManager::request_update] Requesting changes for query ID [1] since beginning of recorded history
[rmf_traffic_schedule-1] [INFO] [1786686120.692524065] [rmf_traffic_schedule_primary]: [ScheduleNode::update_mirrors] Sending remedial update starting from the beginning going to 309 for query 1
[python3-21] [INFO] [1786686156.100976389] [project1_pinky_fleet_adapter]: Cache sizes:
[python3-21]  - DifferentialDrive: 99
[python3-21]  - ShortestPath: 30
[python3-21]  - Euclidean: 0
[schedule_visualizer_node-4] [INFO] [1786686160.682722935] [schedule_data_node]: Requesting new schedule update because update timed out
[schedule_visualizer_node-4] [INFO] [1786686160.682766235] [schedule_data_node]: [rmf_traffic_ros2::MirrorManager::request_update] Requesting changes for query ID [1] since version [310]
[python3-21] [INFO] [1786686160.683495384] [project1_pinky_fleet_adapter]: Requesting new schedule update because update timed out
[python3-21] [INFO] [1786686160.683529702] [project1_pinky_fleet_adapter]: [rmf_traffic_ros2::MirrorManager::request_update] Requesting changes for query ID [1] since version [310]
[schedule_visualizer_node-4] [INFO] [1786686180.682735241] [schedule_data_node]: Requesting new schedule update because update timed out
[schedule_visualizer_node-4] [INFO] [1786686180.682785609] [schedule_data_node]: [rmf_traffic_ros2::MirrorManager::request_update] Requesting changes for query ID [1] since beginning of recorded history
[python3-21] [INFO] [1786686180.683512795] [project1_pinky_fleet_adapter]: Requesting new schedule update because update timed out
[python3-21] [INFO] [1786686180.683565510] [project1_pinky_fleet_adapter]: [rmf_traffic_ros2::MirrorManager::request_update] Requesting changes for query ID [1] since beginning of recorded history
[rmf_traffic_schedule-1] [INFO] [1786686180.692615538] [rmf_traffic_schedule_primary]: [ScheduleNode::update_mirrors] Sending remedial update starting from the beginning going to 310 for query 1
[schedule_visualizer_node-4] [INFO] [1786686220.692612063] [schedule_data_node]: Requesting new schedule update because update timed out
[schedule_visualizer_node-4] [INFO] [1786686220.692662281] [schedule_data_node]: [rmf_traffic_ros2::MirrorManager::request_update] Requesting changes for query ID [1] since version [311]
[python3-21] [INFO] [1786686220.693087222] [project1_pinky_fleet_adapter]: Requesting new schedule update because update timed out
[python3-21] [INFO] [1786686220.693134614] [project1_pinky_fleet_adapter]: [rmf_traffic_ros2::MirrorManager::request_update] Requesting changes for query ID [1] since version [311]
[schedule_visualizer_node-4] [INFO] [1786686240.692609241] [schedule_data_node]: Requesting new schedule update because update timed out
[schedule_visualizer_node-4] [INFO] [1786686240.692659417] [schedule_data_node]: [rmf_traffic_ros2::MirrorManager::request_update] Requesting changes for query ID [1] since beginning of recorded history
[python3-21] [INFO] [1786686240.693340557] [project1_pinky_fleet_adapter]: Requesting new schedule update because update timed out
[python3-21] [INFO] [1786686240.693386289] [project1_pinky_fleet_adapter]: [rmf_traffic_ros2::MirrorManager::request_update] Requesting changes for query ID [1] since beginning of recorded history
[rmf_traffic_schedule-1] [INFO] [1786686240.702578799] [rmf_traffic_schedule_primary]: [ScheduleNode::update_mirrors] Sending remedial update starting from the beginning going to 311 for query 1
[schedule_visualizer_node-4] [INFO] [1786686280.682662786] [schedule_data_node]: Requesting new schedule update because update timed out
[schedule_visualizer_node-4] [INFO] [1786686280.682698590] [schedule_data_node]: [rmf_traffic_ros2::MirrorManager::request_update] Requesting changes for query ID [1] since version [312]
[python3-21] [INFO] [1786686280.683312825] [project1_pinky_fleet_adapter]: Requesting new schedule update because update timed out
[python3-21] [INFO] [1786686280.683353415] [project1_pinky_fleet_adapter]: [rmf_traffic_ros2::MirrorManager::request_update] Requesting changes for query ID [1] since version [312]
[schedule_visualizer_node-4] [INFO] [1786686300.682699526] [schedule_data_node]: Requesting new schedule update because update timed out
[schedule_visualizer_node-4] [INFO] [1786686300.682742785] [schedule_data_node]: [rmf_traffic_ros2::MirrorManager::request_update] Requesting changes for query ID [1] since beginning of recorded history
[python3-21] [INFO] [1786686300.683407591] [project1_pinky_fleet_adapter]: Requesting new schedule update because update timed out
[python3-21] [INFO] [1786686300.683450611] [project1_pinky_fleet_adapter]: [rmf_traffic_ros2::MirrorManager::request_update] Requesting changes for query ID [1] since beginning of recorded history
[rmf_traffic_schedule-1] [INFO] [1786686300.692472599] [rmf_traffic_schedule_primary]: [ScheduleNode::update_mirrors] Sending remedial update starting from the beginning going to 312 for query 1
[schedule_visualizer_node-4] [INFO] [1786686340.692674201] [schedule_data_node]: Requesting new schedule update because update timed out
[schedule_visualizer_node-4] [INFO] [1786686340.692718853] [schedule_data_node]: [rmf_traffic_ros2::MirrorManager::request_update] Requesting changes for query ID [1] since version [313]
[python3-21] [INFO] [1786686340.693184495] [project1_pinky_fleet_adapter]: Requesting new schedule update because update timed out
[python3-21] [INFO] [1786686340.693219603] [project1_pinky_fleet_adapter]: [rmf_traffic_ros2::MirrorManager::request_update] Requesting changes for query ID [1] since version [313]
[schedule_visualizer_node-4] [INFO] [1786686360.692674959] [schedule_data_node]: Requesting new schedule update because update timed out
[schedule_visualizer_node-4] [INFO] [1786686360.692720628] [schedule_data_node]: [rmf_traffic_ros2::MirrorManager::request_update] Requesting changes for query ID [1] since beginning of recorded history
[python3-21] [INFO] [1786686360.693257945] [project1_pinky_fleet_adapter]: Requesting new schedule update because update timed out
[python3-21] [INFO] [1786686360.693302389] [project1_pinky_fleet_adapter]: [rmf_traffic_ros2::MirrorManager::request_update] Requesting changes for query ID [1] since beginning of recorded history
[rmf_traffic_schedule-1] [INFO] [1786686360.702548569] [rmf_traffic_schedule_primary]: [ScheduleNode::update_mirrors] Sending remedial update starting from the beginning going to 313 for query 1
[schedule_visualizer_node-4] [INFO] [1786686400.682773193] [schedule_data_node]: Requesting new schedule update because update timed out
[schedule_visualizer_node-4] [INFO] [1786686400.682814635] [schedule_data_node]: [rmf_traffic_ros2::MirrorManager::request_update] Requesting changes for query ID [1] since version [314]
[python3-21] [INFO] [1786686400.683603700] [project1_pinky_fleet_adapter]: Requesting new schedule update because update timed out
[python3-21] [INFO] [1786686400.683643221] [project1_pinky_fleet_adapter]: [rmf_traffic_ros2::MirrorManager::request_update] Requesting changes for query ID [1] since version [314]
[schedule_visualizer_node-4] [INFO] [1786686420.682766333] [schedule_data_node]: Requesting new schedule update because update timed out
[schedule_visualizer_node-4] [INFO] [1786686420.682802133] [schedule_data_node]: [rmf_traffic_ros2::MirrorManager::request_update] Requesting changes for query ID [1] since beginning of recorded history
[python3-21] [INFO] [1786686420.683469820] [project1_pinky_fleet_adapter]: Requesting new schedule update because update timed out
[python3-21] [INFO] [1786686420.683497189] [project1_pinky_fleet_adapter]: [rmf_traffic_ros2::MirrorManager::request_update] Requesting changes for query ID [1] since beginning of recorded history
[rmf_traffic_schedule-1] [INFO] [1786686420.692491041] [rmf_traffic_schedule_primary]: [ScheduleNode::update_mirrors] Sending remedial update starting from the beginning going to 314 for query 1
[python3-21] [INFO] [1786686456.101077609] [project1_pinky_fleet_adapter]: Cache sizes:
[python3-21]  - DifferentialDrive: 99
[python3-21]  - ShortestPath: 30
[python3-21]  - Euclidean: 0
[schedule_visualizer_node-4] [INFO] [1786686460.682732304] [schedule_data_node]: Requesting new schedule update because update timed out
[schedule_visualizer_node-4] [INFO] [1786686460.682776702] [schedule_data_node]: [rmf_traffic_ros2::MirrorManager::request_update] Requesting changes for query ID [1] since version [315]
[python3-21] [INFO] [1786686460.683479204] [project1_pinky_fleet_adapter]: Requesting new schedule update because update timed out
[python3-21] [INFO] [1786686460.683517978] [project1_pinky_fleet_adapter]: [rmf_traffic_ros2::MirrorManager::request_update] Requesting changes for query ID [1] since version [315]
[schedule_visualizer_node-4] [INFO] [1786686480.682739521] [schedule_data_node]: Requesting new schedule update because update timed out
[schedule_visualizer_node-4] [INFO] [1786686480.682784087] [schedule_data_node]: [rmf_traffic_ros2::MirrorManager::request_update] Requesting changes for query ID [1] since beginning of recorded history
[python3-21] [INFO] [1786686480.683464837] [project1_pinky_fleet_adapter]: Requesting new schedule update because update timed out
[python3-21] [INFO] [1786686480.683504220] [project1_pinky_fleet_adapter]: [rmf_traffic_ros2::MirrorManager::request_update] Requesting changes for query ID [1] since beginning of recorded history
[rmf_traffic_schedule-1] [INFO] [1786686480.692501341] [rmf_traffic_schedule_primary]: [ScheduleNode::update_mirrors] Sending remedial update starting from the beginning going to 315 for query 1
[schedule_visualizer_node-4] [INFO] [1786686520.692693603] [schedule_data_node]: Requesting new schedule update because update timed out
[schedule_visualizer_node-4] [INFO] [1786686520.692733830] [schedule_data_node]: [rmf_traffic_ros2::MirrorManager::request_update] Requesting changes for query ID [1] since version [316]
[python3-21] [INFO] [1786686520.693252679] [project1_pinky_fleet_adapter]: Requesting new schedule update because update timed out
[python3-21] [INFO] [1786686520.693295526] [project1_pinky_fleet_adapter]: [rmf_traffic_ros2::MirrorManager::request_update] Requesting changes for query ID [1] since version [316]
[schedule_visualizer_node-4] [INFO] [1786686540.692715059] [schedule_data_node]: Requesting new schedule update because update timed out
[schedule_visualizer_node-4] [INFO] [1786686540.692757337] [schedule_data_node]: [rmf_traffic_ros2::MirrorManager::request_update] Requesting changes for query ID [1] since beginning of recorded history
[python3-21] [INFO] [1786686540.693305202] [project1_pinky_fleet_adapter]: Requesting new schedule update because update timed out
[python3-21] [INFO] [1786686540.693344729] [project1_pinky_fleet_adapter]: [rmf_traffic_ros2::MirrorManager::request_update] Requesting changes for query ID [1] since beginning of recorded history
[rmf_traffic_schedule-1] [INFO] [1786686540.702472648] [rmf_traffic_schedule_primary]: [ScheduleNode::update_mirrors] Sending remedial update starting from the beginning going to 316 for query 1
[schedule_visualizer_node-4] [INFO] [1786686580.692712173] [schedule_data_node]: Requesting new schedule update because update timed out
[schedule_visualizer_node-4] [INFO] [1786686580.692769446] [schedule_data_node]: [rmf_traffic_ros2::MirrorManager::request_update] Requesting changes for query ID [1] since version [317]
[python3-21] [INFO] [1786686580.693345726] [project1_pinky_fleet_adapter]: Requesting new schedule update because update timed out
[python3-21] [INFO] [1786686580.693393683] [project1_pinky_fleet_adapter]: [rmf_traffic_ros2::MirrorManager::request_update] Requesting changes for query ID [1] since version [317]
[schedule_visualizer_node-4] [INFO] [1786686600.692704739] [schedule_data_node]: Requesting new schedule update because update timed out
[schedule_visualizer_node-4] [INFO] [1786686600.692745540] [schedule_data_node]: [rmf_traffic_ros2::MirrorManager::request_update] Requesting changes for query ID [1] since beginning of recorded history
[python3-21] [INFO] [1786686600.693367152] [project1_pinky_fleet_adapter]: Requesting new schedule update because update timed out
[python3-21] [INFO] [1786686600.693398058] [project1_pinky_fleet_adapter]: [rmf_traffic_ros2::MirrorManager::request_update] Requesting changes for query ID [1] since beginning of recorded history
[rmf_traffic_schedule-1] [INFO] [1786686600.702488650] [rmf_traffic_schedule_primary]: [ScheduleNode::update_mirrors] Sending remedial update starting from the beginning going to 317 for query 1
[schedule_visualizer_node-4] [INFO] [1786686640.682723370] [schedule_data_node]: Requesting new schedule update because update timed out
[schedule_visualizer_node-4] [INFO] [1786686640.682763777] [schedule_data_node]: [rmf_traffic_ros2::MirrorManager::request_update] Requesting changes for query ID [1] since version [318]
[python3-21] [INFO] [1786686640.683364535] [project1_pinky_fleet_adapter]: Requesting new schedule update because update timed out
[python3-21] [INFO] [1786686640.683395486] [project1_pinky_fleet_adapter]: [rmf_traffic_ros2::MirrorManager::request_update] Requesting changes for query ID [1] since version [318]
[schedule_visualizer_node-4] [INFO] [1786686660.682746595] [schedule_data_node]: Requesting new schedule update because update timed out
[schedule_visualizer_node-4] [INFO] [1786686660.682788309] [schedule_data_node]: [rmf_traffic_ros2::MirrorManager::request_update] Requesting changes for query ID [1] since beginning of recorded history
[python3-21] [INFO] [1786686660.683454472] [project1_pinky_fleet_adapter]: Requesting new schedule update because update timed out
[python3-21] [INFO] [1786686660.683492678] [project1_pinky_fleet_adapter]: [rmf_traffic_ros2::MirrorManager::request_update] Requesting changes for query ID [1] since beginning of recorded history
[rmf_traffic_schedule-1] [INFO] [1786686660.692468357] [rmf_traffic_schedule_primary]: [ScheduleNode::update_mirrors] Sending remedial update starting from the beginning going to 318 for query 1
[schedule_visualizer_node-4] [INFO] [1786686700.692728475] [schedule_data_node]: Requesting new schedule update because update timed out
[schedule_visualizer_node-4] [INFO] [1786686700.692783695] [schedule_data_node]: [rmf_traffic_ros2::MirrorManager::request_update] Requesting changes for query ID [1] since version [319]
[python3-21] [INFO] [1786686700.693280793] [project1_pinky_fleet_adapter]: Requesting new schedule update because update timed out
[python3-21] [INFO] [1786686700.693339984] [project1_pinky_fleet_adapter]: [rmf_traffic_ros2::MirrorManager::request_update] Requesting changes for query ID [1] since version [319]
[schedule_visualizer_node-4] [INFO] [1786686720.692704674] [schedule_data_node]: Requesting new schedule update because update timed out
[schedule_visualizer_node-4] [INFO] [1786686720.692742039] [schedule_data_node]: [rmf_traffic_ros2::MirrorManager::request_update] Requesting changes for query ID [1] since beginning of recorded history
[python3-21] [INFO] [1786686720.693233392] [project1_pinky_fleet_adapter]: Requesting new schedule update because update timed out
[python3-21] [INFO] [1786686720.693276666] [project1_pinky_fleet_adapter]: [rmf_traffic_ros2::MirrorManager::request_update] Requesting changes for query ID [1] since beginning of recorded history
[rmf_traffic_schedule-1] [INFO] [1786686720.702446676] [rmf_traffic_schedule_primary]: [ScheduleNode::update_mirrors] Sending remedial update starting from the beginning going to 319 for query 1
[python3-21] [INFO] [1786686756.101039439] [project1_pinky_fleet_adapter]: Cache sizes:
[python3-21]  - DifferentialDrive: 99
[python3-21]  - ShortestPath: 30
[python3-21]  - Euclidean: 0
[schedule_visualizer_node-4] [INFO] [1786686760.692660522] [schedule_data_node]: Requesting new schedule update because update timed out
[schedule_visualizer_node-4] [INFO] [1786686760.692704693] [schedule_data_node]: [rmf_traffic_ros2::MirrorManager::request_update] Requesting changes for query ID [1] since version [320]
[python3-21] [INFO] [1786686760.693320843] [project1_pinky_fleet_adapter]: Requesting new schedule update because update timed out
[python3-21] [INFO] [1786686760.693358621] [project1_pinky_fleet_adapter]: [rmf_traffic_ros2::MirrorManager::request_update] Requesting changes for query ID [1] since version [320]
[schedule_visualizer_node-4] [INFO] [1786686780.692606633] [schedule_data_node]: Requesting new schedule update because update timed out
[schedule_visualizer_node-4] [INFO] [1786686780.692647461] [schedule_data_node]: [rmf_traffic_ros2::MirrorManager::request_update] Requesting changes for query ID [1] since beginning of recorded history
[python3-21] [INFO] [1786686780.693308701] [project1_pinky_fleet_adapter]: Requesting new schedule update because update timed out
[python3-21] [INFO] [1786686780.693347410] [project1_pinky_fleet_adapter]: [rmf_traffic_ros2::MirrorManager::request_update] Requesting changes for query ID [1] since beginning of recorded history
[rmf_traffic_schedule-1] [INFO] [1786686780.702482393] [rmf_traffic_schedule_primary]: [ScheduleNode::update_mirrors] Sending remedial update starting from the beginning going to 320 for query 1
[schedule_visualizer_node-4] [INFO] [1786686820.682742995] [schedule_data_node]: Requesting new schedule update because update timed out
[schedule_visualizer_node-4] [INFO] [1786686820.682795586] [schedule_data_node]: [rmf_traffic_ros2::MirrorManager::request_update] Requesting changes for query ID [1] since version [321]
[python3-21] [INFO] [1786686820.683328931] [project1_pinky_fleet_adapter]: Requesting new schedule update because update timed out
[python3-21] [INFO] [1786686820.683382346] [project1_pinky_fleet_adapter]: [rmf_traffic_ros2::MirrorManager::request_update] Requesting changes for query ID [1] since version [321]
[schedule_visualizer_node-4] [INFO] [1786686840.682750373] [schedule_data_node]: Requesting new schedule update because update timed out
[schedule_visualizer_node-4] [INFO] [1786686840.682796372] [schedule_data_node]: [rmf_traffic_ros2::MirrorManager::request_update] Requesting changes for query ID [1] since beginning of recorded history
[python3-21] [INFO] [1786686840.683246956] [project1_pinky_fleet_adapter]: Requesting new schedule update because update timed out
[python3-21] [INFO] [1786686840.683291349] [project1_pinky_fleet_adapter]: [rmf_traffic_ros2::MirrorManager::request_update] Requesting changes for query ID [1] since beginning of recorded history
[rmf_traffic_schedule-1] [INFO] [1786686840.692458740] [rmf_traffic_schedule_primary]: [ScheduleNode::update_mirrors] Sending remedial update starting from the beginning going to 321 for query 1
[schedule_visualizer_node-4] [INFO] [1786686880.682744938] [schedule_data_node]: Requesting new schedule update because update timed out
[schedule_visualizer_node-4] [INFO] [1786686880.682788314] [schedule_data_node]: [rmf_traffic_ros2::MirrorManager::request_update] Requesting changes for query ID [1] since version [322]
[python3-21] [INFO] [1786686880.683489551] [project1_pinky_fleet_adapter]: Requesting new schedule update because update timed out
[python3-21] [INFO] [1786686880.683540687] [project1_pinky_fleet_adapter]: [rmf_traffic_ros2::MirrorManager::request_update] Requesting changes for query ID [1] since version [322]
[schedule_visualizer_node-4] [INFO] [1786686900.682747612] [schedule_data_node]: Requesting new schedule update because update timed out
[schedule_visualizer_node-4] [INFO] [1786686900.682790032] [schedule_data_node]: [rmf_traffic_ros2::MirrorManager::request_update] Requesting changes for query ID [1] since beginning of recorded history
[python3-21] [INFO] [1786686900.683461589] [project1_pinky_fleet_adapter]: Requesting new schedule update because update timed out
[python3-21] [INFO] [1786686900.683501638] [project1_pinky_fleet_adapter]: [rmf_traffic_ros2::MirrorManager::request_update] Requesting changes for query ID [1] since beginning of recorded history
[rmf_traffic_schedule-1] [INFO] [1786686900.692513422] [rmf_traffic_schedule_primary]: [ScheduleNode::update_mirrors] Sending remedial update starting from the beginning going to 322 for query 1
[schedule_visualizer_node-4] [INFO] [1786686940.692606694] [schedule_data_node]: Requesting new schedule update because update timed out
[schedule_visualizer_node-4] [INFO] [1786686940.692651095] [schedule_data_node]: [rmf_traffic_ros2::MirrorManager::request_update] Requesting changes for query ID [1] since version [323]
[python3-21] [INFO] [1786686940.693188822] [project1_pinky_fleet_adapter]: Requesting new schedule update because update timed out
[python3-21] [INFO] [1786686940.693230312] [project1_pinky_fleet_adapter]: [rmf_traffic_ros2::MirrorManager::request_update] Requesting changes for query ID [1] since version [323]
[schedule_visualizer_node-4] [INFO] [1786686960.692594845] [schedule_data_node]: Requesting new schedule update because update timed out
[schedule_visualizer_node-4] [INFO] [1786686960.692631858] [schedule_data_node]: [rmf_traffic_ros2::MirrorManager::request_update] Requesting changes for query ID [1] since beginning of recorded history
[python3-21] [INFO] [1786686960.693252843] [project1_pinky_fleet_adapter]: Requesting new schedule update because update timed out
[python3-21] [INFO] [1786686960.693289812] [project1_pinky_fleet_adapter]: [rmf_traffic_ros2::MirrorManager::request_update] Requesting changes for query ID [1] since beginning of recorded history
[rmf_traffic_schedule-1] [INFO] [1786686960.702451813] [rmf_traffic_schedule_primary]: [ScheduleNode::update_mirrors] Sending remedial update starting from the beginning going to 323 for query 1
[schedule_visualizer_node-4] [INFO] [1786687000.692652021] [schedule_data_node]: Requesting new schedule update because update timed out
[schedule_visualizer_node-4] [INFO] [1786687000.692696026] [schedule_data_node]: [rmf_traffic_ros2::MirrorManager::request_update] Requesting changes for query ID [1] since version [324]
[python3-21] [INFO] [1786687000.693353563] [project1_pinky_fleet_adapter]: Requesting new schedule update because update timed out
[python3-21] [INFO] [1786687000.693392895] [project1_pinky_fleet_adapter]: [rmf_traffic_ros2::MirrorManager::request_update] Requesting changes for query ID [1] since version [324]
[schedule_visualizer_node-4] [INFO] [1786687020.692607545] [schedule_data_node]: Requesting new schedule update because update timed out
[schedule_visualizer_node-4] [INFO] [1786687020.692650699] [schedule_data_node]: [rmf_traffic_ros2::MirrorManager::request_update] Requesting changes for query ID [1] since beginning of recorded history
[python3-21] [INFO] [1786687020.693305874] [project1_pinky_fleet_adapter]: Requesting new schedule update because update timed out
[python3-21] [INFO] [1786687020.693346500] [project1_pinky_fleet_adapter]: [rmf_traffic_ros2::MirrorManager::request_update] Requesting changes for query ID [1] since beginning of recorded history
[rmf_traffic_schedule-1] [INFO] [1786687020.702498477] [rmf_traffic_schedule_primary]: [ScheduleNode::update_mirrors] Sending remedial update starting from the beginning going to 324 for query 1
[python3-21] [INFO] [1786687056.101066092] [project1_pinky_fleet_adapter]: Cache sizes:
[python3-21]  - DifferentialDrive: 99
[python3-21]  - ShortestPath: 30
[python3-21]  - Euclidean: 0
[schedule_visualizer_node-4] [INFO] [1786687060.682754281] [schedule_data_node]: Requesting new schedule update because update timed out
[schedule_visualizer_node-4] [INFO] [1786687060.682796513] [schedule_data_node]: [rmf_traffic_ros2::MirrorManager::request_update] Requesting changes for query ID [1] since version [325]
[python3-21] [INFO] [1786687060.683478663] [project1_pinky_fleet_adapter]: Requesting new schedule update because update timed out
[python3-21] [INFO] [1786687060.683516013] [project1_pinky_fleet_adapter]: [rmf_traffic_ros2::MirrorManager::request_update] Requesting changes for query ID [1] since version [325]
[schedule_visualizer_node-4] [INFO] [1786687080.682799471] [schedule_data_node]: Requesting new schedule update because update timed out
[schedule_visualizer_node-4] [INFO] [1786687080.682839880] [schedule_data_node]: [rmf_traffic_ros2::MirrorManager::request_update] Requesting changes for query ID [1] since beginning of recorded history
[python3-21] [INFO] [1786687080.683455886] [project1_pinky_fleet_adapter]: Requesting new schedule update because update timed out
[python3-21] [INFO] [1786687080.683496694] [project1_pinky_fleet_adapter]: [rmf_traffic_ros2::MirrorManager::request_update] Requesting changes for query ID [1] since beginning of recorded history
[rmf_traffic_schedule-1] [INFO] [1786687080.692458725] [rmf_traffic_schedule_primary]: [ScheduleNode::update_mirrors] Sending remedial update starting from the beginning going to 325 for query 1
[schedule_visualizer_node-4] [INFO] [1786687100.692706527] [schedule_data_node]: Requesting new schedule update because update timed out
[schedule_visualizer_node-4] [INFO] [1786687100.692752094] [schedule_data_node]: [rmf_traffic_ros2::MirrorManager::request_update] Requesting changes for query ID [1] since version [325]
[python3-21] [INFO] [1786687100.706340619] [project1_pinky_fleet_adapter]: Requesting new schedule update because update timed out
[python3-21] [INFO] [1786687100.706389871] [project1_pinky_fleet_adapter]: [rmf_traffic_ros2::MirrorManager::request_update] Requesting changes for query ID [1] since version [325]
[rmf_traffic_schedule-1] [INFO] [1786687100.736307422] [rmf_traffic_schedule_primary]: [ScheduleNode::update_mirrors] Sending remedial update starting from version 325 going to 326 for query 1
  ↑ 같은 줄 1번 더
[schedule_visualizer_node-4] [INFO] [1786687120.769116830] [schedule_data_node]: Requesting new schedule update because update timed out
[schedule_visualizer_node-4] [INFO] [1786687120.769161223] [schedule_data_node]: [rmf_traffic_ros2::MirrorManager::request_update] Requesting changes for query ID [1] since beginning of recorded history
[rmf_traffic_schedule-1] [INFO] [1786687120.772493751] [rmf_traffic_schedule_primary]: [ScheduleNode::update_mirrors] Sending remedial update starting from the beginning going to 326 for query 1
[python3-21] [INFO] [1786687140.773594738] [project1_pinky_fleet_adapter]: Requesting new schedule update because update timed out
[python3-21] [INFO] [1786687140.773636715] [project1_pinky_fleet_adapter]: [rmf_traffic_ros2::MirrorManager::request_update] Requesting changes for query ID [1] since version [326]
[schedule_visualizer_node-4] [INFO] [1786687140.776475134] [schedule_data_node]: Requesting new schedule update because update timed out
[schedule_visualizer_node-4] [INFO] [1786687140.776533297] [schedule_data_node]: [rmf_traffic_ros2::MirrorManager::request_update] Requesting changes for query ID [1] since version [326]
[schedule_visualizer_node-4] [WARN] [1786687160.682665405] [schedule_data_node]: Failed to update using patch for DB version 327 (mirror version: none, patch base: 326); requesting new update
[schedule_visualizer_node-4] [INFO] [1786687160.682707273] [schedule_data_node]: [rmf_traffic_ros2::MirrorManager::request_update] Requesting changes for query ID [1] since beginning of recorded history
[python3-21] [WARN] [1786687160.682931359] [project1_pinky_fleet_adapter]: Failed to update using patch for DB version 327 (mirror version: none, patch base: 326); requesting new update
[python3-21] [INFO] [1786687160.682964340] [project1_pinky_fleet_adapter]: [rmf_traffic_ros2::MirrorManager::request_update] Requesting changes for query ID [1] since beginning of recorded history
[rmf_traffic_schedule-1] [INFO] [1786687160.692487136] [rmf_traffic_schedule_primary]: [ScheduleNode::update_mirrors] Sending remedial update starting from the beginning going to 327 for query 1
[schedule_visualizer_node-4] [INFO] [1786687180.692782250] [schedule_data_node]: Requesting new schedule update because update timed out
[schedule_visualizer_node-4] [INFO] [1786687180.692827877] [schedule_data_node]: [rmf_traffic_ros2::MirrorManager::request_update] Requesting changes for query ID [1] since version [327]
[python3-21] [INFO] [1786687180.693160863] [project1_pinky_fleet_adapter]: Requesting new schedule update because update timed out
[python3-21] [INFO] [1786687180.693202339] [project1_pinky_fleet_adapter]: [rmf_traffic_ros2::MirrorManager::request_update] Requesting changes for query ID [1] since version [327]
[schedule_visualizer_node-4] [INFO] [1786687200.692765027] [schedule_data_node]: Requesting new schedule update because update timed out
[schedule_visualizer_node-4] [INFO] [1786687200.692813774] [schedule_data_node]: [rmf_traffic_ros2::MirrorManager::request_update] Requesting changes for query ID [1] since beginning of recorded history
[python3-21] [INFO] [1786687200.693374386] [project1_pinky_fleet_adapter]: Requesting new schedule update because update timed out
[python3-21] [INFO] [1786687200.693415936] [project1_pinky_fleet_adapter]: [rmf_traffic_ros2::MirrorManager::request_update] Requesting changes for query ID [1] since beginning of recorded history
[rmf_traffic_schedule-1] [INFO] [1786687200.702440237] [rmf_traffic_schedule_primary]: [ScheduleNode::update_mirrors] Sending remedial update starting from the beginning going to 327 for query 1
[schedule_visualizer_node-4] [INFO] [1786687240.692686718] [schedule_data_node]: Requesting new schedule update because update timed out
[schedule_visualizer_node-4] [INFO] [1786687240.692736284] [schedule_data_node]: [rmf_traffic_ros2::MirrorManager::request_update] Requesting changes for query ID [1] since version [328]
[python3-21] [INFO] [1786687240.693138565] [project1_pinky_fleet_adapter]: Requesting new schedule update because update timed out
[python3-21] [INFO] [1786687240.693183444] [project1_pinky_fleet_adapter]: [rmf_traffic_ros2::MirrorManager::request_update] Requesting changes for query ID [1] since version [328]
[schedule_visualizer_node-4] [INFO] [1786687260.692606261] [schedule_data_node]: Requesting new schedule update because update timed out
[schedule_visualizer_node-4] [INFO] [1786687260.692650913] [schedule_data_node]: [rmf_traffic_ros2::MirrorManager::request_update] Requesting changes for query ID [1] since beginning of recorded history
[python3-21] [INFO] [1786687260.693159302] [project1_pinky_fleet_adapter]: Requesting new schedule update because update timed out
[python3-21] [INFO] [1786687260.693200734] [project1_pinky_fleet_adapter]: [rmf_traffic_ros2::MirrorManager::request_update] Requesting changes for query ID [1] since beginning of recorded history
[rmf_traffic_schedule-1] [INFO] [1786687260.702543646] [rmf_traffic_schedule_primary]: [ScheduleNode::update_mirrors] Sending remedial update starting from the beginning going to 328 for query 1
[schedule_visualizer_node-4] [INFO] [1786687300.692834079] [schedule_data_node]: Requesting new schedule update because update timed out
[schedule_visualizer_node-4] [INFO] [1786687300.692882574] [schedule_data_node]: [rmf_traffic_ros2::MirrorManager::request_update] Requesting changes for query ID [1] since version [329]
[python3-21] [INFO] [1786687300.693552216] [project1_pinky_fleet_adapter]: Requesting new schedule update because update timed out
[python3-21] [INFO] [1786687300.693594088] [project1_pinky_fleet_adapter]: [rmf_traffic_ros2::MirrorManager::request_update] Requesting changes for query ID [1] since version [329]
